row_idx,lexunit,primary_cluster,clusters_above_threshold,entropy,one_minus_max,top2_ratio
0,"('$', 'NOUN')",8,"[(1, 0.11191016333833455), (4, 0.1085719454436493), (5, 0.14929741404786434), (6, 0.12803089331245282), (8, 0.23660538472671216)]",0.8538956833992724,0.7633946152732878,1.5847922499907274
1,"('%', 'NOUN')",8,"[(1, 0.12184549319447474), (4, 0.11940924325551136), (5, 0.11458907196454307), (6, 0.13523606183524253), (8, 0.22882062334579964)]",0.8490785614551513,0.7711793766542003,1.6920089230679516
2,"('&', 'CCONJ')",0,"[(0, 0.16199085614367537), (2, 0.11096996920854749), (7, 0.12252663705069716), (9, 0.1052766984379195)]",0.7451923699235583,0.8380091438563246,1.3220868542784645
3,"('/', 'ADP')",7,"[(0, 0.19728029059550814), (7, 0.19796828276641854), (9, 0.12788703741028873)]",0.8227324945718701,0.8020317172335815,1.0034873842127545
4,"('/', 'CCONJ')",0,"[(0, 0.22464141281704328), (7, 0.1361241351655274), (9, 0.11930164376618485)]",0.7833064841832055,0.7753585871829567,1.650268797255377
5,"('0', 'NUM')",5,"[(5, 0.2373648029693287), (8, 0.1591140084949974), (9, 0.12276215808936276)]",0.8113282689868405,0.7626351970306713,1.4917907305238403
6,"('1', 'NUM')",8,"[(1, 0.12394878100065633), (4, 0.11341433486214039), (7, 0.17978234804543566), (8, 0.2516786503083283)]",0.8377623997113272,0.7483213496916716,1.3999074605740636
7,"('10', 'NUM')",1,"[(1, 0.20367515112571097), (4, 0.12842022216477125), (7, 0.10345310783822662), (8, 0.12623971182890467), (9, 0.14883289195911545)]",0.8494554158940368,0.796324848874289,1.368482117391502
9,"('11', 'NUM')",1,"[(1, 0.42107521417780314), (4, 0.19023471109142262)]",0.9808887382703769,0.5789247858221969,2.2134510140762043
10,"('12', 'NUM')",1,"[(1, 0.24491950038319768), (4, 0.14663806510423158), (7, 0.12641358806804512), (8, 0.11588457162056927)]",0.8203676225439843,0.7550804996168023,1.670231397346295
11,"('13', 'NUM')",1,"[(1, 0.3535873495422896), (4, 0.17313709357784102), (8, 0.11851559320394826)]",0.8410457758018737,0.6464126504577103,2.0422391426093776
12,"('14', 'NUM')",1,"[(1, 0.30496623523483146), (4, 0.15906365275385217), (8, 0.12244292227693417)]",0.8298999496304464,0.6950337647651685,1.9172590969400194
13,"('15', 'NUM')",1,"[(1, 0.23098306820070943), (4, 0.14027899003678074), (7, 0.12853187992465187), (8, 0.11367529388467605), (9, 0.12447911702655429)]",0.8600809081468289,0.7690169317992905,1.6465977416870934
15,"('16', 'NUM')",1,"[(1, 0.31585734947431093), (4, 0.1664538861939126), (7, 0.1099192983959783), (8, 0.11127783887870157)]",0.8291967037032488,0.6841426505256891,1.8975666876671706
16,"('17', 'NUM')",1,"[(1, 0.36800696104154296), (4, 0.17760418014939), (8, 0.10006016974608012)]",0.8239043647059728,0.631993038958457,2.072062497245265
17,"('18', 'NUM')",1,"[(1, 0.3783791992774112), (4, 0.17989262137584963), (8, 0.10310609332220529)]",0.8288407671871961,0.6216208007225887,2.103361418514568
19,"('19', 'NUM')",1,"[(1, 0.3706380662166118), (4, 0.18374500440658542)]",0.9798367390522347,0.6293619337833882,2.017132750975232
100,"('1er', 'NUM')",1,"[(1, 0.41626513906227425), (4, 0.20279599163990072)]",0.9931520770683789,0.5837348609377258,2.0526300135232693
101,"('2', 'NUM')",9,"[(1, 0.11827005528719249), (7, 0.12031403818731451), (8, 0.11640113096025215), (9, 0.27437599153264475)]",0.8024615438390076,0.7256240084673553,2.280498565807211
102,"('20', 'NUM')",1,"[(1, 0.20828279933998425), (4, 0.1311193975243697), (7, 0.12464650258609278), (8, 0.11533523048321828), (9, 0.15093649300790263)]",0.8619294238364157,0.7917172006600157,1.3799366554056554
117,"('21', 'NUM')",1,"[(1, 0.4215796563044367), (4, 0.18354804181063641), (8, 0.105415805642455)]",0.8305678615198221,0.5784203436955633,2.296835488658461
118,"('22', 'NUM')",1,"[(1, 0.3493982501425189), (4, 0.1723719803828169), (8, 0.10030738885912702)]",0.820228346656501,0.6506017498574811,2.0270014266039555
119,"('23', 'NUM')",1,"[(1, 0.35177574923776495), (4, 0.1780549249879711), (8, 0.10261740373196492)]",0.8268781462287111,0.6482242507622351,1.97565863040031
120,"('24', 'NUM')",1,"[(1, 0.34275806075913434), (4, 0.17342736907074358), (7, 0.1071790729095129), (8, 0.10583039740715147)]",0.8280276607084934,0.6572419392408657,1.9763781379818908
121,"('25', 'NUM')",1,"[(1, 0.42619865506481086), (4, 0.1850327055460219)]",0.9747926534173523,0.5738013449351891,2.30336930872367
122,"('26', 'NUM')",1,"[(1, 0.42771756778267683), (4, 0.19313823694737467)]",0.9822500811928059,0.5722824322173232,2.2145670093240994
123,"('27', 'NUM')",1,"[(1, 0.4392956126927611), (4, 0.19253095219919272)]",0.9789427446936985,0.5607043873072389,2.281688256744637
124,"('28', 'NUM')",1,"[(1, 0.43582263074270056), (4, 0.19145127246320195)]",0.9787988770011915,0.5641773692572994,2.276415430074868
125,"('29', 'NUM')",1,"[(1, 0.41496079121743296), (4, 0.19539778812320852)]",0.9868279870354808,0.5850392087825671,2.123671896202727
127,"('3', 'NUM')",9,"[(1, 0.16087881122553402), (4, 0.11060127599558306), (7, 0.12104488193549713), (8, 0.1293220831233458), (9, 0.19300456774312802)]",0.8543894089632369,0.806995432256872,1.19968917145066
128,"('30', 'NUM')",1,"[(1, 0.2563815299124231), (4, 0.15798356343399358), (7, 0.10629102813182485), (8, 0.14065243148173825)]",0.8328846214231006,0.743618470087577,1.6228367327563207
129,"('31', 'NUM')",1,"[(1, 0.4522644460531907), (4, 0.18789333140701936)]",0.9709363190307776,0.5477355539468093,2.4070276612078576
135,"('4', 'NUM')",9,"[(1, 0.12985779434867606), (7, 0.1351355631182792), (9, 0.29261771034565937)]",0.8147968879147589,0.7073822896543407,2.1653641986864836
140,"('5', 'NUM')",1,"[(1, 0.1903170475453507), (4, 0.12401408867217166), (7, 0.12988407147445333), (8, 0.12466416068515601), (9, 0.1556476076678966)]",0.8629193186319994,0.8096829524546493,1.222743159351526
143,"('6', 'NUM')",1,"[(1, 0.3493565619579723), (4, 0.1783655740346154), (8, 0.10669332954351783)]",0.8316410319881753,0.6506434380420276,1.9586546554671627
145,"('7', 'NUM')",1,"[(1, 0.3315465414727523), (4, 0.16920431840854808), (7, 0.10500705379517072), (8, 0.11171633586381984)]",0.8282194731518905,0.6684534585272477,1.9594449160110965
148,"('8', 'NUM')",1,"[(1, 0.29367834083865507), (4, 0.1575898296237063), (7, 0.11803199031930652), (8, 0.11286531253343447)]",0.8291576774645087,0.7063216591613449,1.8635615099013785
150,"('9', 'NUM')",1,"[(1, 0.38253662511425807), (4, 0.1849241827373681)]",0.9806113924011594,0.6174633748857419,2.0686133065546213
152,"('=', 'VERB')",6,"[(1, 0.10180359298709343), (4, 0.10254662490648715), (6, 0.2849155952213836), (8, 0.1445294324725006)]",0.7959519896172967,0.7150844047786165,1.9713326922223544
153,"('A', 'PROPN')",8,"[(2, 0.12514709752106454), (4, 0.10227606490665106), (5, 0.2113628399859782), (8, 0.2475166714157099)]",0.8420896014343181,0.7524833285842901,1.171051029746431
155,"('Afrique', 'PROPN')",4,"[(1, 0.2834315102759086), (4, 0.29434557967124614), (8, 0.16006187614632114)]",0.9198837017954555,0.7056544203287538,1.038506902019162
158,"('Alex', 'PROPN')",2,"[(2, 0.4574503105598522), (5, 0.2168405497289469)]",0.994344216518142,0.5425496894401478,2.1096160802565302
161,"('Algérie', 'PROPN')",4,"[(1, 0.2939127341796459), (4, 0.33866328285202635), (8, 0.12184659827802691)]",0.8948211372092579,0.6613367171479736,1.152257944172735
162,"('Allemagne', 'PROPN')",4,"[(1, 0.18576679398101165), (4, 0.2576882228975538), (5, 0.21108857584039994), (8, 0.14799934718101498)]",0.9184371036028548,0.7423117771024462,1.2207587353869256
163,"('Amérique', 'PROPN')",4,"[(1, 0.2054173924169756), (4, 0.333591665662093), (8, 0.1635929815761833)]",0.898870649470033,0.666408334337907,1.6239699167485153
165,"('Angleterre', 'PROPN')",5,"[(1, 0.1345456670737864), (4, 0.16160931827485456), (5, 0.34725000660294747), (8, 0.15157931611125236)]",0.8783776249641518,0.6527499933970525,2.1487003986513162
166,"('Argentine', 'PROPN')",5,"[(1, 0.1321166152167454), (2, 0.10480199543381785), (4, 0.13728469317878797), (5, 0.32527514083350956), (8, 0.13610414514963795)]",0.8780505569615219,0.6747248591664905,2.3693474727725015
167,"('Asie', 'PROPN')",5,"[(1, 0.12738335598817427), (2, 0.11283815685381073), (4, 0.17910746965940988), (5, 0.22280652761197933), (8, 0.179604329318061)]",0.906905346637971,0.7771934723880207,1.2405409627816466
168,"('Auckland', 'PROPN')",5,"[(2, 0.13502763905911178), (5, 0.41876005558726853), (8, 0.11937355796807311)]",0.808841741513858,0.5812399444127314,3.1012913985998503
169,"('Australie', 'PROPN')",5,"[(1, 0.1513076508646398), (4, 0.17779797192241587), (5, 0.3116560949190712), (8, 0.15487140036641273)]",0.89809020965842,0.6883439050809288,1.752866422205681
170,"('Autriche', 'PROPN')",5,"[(1, 0.15454995371874702), (2, 0.10406621108098546), (4, 0.1745559135931247), (5, 0.2788083106620605), (8, 0.1489446925910369)]",0.9124081550575334,0.7211916893379395,1.5972435704008257
171,"('B', 'PROPN')",3,"[(2, 0.10713836117496077), (3, 0.20805755873213502), (8, 0.12905144801099855)]",0.7556664350043858,0.791942441267865,1.612206309489864
173,"('Belgique', 'PROPN')",5,"[(1, 0.12357172930521663), (4, 0.2409227374859521), (5, 0.28145737219829187), (8, 0.14829050086014287)]",0.8952857205397493,0.7185426278017082,1.1682474437046577
179,"('Bourgogne', 'PROPN')",5,"[(2, 0.10199557654054113), (5, 0.5013009293244368)]",0.8353360711919271,0.4986990706755632,4.914928140292242
180,"('Bretagne', 'PROPN')",5,"[(5, 0.5319499169073657), (8, 0.11755264547655157)]",0.8474892140306794,0.4680500830926343,4.525205832253896
181,"('Bruxelles', 'PROPN')",5,"[(2, 0.119707098651735), (5, 0.4513822895422835), (8, 0.10944338596065532)]",0.7785074080116582,0.5486177104577166,3.77072282785413
182,"('Brésil', 'PROPN')",1,"[(1, 0.6751079661527084), (4, 0.12340421461859048)]",0.7551579636939484,0.3248920338472916,5.470704288660538
183,"('Bulgarie', 'PROPN')",4,"[(1, 0.14351753143722193), (4, 0.31425169405906367), (5, 0.16734417045089023), (8, 0.14583503078489304)]",0.8817107234824254,0.6857483059409364,1.8778765535264688
184,"('C', 'NOUN')",8,"[(1, 0.11776823777076105), (6, 0.10456671516708183), (8, 0.170257152019499)]",0.7185846076732101,0.829742847980501,1.4456966941367417
185,"('CD', 'NOUN')",1,"[(1, 0.5063813801988232), (8, 0.3222768459508813)]",1.0235968289384705,0.49361861980117683,1.5712620579512606
187,"('Canada', 'PROPN')",1,"[(1, 0.6417452534074284), (4, 0.13465974568265854)]",0.8001884081271716,0.3582547465925716,4.765679974769715
189,"('Chicago', 'PROPN')",5,"[(2, 0.10203057724975771), (5, 0.4996435288786567), (8, 0.114232125423437)]",0.7531274476050495,0.5003564711213433,4.373931825452535
192,"('Côte', 'PROPN')",4,"[(1, 0.17708463674891578), (2, 0.12319201939301336), (4, 0.3180246519057611), (8, 0.13076351311657322)]",0.8619234720225378,0.6819753480942389,1.795890698054631
193,"('DVD', 'NOUN')",1,"[(1, 0.7234675082272406), (8, 0.15092529830233453)]",0.7495975487156891,0.2765324917727594,4.793546982282492
194,"('Danemark', 'PROPN')",1,"[(1, 0.6325736010584359), (4, 0.13781723769230206)]",0.8119812066146935,0.36742639894156415,4.589945435350784
197,"('Dieu', 'PROPN')",5,"[(2, 0.11621346187001566), (5, 0.4283373913173829), (8, 0.1456464713184168)]",0.8136548484224823,0.5716626086826171,2.9409390247494467
198,"('Disney', 'PROPN')",2,"[(2, 0.5601456326588656), (5, 0.12469737750608254)]",0.8428805965656714,0.43985436734113437,4.492040200537037
201,"('Espagne', 'PROPN')",4,"[(1, 0.20071343624977342), (4, 0.23123886283128833), (5, 0.2014600370054003), (8, 0.15171334003700934)]",0.9159616732450562,0.7687611371687116,1.1478150519007886
202,"('Etats-Unis', 'PROPN')",1,"[(1, 0.31765898162508777), (4, 0.2537875785148125), (8, 0.10415595274835435)]",0.8627965886913783,0.6823410183749122,1.2516726921154158
203,"('Europe', 'PROPN')",4,"[(1, 0.18093849355712038), (4, 0.23725837692959095), (5, 0.23063660179396164), (8, 0.15414864631337177)]",0.9213121900965748,0.762741623070409,1.0287108597860146
204,"('Florence', 'PROPN')",5,"[(2, 0.11251950372730357), (5, 0.45243455769024027), (8, 0.13521527236019731)]",0.7966369883933104,0.5475654423097598,3.3460314784931153
205,"('Floride', 'PROPN')",5,"[(4, 0.12436049198086983), (5, 0.41529244757618033), (8, 0.1374150156918846)]",0.8164119017786271,0.5847075524238197,3.0221766193831354
206,"('France', 'PROPN')",5,"[(1, 0.1148318980862306), (4, 0.22382672450539245), (5, 0.31047692030498886), (8, 0.1497152876842604)]",0.888001741823622,0.6895230796950111,1.3871306967077957
212,"('Grand', 'PROPN')",1,"[(1, 0.5051954109413432), (4, 0.17738915532624455)]",0.9402489762589629,0.49480458905865676,2.847949808499934
213,"('Grande-Bretagne', 'PROPN')",4,"[(1, 0.16410934520863402), (4, 0.38355277095387746), (5, 0.1039729332192434), (8, 0.14027043372680617)]",0.8475867888158934,0.6164472290461225,2.3371781202725694
214,"('Grèce', 'PROPN')",4,"[(1, 0.11916996491490758), (4, 0.7233506346232135)]",0.7036948415726173,0.2766493653767865,6.069907255068142
215,"('Guillaume', 'PROPN')",2,"[(2, 0.5511788913541393), (8, 0.12028371462191483)]",0.841212547795127,0.44882110864586067,4.582323493139931
220,"('I', 'NUM')",5,"[(5, 0.23026192667725928), (8, 0.12669950503728358)]",0.8654749947820772,0.7697380733227407,1.8173861579767072
221,"('II', 'NUM')",5,"[(5, 0.20143946806882312), (8, 0.12336678470866691)]",0.8380849166545593,0.7985605319311768,1.6328501107046471
222,"('III', 'NUM')",5,"[(5, 0.2659075672560731), (8, 0.1277777165080333)]",0.8874317802664108,0.7340924327439269,2.081016741595595
223,"('IV', 'NUM')",5,"[(5, 0.21407991780936167), (8, 0.13291955545166637)]",0.8630449796176568,0.7859200821906384,1.610597606062621
224,"('Inde', 'PROPN')",4,"[(1, 0.2368930372008069), (4, 0.31333499513538776), (5, 0.11335308207044334), (8, 0.13899364411991882)]",0.8842696976518404,0.6866650048646122,1.3226855412798957
225,"('Internet', 'PROPN')",5,"[(2, 0.14979573439885444), (5, 0.2626961051901221), (8, 0.17506720980664814)]",0.8561847820491912,0.7373038948098779,1.5005443079846599
226,"('Irak', 'PROPN')",4,"[(1, 0.33922308235539866), (4, 0.3568915205758884)]",1.059582836146826,0.6431084794241115,1.0520850117209264
227,"('Iran', 'PROPN')",4,"[(1, 0.2944735509606187), (4, 0.30414121121456233), (8, 0.11567289702971423)]",0.8843216384916841,0.6958587887854377,1.0328303177735527
228,"('Irlande', 'PROPN')",5,"[(1, 0.1651466272797101), (4, 0.19389007942185466), (5, 0.2557044322077292), (8, 0.1681738083712114)]",0.9117915315513055,0.7442955677922708,1.3188113232517817
230,"('Italie', 'PROPN')",5,"[(5, 0.5561960308815531), (8, 0.11017546144861746)]",0.8213200780568892,0.4438039691184469,5.048275029380714
231,"('Ivoire', 'PROPN')",5,"[(2, 0.11038898359835406), (5, 0.32023866355179215), (8, 0.11844078772427447)]",0.7833482783678741,0.6797613364482078,2.7037870121000482
232,"('J.-C.', 'PROPN')",5,"[(2, 0.1023720219278431), (5, 0.3872993348625421), (8, 0.11064792572898927)]",0.7684936534579959,0.6127006651374579,3.5002855436364624
235,"('Japon', 'PROPN')",1,"[(1, 0.6654439815920213), (4, 0.13098770376324279)]",0.7751431286565772,0.33455601840797866,5.08020190043789
238,"('Jeanne', 'PROPN')",2,"[(2, 0.5088927843190868), (8, 0.1079293660579592)]",0.8426017123888866,0.4911072156809132,4.715053955248899
243,"('Libye', 'PROPN')",4,"[(1, 0.15424361615601878), (4, 0.42497096407165275), (5, 0.12038628553743742), (8, 0.11857417746647866)]",0.8365232148001823,0.5750290359283472,2.7551932109902744
244,"('Lille', 'PROPN')",5,"[(2, 0.10563074624030454), (5, 0.47901142395268), (8, 0.1170168423743962)]",0.7655629737134526,0.5209885760473201,4.0935254637967375
245,"('Liège', 'PROPN')",5,"[(2, 0.1013161906028178), (5, 0.4474828469046656), (8, 0.10079953288564573)]",0.7492085444479855,0.5525171530953343,4.41669632703522
246,"('Loire', 'PROPN')",4,"[(1, 0.17066420919279446), (4, 0.5428349771183929)]",0.9137873006631769,0.4571650228816071,3.1807194940631507
248,"('Lord', 'PROPN')",2,"[(1, 0.161032817749939), (2, 0.34031158393495503), (6, 0.1090777396990924), (8, 0.1720071223737287)]",0.8694708417760559,0.6596884160650449,1.9784737936347927
249,"('Lorraine', 'PROPN')",5,"[(4, 0.14996918086590263), (5, 0.2980900968253502), (8, 0.16802482369197558)]",0.8602060339582109,0.7019099031746499,1.7740836757062237
250,"('Los', 'PROPN')",2,"[(2, 0.6215185496573309), (5, 0.10486512826667535)]",0.7676104068073021,0.3784814503426691,5.926837261637534
252,"('Lyon', 'PROPN')",5,"[(2, 0.10527633050102488), (5, 0.575328399315748), (8, 0.11089078436019904)]",0.7272050289464562,0.424671600684252,5.188243573487113
253,"('M.', 'NOUN')",2,"[(2, 0.4193141455360374), (8, 0.16736967376589004)]",0.9574045487453448,0.5806858544639626,2.5053173379698235
255,"('Mali', 'PROPN')",1,"[(1, 0.6058536282654388), (4, 0.14319554975681528)]",0.8395191527377365,0.39414637173456124,4.2309529122542
256,"('Mans', 'PROPN')",1,"[(1, 0.5467084330825991), (4, 0.16160972734830553)]",0.9012074751044621,0.4532915669174009,3.382893109548528
259,"('Maroc', 'PROPN')",1,"[(1, 0.7451368861311607), (4, 0.10369483467819861)]",0.655291923337711,0.2548631138688393,7.185863099580431
260,"('Marseille', 'PROPN')",5,"[(5, 0.5753912523080752), (8, 0.10645477957774092)]",0.8028368092897268,0.4246087476919248,5.405029765599986
263,"('Mauritanie', 'PROPN')",4,"[(1, 0.17380362614184103), (4, 0.5799194746196572)]",0.8946225204353743,0.4200805253803428,3.3366362226895387
264,"('Mexique', 'PROPN')",1,"[(1, 0.7222373902785088), (4, 0.1109520182844222)]",0.6909968774309866,0.27776260972149125,6.509456983712317
267,"('Milan', 'PROPN')",1,"[(1, 0.31484695944561475), (2, 0.14626385329497926), (4, 0.15245173421179026), (8, 0.16103134507704553)]",0.8842595412664283,0.6851530405543853,1.9551905207956628
270,"('Méditerranée', 'PROPN')",4,"[(1, 0.12659060054295154), (4, 0.25702784748601604), (5, 0.1992269877905009), (8, 0.1405578697464434)]",0.8714139564715865,0.742972152513984,1.290125651833356
272,"('Napoléon', 'PROPN')",2,"[(0, 0.11165556119882375), (2, 0.20446932903645929), (5, 0.17410352030561582), (8, 0.16875446418993387)]",0.8468376173165717,0.7955306709635407,1.1744123764846355
276,"('Norvège', 'PROPN')",4,"[(1, 0.12957373561327298), (4, 0.264346140759418), (5, 0.22725016473051204), (8, 0.1450638241747959)]",0.8896169938217506,0.735653859240582,1.1632385000596006
277,"('Notre-Dame', 'PROPN')",2,"[(2, 0.19531457670025296), (4, 0.11173747727950512), (5, 0.1090373207479791), (6, 0.10265428403466322), (8, 0.1573549129513603)]",0.8264777415854756,0.804685423299747,1.2412359616672808
278,"('Noël', 'PROPN')",5,"[(2, 0.25232888148056937), (5, 0.3431229321699749), (8, 0.12150935223900215)]",0.8834805214881044,0.6568770678300251,1.3598242506234752
279,"('ONU', 'PROPN')",1,"[(1, 0.3410206527504895), (4, 0.3346067904478937)]",1.0577860771779386,0.6589793472495105,1.0191683566672702
280,"('Occident', 'PROPN')",1,"[(1, 0.4408195860066097), (4, 0.3033270058508498)]",1.0429762365896367,0.5591804139933902,1.4532816976519622
282,"('PS', 'PROPN')",1,"[(1, 0.24710772258171268), (4, 0.1524374747476843), (8, 0.18758912054244842)]",0.861182026257959,0.7528922774182873,1.317281737166608
286,"('Pays-Bas', 'PROPN')",1,"[(1, 0.2676364819465644), (4, 0.2528086497914148), (5, 0.10187129462426922), (8, 0.12151087962003987)]",0.8578370816590124,0.7323635180534356,1.0586523925007456
289,"('Pokémon', 'PROPN')",1,"[(1, 0.3261221866807801), (4, 0.11747657391256225), (8, 0.3171742214667019)]",0.8931311600637322,0.6738778133192199,1.028211514708542
290,"('Pologne', 'PROPN')",5,"[(5, 0.5143167576169995), (8, 0.10833502442917324)]",0.8407376109021983,0.48568324238300054,4.7474651926002664
291,"('Portugal', 'PROPN')",1,"[(1, 0.709754286754865), (4, 0.11132487984257718)]",0.7036332790074666,0.29024571324513504,6.375522594396847
292,"('Québec', 'PROPN')",1,"[(1, 0.5484324854381111), (4, 0.1505574476647982), (8, 0.12205499360054833)]",0.7930202884480626,0.4515675145618889,3.642679216103236
293,"('Rabat', 'PROPN')",5,"[(5, 0.43602863582623114), (8, 0.13023362366283492)]",0.9051410053292355,0.5639713641737689,3.348049632367418
295,"('Renaissance', 'PROPN')",4,"[(1, 0.16108737750726396), (4, 0.6300245491135621)]",0.8442417813377949,0.3699754508864379,3.911073349525181
296,"('Rennes', 'PROPN')",5,"[(2, 0.1402051230437527), (5, 0.4095085636882656), (8, 0.1519595155857039)]",0.8441332878298512,0.5904914363117344,2.694853047602052
299,"('Rome', 'PROPN')",5,"[(5, 0.6073505324906038), (8, 0.10033258696107332)]",0.7697441960543498,0.3926494675093962,6.053372596943419
300,"('Roumanie', 'PROPN')",4,"[(1, 0.14996481392762456), (4, 0.2897138736759738), (5, 0.14370047405047862), (8, 0.16465784297235703)]",0.8795088077349845,0.7102861263240262,1.7594902766011051
301,"('Royal', 'PROPN')",4,"[(1, 0.18697133668918853), (2, 0.11079109321488312), (4, 0.41381358733889334)]",0.8395956930886753,0.5861864126611067,2.2132461299498307
302,"('Royaume-Uni', 'PROPN')",1,"[(1, 0.6301848051900631), (4, 0.13916270436569508)]",0.8157391080433737,0.36981519480993685,4.5284029802557475
303,"('Russie', 'PROPN')",4,"[(1, 0.10073706749814562), (4, 0.7790651451625366)]",0.6141809185950002,0.22093485483746345,7.7336492366812015
304,"('Sahara', 'PROPN')",1,"[(1, 0.5331818470604301), (4, 0.16194914179252068)]",0.9090972850047289,0.46681815293956985,3.292279546275769
308,"('Serbie', 'PROPN')",4,"[(1, 0.15431515181503505), (4, 0.30617659333266967), (5, 0.11892193614996253), (8, 0.14240637443949175)]",0.8523048365101075,0.6938234066673303,1.984099355970297
310,"('Suisse', 'PROPN')",4,"[(1, 0.14695823222663132), (4, 0.29050860473705037), (5, 0.16470893095305364), (8, 0.15434107412057313)]",0.8846443245991872,0.7094913952629496,1.7637695968037879
311,"('Suède', 'PROPN')",4,"[(1, 0.17544221684413333), (4, 0.44143206724783274), (8, 0.12133674485373615)]",0.8394609210585728,0.5585679327521673,2.5161108608198366
312,"('Texas', 'PROPN')",1,"[(1, 0.4374149669871737), (4, 0.1635027180566848), (8, 0.13811562465422594)]",0.8476151461172787,0.5625850330128264,2.6752764246740304
317,"('Tunisie', 'PROPN')",4,"[(1, 0.15799558064315952), (4, 0.4661903186804281), (8, 0.11344648979846615)]",0.8139519970740982,0.5338096813195718,2.9506541688234997
318,"('Turquie', 'PROPN')",4,"[(1, 0.15039416625367044), (4, 0.36733394255759333), (5, 0.13574324550997088), (8, 0.1304407046207712)]",0.8580893573266599,0.6326660574424067,2.44247467643133
319,"('UE', 'PROPN')",1,"[(1, 0.3868853043120318), (4, 0.33449659527971787)]",1.0585248452879488,0.6131146956879683,1.1566195583799728
320,"('UEFA', 'PROPN')",4,"[(1, 0.24604363800206994), (4, 0.2794704794200761), (8, 0.12513401214483783)]",0.8750802573828169,0.7205295205799239,1.1358573694058487
321,"('V', 'NUM')",5,"[(1, 0.10814104142285483), (4, 0.11044722273966506), (5, 0.18666155041391602), (6, 0.10192688620019012), (8, 0.13687839586154094)]",0.8090637932048501,0.813338449586084,1.363703521209681
322,"('VI', 'NUM')",5,"[(5, 0.21300709586187092), (8, 0.12160971029414036)]",0.8448778449584331,0.7869929041381291,1.7515632209522207
324,"('Venezuela', 'PROPN')",1,"[(1, 0.4784608302875041), (4, 0.15922751189278608), (8, 0.12126472458377621)]",0.8202366061269463,0.5215391697124959,3.004887940531721
326,"('Vienne', 'PROPN')",5,"[(2, 0.11212610153346952), (4, 0.11407356623636293), (5, 0.42936792120988787), (8, 0.12727940379666544)]",0.8067302256048724,0.5706320787901121,3.3734281305703036
327,"('Washington', 'PROPN')",5,"[(2, 0.12380509971885346), (5, 0.41029920717640744), (8, 0.13348870479487351)]",0.8128150988017755,0.5897007928235926,3.0736623582264655
330,"('X', 'PROPN')",5,"[(2, 0.11499695245824001), (5, 0.2679859353563363), (8, 0.15006714138151653)]",0.8066893049001344,0.7320140646436637,1.7857735736768263
333,"('XIV', 'NUM')",5,"[(5, 0.18247343350535197), (8, 0.12162807711718718)]",0.8175165789009573,0.817526566494648,1.5002574884871445
342,"('abandon', 'NOUN')",1,"[(1, 0.803844347489106), (4, 0.10151455732777377)]",0.5882431053261497,0.19615565251089395,7.918513055163361
345,"('abbaye', 'NOUN')",4,"[(1, 0.14808282397042238), (4, 0.7532537871354305)]",0.7159699207246135,0.24674621286456955,5.086705986143829
346,"('abbé', 'NOUN')",1,"[(1, 0.6404385164354419), (4, 0.14882517737754342)]",0.8207350868056201,0.3595614835645581,4.303294158425637
347,"('abordable', 'ADJ')",8,"[(6, 0.1849385373011143), (8, 0.41046742514697937)]",0.9776147853389046,0.5895325748530207,2.2194802183314675
350,"('abri', 'NOUN')",1,"[(1, 0.5215487851080967), (4, 0.2273981516298231), (8, 0.10665110622401942)]",0.8328669284296636,0.47845121489190334,2.2935489201210197
352,"('absence', 'NOUN')",4,"[(1, 0.17421415392487705), (4, 0.7125064805894948)]",0.7876388768673399,0.28749351941050516,4.08983119073514
353,"('absolument', 'ADV')",0,"[(0, 0.44805639142059206), (6, 0.10198698225218705)]",0.8548588386613221,0.5519436085794079,4.393270410851712
354,"('académie', 'NOUN')",4,"[(1, 0.10362462826456847), (4, 0.839987300262703)]",0.5502183768200858,0.16001269973729704,8.106058514565625
356,"('accessible', 'ADJ')",6,"[(6, 0.45522569556775677), (8, 0.24428839102306157)]",1.0135607567778073,0.5447743044322433,1.8634765805337925
365,"('accusation', 'NOUN')",4,"[(1, 0.2195954991373494), (4, 0.5483436310999602)]",0.9556033214870142,0.4516563689000398,2.4970622497002553
367,"('accès', 'NOUN')",1,"[(1, 0.5843166999232723), (4, 0.10066218054750972), (8, 0.2107716753255132)]",0.7948632906251911,0.4156833000767277,2.7722733570384195
368,"('accéder', 'VERB')",6,"[(6, 0.570652446878544), (8, 0.10634491742984804)]",0.8056699543356907,0.429347553121456,5.366052846437001
369,"('achat', 'NOUN')",1,"[(1, 0.5017478617693943), (4, 0.13040310257210017), (8, 0.2546190430244801)]",0.8738270100522086,0.49825213823060566,1.970582623394568
372,"('acide', 'NOUN')",1,"[(1, 0.4601573055401394), (4, 0.14778254149732312), (8, 0.17052011293186087)]",0.8568661077065963,0.5398426944598607,2.6985514941807267
376,"('actif', 'ADJ')",8,"[(3, 0.1781677382471514), (6, 0.12665476686422594), (8, 0.36177930258036994)]",0.852783795287701,0.6382206974196301,2.030554499594733
379,"('actrice', 'NOUN')",4,"[(1, 0.18224784237950853), (4, 0.44708941642090116), (6, 0.1291662720038198)]",0.85063744602888,0.5529105835790988,2.4531945650686655
380,"('actualité', 'NOUN')",4,"[(1, 0.1917663712101747), (4, 0.6307782080834075)]",0.8762367766664367,0.36922179191659255,3.2893056488620656
381,"('actuel', 'ADJ')",3,"[(3, 0.6839205688073979), (7, 0.19183778314365904)]",0.8318218996409212,0.31607943119260207,3.5650983742615465
383,"('adaptation', 'NOUN')",4,"[(1, 0.1149177876863618), (4, 0.7844301410767354)]",0.6334685154847511,0.21556985892326463,6.826011506744573
386,"('administrateur', 'NOUN')",1,"[(1, 0.3095394617186171), (4, 0.10342569876065288), (6, 0.1843680167280555), (8, 0.2910137209318708)]",0.9151062440216088,0.6904605382813829,1.063659337873912
393,"('adulte', 'NOUN')",1,"[(1, 0.5462041591404365), (4, 0.14974173290085072), (8, 0.1582242633183234)]",0.8250267675208388,0.4537958408595635,3.452088495691435
394,"('adversaire', 'NOUN')",1,"[(1, 0.6475984562107652), (4, 0.13629553184520563), (8, 0.1071901387223357)]",0.7212468365521575,0.35240154378923483,4.75142836631108
399,"('affluent', 'NOUN')",1,"[(1, 0.4548405191727453), (4, 0.1549360399092393), (6, 0.13327645848006858), (8, 0.1351064914749861)]",0.8557206102858902,0.5451594808272546,2.9356663526393763
400,"('affrontement', 'NOUN')",1,"[(1, 0.651196798011084), (4, 0.1252578449346149)]",0.7783841976064141,0.348803201988916,5.198850406144313
402,"('afin', 'ADV')",0,"[(0, 0.1825157369161174), (1, 0.10729872113687103), (4, 0.10709670693189417), (6, 0.15473593558405666), (8, 0.1284828725830346)]",0.8335773377921635,0.8174842630838826,1.1795303801098616
405,"('agent', 'NOUN')",1,"[(1, 0.6665001613509368), (8, 0.12375020336708688)]",0.7631624289105432,0.3334998386490632,5.385851038756369
409,"('agriculture', 'NOUN')",4,"[(1, 0.19578983300651517), (4, 0.6185262134716248)]",0.8893159255547702,0.38147378652837516,3.1591334645606572
410,"('agréable', 'ADJ')",8,"[(6, 0.18102119957815987), (7, 0.10297401694441836), (8, 0.33037086804410337)]",0.8277516752492868,0.6696291319558967,1.8250396573107366
411,"('aide', 'NOUN')",4,"[(1, 0.11851196469776837), (4, 0.8147468310665846)]",0.6054687368701162,0.18525316893341537,6.874806549232127
414,"('ailleurs', 'ADV')",0,"[(0, 0.2888352945168275), (6, 0.13204576409232768), (8, 0.13111332688543345)]",0.8123220337447051,0.7111647054831725,2.187387808327354
421,"('alcool', 'NOUN')",8,"[(1, 0.2374070592339453), (4, 0.13172537501309328), (8, 0.33618861106500536)]",0.8873666690530155,0.6638113889349946,1.416085149910049
422,"('alentours', 'NOUN')",1,"[(1, 0.4497999176083054), (4, 0.18844641018203756), (8, 0.146950692983668)]",0.869893770275862,0.5502000823916946,2.386885041608395
426,"('allemand', 'NOUN')",1,"[(1, 0.6391863016819167), (8, 0.16812606167597877)]",0.8452021402770644,0.3608136983180833,3.8018276007308707
430,"('altitude', 'NOUN')",4,"[(1, 0.104219039453348), (4, 0.6343772948085916), (8, 0.11258988951657531)]",0.7011349087957722,0.3656227051914084,5.634407294761575
431,"('ambiance', 'NOUN')",4,"[(1, 0.12159224435928047), (4, 0.774296294133523)]",0.6553735827852344,0.22570370586647703,6.36797435735814
432,"('ambition', 'NOUN')",4,"[(1, 0.17491056964530294), (4, 0.629612902315588)]",0.8601977237582519,0.370387097684412,3.5996275330436878
434,"('ami', 'NOUN')",1,"[(1, 0.48495360736378823), (4, 0.1346306340293739), (8, 0.1929499886956442)]",0.8541605653572885,0.5150463926362118,2.5133642693742018
435,"('amie', 'NOUN')",4,"[(1, 0.1740344960386795), (4, 0.5035963677731295)]",0.9374008438520561,0.49640363222687045,2.893658321975457
437,"('amphibien', 'NOUN')",8,"[(1, 0.14103393387634325), (4, 0.10008958623625078), (5, 0.23536347549801392), (8, 0.23782412005236847)]",0.8574493808275468,0.7621758799476315,1.0104546576275184
438,"('amélioration', 'NOUN')",4,"[(1, 0.14895694420038408), (4, 0.7191094904587281)]",0.7512819527749394,0.2808905095412719,4.827633208501829
442,"('américain', 'NOUN')",1,"[(1, 0.5385892133675373), (4, 0.1723841294591665), (8, 0.10417301251017104)]",0.7936784948518906,0.4614107866324627,3.124354980109208
443,"('an', 'NOUN')",8,"[(1, 0.14705022295874093), (5, 0.10766280898670161), (8, 0.38475872646995135)]",0.8095158832829075,0.6152412735300486,2.6165123637922414
446,"('ancêtre', 'NOUN')",1,"[(1, 0.5457345860043509), (4, 0.13900362853919987), (8, 0.15747335551630184)]",0.8154725269816442,0.4542654139956491,3.4655677731326158
448,"('anglais', 'NOUN')",8,"[(1, 0.2602019544012343), (8, 0.4294316077725822)]",1.029081014410497,0.5705683922274178,1.650378102504157
450,"('animation', 'NOUN')",4,"[(4, 0.6524600638971086), (8, 0.10845360068778802)]",0.7495180539684203,0.34753993610289136,6.016029525616076
456,"('année', 'NOUN')",4,"[(1, 0.10957869907964167), (4, 0.7917969733819913)]",0.6162270196533265,0.2082030266180087,7.225829290111522
457,"('antique', 'ADJ')",3,"[(3, 0.6248858597656535), (7, 0.2112743061790358)]",0.8977304888706629,0.3751141402343465,2.9576992634216457
458,"('antérieur', 'ADJ')",3,"[(3, 0.4020352974213032), (8, 0.1618518193304315)]",0.9537439062637948,0.5979647025786968,2.483971444278428
459,"('août', 'NOUN')",8,"[(1, 0.1213075967605101), (8, 0.30190173825297417)]",0.8908109639073758,0.6980982617470258,2.4887290352392326
463,"('apparence', 'NOUN')",4,"[(1, 0.14644557594663934), (4, 0.6413062875589631)]",0.816905736942884,0.35869371244103687,4.379144152450444
464,"('apparition', 'NOUN')",4,"[(1, 0.16506797841751705), (4, 0.6173678460838897)]",0.8585530141002816,0.3826321539161103,3.7400824315079544
465,"('appartenir', 'VERB')",6,"[(6, 0.5743804560168186), (8, 0.10223814783314498)]",0.7958221811996886,0.42561954398318136,5.618063982870863
466,"('appel', 'NOUN')",1,"[(1, 0.3538770905148454), (4, 0.10303355581487089), (8, 0.3377241179104816)]",0.8814594851870511,0.6461229094851546,1.0478288986415987
473,"('apprentissage', 'NOUN')",1,"[(1, 0.4851187405449879), (4, 0.17289160007957446), (8, 0.21099694657468848)]",0.8944459065392003,0.5148812594550121,2.2991742222831935
476,"('approvisionnement', 'NOUN')",1,"[(1, 0.7607417519760217), (4, 0.10372943033569082)]",0.639231003982482,0.23925824802397833,7.333904654774418
478,"('appui', 'NOUN')",1,"[(1, 0.6834023990478715), (4, 0.1494275321505205)]",0.7851219980118637,0.3165976009521285,4.573470425513489
480,"('après', 'ADP')",0,"[(0, 0.38002515465115805), (7, 0.1277781091036052)]",0.9097338705833993,0.619974845348842,2.974102194163991
481,"('après', 'ADV')",0,"[(0, 0.2867918440780619), (6, 0.10708462899417483), (8, 0.12258131448188996)]",0.7780179050963885,0.7132081559219381,2.3396049005530304
482,"('après-midi', 'NOUN')",8,"[(1, 0.2671998259570881), (4, 0.11010325567345972), (8, 0.43751582032670966)]",0.8713112276479648,0.5624841796732903,1.6374105737515492
484,"('arabe', 'NOUN')",1,"[(1, 0.41530824904909214), (4, 0.14917874953295662), (8, 0.23634845260566698)]",0.9008591599877999,0.5846917509509079,1.7571862412063628
489,"('archive', 'NOUN')",4,"[(1, 0.1996793126404817), (4, 0.5363919891646276)]",0.946126802593501,0.4636080108353724,2.686267205508614
490,"('argent', 'NOUN')",8,"[(1, 0.265033547060837), (4, 0.10970394261268894), (8, 0.4325193567325353)]",0.8709959329926973,0.5674806432674647,1.6319419240661366
491,"('arme', 'NOUN')",4,"[(1, 0.10697959747194971), (4, 0.740871470312518)]",0.665544251616975,0.259128529687482,6.925352944114191
492,"('armer', 'VERB')",6,"[(1, 0.11576460900047224), (6, 0.24709683040436195), (8, 0.22402541103947796)]",0.8466931442727218,0.7529031695956381,1.1029857249578634
496,"('arrivée', 'NOUN')",4,"[(1, 0.15783110583913984), (4, 0.7578602432463846)]",0.7235317640266343,0.24213975675361543,4.801716614840103
497,"('arrière', 'NOUN')",1,"[(1, 0.6549631622924292), (4, 0.14584739652781542), (8, 0.11262459036121078)]",0.7317297101743454,0.34503683770757076,4.490742912695856
498,"('arrondissement', 'NOUN')",1,"[(1, 0.6596874589759882), (4, 0.15534271103646016)]",0.8132324883129651,0.34031254102401176,4.246658594886724
501,"('arrêté', 'NOUN')",1,"[(1, 0.42961256926212277), (4, 0.1486191298974819), (8, 0.18428140176537514)]",0.8719761919383108,0.5703874307378772,2.3312855510460047
502,"('art', 'NOUN')",1,"[(1, 0.6585671180422761), (4, 0.1151478712772487), (8, 0.1411199013393033)]",0.7284698534659515,0.3414328819577239,4.666720368935367
505,"('artillerie', 'NOUN')",4,"[(1, 0.113621275545549), (4, 0.7405667984273218)]",0.6773951968080782,0.25943320157267824,6.517853235421917
510,"('assemblée', 'NOUN')",4,"[(1, 0.1026225042939572), (4, 0.8143143056633786)]",0.5783877363422545,0.1856856943366214,7.935046131117739
526,"('attente', 'NOUN')",4,"[(1, 0.1262864096746788), (4, 0.5868540196209382), (8, 0.12317216144084701)]",0.7573526168641844,0.4131459803790618,4.647008503390892
527,"('attention', 'NOUN')",4,"[(1, 0.16870819514282998), (4, 0.5996890677196046)]",0.8755397637598218,0.4003109322803954,3.55459358220211
532,"('attribut', 'NOUN')",1,"[(1, 0.6056810762878773), (4, 0.13007707802561946), (8, 0.14449496104002835)]",0.7723611306321221,0.39431892371212274,4.19171071384344
533,"('au-delà', 'ADV')",0,"[(0, 0.22335574854342655), (4, 0.10334580700750501), (6, 0.1955257121590017), (8, 0.12340439499981447)]",0.8271527760031142,0.7766442514565735,1.1423344074655175
534,"('au-dessus', 'ADV')",6,"[(0, 0.18178546539162366), (1, 0.10914379003490653), (4, 0.10274023032585818), (6, 0.21967612284524532), (8, 0.14072895165925614)]",0.8663798315190414,0.7803238771547547,1.2084361220628566
535,"('aucun', 'DET')",7,"[(0, 0.1281892920626313), (7, 0.3343760899496328)]",0.9083753286170109,0.6656239100503671,2.608455703041576
536,"('aucun', 'PRON')",8,"[(0, 0.12827029972336573), (1, 0.16647902835092684), (4, 0.1245434473584908), (6, 0.13390122397645915), (8, 0.21108569860996762)]",0.8816140805269154,0.7889143013900324,1.2679416783056472
538,"('augmentation', 'NOUN')",4,"[(1, 0.1442592674455953), (4, 0.727252234674703)]",0.7371064671822725,0.272747765325297,5.041286064681929
542,"('auprès', 'ADV')",6,"[(0, 0.15233628488366088), (1, 0.11723381581375729), (4, 0.11215950217976448), (6, 0.20028538749154295), (8, 0.14166759923577915)]",0.8588408709952855,0.7997146125084571,1.314758251092317
546,"('autant', 'PRON')",6,"[(1, 0.12013040407053326), (4, 0.10839453262002981), (6, 0.2876926981278687), (8, 0.16829909736716228)]",0.8322651477405274,0.7123073018721313,1.7094131972688875
548,"('automne', 'NOUN')",1,"[(1, 0.5089846375019013), (4, 0.14404594888043945), (8, 0.20812883050601858)]",0.8642919146739283,0.49101536249809874,2.4455268223264373
552,"('autorisation', 'NOUN')",4,"[(1, 0.11118248176988728), (4, 0.7391016333667313)]",0.674700248440636,0.2608983666332687,6.647644679279951
554,"('autorité', 'NOUN')",4,"[(1, 0.17963146325396118), (4, 0.6779021196314978)]",0.8251291792168416,0.3220978803685022,3.773849565947623
555,"('autoroute', 'NOUN')",4,"[(1, 0.17322519574760908), (4, 0.7138066527548597)]",0.7853267098278429,0.28619334724514034,4.120686079609825
556,"('autour', 'ADV')",6,"[(0, 0.15712047813999666), (1, 0.11360077906624527), (4, 0.11257896989939073), (6, 0.20438560046995768), (8, 0.141300231899039)]",0.8604127590092601,0.7956143995300423,1.3008208916462634
557,"('autre', 'ADJ')",7,"[(7, 0.6091357670898192), (9, 0.12234966428537238)]",0.8064639338615346,0.3908642329101808,4.978646820550737
558,"('autre', 'PRON')",1,"[(1, 0.3408224414009485), (4, 0.2903115111439986), (8, 0.11162549247766491)]",0.8835394607730813,0.6591775585990516,1.1739887269984817
560,"('aval', 'NOUN')",1,"[(1, 0.4807179946100478), (4, 0.17237486199304874), (8, 0.1839688028886982)]",0.8798556930031185,0.5192820053899522,2.6130408366079543
563,"('avant', 'ADP')",0,"[(0, 0.43286082961203126), (7, 0.11408406831632738)]",0.8801986290290406,0.5671391703879687,3.794226801342791
564,"('avant', 'ADV')",0,"[(0, 0.20067337251012088), (1, 0.10269847386745735), (2, 0.10600323877055448), (4, 0.10106667997320853), (6, 0.1502180599515751), (8, 0.13040361881564938)]",0.8795764714034143,0.7993266274898791,1.3358804698636817
565,"('avant', 'NOUN')",1,"[(1, 0.4734095413126375), (4, 0.17200078117943027), (8, 0.19240090464260634)]",0.8864716468235235,0.5265904586873624,2.460536982359921
566,"('avantage', 'NOUN')",1,"[(1, 0.7092497930310594), (4, 0.13363205958954905)]",0.7395508276711327,0.2907502069689406,5.30748231531805
567,"('avec', 'ADP')",0,"[(0, 0.34623997362048464), (7, 0.1336885197112228)]",0.9179058971535347,0.6537600263795154,2.589900571630151
568,"('avenir', 'NOUN')",1,"[(1, 0.6103493911536431), (4, 0.2039204463828117)]",0.902524976590223,0.38965060884635694,2.9930759861512786
573,"('avoir', 'AUX')",0,"[(0, 0.2301145856956735), (6, 0.13806724587690059), (8, 0.11139508470897552)]",0.7791011365436277,0.7698854143043266,1.6666848406669996
576,"('avril', 'NOUN')",8,"[(1, 0.12362346549397656), (8, 0.3007970450490535)]",0.8941680398401514,0.6992029549509464,2.4331711123541475
581,"('aîné', 'ADJ')",3,"[(3, 0.5546271358657817), (7, 0.10037004264660031)]",0.8045476214943379,0.4453728641342183,5.525823455297374
584,"('bain', 'NOUN')",8,"[(1, 0.13180641957975778), (5, 0.20109027074162097), (8, 0.36257983795971727)]",0.8715408087652498,0.6374201620402827,1.803070017373405
589,"('baptiser', 'VERB')",6,"[(6, 0.6355669988552957), (8, 0.11378835320457678)]",0.772378952336346,0.36443300114470434,5.585518912578234
594,"('bas', 'ADJ')",7,"[(3, 0.16224526228400624), (7, 0.5539519290451567)]",0.897751013844691,0.44604807095484333,3.4142872417160497
596,"('baser', 'VERB')",6,"[(6, 0.5875084993545248), (8, 0.13101919334386875)]",0.8349739829460276,0.41249150064547524,4.4841407152658075
597,"('basse', 'NOUN')",4,"[(1, 0.11963847554357837), (4, 0.763186244651954)]",0.6640430787783125,0.23681375534804605,6.3791037221463345
605,"('beaucoup', 'PRON')",6,"[(0, 0.12883241434413883), (1, 0.1283790371001572), (4, 0.12304868244507781), (6, 0.2047197532053434), (8, 0.16109807242144647)]",0.8724673822438797,0.7952802467946566,1.2707771739799523
607,"('besoin', 'NOUN')",1,"[(1, 0.5090062096728923), (4, 0.11512423385700996), (8, 0.21294208384430943)]",0.8392072738211915,0.49099379032710766,2.390350467524528
614,"('blanc', 'NOUN')",1,"[(1, 0.5460465178284992), (8, 0.2441573615940902)]",0.973290913252183,0.4539534821715008,2.236453221247932
616,"('blessure', 'NOUN')",4,"[(1, 0.12094939443877001), (4, 0.7511181944352119)]",0.6787240502283489,0.24888180556478812,6.2101856559146436
619,"('bois', 'NOUN')",8,"[(1, 0.2988674983844177), (8, 0.4505478630894875)]",1.0389949802920757,0.5494521369105125,1.5075170954520163
620,"('bombe', 'NOUN')",4,"[(1, 0.10300977414559628), (4, 0.8184382402742143)]",0.5743574669162794,0.1815617597257857,7.94524837145469
622,"('bonheur', 'NOUN')",1,"[(1, 0.48706298388260433), (4, 0.16835945394991078), (8, 0.14145485803692126)]",0.8437795985718707,0.5129370161173956,2.8929945569169653
625,"('bouddhisme', 'NOUN')",1,"[(1, 0.7363360835592699), (4, 0.10015873814899169)]",0.6576302145342532,0.26366391644073006,7.35169089754235
626,"('bourg', 'NOUN')",1,"[(1, 0.7073126742870679), (4, 0.11903252795413223)]",0.7188572269149599,0.2926873257129321,5.942179725525299
628,"('bout', 'NOUN')",1,"[(1, 0.7142134252878377), (4, 0.13342076140679954)]",0.7345160258613794,0.2857865747121623,5.353090611664274
633,"('bref', 'INTJ')",0,"[(0, 0.2021637070861825), (2, 0.10484429792157676), (6, 0.10172931608361241), (8, 0.10712646540952964)]",0.7440246327003793,0.7978362929138175,1.8871499802904788
635,"('britannique', 'NOUN')",1,"[(1, 0.6213456267759419), (4, 0.13328522861107525)]",0.81408868127576,0.37865437322405815,4.661774100932228
636,"('bronze', 'NOUN')",8,"[(1, 0.16576855518433234), (4, 0.10437110142127783), (5, 0.14396541705782873), (8, 0.3067482450270429)]",0.8477963539609678,0.6932517549729571,1.8504609917480617
637,"('bruit', 'NOUN')",1,"[(1, 0.4071312512469115), (8, 0.3866391341675091)]",1.0578780680667201,0.5928687487530885,1.0530006284116193
642,"('bus', 'NOUN')",1,"[(1, 0.51589844510075), (8, 0.31710366454511746)]",1.0180333686909624,0.48410155489925,1.6269078625780058
647,"(""c'est-à-dire"", 'CCONJ')",0,"[(0, 0.22184196928103764), (7, 0.13302548222872904), (9, 0.10023610092670088)]",0.7581875256636423,0.7781580307189624,1.6676652139444545
648,"('cabaret', 'NOUN')",8,"[(1, 0.24900843213693272), (8, 0.4191992088331203)]",1.0252428099411228,0.5808007911668798,1.683473950001009
660,"('canon', 'NOUN')",1,"[(1, 0.5508812054359713), (8, 0.3057819347214479)]",0.9965720287785859,0.4491187945640287,1.801549218196283
662,"('capable', 'ADJ')",6,"[(6, 0.40425404077435734), (8, 0.18619478749495627)]",0.9797688185352881,0.5957459592256427,2.171135111853268
663,"('capacité', 'NOUN')",4,"[(1, 0.10540854785110297), (4, 0.8255051072103682)]",0.5705262000821771,0.17449489278963182,7.831481640146039
664,"('capitaine', 'NOUN')",1,"[(1, 0.6817163595767123), (8, 0.1263546880990691)]",0.7539222523366053,0.3182836404232877,5.395259723503165
669,"('caractère', 'NOUN')",1,"[(1, 0.6830364171212363), (4, 0.12564635810587096)]",0.7516506993650259,0.3169635828787637,5.436181576752925
671,"('caractéristique', 'ADJ')",3,"[(3, 0.23656730002762247), (4, 0.10224300899249575), (6, 0.11925111415262211), (8, 0.21664983847249022)]",0.8361303079451262,0.7634326999723775,1.0919338860142345
672,"('caractéristique', 'NOUN')",4,"[(1, 0.16553272747084757), (4, 0.6183908639116213)]",0.8583240899006646,0.38160913608837865,3.7357619448427677
674,"('carrière', 'NOUN')",4,"[(1, 0.15763060627013595), (4, 0.5246630878729203)]",0.9083638416042409,0.47533691212707974,3.3284341175075514
677,"('catalogue', 'NOUN')",1,"[(1, 0.7882862552106608), (4, 0.10024733201713593)]",0.6032036868997108,0.21171374478933924,7.863413812109372
679,"('cathédrale', 'NOUN')",4,"[(1, 0.10474566436950057), (4, 0.7908197360726351)]",0.6087062008125539,0.20918026392736488,7.549904245038164
684,"('cavalier', 'NOUN')",1,"[(1, 0.6877126081814978), (4, 0.10248733885259183), (8, 0.11613398162512376)]",0.6744638528176266,0.3122873918185022,5.921717300638232
685,"('ce', 'DET')",7,"[(0, 0.10944472073912427), (7, 0.3074129579271436), (9, 0.12080571596674887)]",0.7828722217281031,0.6925870420728564,2.544688845780753
686,"('ce', 'PRON')",8,"[(0, 0.1257703093650403), (1, 0.12347196870736579), (6, 0.13159204943461428), (7, 0.1113069813769678), (8, 0.21100276434244147)]",0.8441282638617364,0.7889972356575585,1.6034613432119618
687,"('ceci', 'PRON')",8,"[(0, 0.16424660160036308), (1, 0.1388036128540018), (6, 0.12613973162990044), (8, 0.1842351437517319)]",0.8249218300502957,0.8157648562482681,1.1216983606151192
688,"('cela', 'PRON')",8,"[(0, 0.1597010994320166), (1, 0.136633068198371), (6, 0.12093923390354909), (8, 0.206183066448872)]",0.8266407165392442,0.793816933551128,1.2910560239232565
690,"('celui', 'PRON')",8,"[(1, 0.11960542080953536), (4, 0.11322421981482146), (6, 0.2590451782502779), (8, 0.3004551399513864)]",0.8741471297159388,0.6995448600486136,1.15985613776258
691,"('celui-ci', 'PRON')",8,"[(0, 0.15501585520241473), (1, 0.11787683077448717), (4, 0.10912939725334181), (6, 0.11223986380820679), (8, 0.19888685153276203)]",0.8384620635171764,0.801113148467238,1.2830097364754203
692,"('censé', 'ADJ')",6,"[(1, 0.10553274211289974), (6, 0.31523174705143475), (8, 0.19316430866946468)]",0.8363614433758747,0.6847682529485652,1.6319357816295512
694,"('centaine', 'NOUN')",4,"[(1, 0.2049536588341118), (4, 0.4433571687133786), (8, 0.10846741626965092)]",0.8432480016879377,0.5566428312866214,2.163206898746946
702,"('certain', 'PRON')",8,"[(0, 0.14522212396969825), (1, 0.12871645320829958), (4, 0.1045195096694803), (6, 0.14447700676812847), (8, 0.1783201441969246)]",0.8494283679946167,0.8216798558030753,1.2279130708357668
705,"('chacun', 'PRON')",8,"[(1, 0.13691391263343752), (4, 0.11530133206914119), (6, 0.14903797272408234), (8, 0.301445265518401)]",0.8414516668206805,0.698554734481599,2.022607124940394
706,"('chaleureux', 'ADJ')",8,"[(3, 0.19083454870745237), (8, 0.3620898957885688)]",0.9866911013655808,0.6379101042114312,1.8974022169520748
709,"('champion', 'NOUN')",1,"[(1, 0.4733257340453817), (8, 0.36420490653019233)]",1.0414745881523562,0.5266742659546183,1.2996138315510126
711,"('chance', 'NOUN')",4,"[(1, 0.1174261310275348), (4, 0.7061981813808422)]",0.7172763287002946,0.2938018186191578,6.013978108631107
722,"('chaque', 'DET')",7,"[(0, 0.1219049135551764), (7, 0.2691961693709236), (9, 0.1090120448256835)]",0.7749993352286471,0.7308038306290764,2.208247079795356
723,"('charbon', 'NOUN')",1,"[(1, 0.6570632000822306), (4, 0.10132953727804773), (8, 0.1366368856962696)]",0.7098934234203702,0.3429367999177694,4.808827402161504
733,"('chef-lieu', 'NOUN')",1,"[(1, 0.5453974771844194), (4, 0.13759464521317966), (8, 0.11602158060085875)]",0.7768538919171171,0.45460252281558056,3.9637987098946925
735,"('cher', 'ADJ')",8,"[(1, 0.12365276463304718), (6, 0.25115526026739027), (8, 0.34096189923891074)]",0.8850761843977938,0.6590381007610893,1.357574190864681
737,"('chercheur', 'NOUN')",1,"[(1, 0.6228935759652133), (4, 0.11191464832819323), (8, 0.11854471429544329)]",0.7215946522604043,0.37710642403478667,5.254503160830989
739,"('chevalier', 'NOUN')",1,"[(1, 0.5314035183893616), (8, 0.28754551133566425)]",1.0017503913872614,0.4685964816106384,1.8480675143248242
740,"('chez', 'ADP')",0,"[(0, 0.3341546528754939), (7, 0.10516604422577217)]",0.8701479513075203,0.665845347124506,3.1774006081100215
746,"('chose', 'NOUN')",4,"[(1, 0.11689025651025166), (4, 0.7553612404044189)]",0.6677236652178792,0.24463875959558112,6.462140326795939
748,"('chrétien', 'NOUN')",1,"[(1, 0.6004762573612938), (4, 0.14175053514008334), (8, 0.12058032446244933)]",0.763034126123175,0.39952374263870616,4.236148080625446
751,"('chômage', 'NOUN')",1,"[(1, 0.5255059083677568), (4, 0.1069622879890958), (8, 0.21715334685423907)]",0.8272471452409639,0.4744940916322432,2.4199760951439298
764,"('citoyen', 'NOUN')",1,"[(1, 0.7174576993167668), (4, 0.10206788204322698)]",0.6797350680003564,0.28254230068323316,7.029220994444803
768,"('clair', 'ADJ')",8,"[(3, 0.10197266991821685), (6, 0.2223171680446342), (8, 0.3304944266438886)]",0.8492605096132113,0.6695055733561114,1.4865897652021902
776,"('client', 'NOUN')",1,"[(1, 0.6776988712933542), (4, 0.11102214746035403), (8, 0.10900766310343568)]",0.682030879269024,0.32230112870664585,6.104177290710037
777,"('clientèle', 'NOUN')",4,"[(1, 0.1078334622972217), (4, 0.7313594526191676)]",0.6765794193309307,0.26864054738083243,6.782305205070012
781,"('clé', 'NOUN')",4,"[(1, 0.12732302982305427), (4, 0.6356571964537188)]",0.7941025714399462,0.36434280354628124,4.992476202750721
782,"('cm', 'NOUN')",8,"[(1, 0.12072216497668185), (5, 0.12310753164824398), (8, 0.32500985202015953)]",0.7995449961889091,0.6749901479798405,2.640048481751811
783,"('coalition', 'NOUN')",4,"[(1, 0.12345937800228023), (4, 0.7396475107460934)]",0.6944004089647038,0.26035248925390664,5.9910192543852965
786,"('col', 'NOUN')",1,"[(1, 0.769367655907567), (4, 0.10081466129333348)]",0.6247360704939204,0.23063234409243305,7.631505636556084
800,"('commande', 'NOUN')",4,"[(1, 0.17604825445835168), (4, 0.6625535733102366)]",0.8346539774967252,0.33744642668976343,3.763477095235722
803,"('comme', 'ADP')",0,"[(0, 0.3372577395776441), (7, 0.16636366967727792)]",0.9593265328303208,0.6627422604223558,2.0272319084561947
804,"('comme', 'CCONJ')",0,"[(0, 0.1904906490450926), (7, 0.14243816111944474)]",0.8561712867983791,0.8095093509549074,1.3373568399647646
819,"('communiqué', 'NOUN')",1,"[(1, 0.6864728562045267), (4, 0.11776743191556283)]",0.7359950879434131,0.3135271437954733,5.82905515590011
822,"('compagnon', 'NOUN')",1,"[(1, 0.41106257973518956), (4, 0.10406023034822506), (8, 0.32467263370468874)]",0.8794196045175643,0.5889374202648104,1.2660832391222667
824,"('compatriote', 'NOUN')",1,"[(1, 0.2487772158354412), (4, 0.18754564611976604), (6, 0.12076074241014946), (8, 0.157151803166629)]",0.870015229233852,0.7512227841645588,1.3264888894118763
825,"('complet', 'ADJ')",3,"[(3, 0.43727841806694656), (8, 0.23810375132640407)]",1.0147927306479985,0.5627215819330534,1.836503690643262
826,"('complexe', 'ADJ')",8,"[(3, 0.11155519253480195), (6, 0.17838144558249214), (7, 0.10404953577461423), (8, 0.24552141941587133)]",0.8168697796481741,0.7544785805841286,1.3763842904969086
832,"('compositeur', 'NOUN')",8,"[(1, 0.33191073481218203), (8, 0.4290443253500006)]",1.051891967914319,0.5709556746499994,1.292649740879226
835,"('compte', 'NOUN')",1,"[(1, 0.46904766379110385), (8, 0.3119716338515459)]",1.036563298405167,0.5309523362088961,1.503494590198235
837,"('compétence', 'NOUN')",4,"[(1, 0.14367929943872476), (4, 0.6872351730771546)]",0.7740488566805632,0.31276482692284535,4.783118902735473
838,"('compétent', 'ADJ')",8,"[(6, 0.18523448919986252), (8, 0.34427451203343606)]",0.9802179927419783,0.6557254879665639,1.858587531515117
840,"('comte', 'NOUN')",1,"[(1, 0.6837095687429231), (8, 0.10700396614524861)]",0.7200541257604812,0.3162904312570769,6.389572212817296
846,"('concernant', 'ADP')",0,"[(0, 0.24328673075649618), (7, 0.13433469773268017), (9, 0.10380924710813928)]",0.7725239834004807,0.7567132692435038,1.8110490801164827
856,"('condition', 'NOUN')",4,"[(1, 0.17144755111122245), (4, 0.6522999296730804)]",0.8382630022607885,0.34770007032691963,3.8046616906759816
859,"('confiance', 'NOUN')",4,"[(1, 0.11596371456951385), (4, 0.44763932787887595), (8, 0.18739267536273285)]",0.8405489440618995,0.552360672121124,2.3887770800666996
866,"('connaissance', 'NOUN')",4,"[(1, 0.13691963210641808), (4, 0.7038624698078866)]",0.7493685216218373,0.2961375301921134,5.1406979333746925
868,"('connu', 'ADJ')",8,"[(1, 0.14899171212684437), (4, 0.1272232379469423), (6, 0.11141393678898362), (8, 0.28185514316559845)]",0.8276736320587126,0.7181448568344015,1.8917504815679986
871,"('conscience', 'NOUN')",4,"[(1, 0.10038221206104664), (4, 0.5916577178047694), (8, 0.1297950615913981)]",0.7339158284389432,0.4083422821952306,4.558399299253311
873,"('conseiller', 'NOUN')",8,"[(1, 0.30490257491007683), (6, 0.15269346715754845), (8, 0.3093549603766003)]",0.921223944207806,0.6906450396233996,1.0146026496097535
879,"('consister', 'VERB')",6,"[(6, 0.517582576674442), (8, 0.1049179423164145)]",0.8330385083077303,0.48241742332555804,4.9332131878216
880,"('consommateur', 'NOUN')",1,"[(1, 0.6884009454073098), (4, 0.1272628126831498)]",0.749321661890274,0.3115990545926902,5.4092859563087226
896,"('contexte', 'NOUN')",1,"[(1, 0.7352121729798997), (4, 0.10777683630144873)]",0.6726451459619553,0.2647878270201003,6.821615833327416
897,"('continent', 'NOUN')",1,"[(1, 0.6904142150521176), (4, 0.11746030557956036)]",0.7319264157138817,0.30958578494788236,5.877851344294977
901,"('contrairement', 'ADV')",6,"[(0, 0.16570143832087544), (1, 0.10478333153951672), (2, 0.10682910539174706), (4, 0.10531440211666071), (6, 0.20446078256551473), (8, 0.1258640464388362)]",0.8905330090598522,0.7955392174344853,1.233910729064301
903,"('contre', 'ADP')",0,"[(0, 0.33033842676996683), (7, 0.12164434831403757)]",0.8975839434190312,0.6696615732300332,2.715608504204106
905,"('contribution', 'NOUN')",4,"[(1, 0.1472488226448462), (4, 0.652289905872866)]",0.809028594106421,0.34771009412713405,4.4298480229355945
913,"('convivial', 'ADJ')",8,"[(3, 0.15340475718132102), (4, 0.10198248145506769), (6, 0.14372959585178435), (8, 0.2762340302250338)]",0.8328622169063052,0.7237659697749662,1.8006875099611892
917,"('correct', 'ADJ')",6,"[(6, 0.33611464403143704), (8, 0.2768747265838505)]",1.041664175262803,0.6638853559685629,1.2139592810745259
918,"('correspondre', 'VERB')",6,"[(6, 0.5643617142969977), (8, 0.10499826141075796)]",0.8071806490127266,0.43563828570300234,5.374962468084962
920,"('cou', 'NOUN')",1,"[(1, 0.7293500761022473), (4, 0.11288848043791941)]",0.6873486432002159,0.27064992389775266,6.460801609455074
928,"('courant', 'ADJ')",3,"[(3, 0.30057203918228104), (7, 0.100023668116248), (8, 0.28647341732999215)]",0.8644728192132498,0.699427960817719,1.0492144157167942
930,"('coureur', 'NOUN')",1,"[(1, 0.4213931707637969), (4, 0.14317191185949146), (6, 0.14335345751839193), (8, 0.12927405301026587)]",0.8550674618556783,0.5786068292362031,2.93953963900545
940,"('coûteux', 'ADJ')",6,"[(6, 0.432168764162778), (8, 0.19330267319368416)]",0.98140173719572,0.567831235837222,2.2357102311242034
945,"('critique', 'NOUN')",4,"[(1, 0.198863390864795), (4, 0.6799519634609306)]",0.8417716557457193,0.32004803653906944,3.4191912372811863
947,"('critère', 'NOUN')",1,"[(1, 0.6820557871274829), (4, 0.1275594657044071)]",0.7554692711015236,0.31794421287251706,5.346963342634308
951,"('créateur', 'NOUN')",1,"[(1, 0.6433779620162646), (8, 0.15795175818320933)]",0.8298944022276097,0.3566220379837354,4.073256096776118
953,"('crédit', 'NOUN')",1,"[(1, 0.6265402591471061), (8, 0.21898858407121405)]",0.9024343363398327,0.3734597408528939,2.8610635655023833
961,"('cyclisme', 'NOUN')",1,"[(1, 0.3999200336907446), (4, 0.14108514397749444), (8, 0.26806997108087344)]",0.9063607108691931,0.6000799663092554,1.4918494304984782
962,"('cycliste', 'ADJ')",3,"[(3, 0.45079043673287117), (7, 0.15405146665190556)]",0.9338809153666446,0.5492095632671288,2.926232683986557
963,"('cyrillique', 'ADJ')",3,"[(3, 0.4581584825601663), (7, 0.10911652994296372)]",0.8646665339944893,0.5418415174398337,4.198799969167368
974,"('dangereux', 'ADJ')",7,"[(3, 0.2718628712502082), (7, 0.2932834425904899), (8, 0.1718483814939565)]",0.9252449264254525,0.7067165574095101,1.078791823398964
975,"('dans', 'ADP')",0,"[(0, 0.31249733616156455), (7, 0.13898876965450696)]",0.9200922800612328,0.6875026638384354,2.2483639285271653
978,"('dater', 'VERB')",6,"[(6, 0.5716597869997935), (8, 0.1083741979938483)]",0.8086362776325401,0.4283402130002065,5.274869826785181
979,"('davantage', 'ADV')",0,"[(0, 0.4459398026808937), (6, 0.12496919098823733)]",0.8945071686855447,0.5540601973191063,3.5683979319580263
980,"('de', 'ADP')",0,"[(0, 0.2984532906557316), (7, 0.15637971317850544)]",0.9392376672129799,0.7015467093442684,1.9085166777039104
985,"('demi-finale', 'NOUN')",4,"[(1, 0.17760199816333636), (4, 0.6154601172595647)]",0.8737953381993026,0.38453988274043527,3.4653895993531596
986,"('depuis', 'ADP')",0,"[(0, 0.3351437555352838), (7, 0.12284038691634483), (9, 0.10379900227006733)]",0.7819808204519968,0.6648562444647161,2.728286388120212
988,"('dernier', 'ADJ')",7,"[(1, 0.11213667814661832), (7, 0.5654777983104952)]",0.8190600481419649,0.43452220168950484,5.042755034807923
989,"('derrière', 'ADP')",0,"[(0, 0.4219470307079948), (7, 0.11403376671989353)]",0.882474606250021,0.5780529692920052,3.7001937482644327
993,"('dessin', 'NOUN')",1,"[(1, 0.8072280193411424), (8, 0.10146199905522732)]",0.5843194867990232,0.1927719806588576,7.95596407381798
995,"('destination', 'NOUN')",4,"[(1, 0.11968060405621515), (4, 0.4863744555579402), (8, 0.17453704976568493)]",0.8276948292736062,0.5136255444420599,2.7866545023586413
996,"('destiner', 'VERB')",6,"[(6, 0.43902358746089604), (8, 0.1716455772821867)]",0.9578055181278808,0.5609764125391039,2.557733175607186
1000,"('devant', 'ADP')",0,"[(0, 0.34538890573285286), (7, 0.1307773288210273)]",0.9135325078769361,0.6546110942671471,2.6410457290003833
1002,"('devise', 'NOUN')",4,"[(1, 0.1398821453604654), (4, 0.7172890784019509)]",0.7407951657056042,0.2827109215980491,5.127810104381462
1004,"('di', 'ADP')",0,"[(0, 0.14763251349802134), (2, 0.11728426757234406), (7, 0.11005486848491797)]",0.7069373753241325,0.8523674865019787,1.2587580291359852
1007,"('dieu', 'NOUN')",1,"[(1, 0.6994367790421864), (8, 0.11623922494279078)]",0.7216267930680322,0.3005632209578136,6.017218192795304
1008,"('difficile', 'ADJ')",8,"[(6, 0.315824819582081), (8, 0.33343313950180054)]",1.0534896400984164,0.6665668604981995,1.0557534393370982
1009,"('difficulté', 'NOUN')",4,"[(1, 0.1182753077306451), (4, 0.7167307458936599)]",0.7086486968376307,0.2832692541063401,6.059851034384206
1012,"('différence', 'NOUN')",4,"[(1, 0.10640995642590606), (4, 0.8152399273246115)]",0.5842023300790599,0.18476007267538852,7.661312481527688
1013,"('différent', 'ADJ')",7,"[(3, 0.16402248632285096), (7, 0.28300040324642745), (8, 0.12604772342276196), (9, 0.10145806577437283)]",0.8273490119610879,0.7169995967535725,1.7253756456867033
1016,"('dimanche', 'NOUN')",1,"[(1, 0.5447602771083468), (8, 0.19873577047904195)]",0.9406453086330127,0.45523972289165315,2.741128463161067
1018,"('diocèse', 'NOUN')",1,"[(1, 0.7393809263744261), (4, 0.10670565514446968)]",0.6665588782398846,0.2606190736255739,6.929163457863335
1023,"('directement', 'ADV')",0,"[(0, 0.4764594503338562), (6, 0.10264790004360032)]",0.8467276485579892,0.5235405496661438,4.641687264244833
1024,"('directeur', 'NOUN')",1,"[(1, 0.4840435700965344), (4, 0.1096739723408547), (6, 0.11747822246977004), (8, 0.18402757466263123)]",0.8343801057156093,0.5159564299034656,2.6302773971993485
1026,"('dirigeant', 'NOUN')",1,"[(1, 0.7454111741926244), (4, 0.10509187008596993)]",0.6575512628088853,0.25458882580737563,7.0929480423447036
1034,"('disponible', 'ADJ')",6,"[(6, 0.5108453654882145), (8, 0.17333209039175076)]",0.9332813374173184,0.48915463451178554,2.9472059347674415
1045,"('divers', 'ADJ')",7,"[(3, 0.1218683282968731), (7, 0.2352862299503434), (8, 0.11154799366526927), (9, 0.17263194722950273)]",0.8258423342295284,0.7647137700496566,1.362935619544081
1050,"('dizaine', 'NOUN')",4,"[(1, 0.16080944366428312), (4, 0.5123244380178009), (8, 0.11249474667267217)]",0.8031132338470665,0.4876755619821991,3.18591014522359
1051,"('docteur', 'NOUN')",1,"[(1, 0.7019048178371053), (4, 0.110940005414104)]",0.7103477422903223,0.29809518216289466,6.326886457388535
1052,"('doctorat', 'NOUN')",1,"[(1, 0.6945205834767041), (4, 0.11787256257513937)]",0.7288572788147278,0.3054794165232959,5.892131029508866
1053,"('document', 'NOUN')",1,"[(1, 0.5547753436581144), (4, 0.13529873999230418), (8, 0.1337430378365239)]",0.7887879624344281,0.44522465634188557,4.100373319734317
1055,"('dollar', 'NOUN')",5,"[(1, 0.10535493255080174), (5, 0.3020816913356663), (8, 0.2931100330999511)]",0.8723813469622853,0.6979183086643337,1.0306084992752733
1058,"('domicile', 'NOUN')",8,"[(1, 0.2657340572775336), (4, 0.1185921310065821), (8, 0.392484196245964)]",0.8848317620675341,0.607515803754036,1.4769811602885818
1060,"('domination', 'NOUN')",4,"[(1, 0.11583306794831422), (4, 0.6911289046358593)]",0.7285802858041742,0.3088710953641407,5.966594141702673
1064,"('donc', 'CCONJ')",0,"[(0, 0.3368898206012619), (7, 0.11417039880801716)]",0.8862373018386879,0.6631101793987382,2.9507632811877778
1066,"('donnée', 'NOUN')",4,"[(1, 0.14343935575578118), (4, 0.6336502157329321)]",0.8189383365985253,0.3663497842670679,4.4175478368139105
1067,"('dont', 'PRON')",0,"[(0, 0.2814923088354663), (7, 0.12119673253575347)]",0.8837951279609886,0.7185076911645337,2.3226064180601984
1072,"('doute', 'NOUN')",1,"[(1, 0.7211957690764433), (4, 0.10820680789360763)]",0.6872128511007116,0.27880423092355666,6.664975920789992
1078,"('drogue', 'NOUN')",4,"[(1, 0.12086294464834993), (4, 0.46570781456886784), (8, 0.1467708916272689)]",0.8127742596570982,0.5342921854311322,3.1730257233263477
1082,"('du', 'DET')",7,"[(0, 0.1285424110876559), (7, 0.27204421922965716), (8, 0.11840752760519752)]",0.7923504448451099,0.7279557807703428,2.116377131312281
1085,"('dur', 'ADJ')",3,"[(3, 0.3039470619936896), (7, 0.27172800389373825), (8, 0.1686035735649121)]",0.9249569038443151,0.6960529380063104,1.1185709887765227
1087,"('durant', 'ADP')",0,"[(0, 0.2773732821615636), (7, 0.14562286515951547)]",0.9179547021902585,0.7226267178384365,1.9047371568862386
1091,"('dès', 'ADP')",0,"[(0, 0.42992984859511824), (7, 0.1108174514827917)]",0.8752862111514277,0.5700701514048818,3.8796222331631576
1096,"('décembre', 'NOUN')",8,"[(1, 0.12170766930079434), (8, 0.3167240003661328)]",0.8951604298258514,0.6832759996338672,2.6023339546776256
1104,"('décorer', 'VERB')",6,"[(6, 0.6616334978254208), (8, 0.12448674952406222)]",0.768463823546839,0.3383665021745792,5.314890945060243
1110,"('décès', 'NOUN')",1,"[(1, 0.6483586882948731), (8, 0.19269364376426698)]",0.863079011671039,0.3516413117051269,3.364712377788895
1111,"('décéder', 'VERB')",6,"[(6, 0.4094515899087248), (8, 0.16346526407162904)]",0.9545955330739808,0.5905484100912752,2.504823224885911
1116,"('défenseur', 'NOUN')",1,"[(1, 0.5770296195484123), (8, 0.24862240966728666)]",0.9569744017851572,0.42297038045158775,2.320907517229075
1124,"('délai', 'NOUN')",1,"[(1, 0.6822279762182543), (8, 0.13208595483995508)]",0.7621181203945159,0.31777202378174574,5.165030430713781
1125,"('délicieux', 'ADJ')",6,"[(1, 0.10293356908276122), (6, 0.2480285042194329), (7, 0.1035096002813889), (8, 0.21644887008594985)]",0.8265662068758969,0.7519714957805671,1.1458988172169393
1129,"('démocratie', 'NOUN')",4,"[(1, 0.100916799061051), (4, 0.7882879350161941)]",0.6044543208488262,0.2117120649838059,7.811265739208677
1132,"('dénommer', 'VERB')",6,"[(1, 0.11296903266590165), (6, 0.448853654761225), (8, 0.15991418510484634)]",0.8183455803093964,0.551146345238775,2.8068407719236292
1135,"('département', 'NOUN')",1,"[(1, 0.7336389088087192), (4, 0.12683173474132062)]",0.7056656726064996,0.2663610911912808,5.784348138933925
1147,"('désir', 'NOUN')",1,"[(1, 0.7094163496016169), (4, 0.12564539614678222)]",0.7273734152918817,0.2905836503983831,5.646178621402557
1148,"('désirer', 'VERB')",6,"[(6, 0.4597676703802463), (8, 0.13780590468793188)]",0.9094372649481172,0.5402323296197538,3.3363423100150342
1150,"('détail', 'NOUN')",1,"[(1, 0.610498773883129), (4, 0.13237397544698676), (8, 0.1223989063191443)]",0.7518941505051489,0.389501226116871,4.6119244498147
1159,"('efficace', 'ADJ')",8,"[(3, 0.12223885457060302), (4, 0.10372255308668431), (6, 0.10070574383695499), (8, 0.31848030143322875)]",0.7844919436586509,0.6815196985667713,2.6053933714609547
1160,"('efficacité', 'NOUN')",4,"[(1, 0.1675012641335688), (4, 0.6031032318855971)]",0.8717551638624249,0.3968967681144029,3.6005891358806146
1164,"('empereur', 'NOUN')",1,"[(1, 0.6090292215398162), (4, 0.1832559638139759)]",0.8843326924567978,0.3909707784601838,3.3233800901456334
1165,"('empire', 'NOUN')",1,"[(1, 0.7639250523205368), (4, 0.11934541255531596)]",0.66278930279104,0.23607494767946324,6.400958662457692
1167,"('emploi', 'NOUN')",1,"[(1, 0.7145043949867129), (8, 0.17209649314172676)]",0.7834272197579919,0.2854956050132871,4.1517661513201
1169,"('employé', 'NOUN')",1,"[(1, 0.5243299890063174), (4, 0.15536762742997284), (8, 0.12724193887405985)]",0.8102440136392693,0.47567001099368256,3.3747698776094333
1174,"('en', 'ADP')",0,"[(0, 0.3041877555393501), (7, 0.15243554172979784), (9, 0.12450899982877918)]",0.8266332631178058,0.6958122444606498,1.995517266429526
1175,"('en', 'PRON')",0,"[(0, 0.25391566969055135), (6, 0.12499569617334558), (8, 0.11519377240698768)]",0.7800122602555611,0.7460843303094487,2.031395299710303
1180,"('endémique', 'ADJ')",6,"[(4, 0.10946004201589639), (6, 0.37666205963642874), (8, 0.13128920115353193)]",0.7978118064366558,0.6233379403635713,2.8689492839243758
1181,"('enfance', 'NOUN')",4,"[(1, 0.16071156579335558), (4, 0.6333826285992801)]",0.8411740645236983,0.3666173714007199,3.941114166068728
1182,"('enfant', 'NOUN')",1,"[(1, 0.3820986205516279), (4, 0.24654705957419587), (8, 0.1733702752059372)]",0.925372026716715,0.6179013794483721,1.5497999498008175
1185,"('engagement', 'NOUN')",1,"[(1, 0.6373229905455634), (4, 0.13257735426418998), (8, 0.11571835202186695)]",0.7323261584148268,0.3626770094544366,4.807178375845056
1190,"('ennemi', 'NOUN')",1,"[(1, 0.6258528013928994), (4, 0.18475309215092045)]",0.8732614542364919,0.37414719860710055,3.3875092108426257
1194,"('enrichir', 'VERB')",6,"[(6, 0.6905638096410764), (8, 0.10450107076288469)]",0.7093743560073494,0.30943619035892356,6.608198409832388
1195,"('enseignant', 'NOUN')",1,"[(1, 0.5470265531472001), (4, 0.12174290019569321), (8, 0.2015373643444607)]",0.8275788197004067,0.45297344685279994,2.714268666391018
1198,"('ensemble', 'ADV')",0,"[(0, 0.33244147808835994), (6, 0.10697145057899561), (8, 0.11159299819435421)]",0.7736385074109148,0.66755852191164,2.97905319748976
1207,"('entraînement', 'NOUN')",8,"[(1, 0.16241904203358234), (5, 0.1356114037304549), (8, 0.3680131655505387)]",0.8501950328106533,0.6319868344494612,2.2658252440280187
1209,"('entraîneur', 'NOUN')",1,"[(1, 0.40448550884396234), (8, 0.3944553559485216)]",1.0575785368375965,0.5955144911560377,1.0254278532264365
1210,"('entre', 'ADP')",0,"[(0, 0.3078025206386561), (7, 0.1187201490070678), (9, 0.12734363346566982)]",0.7992919187970025,0.6921974793613439,2.417101760502504
1215,"('entretien', 'NOUN')",1,"[(1, 0.7322431090191388), (8, 0.10926737769563351)]",0.6782275892555762,0.2677568909808612,6.7013881403726625
1217,"('envers', 'ADP')",0,"[(0, 0.24943691056450806), (7, 0.1329903203666475)]",0.8867678095062067,0.750563089435492,1.875601997775652
1218,"('environ', 'ADV')",0,"[(0, 0.20274508255965573), (9, 0.1549195197074407)]",0.8835690263675557,0.7972549174403443,1.3087123103823952
1224,"('esclave', 'NOUN')",8,"[(1, 0.24215639508852949), (8, 0.5295987231557577)]",0.9811064153160816,0.47040127684424227,2.1870110965359504
1227,"('espagnol', 'NOUN')",1,"[(1, 0.44692770587449415), (4, 0.1326445776406274), (8, 0.23443845897829324)]",0.8810728740207766,0.5530722941255058,1.9063753780938961
1228,"('espoir', 'NOUN')",1,"[(1, 0.734641683403805), (8, 0.1047046293165006)]",0.6677094743371814,0.265358316596195,7.0163247623286455
1230,"('espèce', 'NOUN')",4,"[(1, 0.14170237870319394), (4, 0.6454324266146412)]",0.8071632507355462,0.3545675733853588,4.554845391597461
1232,"('essai', 'NOUN')",1,"[(1, 0.49965909434996775), (8, 0.2947271486106773)]",1.0196215357536598,0.5003409056500323,1.6953276842846852
1234,"('essentiel', 'ADJ')",8,"[(3, 0.2470294587798488), (6, 0.13440285230150129), (8, 0.2617365661105478)]",0.8792723080829343,0.7382634338894523,1.059535844037961
1235,"('essentiel', 'NOUN')",1,"[(1, 0.6072825936437787), (4, 0.19141910996906625)]",0.8935478746425011,0.3927174063562213,3.1725285617612418
1237,"('est', 'NOUN')",1,"[(1, 0.5842140171746508), (4, 0.17668265764677024), (8, 0.10780867827429122)]",0.7831720422818844,0.4157859828253492,3.306572500978736
1239,"('et', 'CCONJ')",0,"[(0, 0.42493462632677775), (7, 0.10595408419973244)]",0.8677924633174753,0.5750653736732223,4.010554473065332
1240,"('etc.', 'X')",2,"[(2, 0.13158308755473141), (5, 0.12143729960294307), (6, 0.11487760665557135), (8, 0.12535830740019607)]",0.7442847848248786,0.8684169124452685,1.0496559046115965
1242,"('euro', 'NOUN')",8,"[(5, 0.21726252319479916), (8, 0.40558925387636435)]",1.006558429327709,0.5944107461236356,1.8668164574002948
1244,"('eux', 'PRON')",0,"[(0, 0.1882763981025537), (1, 0.11459703593669297), (6, 0.12054254864221617), (8, 0.14191895128148505)]",0.7897186118850584,0.8117236018974463,1.3266473321742795
1245,"('eux-mêmes', 'PRON')",8,"[(0, 0.1123918871332264), (1, 0.11629438980634835), (5, 0.11574984440641253), (6, 0.11424667042539391), (8, 0.19841773984276484)]",0.81658447706509,0.8015822601572351,1.7061677710607284
1248,"('exception', 'NOUN')",4,"[(1, 0.14379665038277722), (4, 0.7470997423744589)]",0.7165788595978592,0.25290025762554114,5.195529523015511
1251,"('exemplaire', 'NOUN')",8,"[(1, 0.2742431488708843), (8, 0.3554775106412756)]",1.0423001074130394,0.6445224893587245,1.2962129121724641
1263,"('exploration', 'NOUN')",4,"[(1, 0.11383997775249421), (4, 0.8015171566325137)]",0.6127193379996178,0.19848284336748634,7.040735359024194
1265,"('exportation', 'NOUN')",4,"[(1, 0.16932207790363885), (4, 0.6499449937446843)]",0.8378425288985208,0.3500550062553157,3.838512979474347
1275,"('extraire', 'VERB')",6,"[(1, 0.10283310568549149), (6, 0.3156050911632745), (8, 0.2135275419734701)]",0.8443099030342015,0.6843949088367255,1.478053314557834
1276,"('extrémité', 'NOUN')",4,"[(1, 0.16894728392518465), (4, 0.7428996440838522)]",0.7519359650033015,0.25710035591614777,4.397227506852565
1280,"('extérieur', 'NOUN')",1,"[(1, 0.6973635483662859), (4, 0.15938072925525518)]",0.7849124127390374,0.3026364516337141,4.375457131015054
1282,"('exécution', 'NOUN')",4,"[(1, 0.14407662824559228), (4, 0.7018876194334328)]",0.7611530096091677,0.2981123805665672,4.871627188810934
1284,"('fabrication', 'NOUN')",4,"[(1, 0.10480188261673766), (4, 0.7473545894056501)]",0.655042899165518,0.25264541059434986,7.13111797942351
1286,"('face', 'NOUN')",4,"[(1, 0.13236415464297535), (4, 0.5246217380280934), (8, 0.11471542074081799)]",0.7777828535387322,0.4753782619719066,3.9634728861688493
1287,"('facile', 'ADJ')",6,"[(4, 0.10736790870958401), (6, 0.32895650433694), (8, 0.23398450727806835)]",0.8603554298558688,0.67104349566306,1.4058901085532405
1292,"('faible', 'ADJ')",7,"[(6, 0.10725141444002982), (7, 0.309462579373041), (8, 0.2545395813117834)]",0.8653715419317042,0.690537420626959,1.215773899596318
1293,"('faire', 'AUX')",0,"[(0, 0.17111698449348978), (1, 0.1108508614112638), (4, 0.10332601409038784), (6, 0.16792034972109987), (8, 0.11883062251447364)]",0.8283525827780491,0.8288830155065102,1.0190366133568636
1296,"('falloir', 'VERB')",6,"[(6, 0.48439410010383777), (8, 0.1068216208122988)]",0.8512375128998234,0.5156058998961622,4.534607286618399
1301,"('faveur', 'NOUN')",4,"[(1, 0.15024399806877212), (4, 0.38164591945576504), (8, 0.1623439977570841)]",0.8625055790410462,0.6183540805442349,2.3508471192561315
1302,"('favorable', 'ADJ')",8,"[(3, 0.16485458664847713), (6, 0.13928373085889717), (8, 0.3376645352965957)]",0.8541203528298424,0.6623354647034043,2.0482568435696895
1305,"('façon', 'NOUN')",4,"[(1, 0.11703842943041051), (4, 0.6037153690537297)]",0.8017683428122374,0.3962846309462703,5.1582661523383715
1308,"('fer', 'NOUN')",8,"[(1, 0.11604837973434184), (5, 0.18015957250887457), (8, 0.3236681502024039)]",0.8409028269595514,0.6763318497975961,1.7965637112424886
1315,"('fiction', 'NOUN')",4,"[(1, 0.12227484418719319), (4, 0.48913946105988704), (8, 0.12981122941317194)]",0.7935267074702715,0.510860538940113,3.768082802012613
1316,"('fidèle', 'ADJ')",8,"[(1, 0.1292426193043426), (6, 0.16007283313053455), (7, 0.13639937221024645), (8, 0.29465256389494726)]",0.8580399611937229,0.7053474361050527,1.8407406062130918
1318,"('fil', 'NOUN')",1,"[(1, 0.674327462679211), (4, 0.13403388513669515), (8, 0.1014485066028524)]",0.698344069255975,0.32567253732078905,5.03102228210049
1319,"('filiale', 'NOUN')",4,"[(1, 0.10496823520413413), (4, 0.7378923825784277)]",0.6649329559588959,0.2621076174215723,7.0296731305754685
1322,"('fils', 'NOUN')",1,"[(1, 0.6006433329584308), (4, 0.10236295357655752), (8, 0.13078286781538598)]",0.7332248176892697,0.39935666704156925,4.59267595971594
1323,"('fin', 'NOUN')",4,"[(1, 0.1081931522108), (4, 0.7860950294729351)]",0.6200694848053302,0.21390497052706492,7.265663430725572
1327,"('finance', 'NOUN')",4,"[(1, 0.20984151826679684), (4, 0.33518092177575465), (8, 0.10815673639739262)]",0.8506983660759806,0.6648190782242454,1.597305073582239
1332,"('fleur', 'NOUN')",4,"[(1, 0.1070711380606394), (4, 0.6505920225279317)]",0.7486095411525568,0.3494079774720683,6.076259525321109
1335,"('flux', 'NOUN')",1,"[(1, 0.7310070118888594), (4, 0.1000924158723793)]",0.6628129120139262,0.2689929881111406,7.3033206913590165
1337,"('fois', 'NOUN')",4,"[(1, 0.1305884413610655), (4, 0.612110612545454)]",0.816982694839082,0.38788938745454604,4.687326122937804
1339,"('fonctionnaire', 'NOUN')",1,"[(1, 0.4967018951754792), (4, 0.12343783640312579), (8, 0.180554735420302)]",0.8327489544838983,0.5032981048245209,2.7509768382382114
1340,"('fonctionnement', 'NOUN')",1,"[(1, 0.5912227466882735), (4, 0.10115107867926897), (8, 0.20475981596257636)]",0.789366696440358,0.40877725331172654,2.887396357087615
1343,"('fondateur', 'NOUN')",1,"[(1, 0.49578572487067896), (4, 0.13121969704017508), (8, 0.1679929154541688)]",0.8319696539684995,0.504214275129321,2.9512299583010533
1347,"('football', 'NOUN')",8,"[(1, 0.12433994697534974), (5, 0.17749491321739674), (8, 0.29931126541381897)]",0.8439029005342916,0.700688734586181,1.6863089763435692
1348,"('footballeur', 'NOUN')",1,"[(1, 0.26170970003551436), (4, 0.1406258127340963), (6, 0.19383653784426338), (8, 0.14115035707308218)]",0.880825753404871,0.7382902999644856,1.3501566987632807
1351,"('format', 'NOUN')",1,"[(1, 0.6837353151065877), (8, 0.16206890639611848)]",0.8005049522157038,0.3162646848934123,4.218793908780044
1357,"('fort', 'NOUN')",1,"[(1, 0.737144834827388), (4, 0.10247312229156975)]",0.6611255958649689,0.262855165172612,7.193543227169056
1363,"('frais', 'ADJ')",6,"[(6, 0.27702552669742764), (8, 0.2509616348057018)]",1.0135593734586485,0.7229744733025724,1.1038560810775115
1364,"('franc', 'NOUN')",8,"[(1, 0.10583997298577513), (5, 0.20243172183314553), (8, 0.3936332460279285)]",0.8447488081778788,0.6063667539720715,1.9445235285425322
1366,"('franchise', 'NOUN')",4,"[(1, 0.10924641521154238), (4, 0.7615891295205897)]",0.6482103808083984,0.23841087047941034,6.971296294215834
1371,"('froid', 'ADJ')",8,"[(3, 0.2542697345048031), (8, 0.2749543381534491)]",1.0144945952508333,0.7250456618465508,1.0813490590570278
1376,"('frère', 'NOUN')",1,"[(1, 0.643314177523437), (4, 0.12219308803968927), (8, 0.11027847650265486)]",0.7134315830215958,0.356685822476563,5.264734592143899
1387,"('février', 'NOUN')",8,"[(1, 0.12255282911373887), (8, 0.29637833848571166)]",0.8911464856031258,0.7036216615142883,2.4183720655738496
1399,"('gauche', 'NOUN')",4,"[(1, 0.10691999829638188), (4, 0.43068619514681716), (8, 0.19106194715531813)]",0.8356682859275442,0.5693138048531828,2.2541704486906733
1400,"('gaz', 'NOUN')",1,"[(1, 0.6531712788434508), (8, 0.17678451085454178)]",0.8433020281709401,0.34682872115654917,3.6947313748594177
1402,"('gens', 'NOUN')",1,"[(1, 0.38862696797126295), (4, 0.2787735871057265), (8, 0.10419307345018565)]",0.8729482305197033,0.611373032028737,1.3940595018561566
1405,"('glace', 'NOUN')",4,"[(1, 0.11124077901670813), (4, 0.2745049599207246), (5, 0.15536903211319888), (8, 0.1828561265938915)]",0.8649965345343014,0.7254950400792755,1.5012073428109831
1409,"('gouverneur', 'NOUN')",1,"[(1, 0.6938087771682745), (8, 0.12926306630704645)]",0.7474430031089837,0.3061912228317255,5.367416981430938
1410,"('goût', 'NOUN')",1,"[(1, 0.7649401874862197), (8, 0.10851526861035928)]",0.6433976385712561,0.23505981251378028,7.049147988868321
1414,"('gratuit', 'ADJ')",3,"[(3, 0.45571743745179044), (8, 0.16750888862016033)]",0.948473260383038,0.5442825625482095,2.720556748992382
1415,"('grave', 'ADJ')",7,"[(3, 0.1987398770792995), (7, 0.44100933448944835), (8, 0.11591221756281817)]",0.8482947482384138,0.5589906655105517,2.219027912115899
1416,"('gravure', 'NOUN')",4,"[(1, 0.10585816584914085), (4, 0.6791047869406177)]",0.7220988681262538,0.3208952130593823,6.415232887261757
1424,"('guitare', 'NOUN')",4,"[(1, 0.12791078580149823), (4, 0.7258600998684648)]",0.7150035529824854,0.2741399001315352,5.674737242212789
1425,"('génie', 'NOUN')",1,"[(1, 0.7667219650578665), (8, 0.1016488261369765)]",0.629098540403222,0.2332780349421335,7.5428511493548696
1433,"('h', 'NOUN')",8,"[(1, 0.10904678303678757), (4, 0.14002039209027453), (5, 0.11952507868022816), (6, 0.10953691024036717), (8, 0.2504950970328357)]",0.8449061500758898,0.7495049029671643,1.7889901127496874
1434,"('h', 'NUM')",8,"[(1, 0.11408300871358835), (4, 0.11238839801728807), (5, 0.16624362124773664), (6, 0.10117113338515556), (8, 0.21584385998416739)]",0.8414818078578522,0.7841561400158326,1.2983587482283987
1435,"('ha', 'NOUN')",8,"[(1, 0.12191305109727246), (5, 0.12268156928690577), (6, 0.10051417379538614), (8, 0.298374112487164)]",0.797628765712317,0.701625887512836,2.432102183086523
1436,"('habitant', 'NOUN')",8,"[(1, 0.23610415081109004), (4, 0.12066647270538275), (8, 0.33844244623721464)]",0.8762486323556272,0.6615575537627854,1.4334455581342438
1437,"('habitat', 'NOUN')",1,"[(1, 0.698013568046656), (4, 0.12919317795021976)]",0.743470508417139,0.30198643195334396,5.402867079526537
1438,"('habitation', 'NOUN')",4,"[(1, 0.1427156149026102), (4, 0.5108567478852836), (8, 0.12337867848340177)]",0.8002348802775872,0.48914325211471643,3.5795434734587004
1440,"('hasard', 'NOUN')",1,"[(1, 0.6392163049035794), (4, 0.10176319793410281), (8, 0.13364985726187098)]",0.716878546230648,0.3607836950964206,4.7827683321136005
1444,"('hectare', 'NOUN')",8,"[(1, 0.10248295841205697), (5, 0.2368479866545514), (8, 0.27323096732975544)]",0.8457062210308979,0.7267690326702445,1.1536132149110032
1445,"('heure', 'NOUN')",4,"[(1, 0.13523734572616253), (4, 0.6130000369976699), (8, 0.10734176944110613)]",0.7374098284807147,0.3869999630023301,4.532771873820362
1446,"('heureux', 'ADJ')",6,"[(6, 0.4309664576897492), (8, 0.19915168704571876)]",0.9869823532174729,0.5690335423102508,2.1640110816174674
1447,"('hier', 'ADV')",0,"[(0, 0.31758836885124647), (6, 0.11010551021328384), (8, 0.11581136904719576)]",0.7799534560261051,0.6824116311487536,2.7422900831249306
1451,"('hiver', 'NOUN')",1,"[(1, 0.49756536867474055), (4, 0.11747833540715993), (8, 0.24591510268892908)]",0.8591354846413571,0.5024346313252595,2.023321720521318
1452,"('hockey', 'NOUN')",8,"[(1, 0.1293992666212823), (4, 0.10693459749639606), (5, 0.14998972494054968), (8, 0.28996690567073385)]",0.8275249940663523,0.7100330943292661,1.933245132529351
1453,"('hommage', 'NOUN')",8,"[(1, 0.2297930331968177), (8, 0.3956265774571981)]",1.0167920825509253,0.6043734225428019,1.7216648039905718
1455,"('honneur', 'NOUN')",1,"[(1, 0.44997556438013675), (4, 0.15944522272264092), (8, 0.23144293912211983)]",0.9018488511199714,0.5500244356198633,1.9442181562631693
1456,"('hors', 'ADV')",6,"[(0, 0.11391434685862019), (1, 0.11202598853936944), (4, 0.1110367528559131), (6, 0.30078101801430124), (8, 0.1346002878525789)]",0.849995783871846,0.6992189819856988,2.2346238838934127
1461,"('humanité', 'NOUN')",4,"[(1, 0.19071952412951812), (4, 0.657678038098295)]",0.8535073817741221,0.34232196190170505,3.4484043576559267
1462,"('humide', 'ADJ')",3,"[(3, 0.48838439544132756), (8, 0.10664870031549248)]",0.8493212284369284,0.5116156045586724,4.579375032199822
1463,"('hypothèse', 'NOUN')",4,"[(1, 0.1348567491232702), (4, 0.7177459054706214)]",0.7332125282993545,0.28225409452937855,5.3222839059730145
1465,"('héritier', 'NOUN')",1,"[(1, 0.5849947135218316), (4, 0.10618072144423099), (8, 0.18458167660421004)]",0.7861276223226553,0.41500528647816837,3.1693000317480524
1466,"('héros', 'NOUN')",1,"[(1, 0.7138881711920616), (4, 0.1017495336464799)]",0.6825724828123316,0.2861118288079384,7.016132119803176
1467,"('hésiter', 'VERB')",6,"[(6, 0.38583753803684845), (8, 0.1362496401652175)]",0.9219253137611705,0.6141624619631516,2.8318426204207103
1469,"('hôte', 'NOUN')",1,"[(1, 0.3934054235004067), (4, 0.12009404580327337), (8, 0.2764141652392345)]",0.8892847199042556,0.6065945764995933,1.423246247745361
1475,"('idée', 'NOUN')",4,"[(1, 0.10658492258792587), (4, 0.8355816471307325)]",0.560799995976043,0.16441835286926754,7.839585814226492
1486,"('important', 'ADJ')",7,"[(3, 0.15641840586771497), (7, 0.2768613982945338), (8, 0.2729853217995811)]",0.910397326205678,0.7231386017054662,1.0141988458185252
1488,"('impossible', 'ADJ')",6,"[(6, 0.4408492436427207), (8, 0.1910059302121446)]",0.9771077951772273,0.5591507563572793,2.3080395627145323
1494,"('inconnu', 'ADJ')",8,"[(6, 0.18198365118028023), (8, 0.3347208294341479)]",0.9758515841558075,0.6652791705658521,1.8392906575028551
1495,"('indice', 'NOUN')",1,"[(1, 0.6543296317892083), (4, 0.15747249531260843)]",0.8203432611039633,0.34567036821079167,4.155199487315279
1498,"('individu', 'NOUN')",1,"[(1, 0.6608271083952028), (4, 0.12352564994534178)]",0.7676381677672306,0.33917289160479724,5.349715696194343
1502,"('indépendance', 'NOUN')",4,"[(1, 0.1431676955276382), (4, 0.7183090648545462)]",0.7443397208789237,0.28169093514545385,5.017256596938646
1503,"('indépendant', 'ADJ')",3,"[(3, 0.4445319967231371), (8, 0.22422833846911946)]",1.0035942122870045,0.5554680032768629,1.9824969482363517
1504,"('infanterie', 'NOUN')",4,"[(1, 0.10068511056902078), (4, 0.2296235668572034), (5, 0.1585557393301454), (8, 0.1868635123951509)]",0.8471804635099417,0.7703764331427966,1.2288304116409305
1507,"('infrastructure', 'NOUN')",4,"[(1, 0.16041444487813064), (4, 0.6808753385496672)]",0.8010848822301643,0.3191246614503328,4.244476481322732
1508,"('inférieur', 'ADJ')",8,"[(6, 0.22559234340186107), (8, 0.3434510074318321)]",1.0141606561101844,0.6565489925681679,1.5224408871892534
1509,"('ingénieur', 'NOUN')",1,"[(1, 0.7687641437937944), (8, 0.1280803267859993)]",0.6714018548892736,0.23123585620620557,6.002203172687638
1514,"('inscription', 'NOUN')",4,"[(1, 0.10538439721180874), (4, 0.8100437118619218)]",0.5883011066093653,0.1899562881380782,7.686562084080063
1516,"('insecte', 'NOUN')",1,"[(1, 0.4606130216390697), (4, 0.12460569397434805), (8, 0.19599328196643664)]",0.8519612634004263,0.5393869783609303,2.3501469898236027
1520,"('instance', 'NOUN')",4,"[(1, 0.12045366069852467), (4, 0.6117559221316917)]",0.8015169911853803,0.3882440778683083,5.078765714417051
1521,"('institut', 'NOUN')",1,"[(1, 0.8000859205130151), (4, 0.11478638193759905)]",0.6159213573587642,0.19991407948698492,6.970216388107461
1524,"('intention', 'NOUN')",4,"[(1, 0.16000856324734664), (4, 0.7032958269598037)]",0.7801583915637935,0.29670417304019625,4.395363677334102
1528,"('internet', 'NOUN')",8,"[(1, 0.10335814791451116), (3, 0.17475625085079224), (8, 0.3262899215270965)]",0.8236299306944709,0.6737100784729035,1.8671144519212906
1529,"('interprétation', 'NOUN')",4,"[(1, 0.16744014461456477), (4, 0.5448096335948268)]",0.9090570774016328,0.4551903664051732,3.2537575433235535
1535,"('interview', 'NOUN')",4,"[(1, 0.13405512896300514), (4, 0.7026339483185065)]",0.7463889048058204,0.29736605168149355,5.24138057046971
1536,"('intituler', 'VERB')",6,"[(6, 0.24926180136444787), (8, 0.20294512560165018)]",0.9665309635322422,0.7507381986355521,1.228222656865926
1537,"('introduction', 'NOUN')",4,"[(1, 0.17051605730865999), (4, 0.6880934890135421)]",0.8062654629697049,0.31190651098645794,4.035358897420366
1541,"('intéressant', 'ADJ')",8,"[(6, 0.15489615367313928), (8, 0.38810717405978495)]",0.9467176032189373,0.611892825940215,2.505595941902895
1544,"('intérieur', 'NOUN')",1,"[(1, 0.6712952458930113), (4, 0.17750960953646325)]",0.8286962531759644,0.32870475410698874,3.7817403105442398
1546,"('invasion', 'NOUN')",4,"[(1, 0.12489978663401853), (4, 0.8081460839918778)]",0.6231968609631908,0.19185391600812218,6.4703560011668255
1548,"('investissement', 'NOUN')",1,"[(1, 0.5080693029287174), (8, 0.2875211427304425)]",1.013372105430925,0.49193069707128256,1.7670676253712716
1549,"('investisseur', 'NOUN')",1,"[(1, 0.5437749532865319), (4, 0.1636478367541619), (8, 0.1078874731831495)]",0.789829850462566,0.4562250467134681,3.322836183306301
1553,"('islam', 'NOUN')",1,"[(1, 0.5137285918768087), (4, 0.21129491673740947), (8, 0.10362475401748755)]",0.8242647113365172,0.48627140812319125,2.4313343634066413
1554,"('isoler', 'VERB')",6,"[(1, 0.1045606819142107), (4, 0.10555013169724009), (6, 0.29077285732951313), (8, 0.18785363078412587)]",0.8271753170605758,0.7092271426704868,1.5478692432815315
1555,"('issu', 'ADJ')",6,"[(6, 0.4495717180230927), (8, 0.20190370366704888)]",0.9845719843585824,0.5504282819769073,2.2266640475524064
1556,"('issue', 'NOUN')",4,"[(1, 0.23298786453173306), (4, 0.5575010882466719)]",0.9596118489968339,0.4424989117533281,2.392833160504546
1558,"('italien', 'NOUN')",1,"[(1, 0.6145407619791164), (4, 0.12166928051779495), (8, 0.12725778701124393)]",0.7444344111412948,0.38545923802088355,4.829101435850196
1560,"('janvier', 'NOUN')",8,"[(1, 0.12503782072998887), (8, 0.2946975120420497)]",0.8945201948749654,0.7053024879579504,2.3568669888963436
1567,"('jeudi', 'NOUN')",8,"[(1, 0.21596147641940724), (8, 0.32059035420507126)]",1.0036760580889852,0.6794096457949288,1.4844793595616557
1569,"('jeune', 'NOUN')",1,"[(1, 0.6989575369667144), (4, 0.1195013183731709)]",0.7274274104392346,0.30104246303328563,5.848952517695708
1574,"('jour', 'NOUN')",1,"[(1, 0.7445974536517488), (8, 0.13254369953638898)]",0.7032278063161749,0.2554025463482512,5.617750645682895
1576,"('journaliste', 'NOUN')",1,"[(1, 0.6220021364170867), (4, 0.11107736780600429), (8, 0.1317168509425349)]",0.7340468675043635,0.3779978635829133,4.722266983807958
1582,"('juif', 'NOUN')",1,"[(1, 0.46047125299781827), (4, 0.17031996594764684), (8, 0.1659940920349386)]",0.8707983374395487,0.5395287470021817,2.7035659057104233
1583,"('juillet', 'NOUN')",8,"[(1, 0.12283879116059548), (8, 0.31183564497495997)]",0.8958473047678905,0.68816435502504,2.538576308254907
1584,"('juin', 'NOUN')",8,"[(1, 0.1249229677394063), (8, 0.3148975516603073)]",0.8998285666070431,0.6851024483396927,2.5207338358883264
1586,"('jusque', 'ADP')",0,"[(0, 0.22564401768430215), (7, 0.11776697958808786)]",0.848084250675145,0.7743559823156978,1.916021099237957
1590,"('kg', 'NOUN')",8,"[(1, 0.12176289872706425), (5, 0.15058087981216584), (8, 0.2973987857432868)]",0.8211555671457259,0.7026012142567132,1.975010280948426
1591,"('kilomètre', 'NOUN')",8,"[(1, 0.15144417213121092), (8, 0.38738431248260236)]",0.9424087047374643,0.6126156875173976,2.5579347625669833
1592,"('km', 'NOUN')",8,"[(1, 0.14675841134937093), (4, 0.100388113845544), (5, 0.10145510450797526), (6, 0.10464669625369132), (8, 0.32396787633009083)]",0.8362447057326218,0.6760321236699092,2.2074910279510838
1601,"('large', 'NOUN')",1,"[(1, 0.5988226885469501), (4, 0.1334781423586386), (8, 0.12751266841798667)]",0.7632247947532923,0.4011773114530499,4.486297741078764
1604,"('latin', 'NOUN')",1,"[(1, 0.5787934650136126), (4, 0.11600462493678665), (8, 0.16587101439512564)]",0.7867862177263525,0.4212065349863874,3.4894189748840247
1606,"('le', 'DET')",7,"[(0, 0.11952010660358733), (7, 0.25730076737893026), (8, 0.10188918852099768), (9, 0.12462731612325195)]",0.7901714769126086,0.7426992326210697,2.064561569507515
1610,"('lendemain', 'NOUN')",1,"[(1, 0.704227813687078), (4, 0.12027497919150355)]",0.7237701216008342,0.295772186312922,5.855148081678704
1611,"('lequel', 'PRON')",8,"[(0, 0.1513415642575242), (1, 0.12071734636517377), (4, 0.1205494223650871), (5, 0.10637687238903708), (8, 0.17595743512685663)]",0.8326749802414595,0.8240425648731433,1.1626510931752088
1616,"('libre', 'ADJ')",3,"[(3, 0.6366108284353089), (7, 0.13084315445738925)]",0.7986679390449856,0.3633891715646911,4.865450019722884
1622,"('lien', 'NOUN')",1,"[(1, 0.7276458623114296), (4, 0.10201262363479907)]",0.6697110313074821,0.2723541376885704,7.132900188082323
1624,"('lieu', 'NOUN')",1,"[(1, 0.37318938101291455), (4, 0.10013923947777964), (8, 0.2957770822093907)]",0.8725386698539322,0.6268106189870855,1.2617251418712727
1631,"('lit', 'NOUN')",1,"[(1, 0.7466138692181467), (4, 0.10064844015711603)]",0.6481552159299003,0.25338613078185335,7.418037160363877
1637,"('localité', 'NOUN')",4,"[(1, 0.15412344545135725), (4, 0.5986177554995015)]",0.858953214434222,0.40138224450049853,3.8840148800620384
1638,"('logement', 'NOUN')",1,"[(1, 0.6497583648153031), (8, 0.17866202795974975)]",0.8480864693520801,0.35024163518469686,3.636801687718922
1642,"('loin', 'ADV')",6,"[(0, 0.18570685905084214), (6, 0.2510797482858692), (8, 0.14867563694724462)]",0.8583699987319229,0.7489202517141308,1.3520219423727884
1644,"('long', 'NOUN')",8,"[(1, 0.10254367599124818), (5, 0.18404240200767832), (8, 0.22165217373788412)]",0.8000996324047003,0.7783478262621158,1.2043538408536785
1648,"('lors', 'ADV')",6,"[(0, 0.1640576800757557), (1, 0.114521523668661), (4, 0.11850485991423193), (6, 0.21324905980539946), (8, 0.1252893702773666)]",0.8619343238132388,0.7867509401946006,1.2998419806188228
1652,"('lui', 'PRON')",0,"[(0, 0.1990980732332291), (1, 0.11825304132256952), (4, 0.10137597487447152), (6, 0.11721665113166302), (8, 0.1565871168191996)]",0.8372208381124182,0.800901926766771,1.271484380564424
1653,"('lui-même', 'PRON')",8,"[(0, 0.11756267822808844), (1, 0.11601921205512285), (4, 0.10104310510470597), (6, 0.1237045410673401), (8, 0.24656064461947863)]",0.830687345350772,0.7534393553805214,1.9931414198065718
1655,"('lundi', 'NOUN')",1,"[(1, 0.42654215374622745), (4, 0.11767406911483709), (8, 0.2107655825875704)]",0.858719552489337,0.5734578462537725,2.0237751748153885
1659,"('là', 'ADV')",0,"[(0, 0.45001171067100665), (6, 0.10418067225421207), (8, 0.11478236979489473)]",0.7677098614402541,0.5499882893289934,3.9205647302380595
1662,"('léger', 'ADJ')",3,"[(3, 0.36563814436849024), (7, 0.25638365269545593), (8, 0.14332429811048122)]",0.9059243559571158,0.6343618556315098,1.4261367311230708
1666,"('madame', 'NOUN')",2,"[(2, 0.36077861639977465), (4, 0.13126286790559946), (8, 0.14323064507960548)]",0.8307632328444002,0.6392213836002254,2.518864703843645
1669,"('magnifique', 'ADJ')",7,"[(3, 0.1446811501128366), (7, 0.5094362771645701), (8, 0.1326732646374308)]",0.8112713397654693,0.4905637228354299,3.5210964024495346
1670,"('mai', 'NOUN')",8,"[(1, 0.1235534136971873), (8, 0.2956688675982112)]",0.8925049308383866,0.7043311324017888,2.3930449086809986
1679,"('majorité', 'NOUN')",4,"[(1, 0.11584434963325929), (4, 0.7907580401356387)]",0.6280691005832497,0.20924195986436134,6.826038927569838
1681,"('mal', 'NOUN')",1,"[(1, 0.7046149057987515), (8, 0.1277478925599665)]",0.7351321750994148,0.2953850942012485,5.51566755176017
1683,"('malgré', 'ADP')",0,"[(0, 0.29585782258002213), (7, 0.1401386542694053)]",0.9171326464643703,0.7041421774199779,2.1111792754286
1690,"('manque', 'NOUN')",1,"[(1, 0.629542606988512), (4, 0.13611325473799352), (8, 0.10808564154686355)]",0.7311468086960712,0.37045739301148795,4.625138148377454
1695,"('mardi', 'NOUN')",8,"[(1, 0.2294502580230856), (8, 0.361485727173371)]",1.0179514396722082,0.638514272826629,1.575442670179961
1696,"('mari', 'NOUN')",1,"[(1, 0.329263598441061), (4, 0.18511390673765976), (6, 0.10828153499129861), (8, 0.17458635951487841)]",0.882531824515115,0.670736401558939,1.7787080627480232
1705,"('mars', 'NOUN')",8,"[(1, 0.12708652035534948), (8, 0.30076784058268724)]",0.8995385783434061,0.6992321594173128,2.366638410916465
1712,"('matin', 'NOUN')",1,"[(1, 0.560649268679078), (4, 0.10061437132830486), (8, 0.17047465847498897)]",0.7801482770869576,0.43935073132092195,3.288754315124985
1717,"('maître', 'NOUN')",1,"[(1, 0.6666267481253161), (8, 0.16354490649895834)]",0.8172279918835029,0.3333732518746839,4.076108283626443
1719,"('membre', 'NOUN')",1,"[(1, 0.4543344504695842), (6, 0.10653005001846672), (8, 0.26095882718057656)]",0.8625064684614514,0.5456655495304158,1.7410196672718676
1723,"('mention', 'NOUN')",4,"[(1, 0.14503998493229842), (4, 0.5934855462149639)]",0.8507311939020733,0.40651445378503615,4.091875398994217
1727,"('merci', 'INTJ')",6,"[(1, 0.10921731820022922), (4, 0.10794294488054386), (6, 0.27157006808723266), (8, 0.13387936446392681)]",0.7973471763016962,0.7284299319127674,2.0284684587101247
1728,"('mercredi', 'NOUN')",1,"[(1, 0.31789264380596327), (4, 0.10837215282847253), (8, 0.2488620242075055)]",0.8658855064674319,0.6821073561940367,1.2773851085487389
1737,"('militaire', 'NOUN')",1,"[(1, 0.6877291332936627), (4, 0.10520029136923635)]",0.7132075907492577,0.3122708667063373,6.5373310695484905
1738,"('militant', 'NOUN')",1,"[(1, 0.6053812232942922), (4, 0.1148501439270904), (8, 0.13884529087279507)]",0.7523352148160442,0.3946187767057078,4.360113472259712
1739,"('milliard', 'NOUN')",8,"[(1, 0.1661325921376425), (4, 0.10982561841142216), (6, 0.12276381358613322), (8, 0.2918509129831028)]",0.8351088070931182,0.7081490870168972,1.7567348418984603
1740,"('millier', 'NOUN')",1,"[(1, 0.3564332718299162), (4, 0.1666514062408222), (8, 0.20534910251837368)]",0.9024026293203866,0.6435667281700839,1.7357430222906585
1741,"('million', 'NOUN')",8,"[(1, 0.16472932897355153), (4, 0.10524642297715353), (6, 0.12692341567180407), (8, 0.31584725513503165)]",0.8367941912304836,0.6841527448649684,1.9173711026634679
1742,"('mine', 'NOUN')",4,"[(1, 0.11152154573617046), (4, 0.6369966261652511)]",0.7673787021731062,0.3630033738347489,5.711870490678199
1745,"('minute', 'NOUN')",4,"[(1, 0.1261076260128827), (4, 0.30591432881782404), (8, 0.21951032868735146)]",0.8704772498149638,0.6940856711821759,1.3936215696416627
1746,"('mise', 'NOUN')",4,"[(1, 0.11274811970530708), (4, 0.7809777258135033)]",0.6335571897035478,0.21902227418649667,6.926747229619143
1748,"('mixte', 'ADJ')",3,"[(3, 0.6446557261190512), (8, 0.1018793728126831)]",0.7440236835094987,0.3553442738809488,6.327637364869968
1749,"('mm', 'NOUN')",8,"[(1, 0.13384199598331856), (5, 0.11382467687071678), (6, 0.1014821122874846), (8, 0.31268939004190893)]",0.8022932296032939,0.687310609958091,2.3362576726730904
1754,"('modification', 'NOUN')",4,"[(1, 0.1292872676759054), (4, 0.7233678530180208)]",0.7195281600893104,0.27663214698197924,5.595043239921692
1757,"('moi', 'PRON')",0,"[(0, 0.21264927084355992), (1, 0.10855236078677698), (4, 0.1065809070101206), (6, 0.11286280076033336), (8, 0.13016336239018952)]",0.8204631247887443,0.7873507291564401,1.6337106459043609
1758,"('moine', 'NOUN')",1,"[(1, 0.7318441163939621), (4, 0.11422907762795917)]",0.6871533243578074,0.2681558836060379,6.406811046636982
1760,"('moins', 'PRON')",8,"[(1, 0.17890641306026941), (4, 0.16679584279991255), (6, 0.16447965888681237), (8, 0.18637025014968828)]",0.8775869402319776,0.8136297498503118,1.0417192260564996
1768,"('monsieur', 'NOUN')",8,"[(1, 0.19223790493231804), (2, 0.15097414480232052), (6, 0.11332425527151857), (8, 0.3189557228057315)]",0.8754841038145609,0.6810442771942685,1.659171862687681
1769,"('mont', 'NOUN')",1,"[(1, 0.7152833808158424), (4, 0.11551473262194402)]",0.7054731012730189,0.2847166191841576,6.192139864590414
1770,"('montagne', 'NOUN')",4,"[(1, 0.11329950560718742), (4, 0.7387668423324443)]",0.6786628504388696,0.2612331576675557,6.5204771933760215
1775,"('morceau', 'NOUN')",1,"[(1, 0.6091425586075341), (4, 0.1377062217267826), (8, 0.10460720460113279)]",0.7383222243296992,0.3908574413924659,4.4234933684849
1776,"('mort', 'ADJ')",8,"[(3, 0.1346171322699136), (6, 0.13666181570718455), (8, 0.3812672752766273)]",0.8279352726854055,0.6187327247233727,2.7898595763833645
1781,"('mourir', 'VERB')",6,"[(6, 0.52634033067954), (8, 0.1508355667558498)]",0.8989783711631302,0.47365966932046,3.489497483915723
1783,"('moyen', 'ADJ')",7,"[(3, 0.32699082938512236), (7, 0.5038044677340985)]",1.0256258427154488,0.4961955322659015,1.5407296549614518
1786,"('multiple', 'ADJ')",7,"[(7, 0.2402549539771324), (8, 0.14023968341566284), (9, 0.11398460106520521)]",0.7879424678846304,0.7597450460228676,1.7131738187473633
1789,"('municipalité', 'NOUN')",4,"[(1, 0.10566904606907805), (4, 0.8106175997136913)]",0.5881601195470468,0.1893824002863087,7.671287192124113
1792,"('musicien', 'NOUN')",1,"[(1, 0.49736954860490584), (8, 0.27830073468940336)]",1.0146982075363715,0.5026304513950941,1.7871657764755582
1796,"('mère', 'NOUN')",4,"[(1, 0.125906148907934), (4, 0.6680304978987011)]",0.7652096100019354,0.33196950210129894,5.305781359313778
1797,"('mètre', 'NOUN')",8,"[(1, 0.13309093119080617), (5, 0.11389024375053082), (8, 0.359419891960572)]",0.8043035487523823,0.640580108039428,2.7005588490870855
1799,"('médaille', 'NOUN')",4,"[(1, 0.13410265360579443), (4, 0.7368616903133935)]",0.7133214609842605,0.26313830968660645,5.494758459287897
1801,"('médecine', 'NOUN')",4,"[(1, 0.10507214795839148), (4, 0.43782729550226224), (8, 0.15906512720961016)]",0.8108282390666408,0.5621727044977378,2.7525033499348326
1802,"('média', 'NOUN')",1,"[(1, 0.5812866924163419), (4, 0.14938543332091941), (8, 0.11883527579751177)]",0.7759708322613783,0.4187133075836581,3.8911872429193575
1805,"('mélange', 'NOUN')",1,"[(1, 0.7297719731511032), (4, 0.10570769021076255)]",0.6743567195472352,0.2702280268488968,6.9036791145097025
1807,"('ménage', 'NOUN')",1,"[(1, 0.631178510279272), (4, 0.13300098445023034), (8, 0.10452218481382482)]",0.7234686572059082,0.36882148972072804,4.74566795793502
1809,"('métal', 'NOUN')",1,"[(1, 0.48575257624670076), (4, 0.10051688958909112), (8, 0.27072678685560725)]",0.8514512570732542,0.5142474237532992,1.7942538375627308
1812,"('métrage', 'NOUN')",1,"[(1, 0.41871117082989134), (4, 0.12531693022014936), (8, 0.1924912599692617)]",0.857408621358518,0.5812888291701086,2.175221726413729
1813,"('métro', 'NOUN')",1,"[(1, 0.6618791573390994), (4, 0.12030500963372538)]",0.7616161833316679,0.3381208426609006,5.501675776879313
1816,"('naissance', 'NOUN')",4,"[(4, 0.6345707149025196), (8, 0.10670662051685267)]",0.760850445842261,0.3654292850974804,5.946872947797075
1818,"('nation', 'NOUN')",4,"[(1, 0.1928930420543756), (4, 0.49595479822113686)]",0.9597196965478196,0.5040452017788631,2.5711388702207807
1826,"('naître', 'VERB')",6,"[(1, 0.10493068442117852), (6, 0.3691324078654447), (8, 0.16112596016626796)]",0.8179276633087814,0.6308675921345552,2.2909555200448906
1828,"('net', 'ADJ')",7,"[(3, 0.1821444266612045), (7, 0.6356299660996649)]",0.8630380088521293,0.36437003390033507,3.489703076569895
1830,"('ni', 'CCONJ')",0,"[(0, 0.3182028649794248), (7, 0.17105107375985965)]",0.9614179431269094,0.6817971350205752,1.860279844990351
1832,"('noblesse', 'NOUN')",4,"[(1, 0.1175731840579706), (4, 0.7222756278435457)]",0.702130109081109,0.2777243721564543,6.143200370310807
1834,"('noir', 'NOUN')",8,"[(1, 0.3214312682353264), (4, 0.10124832636879615), (8, 0.3727433413451558)]",0.8779617537958754,0.6272566586548443,1.1596362214277882
1837,"('nombreux', 'ADJ')",9,"[(7, 0.25801061791074664), (9, 0.28308104198961265)]",1.0196904700332303,0.7169189580103874,1.0971681874252888
1840,"('nord', 'NOUN')",1,"[(1, 0.726171125515614), (4, 0.10739430443206481)]",0.6809174523473671,0.273828874484386,6.761728467406512
1841,"('nord-est', 'NOUN')",1,"[(1, 0.7452220313159796), (4, 0.10989874523084762)]",0.6662765135433457,0.25477796868402036,6.780987624113494
1842,"('nord-ouest', 'NOUN')",1,"[(1, 0.6220526540247339), (4, 0.1382387931609245)]",0.8206778545943544,0.37794734597526614,4.499841468527573
1843,"('normal', 'ADJ')",3,"[(3, 0.6015510262435528), (8, 0.12541107348307948)]",0.816721054560637,0.39844897375644717,4.7966340573961705
1848,"('notion', 'NOUN')",4,"[(1, 0.14765469721130497), (4, 0.6843188130628203)]",0.7819827534224036,0.3156811869371797,4.6345888480845865
1851,"('nous', 'PRON')",0,"[(0, 0.20818789432876922), (1, 0.10418546366257991), (6, 0.11407820658279802), (8, 0.11610450915032709)]",0.7646204879711854,0.7918121056712308,1.793107742776954
1854,"('novembre', 'NOUN')",8,"[(1, 0.12215055519282504), (8, 0.31726956154108665)]",0.8959831992076913,0.6827304384589133,2.5973648751759635
1855,"('nuage', 'NOUN')",1,"[(1, 0.7177892977013702), (4, 0.10446607972214476)]",0.683811033136353,0.28221070229862977,6.871027414932399
1858,"('nul', 'ADJ')",3,"[(3, 0.3501449707423853), (7, 0.10589137063193449), (8, 0.2602351482291083)]",0.8697589611157396,0.6498550292576146,1.3454945387858266
1860,"('numéro', 'NOUN')",8,"[(1, 0.33682410580212513), (8, 0.39884758413590793)]",1.0576991929637551,0.6011524158640921,1.1841420410991008
1861,"('n°', 'NOUN')",1,"[(1, 0.3960254855563356), (4, 0.17865110921412553), (8, 0.1814817125950441)]",0.8958942304954673,0.6039745144436643,2.1821784679761187
1863,"('nécessaire', 'ADJ')",6,"[(6, 0.43745709436124575), (8, 0.20892245731568626)]",0.9937405293492392,0.5625429056387543,2.093873009066894
1868,"('négociation', 'NOUN')",4,"[(1, 0.1979677972838955), (4, 0.5140162743399331)]",0.9560981439065276,0.48598372566006687,2.5964640784622595
1874,"('observation', 'NOUN')",4,"[(1, 0.11581132365923218), (4, 0.6476068690030657), (8, 0.10109174428429839)]",0.6942454564805394,0.35239313099693426,5.591913195885835
1877,"('occasion', 'NOUN')",4,"[(1, 0.13647767084173987), (4, 0.7624235019775157)]",0.690499649295867,0.23757649802248426,5.586434009865434
1878,"('occidental', 'ADJ')",3,"[(3, 0.3729165516582545), (7, 0.12433259153074001), (8, 0.13370126952166825)]",0.8156469299949501,0.6270834483417456,2.7891773428360596
1881,"('octobre', 'NOUN')",8,"[(1, 0.12535706639737335), (8, 0.31385884350019516)]",0.9002683808554077,0.6861411564998048,2.5037187971939616
1882,"('océan', 'NOUN')",1,"[(1, 0.6797839896063089), (4, 0.15125790500501912)]",0.7907041982101989,0.3202160103936911,4.494204713358631
1883,"('office', 'NOUN')",1,"[(1, 0.6686951852648566), (4, 0.10763376011796885), (8, 0.13977248075352106)]",0.7136773192789886,0.3313048147351434,4.784169112974775
1886,"('officier', 'NOUN')",1,"[(1, 0.6931935619893186), (8, 0.1499562338014864)]",0.7769587136355485,0.3068064380106814,4.62263918222283
1889,"('oiseau', 'NOUN')",1,"[(1, 0.6695188686559278), (8, 0.16792504619909626)]",0.8197774372700836,0.3304811313440722,3.9870101798997215
1890,"('olympique', 'ADJ')",3,"[(3, 0.45112111171563646), (8, 0.10318012010710036)]",0.8561702872800948,0.5488788882843636,4.3721708333676625
1891,"('on', 'PRON')",0,"[(0, 0.18772066630556875), (1, 0.12246899024310264), (6, 0.11700385826319593), (8, 0.1540468665064078)]",0.8009650598773839,0.8122793336944313,1.2185945132338036
1892,"('oncle', 'NOUN')",1,"[(1, 0.384561876169222), (4, 0.17810124975936723), (8, 0.16125741350407796)]",0.8820748115281275,0.615438123830778,2.1592317666990204
1893,"('opinion', 'NOUN')",4,"[(1, 0.10236102151900714), (4, 0.8353483441047551)]",0.5534046184890168,0.16465165589524489,8.160805077054077
1894,"('opportunité', 'NOUN')",4,"[(1, 0.2304042836338471), (4, 0.5670515125272473)]",0.9520434475161693,0.4329484874727527,2.461115321225502
1898,"('opérateur', 'NOUN')",1,"[(1, 0.757673739601045), (4, 0.10244924634019834)]",0.6400882945728266,0.242326260398955,7.395600911353451
1902,"('or', 'NOUN')",8,"[(1, 0.11335190339081472), (5, 0.19185925287648903), (8, 0.3089187156092454)]",0.8432769482359367,0.6910812843907546,1.6101319638105458
1903,"('orchestre', 'NOUN')",1,"[(1, 0.4743034646771959), (4, 0.1483711242732946), (8, 0.201778280873751)]",0.8736912986848254,0.525696535322804,2.350617036795744
1909,"('organisme', 'NOUN')",1,"[(1, 0.7102389992699317), (4, 0.11185182083996884)]",0.7040803815721585,0.2897610007300683,6.349820628187188
1913,"('originaire', 'ADJ')",8,"[(6, 0.2325017158523225), (8, 0.26028322966991624)]",0.9947731557393787,0.7397167703300838,1.119489500177451
1917,"('otage', 'NOUN')",1,"[(1, 0.6752225173410376), (4, 0.10587658216822451), (8, 0.12540598980097473)]",0.694767670912572,0.32477748265896245,5.384292396341258
1918,"('ou', 'CCONJ')",0,"[(0, 0.30462979676133756), (7, 0.14194780313191127)]",0.9222063933408875,0.6953702032386624,2.146069118648119
1920,"('ouest', 'NOUN')",1,"[(1, 0.5157499842624949), (4, 0.17204841052963757), (8, 0.15568643396531687)]",0.8500358078742017,0.48425001573750515,2.997702697018815
1922,"('outre', 'ADP')",0,"[(0, 0.20770466072893104), (7, 0.1267807137828938), (9, 0.1436103758248862)]",0.7891537231519019,0.792295339271069,1.4463067834471746
1923,"('ouvert', 'ADJ')",8,"[(3, 0.10657780546809405), (6, 0.1689849216994331), (8, 0.41442556342363657)]",0.8229587868762733,0.5855744365763634,2.452441077321438
1926,"('ouvrier', 'NOUN')",1,"[(1, 0.4222644227344577), (4, 0.15038187422784038), (8, 0.1881880510166457)]",0.876821850538149,0.5777355772655424,2.243842903166617
1929,"('page', 'NOUN')",4,"[(1, 0.10317927893468781), (4, 0.7480065593673993)]",0.6514181370996187,0.25199344063260065,7.2495811861690305
1930,"('pain', 'NOUN')",1,"[(1, 0.7411736241286792), (8, 0.11840799324852035)]",0.6847523321561045,0.25882637587132085,6.2594897843853206
1934,"('papier', 'NOUN')",1,"[(1, 0.7396980034910733), (8, 0.11296099563436972)]",0.6771494724480531,0.2603019965089267,6.5482603029218645
1935,"('papillon', 'NOUN')",1,"[(1, 0.6891809474689486), (4, 0.1181050990253282)]",0.7341043799367759,0.31081905253105135,5.835319161970733
1936,"('par', 'ADP')",0,"[(0, 0.3118012107029989), (7, 0.13283504237563462)]",0.9110863358791405,0.6881987892970012,2.3472812981176965
1937,"('parallèle', 'NOUN')",1,"[(1, 0.4720738294061898), (4, 0.23619050027264604), (8, 0.11983338803298903)]",0.864220530126564,0.5279261705938102,1.998699477164629
1942,"('parent', 'NOUN')",1,"[(1, 0.3847185249496655), (4, 0.16515474174540143), (8, 0.1825348620013424)]",0.8878293965033536,0.6152814750503345,2.1076441000450434
1943,"('parfait', 'ADJ')",8,"[(3, 0.10406795772704754), (6, 0.17915298540127778), (7, 0.16188122349002146), (8, 0.26598517649747444)]",0.858799117372729,0.7340148235025256,1.4846817980828209
1951,"('parmi', 'ADP')",0,"[(0, 0.24682480491138553), (7, 0.10011951152724431), (9, 0.17865066021650605)]",0.8041372215724418,0.7531751950886145,1.3816058928204322
1953,"('parole', 'NOUN')",4,"[(1, 0.12859913532975867), (4, 0.7572766497886033)]",0.6842803627666518,0.24272335021139668,5.888660509627584
1957,"('partenariat', 'NOUN')",1,"[(1, 0.5665149543616539), (8, 0.24595362453383443)]",0.962134357133401,0.4334850456383461,2.303340540052589
1961,"('particularité', 'NOUN')",4,"[(1, 0.11998828985391187), (4, 0.7748990621469312)]",0.6521489439273986,0.22510093785306884,6.45812239753051
1967,"('partisan', 'NOUN')",1,"[(1, 0.507898507258334), (4, 0.15973775305144355), (8, 0.13785387279012584)]",0.8285436106760378,0.49210149274166604,3.1795771353736595
1972,"('passe', 'NOUN')",4,"[(1, 0.14505576071323295), (4, 0.4903432072140329), (8, 0.18111814045538305)]",0.8546713677604105,0.5096567927859671,2.707311404485322
1974,"('passé', 'NOUN')",1,"[(1, 0.7630712489879297), (4, 0.10170709725804745)]",0.6330619133831953,0.23692875101207034,7.502635209929291
1975,"('patient', 'NOUN')",1,"[(1, 0.5920989800151845), (4, 0.16431839078712554), (8, 0.11089350023927376)]",0.7745536044485852,0.40790101998481554,3.6033640372138787
1978,"('pauvre', 'ADJ')",8,"[(1, 0.14559633692795768), (4, 0.100326231202158), (6, 0.2405535570553214), (8, 0.295855368010283)]",0.8759297184862646,0.704144631989717,1.2298939647034344
1986,"('pendant', 'ADP')",0,"[(0, 0.32112687538136786), (7, 0.13847383778672417)]",0.9212287633468168,0.6788731246186321,2.3190436584560024
1991,"('performance', 'NOUN')",4,"[(1, 0.12128448630782147), (4, 0.7340314003375313)]",0.6965747074358173,0.26596859966246866,6.052145848847897
1996,"('personne', 'NOUN')",4,"[(1, 0.1091451103584983), (4, 0.6884311900048689)]",0.7195927126822605,0.31156880999513115,6.307485399425096
1997,"('personne', 'PRON')",8,"[(0, 0.16299924682694014), (1, 0.11923386618943892), (4, 0.10608663405624913), (6, 0.104736184035617), (8, 0.16916742267539833)]",0.8227491464085328,0.8308325773246017,1.03784174447755
2005,"('peu', 'PRON')",6,"[(0, 0.12234425363255877), (1, 0.130903684103689), (4, 0.12401987089677857), (6, 0.21201476038236916), (8, 0.14271136828802095)]",0.8628939097848662,0.7879852396176308,1.4856192812508089
2008,"('peur', 'NOUN')",4,"[(1, 0.10086055487336722), (4, 0.7324201753068291)]",0.6628492362794186,0.2675798246931709,7.261710747342207
2014,"('photographe', 'NOUN')",1,"[(1, 0.722070451572701), (4, 0.10345345348278913)]",0.67781798292014,0.277929548427299,6.97966503063938
2017,"('physique', 'NOUN')",4,"[(1, 0.1099808735678332), (4, 0.2715095060531492), (5, 0.11587022540751173), (8, 0.20856089192704427)]",0.846441747381084,0.7284904939468508,1.3018236714682094
2019,"('piano', 'NOUN')",8,"[(1, 0.2526336300252389), (8, 0.4625601120320813)]",1.0159474983281471,0.5374398879679188,1.8309522449005307
2020,"('pied', 'NOUN')",1,"[(1, 0.6194757210861264), (8, 0.26610160762294044)]",0.9362246024083629,0.38052427891387364,2.3279668492792744
2022,"('pilier', 'NOUN')",1,"[(1, 0.6940570035965563), (8, 0.13239894876589872)]",0.7518931026658846,0.3059429964034437,5.242164005574951
2026,"('pizza', 'NOUN')",4,"[(1, 0.16280697419026707), (4, 0.6571863659543061)]",0.8243621530699171,0.34281363404569387,4.0365983657817655
2032,"('plainte', 'NOUN')",4,"[(1, 0.1361995434996008), (4, 0.6569584344369304)]",0.7899375633814929,0.34304156556306964,4.823499532792897
2033,"('plaisir', 'NOUN')",1,"[(1, 0.4169585860916405), (4, 0.10053451507330857), (8, 0.3119240088359119)]",0.8729973743111806,0.5830414139083595,1.3367313008309731
2035,"('plante', 'NOUN')",4,"[(1, 0.10389687415057217), (4, 0.7234561198198592)]",0.6772781424794171,0.27654388018014076,6.96321353009517
2036,"('plaque', 'NOUN')",4,"[(1, 0.10181196941339934), (4, 0.7975514957189686)]",0.5958556478438609,0.20244850428103145,7.833573010267335
2038,"('plat', 'NOUN')",1,"[(1, 0.7022460698854913), (4, 0.10945630777859926)]",0.707449197635427,0.2977539301145087,6.415766109212698
2042,"('plupart', 'NOUN')",4,"[(1, 0.18580690748705797), (4, 0.6355957947991401)]",0.8667265026971517,0.3644042052008599,3.4207328639997483
2043,"('plus', 'ADV')",0,"[(0, 0.47377634428452975), (7, 0.10023497830916317)]",0.8432331459386582,0.5262236557154703,4.7266568245590035
2044,"('plus', 'PRON')",6,"[(1, 0.12927411034707062), (4, 0.1272121448124329), (6, 0.19818781971869703), (8, 0.17339247291862048)]",0.8305328603097959,0.801812180281303,1.1430012870957433
2046,"('plusieurs', 'PRON')",6,"[(0, 0.11305649093298555), (1, 0.12667164478646079), (4, 0.11939025852151933), (6, 0.1780274401991664), (8, 0.1564880049433536)]",0.8446500214359621,0.8219725598008336,1.137642723885513
2051,"('poisson', 'NOUN')",1,"[(1, 0.7134694508025757), (8, 0.1368645921700286)]",0.7402031490980012,0.28653054919742427,5.212958585491736
2054,"('policier', 'NOUN')",1,"[(1, 0.5466405381493354), (4, 0.14479805591149875), (8, 0.1115494595316565)]",0.7779096406203653,0.45335946185066456,3.7751925238792206
2064,"('porte-parole', 'NOUN')",1,"[(1, 0.7325498530947916), (4, 0.13821762559737483)]",0.7235251811993562,0.2674501469052084,5.299974224913215
2069,"('positif', 'ADJ')",3,"[(3, 0.45065041365752684), (8, 0.19834845083879815)]",0.9811353016192309,0.5493495863424731,2.272013780555209
2072,"('possibilité', 'NOUN')",4,"[(1, 0.1359848560857409), (4, 0.73749899417453)]",0.7154037044138017,0.26250100582547,5.423390628950062
2073,"('possible', 'ADJ')",6,"[(6, 0.4744312125397115), (8, 0.20249781756031265)]",0.9769188665386862,0.5255687874602886,2.3428954358898473
2076,"('potentiel', 'NOUN')",1,"[(1, 0.7481847804498437), (4, 0.10849205446889941)]",0.6607856662092253,0.2518152195501563,6.896217277038662
2086,"('poème', 'NOUN')",1,"[(1, 0.5795159168165162), (4, 0.1378036555785747), (8, 0.11075516852322172)]",0.7582182291038262,0.42048408318348385,4.205374047469155
2093,"('première', 'NOUN')",4,"[(1, 0.14021804033789964), (4, 0.6164670647202365)]",0.8276488387522448,0.3835329352797635,4.396488948459588
2096,"('presse', 'NOUN')",4,"[(1, 0.11395846262783747), (4, 0.5355211828912558), (8, 0.11319525032995334)]",0.7541892255800459,0.46447881710874417,4.699266474313072
2099,"('preuve', 'NOUN')",4,"[(1, 0.1195653039525238), (4, 0.6228663993261138)]",0.7917846313976222,0.37713360067388624,5.209424295642132
2102,"('princesse', 'NOUN')",4,"[(1, 0.13808359994657152), (4, 0.6582263528165319)]",0.7915572002062262,0.34177364718346814,4.766868426599672
2107,"('priorité', 'NOUN')",4,"[(1, 0.12326184314586155), (4, 0.6908883106465058)]",0.7408476944042197,0.3091116893534942,5.605046079255403
2109,"('prison', 'NOUN')",4,"[(1, 0.10932218501451461), (4, 0.5352941823988641), (8, 0.125318968434387)]",0.761670018082979,0.46470581760113594,4.271453787772973
2110,"('prisonnier', 'NOUN')",1,"[(1, 0.4705993155843281), (8, 0.26803811175526376)]",1.0208789815594392,0.5294006844156719,1.7557179182564004
2115,"('probable', 'ADJ')",6,"[(1, 0.11269786598924862), (6, 0.32341604482623093), (8, 0.2054095551142251)]",0.8521782232314687,0.6765839551737691,1.5744936726355512
2119,"('prochain', 'ADJ')",3,"[(3, 0.4435021868601829), (7, 0.40263966320671274)]",1.0486621608071631,0.556497813139817,1.1014865831349843
2120,"('proche', 'ADJ')",8,"[(4, 0.10753839453595396), (6, 0.23023787125704342), (8, 0.3095579485747696)]",0.856469998088186,0.6904420514252304,1.34451359754439
2126,"('producteur', 'NOUN')",1,"[(1, 0.7580169635997499), (8, 0.135783620433812)]",0.6941186617478956,0.2419830364002501,5.582536105444668
2130,"('professeur', 'NOUN')",1,"[(1, 0.5886507895740045), (8, 0.20310533000912478)]",0.9171143143528792,0.4113492104259955,2.8982537757505358
2131,"('professionnalisme', 'NOUN')",1,"[(1, 0.720558704716461), (4, 0.11110239095796669)]",0.6928877168571618,0.279441295283539,6.485537336357321
2133,"('professionnel', 'NOUN')",1,"[(1, 0.4496018668312981), (4, 0.10367425526270412), (8, 0.30013860469192133)]",0.8698304662628754,0.5503981331687019,1.4979807988805507
2136,"('profond', 'ADJ')",3,"[(3, 0.364333079460104), (7, 0.3391874473867531), (8, 0.10345386345075462)]",0.8822867431965976,0.6356669205398959,1.0741349135030902
2140,"('progrès', 'NOUN')",1,"[(1, 0.7617167434770533), (4, 0.10827764022860799)]",0.6463732315001737,0.23828325652294668,7.034848024659855
2147,"('proportion', 'NOUN')",4,"[(1, 0.12310519239448856), (4, 0.7088182823032788)]",0.7239653635788796,0.2911817176967212,5.75782603898528
2148,"('propos', 'NOUN')",1,"[(1, 0.4149093073277888), (4, 0.14220679776463344), (8, 0.2734404021357493)]",0.9074417791500021,0.5850906926722113,1.5173665050485383
2152,"('propriétaire', 'NOUN')",1,"[(1, 0.6616569132901893), (8, 0.13820189120712906)]",0.7888320360068657,0.3383430867098107,4.787611135498398
2160,"('provenir', 'VERB')",6,"[(6, 0.5460207450611163), (8, 0.10430264620710271)]",0.8168078203145898,0.4539792549388837,5.23496540995653
2163,"('proximité', 'NOUN')",4,"[(1, 0.14086469629182788), (4, 0.6234166659398912)]",0.8233142506493504,0.3765833340601088,4.425641643015831
2164,"('près', 'ADV')",6,"[(0, 0.15375145718413788), (1, 0.10365908565297748), (2, 0.1353973819193224), (4, 0.1005599834436271), (6, 0.18065661682480724), (8, 0.14338430414058692)]",0.8997755420397691,0.8193433831751927,1.174991249731356
2165,"('près', 'PRON')",6,"[(1, 0.13020521585068526), (2, 0.10552376206176062), (4, 0.12305047367044136), (5, 0.1075989911806449), (6, 0.18225659756779494), (8, 0.1735007850952329)]",0.9011217936283384,0.817743402432205,1.0504655495809778
2166,"('précieux', 'ADJ')",7,"[(3, 0.11851742801524395), (7, 0.5523875571851551), (8, 0.10417045962734195)]",0.7429478644099157,0.4476124428148449,4.66081289845495
2167,"('précipitation', 'NOUN')",4,"[(1, 0.19915163912117279), (4, 0.4327507825938372)]",0.9865695518162908,0.5672492174061627,2.1729712318889436
2176,"('présent', 'ADJ')",6,"[(6, 0.5495985357250582), (8, 0.15462538855850413)]",0.8910352798862874,0.45040146427494177,3.5543874188365376
2177,"('présentation', 'NOUN')",4,"[(1, 0.1055849318065616), (4, 0.7822370141328345)]",0.6196312857823132,0.21776298586716547,7.408604625193519
2182,"('présidente', 'NOUN')",4,"[(1, 0.16726814130229528), (4, 0.5302522558096914), (6, 0.11210236814977727)]",0.8017509540715051,0.4697477441903086,3.1700732230376927
2188,"('prêt', 'ADJ')",6,"[(6, 0.41272585568134756), (8, 0.19439984075543354)]",0.9862929624990862,0.5872741443186524,2.123077128445702
2202,"('pèlerin', 'NOUN')",1,"[(1, 0.5104750142164595), (4, 0.13522124352341), (8, 0.14809690827194102)]",0.816170905047104,0.48952498578354053,3.4468985218726265
2203,"('père', 'NOUN')",1,"[(1, 0.5784058003016591), (4, 0.1441844221552043), (8, 0.12261027052585019)]",0.7766429585104705,0.4215941996983409,4.011569291993599
2205,"('pétrole', 'NOUN')",1,"[(1, 0.45461392604350537), (4, 0.11125645897288046), (8, 0.24734732432800288)]",0.8631069992586767,0.5453860739564946,1.8379577271701146
2213,"('quart', 'NOUN')",1,"[(1, 0.6868207683632506), (4, 0.13377555091479237)]",0.7604848798770716,0.31317923163674943,5.134127751047106
2218,"('que', 'PRON')",0,"[(0, 0.32745643377537953), (6, 0.1117018616539903)]",0.8806415466768792,0.6725435662246204,2.931521721542247
2220,"('quel', 'ADJ')",6,"[(1, 0.10679717576256097), (4, 0.10411501792538039), (6, 0.39044078393236276), (8, 0.15497003005927731)]",0.8155325803870378,0.6095592160676373,2.519459948372056
2221,"('quel', 'DET')",7,"[(0, 0.11028374833926452), (7, 0.34124083513645675), (8, 0.10035499840332245)]",0.7652868573038198,0.6587591648635432,3.0942078073616233
2222,"(""quelqu'un"", 'PRON')",8,"[(1, 0.14394528661078312), (4, 0.10105457403288859), (6, 0.1752557568425643), (8, 0.30921217185805555)]",0.8503095092006062,0.6907878281419444,1.7643481585362524
2226,"('qui', 'PRON')",0,"[(0, 0.29223470895389025), (8, 0.10323925799412739)]",0.8568635690408984,0.7077652910461097,2.830654875207584
2228,"('quoi', 'PRON')",0,"[(0, 0.18515217034619716), (1, 0.11111456220512335), (2, 0.11260172235115518), (4, 0.11418632385005288), (5, 0.11831915482637005), (6, 0.10760530045022636), (8, 0.13174161835489523)]",0.9299239471142988,0.8148478296538029,1.4054189758578848
2236,"('raisonnable', 'ADJ')",8,"[(1, 0.10589892550295793), (6, 0.2643932249850325), (8, 0.3218289418720028)]",0.8687027188184059,0.6781710581279972,1.2172359631765215
2239,"('rapide', 'ADJ')",3,"[(3, 0.33913622309635566), (7, 0.12843091953514826), (8, 0.23689191794441092)]",0.8842731257896502,0.6608637769036443,1.4316074015489941
2242,"('rapport', 'NOUN')",1,"[(1, 0.74952048448249), (8, 0.10654974890030525)]",0.6559690859203031,0.25047951551751,7.034465047719533
2245,"('rare', 'ADJ')",8,"[(1, 0.10690417243759053), (6, 0.2219142918383765), (7, 0.10306174615815356), (8, 0.2959106150794681)]",0.8422689865363719,0.7040893849205319,1.3334455055962968
2249,"('recensement', 'NOUN')",1,"[(1, 0.6754277998008825), (4, 0.1293505749755997)]",0.7640447908726857,0.3245722001991175,5.221683783997815
2250,"('recette', 'NOUN')",4,"[(1, 0.16392965856010278), (4, 0.5997238169511371)]",0.8700422618853442,0.4002761830488629,3.658421680487157
2260,"('recours', 'NOUN')",1,"[(1, 0.339013164224901), (4, 0.10733168620033548), (6, 0.10667751614296264), (8, 0.33320831183952415)]",0.8736906681440684,0.660986835775099,1.0174210911886632
2269,"('reine', 'NOUN')",4,"[(1, 0.14932336419098624), (4, 0.6415197817330627)]",0.8205181837818365,0.3584802182669373,4.296178198292879
2272,"('relatif', 'ADJ')",3,"[(3, 0.40336794385465996), (8, 0.15870430408709169)]",0.9497971645309617,0.59663205614534,2.541632038116023
2273,"('relation', 'NOUN')",4,"[(1, 0.10030213369773737), (4, 0.8149830891712487)]",0.5733086863260448,0.18501691082875127,8.12528167772799
2279,"('remarquable', 'ADJ')",8,"[(3, 0.14416007484131702), (6, 0.12260227326167), (8, 0.39143607186592705)]",0.8225589535348229,0.6085639281340729,2.715287657118637
2288,"('rendez-vous', 'NOUN')",1,"[(1, 0.5885309311146505), (4, 0.11005060009316993), (8, 0.18043585092750763)]",0.7862932981016362,0.4114690688853495,3.2617183785227923
2294,"('renseignement', 'NOUN')",1,"[(1, 0.4008218404645729), (8, 0.36521421984891844)]",1.0593946527152254,0.5991781595354271,1.0974979030947498
2301,"('reprise', 'NOUN')",4,"[(1, 0.15511688582798364), (4, 0.564097854552821)]",0.882978008182657,0.435902145447179,3.636598630392667
2309,"('respectivement', 'ADV')",0,"[(0, 0.40003517591889737), (6, 0.10386393953134734), (8, 0.10329683516309515)]",0.7611697296594166,0.5999648240811026,3.851530932910186
2311,"('responsable', 'ADJ')",6,"[(6, 0.4099974392844977), (8, 0.2744733566426836)]",1.0393498337215314,0.5900025607155023,1.4937604301544025
2314,"('ressource', 'NOUN')",4,"[(1, 0.1212687123216916), (4, 0.6979210612922716)]",0.731234363136115,0.3020789387077284,5.75516180497476
2320,"('retard', 'NOUN')",1,"[(1, 0.6398934270264196), (8, 0.20063307458439442)]",0.8770938783652985,0.3601065729735804,3.1893715846798454
2323,"('retour', 'NOUN')",1,"[(1, 0.7328937797723661), (4, 0.1078118195308785)]",0.6750177273986737,0.26710622022763386,6.797898254211889
2328,"('revanche', 'NOUN')",4,"[(1, 0.11635659825936624), (4, 0.22747919327326202), (5, 0.11858541662670746), (8, 0.17025418818310828)]",0.823338171818472,0.772520806726738,1.3361151094186787
2330,"('revenu', 'NOUN')",1,"[(1, 0.70004879343744), (8, 0.10937163397386587)]",0.7093455972188429,0.29995120656256,6.40064309183417
2333,"('riche', 'ADJ')",8,"[(6, 0.12197347282635908), (7, 0.22195900603458163), (8, 0.27514470046388906)]",0.8609002521385216,0.7248552995361109,1.2396194476606235
2335,"('rien', 'PRON')",8,"[(0, 0.11886644216431534), (1, 0.1431670026923385), (6, 0.1574166221524805), (8, 0.29016474110178203)]",0.8522722358872477,0.709835258898218,1.843291624061886
2337,"('rival', 'NOUN')",1,"[(1, 0.29413408786643075), (4, 0.1768291727476684), (6, 0.10037558914493791), (8, 0.17111760150498906)]",0.865000654338076,0.7058659121335693,1.6633798784217242
2340,"('roche', 'NOUN')",4,"[(1, 0.14517061368159373), (4, 0.5646015655343027)]",0.8698049921425153,0.43539843446569726,3.8892276557613594
2341,"('rock', 'NOUN')",8,"[(1, 0.26505825350383655), (8, 0.44535456796177253)]",1.0274675979221721,0.5546454320382275,1.680213923070033
2344,"('romain', 'NOUN')",1,"[(1, 0.46969665350197165), (4, 0.18895305612400012), (8, 0.11933500857474985)]",0.8405730966544545,0.5303033464980283,2.485784898836111
2354,"('rugby', 'NOUN')",8,"[(1, 0.1429185281139509), (4, 0.10120878680266533), (5, 0.12459304788895229), (8, 0.3264071564677937)]",0.8185922883416373,0.6735928435322063,2.283868724197501
2355,"('ruine', 'NOUN')",4,"[(1, 0.21181500237777556), (4, 0.4927127177229674)]",0.9774289663732946,0.5072872822770327,2.3261464589000456
2360,"('règle', 'NOUN')",4,"[(1, 0.13317776337213774), (4, 0.7362475422692988)]",0.7125854114329967,0.2637524577307012,5.528306855642313
2370,"('récent', 'ADJ')",7,"[(3, 0.1489568569465673), (7, 0.3477651865300139), (8, 0.18739750363379118)]",0.8781526213462337,0.652234813469986,1.8557621088144822
2378,"('réduction', 'NOUN')",4,"[(1, 0.11407544459681218), (4, 0.7553033644938179)]",0.6630785215245074,0.24469663550618215,6.621086309708099
2380,"('réel', 'ADJ')",7,"[(3, 0.27215680020203686), (7, 0.573823779191154)]",0.9707883398112958,0.426176220808846,2.1084307971183276
2384,"('réfugié', 'NOUN')",1,"[(1, 0.296576254425864), (4, 0.11881523510758628), (8, 0.28321627344815326)]",0.8837169545341913,0.703423745574136,1.047172363420552
2385,"('référence', 'NOUN')",4,"[(1, 0.11267095712276184), (4, 0.5118027514298753), (8, 0.16435342200609349)]",0.8060944147480136,0.4881972485701247,3.1140376950040016
2390,"('régner', 'VERB')",6,"[(6, 0.6101370285253361), (8, 0.10868132469035405)]",0.7828809829298816,0.38986297147466387,5.614000659852912
2393,"('rénover', 'VERB')",6,"[(6, 0.5101991390126039), (8, 0.1533659849360384)]",0.9101830814722419,0.48980086098739606,3.3266772891354206
2394,"('répartir', 'VERB')",6,"[(6, 0.547681295050277), (8, 0.11206426901946746)]",0.8295656405084045,0.45231870494972304,4.887207134284126
2400,"('réputer', 'VERB')",6,"[(6, 0.4272554099132069), (8, 0.16815623412663178)]",0.9566884637809507,0.5727445900867931,2.5408240861974694
2418,"('rêve', 'NOUN')",1,"[(1, 0.6184177945974842), (4, 0.1105184052466691), (8, 0.15618337348841727)]",0.7560632738673152,0.38158220540251575,3.9595622810858724
2421,"('saint', 'NOUN')",1,"[(1, 0.535174905182359), (4, 0.1242573485876846), (8, 0.19894468480323949)]",0.8328131946077739,0.464825094817641,2.6900688787521934
2424,"('salarié', 'NOUN')",1,"[(1, 0.6208448031713596), (4, 0.13974688838665678), (8, 0.10595975895564573)]",0.7362007002457066,0.3791551968286404,4.44263775987329
2427,"('samedi', 'NOUN')",1,"[(1, 0.5026984959995233), (8, 0.28811586764016917)]",1.016043262771691,0.4973015040004767,1.74477893257635
2428,"('sanction', 'NOUN')",4,"[(1, 0.10360553878786087), (4, 0.7620432689120197)]",0.6376387995365687,0.23795673108798032,7.355236774284367
2429,"('sans', 'ADP')",0,"[(0, 0.3697004944320828), (7, 0.18219077927526406)]",0.9782790218216046,0.6302995055679173,2.0291943198372215
2432,"('satisfait', 'ADJ')",6,"[(6, 0.43441073502458205), (8, 0.16494816858938088)]",0.9513901926656252,0.565589264975418,2.6336196317886778
2433,"('sauf', 'ADP')",0,"[(0, 0.20213119379176314), (7, 0.15500663427438327), (9, 0.13665720548979798)]",0.8047771445592558,0.7978688062082369,1.3040164038009034
2436,"('sauvetage', 'NOUN')",8,"[(1, 0.1153725853468581), (5, 0.12660286037215343), (8, 0.4946814499959715)]",0.7818815495257642,0.5053185500040285,3.9073481321183308
2439,"('science', 'NOUN')",4,"[(1, 0.12452071788926743), (4, 0.7133448056582844)]",0.7218855397262709,0.2866551943417156,5.728723844112758
2441,"('scientifique', 'NOUN')",1,"[(1, 0.40322498340420865), (4, 0.11998218729407618), (6, 0.12112955979248964), (8, 0.1905303149642822)]",0.8600087992113667,0.5967750165957914,2.1163298002199773
2444,"('sculpteur', 'NOUN')",1,"[(1, 0.38424492140305705), (4, 0.126646765040168), (6, 0.15049514348547338), (8, 0.16503762723026724)]",0.8739542524686356,0.615755078596943,2.3282261618251625
2448,"('scénariste', 'NOUN')",8,"[(1, 0.25289047677371784), (4, 0.10302910993453428), (6, 0.11861784777918695), (8, 0.3356778242003799)]",0.866435469948377,0.66432217579962,1.3273644325513245
2449,"('sec', 'ADJ')",3,"[(3, 0.38470574423905196), (8, 0.24316533200189994)]",1.0262459392360435,0.615294255760948,1.582074801008419
2451,"('second', 'NOUN')",1,"[(1, 0.6899587378585023), (8, 0.10215164386395541)]",0.7056194251732737,0.31004126214149774,6.754259762842219
2453,"('seconde', 'NOUN')",4,"[(1, 0.1098908581138178), (4, 0.4246287726901488), (8, 0.21167774569164116)]",0.8511191020074897,0.5753712273098512,2.0060151873911267
2454,"('secours', 'NOUN')",1,"[(1, 0.6396265297833384), (4, 0.11701990353970806), (8, 0.15115111025159497)]",0.748655857305102,0.36037347021666155,4.231702491094266
2456,"('secrétaire', 'NOUN')",1,"[(1, 0.538432599673377), (4, 0.1429345860632435), (8, 0.14583211452336242)]",0.8120887516318291,0.461567400326623,3.692140112163838
2459,"('seigneur', 'NOUN')",1,"[(1, 0.7031631969499154), (8, 0.1189789447014978)]",0.7226658228696091,0.29683680305008464,5.9099801121455355
2460,"('seigneurie', 'NOUN')",4,"[(1, 0.13033502000364416), (4, 0.762098290668943)]",0.6818514896086851,0.23790170933105703,5.847225792788728
2461,"('sein', 'NOUN')",1,"[(1, 0.7076575200457447), (4, 0.14149403428441948)]",0.7522150138705728,0.29234247995425533,5.0013240743653595
2462,"('selon', 'ADP')",0,"[(0, 0.3253035645061584), (7, 0.1267634413510597)]",0.9047661475022856,0.6746964354938416,2.566225411988146
2463,"('semaine', 'NOUN')",4,"[(1, 0.10163506479411222), (4, 0.7153943107353683)]",0.6809172801205895,0.2846056892646317,7.038853295214424
2464,"('semblable', 'ADJ')",8,"[(3, 0.10067423643306346), (6, 0.234349124026479), (7, 0.10327527719859478), (8, 0.2697554170202499)]",0.8360978860720887,0.7302445829797501,1.1510835303560611
2468,"('sensible', 'ADJ')",8,"[(3, 0.19496920614680205), (6, 0.11231838355418268), (7, 0.1461706971185329), (8, 0.27887046371890206)]",0.8667249123653538,0.7211295362810979,1.430330815979866
2472,"('septembre', 'NOUN')",8,"[(1, 0.12303843212976953), (8, 0.35343094426983174)]",0.9022459575635783,0.6465690557301682,2.8725247725610283
2473,"('serbe', 'NOUN')",8,"[(1, 0.2178809558425131), (4, 0.12938288927182956), (8, 0.22400101173145615)]",0.8480905331219724,0.7759989882685439,1.0280889895368674
2482,"('sien', 'ADJ')",1,"[(1, 0.4733892731831936), (4, 0.23835054290344118), (8, 0.10634999408759926)]",0.8502984296991021,0.5266107268168063,1.9861052860071295
2488,"('similaire', 'ADJ')",8,"[(3, 0.22844982123803503), (6, 0.16944691035787707), (8, 0.23875029867175862)]",0.8920962062333176,0.7612497013282413,1.0450885773422904
2494,"('situer', 'VERB')",6,"[(6, 0.5685415194787198), (8, 0.12206782622231996)]",0.8335530936337426,0.4314584805212802,4.657586991376788
2497,"('siècle', 'NOUN')",1,"[(1, 0.41376077064175293), (4, 0.16124456082020105), (8, 0.1631299736673257)]",0.8694271385110818,0.586239229358247,2.5363871601275663
2502,"('soi', 'PRON')",0,"[(0, 0.2637287778278516), (1, 0.10198516010869703), (6, 0.12494574111711157), (8, 0.11000092584299836)]",0.784107958778199,0.7362712221721484,2.110746436572486
2503,"('soin', 'NOUN')",1,"[(1, 0.4534799102915988), (4, 0.10931222113752316), (8, 0.28444257323717004)]",0.8721817745749486,0.5465200897084013,1.5942757975033657
2504,"('soir', 'NOUN')",1,"[(1, 0.5313189156851718), (4, 0.10821150881099131), (8, 0.15664559483624554)]",0.7891897054600814,0.46868108431482824,3.3918535420073757
2506,"('soit', 'ADV')",0,"[(0, 0.31948607019612746), (7, 0.11625273815160181)]",0.886855623346094,0.6805139298038725,2.7482025393629437
2507,"('soit', 'CCONJ')",0,"[(0, 0.38369133618420076), (7, 0.10256626668548985)]",0.86722280199786,0.6163086638157993,3.740911593874772
2508,"('sol', 'NOUN')",1,"[(1, 0.7257798643536371), (4, 0.10914041950860227)]",0.6843824398689435,0.27422013564636294,6.649964033686276
2510,"('soldat', 'NOUN')",1,"[(1, 0.5477046442303924), (4, 0.12502360623909972), (8, 0.16534751699487832)]",0.8076199739101328,0.45229535576960755,3.312445534016442
2511,"('soleil', 'NOUN')",1,"[(1, 0.7284282416820442), (4, 0.11064908869906513)]",0.684409069926171,0.27157175831795577,6.583228567414299
2514,"('sombre', 'ADJ')",3,"[(3, 0.6334418835104705), (7, 0.10407636767720375)]",0.7569931836959092,0.3665581164895295,6.0863181301168305
2517,"('son', 'DET')",7,"[(0, 0.13412719680196947), (7, 0.21611047595636243), (9, 0.13507669142759765)]",0.7927661197146167,0.7838895240436375,1.5999094564157255
2519,"('sondage', 'NOUN')",1,"[(1, 0.719104851543829), (4, 0.10669835863676176)]",0.6865607659149576,0.28089514845617103,6.739605564054752
2520,"('sorte', 'NOUN')",4,"[(1, 0.13399425669805), (4, 0.6844855315672572)]",0.762901420614189,0.3155144684327428,5.10831992679891
2528,"('sous', 'ADP')",0,"[(0, 0.30076877367380805), (7, 0.15164052663478716)]",0.9339697146480321,0.699231226326192,1.9834326637375979
2538,"('spectateur', 'NOUN')",8,"[(1, 0.22121960808140118), (8, 0.41012344698563297)]",1.0088385399838058,0.589876553014367,1.853919960091068
2545,"('spécialiser', 'VERB')",6,"[(6, 0.39654905258743306), (8, 0.1713855459391998)]",0.9652882855049952,0.6034509474125669,2.3137835248260177
2546,"('spécialiste', 'NOUN')",1,"[(1, 0.5309647522375719), (4, 0.11052388089323449), (8, 0.197732579684165)]",0.8192668660892988,0.4690352477624281,2.685266904855402
2548,"('spécifique', 'ADJ')",3,"[(3, 0.38317715873130737), (8, 0.1887806558723519)]",0.9843436759337266,0.6168228412686927,2.0297480001891763
2552,"('statistique', 'NOUN')",4,"[(1, 0.21321023387999613), (4, 0.5544471916994089)]",0.9471514363077835,0.4455528083005911,2.6004717578963663
2561,"('successeur', 'NOUN')",1,"[(1, 0.5293947405053996), (4, 0.1452366267468056), (8, 0.13686719808788733)]",0.8093102719851565,0.4706052594946004,3.6450498222346197
2565,"('sud', 'NOUN')",1,"[(1, 0.7196808379343905), (4, 0.1081810657061887)]",0.6886363405562805,0.2803191620656095,6.652558220206365
2566,"('sud-est', 'NOUN')",1,"[(1, 0.7318198656295687), (4, 0.11039438863691362)]",0.6806131884305988,0.2681801343704313,6.629140073745226
2567,"('sud-ouest', 'NOUN')",1,"[(1, 0.6934431901082759), (4, 0.12242759691444588)]",0.7371978302946,0.30655680989172407,5.664108481953328
2569,"('suffrage', 'NOUN')",1,"[(1, 0.4529964829616278), (4, 0.1713558009168541), (8, 0.15799820527414615)]",0.8670232830730787,0.5470035170383722,2.643601678716628
2574,"('suivant', 'ADP')",0,"[(0, 0.28191894370775966), (7, 0.12295244157898602), (9, 0.11844712237310426)]",0.7894801969703319,0.7180810562922404,2.292910495206814
2579,"('superficie', 'NOUN')",4,"[(1, 0.16897977233990977), (4, 0.611207417626996)]",0.8675660918161777,0.38879258237300396,3.6170448637930885
2583,"('suppression', 'NOUN')",4,"[(1, 0.14566185131777443), (4, 0.7116333723387861)]",0.7541040502228188,0.2883666276612139,4.885516460904331
2585,"('supérieur', 'ADJ')",3,"[(3, 0.5472336468213792), (8, 0.14385141637018062)]",0.8783706104673228,0.4527663531786208,3.80415890666765
2586,"('sur', 'ADP')",0,"[(0, 0.32903467363524513), (7, 0.14005513908021233)]",0.9248561279688714,0.6709653263647548,2.3493223868550834
2588,"('surmonter', 'VERB')",6,"[(6, 0.595318687301745), (8, 0.12029583824548098)]",0.8130015314731039,0.404681312698255,4.948788719414478
2589,"('surnommer', 'VERB')",6,"[(6, 0.5966796061972025), (8, 0.1199386232732285)]",0.8114773999386741,0.4033203938027975,4.974874564283809
2593,"('survenir', 'VERB')",6,"[(6, 0.4057429993142342), (8, 0.17755774571154895)]",0.9707835383866101,0.5942570006857658,2.2851326349534933
2595,"('sushi', 'NOUN')",8,"[(1, 0.30397058212751926), (8, 0.39015335578736726)]",1.0520044480310204,0.6098466442126327,1.2835234023524464
2599,"('sympa', 'ADJ')",8,"[(6, 0.28104453387878925), (8, 0.3027490648433356)]",1.036509422315741,0.6972509351566645,1.077228084335941
2600,"('sympathique', 'ADJ')",8,"[(6, 0.25248029799355287), (8, 0.3433216751845465)]",1.0308926645804486,0.6566783248154535,1.35979590452366
2605,"('sécurité', 'NOUN')",4,"[(1, 0.10814478159703111), (4, 0.5509776203977561), (8, 0.12533299685427934)]",0.7548161225540454,0.4490223796022439,4.396109837207197
2606,"('séjour', 'NOUN')",1,"[(1, 0.6399042891144958), (4, 0.13636478103138353)]",0.8041191091368868,0.3600957108855042,4.692592062808547
2612,"('sérieux', 'ADJ')",8,"[(3, 0.1931390323551496), (7, 0.2031702721125474), (8, 0.25306289222275996)]",0.9003357789803953,0.74693710777724,1.2455704744175085
2613,"('sûr', 'ADJ')",6,"[(6, 0.43334753366352613), (8, 0.2340780622647552)]",1.0131711377552157,0.5666524663364738,1.8512949460995887
2614,"('sœur', 'NOUN')",4,"[(1, 0.12698668975536134), (4, 0.6485512590620557)]",0.78322605425972,0.3514487409379443,5.107238091736099
2618,"('talent', 'NOUN')",1,"[(1, 0.712301742330411), (8, 0.11191714609851583)]",0.702230551628576,0.287698257669589,6.364545265507418
2620,"('tard', 'ADV')",0,"[(0, 0.21143490691231046), (6, 0.11870042802992349), (8, 0.1318649055065785)]",0.7724832764773263,0.7885650930876895,1.6034206076290887
2621,"('tarif', 'NOUN')",1,"[(1, 0.5526263985642546), (4, 0.14781290702857502), (8, 0.10480035883679424)]",0.7707320559828927,0.44737360143574545,3.7386883843467165
2626,"('tel', 'ADJ')",7,"[(3, 0.1256102631553781), (7, 0.3431630771664956), (8, 0.15459727516921215)]",0.8339975080946563,0.6568369228335045,2.219722674871802
2627,"('tel', 'DET')",7,"[(0, 0.11321437657176957), (4, 0.10306328775782794), (7, 0.27559843664769035), (8, 0.1149307269071617)]",0.7824275079777417,0.7244015633523097,2.3979526107958247
2631,"('tendance', 'NOUN')",4,"[(1, 0.11477823354255069), (4, 0.46364633896855323), (6, 0.1153175016701194), (8, 0.1373008847426889)]",0.8126383309570537,0.5363536610314468,3.3768634472928394
2634,"('tennis', 'NOUN')",8,"[(1, 0.17573020028768394), (5, 0.10853084354372039), (8, 0.371622365706297)]",0.8323571538613014,0.6283776342937031,2.1147324995813035
2650,"('thèse', 'NOUN')",4,"[(1, 0.14155475963110623), (4, 0.6575027190743351)]",0.7970087333907633,0.3424972809256649,4.6448647914615995
2653,"('tiers', 'NOUN')",1,"[(1, 0.6081911970560658), (4, 0.1348434046851942), (8, 0.13164899776047068)]",0.7641860616643632,0.39180880294393416,4.510351829783227
2657,"('toi', 'PRON')",0,"[(0, 0.2154869687575134), (1, 0.1117023174031741), (4, 0.10980621745122458), (6, 0.13094282270872362), (8, 0.15158530796320205)]",0.8514385862855526,0.7845130312424866,1.421555767197595
2658,"('toilette', 'NOUN')",4,"[(1, 0.21673470938867903), (4, 0.4223153182590664)]",1.0033108138288624,0.5776846817409336,1.9485356980902926
2660,"('tonne', 'NOUN')",8,"[(1, 0.126939974118424), (4, 0.2100193117634101), (5, 0.10923284218639852), (6, 0.11881889188678195), (8, 0.22641320385587693)]",0.8829436059388533,0.7735867961441231,1.0780589744572384
2661,"('top', 'NOUN')",1,"[(1, 0.6742899133879362), (4, 0.13381609906414632)]",0.7716646683651484,0.3257100866120638,5.038929681134311
2665,"('totalité', 'NOUN')",4,"[(1, 0.11901105888589603), (4, 0.7675704291830646)]",0.658390128643442,0.23242957081693538,6.449572303351964
2675,"('tout', 'ADJ')",7,"[(0, 0.14739913904514448), (7, 0.22692731324532453), (8, 0.10631530565488191), (9, 0.13998814199115933)]",0.8167871736731772,0.7730726867546754,1.5395430035437496
2677,"('tout', 'DET')",7,"[(0, 0.10206081388043076), (7, 0.29552426869042014), (9, 0.15674695528283156)]",0.8043224042002356,0.7044757313095799,1.8853589095697658
2678,"('tout', 'PRON')",8,"[(0, 0.12825783569545615), (1, 0.1637407024202743), (6, 0.12393802925388106), (8, 0.27041973707363914)]",0.845504175837096,0.7295802629263608,1.651512013058006
2680,"('trace', 'NOUN')",4,"[(1, 0.16336037847268509), (4, 0.6714545765217866)]",0.8128462986185194,0.32854542347821336,4.110265798839699
2688,"('trait', 'NOUN')",1,"[(1, 0.5933867260040423), (4, 0.10808016399390709), (8, 0.18324181256397545)]",0.7838173720881056,0.4066132739959577,3.238271427799113
2699,"('transport', 'NOUN')",1,"[(1, 0.6762458790113868), (8, 0.15951931340365744)]",0.8040983483565198,0.3237541209886132,4.2392727537647605
2706,"('trimestre', 'NOUN')",1,"[(1, 0.46319861650172817), (4, 0.15225433311321404), (8, 0.15732778122359867)]",0.8501785956868426,0.5368013834982719,2.9441628992620017
2711,"('troupe', 'NOUN')",4,"[(1, 0.15785938874277017), (4, 0.7094447103129936)]",0.7717688865125947,0.2905552896870064,4.494155944497065
2718,"('type', 'NOUN')",1,"[(1, 0.5758429055346305), (8, 0.24208122249303393)]",0.9539204810913663,0.42415709446536953,2.3787177692032713
2719,"('typique', 'ADJ')",8,"[(3, 0.1071157531250316), (6, 0.19392100333230508), (8, 0.3139637916478453)]",0.8384118058836872,0.6860362083521547,1.6190293276785168
2726,"('témoin', 'NOUN')",1,"[(1, 0.5598044374165916), (6, 0.10267082307782589), (8, 0.16493756571911883)]",0.7789200793646173,0.4401955625834084,3.3940384349427895
2728,"('tôt', 'ADV')",0,"[(0, 0.23915713495028898), (6, 0.13701355607344262), (8, 0.13845641456564492)]",0.808511709331648,0.760842865049711,1.7273098953237724
2730,"('un', 'DET')",7,"[(0, 0.13258815881125605), (7, 0.28700470389794125), (8, 0.10017103547785222), (9, 0.1109382438149036)]",0.7938869678934954,0.7129952961020587,2.164632999440792
2731,"('un', 'NUM')",7,"[(0, 0.10720671531812173), (7, 0.3163156076962355), (9, 0.12142440852164967)]",0.7823461300253922,0.6836843923037645,2.6050413713964047
2732,"('un', 'PRON')",1,"[(1, 0.2881097794011687), (4, 0.2166450863199048), (6, 0.19347865926349445), (8, 0.16925822115580794)]",0.943774629373065,0.7118902205988313,1.3298699005604815
2734,"('union', 'NOUN')",4,"[(1, 0.12336143304572425), (4, 0.7702748468129316)]",0.6624833647200803,0.22972515318706843,6.244049114826893
2735,"('unique', 'ADJ')",3,"[(3, 0.6362572328462652), (7, 0.16970688440383064)]",0.8493020716940768,0.36374276715373477,3.7491539313882045
2741,"('université', 'NOUN')",4,"[(1, 0.1674741090139354), (4, 0.7234629061396018)]",0.7696103037255885,0.27653709386039815,4.319849261472429
2743,"('urgence', 'NOUN')",4,"[(1, 0.11783018299734219), (4, 0.59756352302408), (8, 0.11075781491387789)]",0.7312642858214543,0.40243647697592,5.071396036426073
2746,"('utile', 'ADJ')",8,"[(6, 0.1437203783357281), (8, 0.4420644040522749)]",0.9228316315693238,0.5579355959477251,3.075864461055208
2748,"('utilisation', 'NOUN')",4,"[(1, 0.17286969551922282), (4, 0.7195743923670415)]",0.7793906830755549,0.28042560763295854,4.162524786115713
2750,"('vacance', 'NOUN')",4,"[(1, 0.17433042756205083), (4, 0.4732245669007064), (8, 0.1121525527604919)]",0.8228185263920288,0.5267754330992935,2.7145265087603128
2751,"('vague', 'NOUN')",4,"[(1, 0.11056081437399781), (4, 0.7927190643656142)]",0.616916192909839,0.20728093563438577,7.169982139278177
2753,"('vainqueur', 'NOUN')",1,"[(1, 0.5835231611183231), (4, 0.10423778505814671), (8, 0.16138292464212)]",0.7685837827353175,0.41647683888167686,3.615767668186297
2758,"('variable', 'ADJ')",8,"[(3, 0.16715944772996846), (6, 0.19059813463839712), (8, 0.2609502207238491)]",0.8788509196952686,0.7390497792761509,1.3691121438251428
2759,"('varier', 'VERB')",6,"[(6, 0.5197389833723175), (8, 0.11305390955028252)]",0.8462519767241388,0.4802610166276825,4.597266785728939
2760,"('varié', 'ADJ')",8,"[(6, 0.18176724235625116), (8, 0.3147482798421181)]",0.9720326062165106,0.6852517201578818,1.731600676568737
2763,"('vendredi', 'NOUN')",1,"[(1, 0.32112617573362384), (8, 0.30273386625438253)]",1.0481339256251418,0.6788738242663761,1.0607540534093616
2767,"('verre', 'NOUN')",1,"[(1, 0.6372968300984428), (8, 0.21412150380389922)]",0.8903179332221306,0.36270316990155715,2.9763326839050412
2768,"('vers', 'ADP')",0,"[(0, 0.35609493802516545), (7, 0.12124972869866633)]",0.8995402779952755,0.6439050619748345,2.936872039607972
2772,"('vestige', 'NOUN')",1,"[(1, 0.6561278106994289), (4, 0.1437017578012155)]",0.8010934247004368,0.34387218930057106,4.56589968514553
2773,"('via', 'ADP')",0,"[(0, 0.30153638541814654), (7, 0.15137034235445873)]",0.9338455549104864,0.6984636145818535,1.9920440208297154
2775,"('vice-président', 'NOUN')",1,"[(1, 0.577458552308181), (8, 0.19075676379448805)]",0.9134144912237789,0.422541447691819,3.027198306479483
2776,"('victime', 'NOUN')",4,"[(1, 0.1448545362685234), (4, 0.684454989463208)]",0.7781344183220154,0.31554501053679196,4.7251194687779945
2778,"('vidéo', 'ADJ')",3,"[(3, 0.40325924533242874), (7, 0.10245188366509622)]",0.86511597902688,0.5967407546675713,3.9360842466365793
2779,"('vidéo', 'NOUN')",4,"[(1, 0.14127410237688592), (4, 0.505873838284407), (8, 0.15127502122337833)]",0.8255179881976298,0.494126161715593,3.3440672107883223
2782,"('villa', 'NOUN')",4,"[(1, 0.11292064860161674), (4, 0.7542957464412591)]",0.6621640864628083,0.24570425355874093,6.679874370031377
2787,"('vingtaine', 'NOUN')",4,"[(1, 0.1551314095761396), (4, 0.5110369775799188), (8, 0.10395988820059716)]",0.7896232873538139,0.48896302242008116,3.294219906698509
2789,"('violent', 'ADJ')",7,"[(3, 0.2545148651206648), (7, 0.3486738195144069), (8, 0.11732847826664725)]",0.8802515248858734,0.6513261804855931,1.3699546364378428
2790,"('vis-à-vis', 'ADV')",6,"[(0, 0.10587155023504105), (1, 0.10831398345728657), (2, 0.10489452070598358), (3, 0.1020132115944655), (4, 0.11509469662688193), (6, 0.1460750832762365), (8, 0.12854761512698157)]",0.8949055905004252,0.8539249167237635,1.13635000643101
2792,"('viser', 'VERB')",6,"[(6, 0.45484859651845905), (8, 0.11777640797576293)]",0.8803979633611464,0.545151403481541,3.8619669621106274
2793,"('visible', 'ADJ')",6,"[(6, 0.5202663697243346), (8, 0.16848853273931338)]",0.9233373022276573,0.4797336302756654,3.0878443848121955
2800,"('vivant', 'ADJ')",3,"[(3, 0.3824665486085317), (8, 0.22327505742384202)]",1.0132936382185556,0.6175334513914683,1.7129837655018365
2801,"('vivement', 'ADV')",0,"[(0, 0.327909130522037), (6, 0.11268150400678022), (8, 0.10667443564451565)]",0.7740351667233096,0.672090869477963,2.9100528379733572
2804,"('voilà', 'VERB')",6,"[(6, 0.43644873616450713), (8, 0.11070045225337154)]",0.8735467570255242,0.5635512638354929,3.9426102358241675
2806,"('voire', 'CCONJ')",0,"[(0, 0.2751220737912912), (7, 0.12192537864133272)]",0.8823946097909501,0.7248779262087088,2.256479142054719
2808,"('voisin', 'NOUN')",1,"[(1, 0.33032958371909876), (4, 0.15547822924010615), (8, 0.23291550101473663)]",0.9053735555535768,0.6696704162809013,1.4182378685830734
2810,"('voix', 'NOUN')",4,"[(1, 0.10632039867544801), (4, 0.7733367463066089)]",0.6305655306626687,0.22666325369339113,7.273644154282045
2811,"('vol', 'NOUN')",1,"[(1, 0.7998986574154735), (8, 0.10365224607937341)]",0.5966172097371857,0.2001013425845265,7.717137714535756
2814,"('volume', 'NOUN')",1,"[(1, 0.739094884982327), (8, 0.14802680765212534)]",0.7303420993941786,0.260905115017673,4.992979965623918
2818,"('vous', 'PRON')",0,"[(0, 0.21398714730686502), (1, 0.10720273696943283), (4, 0.10230134094628963), (6, 0.12582668284996915), (8, 0.12035585866506711)]",0.8190440816397345,0.7860128526931349,1.7006499929908745
2820,"('voyageur', 'NOUN')",1,"[(1, 0.5327427535353101), (4, 0.1404828128305724), (8, 0.15095357085767383)]",0.8161376225949211,0.4672572464646899,3.5291828507826764
2825,"('vélo', 'NOUN')",1,"[(1, 0.7414049193612475), (8, 0.1006775965312292)]",0.6535024645495744,0.2585950806387525,7.364149968868904
2829,"('web', 'NOUN')",8,"[(1, 0.2532084306299311), (8, 0.26078820765854327)]",1.007439731438683,0.7392117923414567,1.029934931509805
2831,"('y', 'PRON')",0,"[(0, 0.2694497835254739), (1, 0.10230315065242022), (6, 0.12940661275419163), (8, 0.10943192787091681)]",0.7886525062858584,0.7305502164745261,2.082194856898811
2833,"('°', 'NOUN')",8,"[(1, 0.14115894383697386), (4, 0.12442760541493668), (6, 0.13706838578648153), (8, 0.21206715678711271)]",0.8201426654143714,0.7879328432128873,1.5023288714318492
2834,"('Écosse', 'PROPN')",5,"[(1, 0.14363064085050897), (4, 0.1854040976721359), (5, 0.30572948925630783), (8, 0.14720874034245168)]",0.8912298188808625,0.6942705107436922,1.6489899257617944
2835,"('Édouard', 'PROPN')",2,"[(0, 0.13380582147943676), (2, 0.405737360304194)]",0.9162952956705591,0.594262639695806,3.032284812559875
2836,"('Égypte', 'PROPN')",4,"[(1, 0.22295338224829953), (4, 0.35483351081948183), (5, 0.11774710859496876), (8, 0.12329654807084914)]",0.8744307256818439,0.6451664891805182,1.5915143661032671
2837,"('État', 'NOUN')",1,"[(1, 0.5945180599966513), (4, 0.15542731794404735), (8, 0.1251154243321423)]",0.7814827411730564,0.4054819400033487,3.825055130982015
2838,"('États-Unis', 'PROPN')",1,"[(1, 0.2819945617635965), (4, 0.25379887863634115), (5, 0.1052396176583594), (8, 0.11497985362934783)]",0.8588579739578343,0.7180054382364035,1.111094593005101
2839,"('à', 'ADP')",0,"[(0, 0.40021130048233355), (7, 0.12075754524815002)]",0.8970337831742563,0.5997886995176664,3.3141722089491106
2841,"('âgé', 'ADJ')",8,"[(6, 0.21285550906072348), (8, 0.34514501360523947)]",1.0048077565942988,0.6548549863947606,1.621499087001673
2842,"('âme', 'NOUN')",4,"[(1, 0.10578814151432725), (4, 0.8195006823941124)]",0.5781795573767479,0.18049931760588755,7.746621413924023
2843,"('ça', 'PRON')",8,"[(0, 0.16678170230167494), (1, 0.13556535002065623), (6, 0.12847487811456304), (8, 0.20802014006218145)]",0.8366678916982199,0.7919798599378185,1.2472599643209923
2844,"('ère', 'NOUN')",4,"[(1, 0.1158123309956823), (4, 0.7559677873284614)]",0.6653035926501861,0.24403221267153863,6.527524149018684
2845,"('échange', 'NOUN')",1,"[(1, 0.670205030951206), (4, 0.1083154631392508), (8, 0.14395584135052927)]",0.7172437649473123,0.329794969048794,4.655629286478703
2847,"('échec', 'NOUN')",1,"[(1, 0.6990257846379179), (8, 0.14364088046250312)]",0.7632215755569216,0.30097421536208213,4.866482176850732
2851,"('économie', 'NOUN')",4,"[(1, 0.10594145293283469), (4, 0.823929755143906)]",0.5733199762930622,0.17607024485609402,7.777217815450061
2853,"('économiste', 'NOUN')",1,"[(1, 0.7052329581324169), (4, 0.11320690361696299)]",0.7111217157995943,0.29476704186758307,6.229593210309697
2855,"('écoute', 'NOUN')",4,"[(1, 0.21211888407184645), (4, 0.6086893689314912)]",0.9104782891085714,0.39131063106850883,2.8695670901480086
2856,"('écran', 'NOUN')",1,"[(1, 0.7683950018112576), (4, 0.13053053070489629)]",0.6754903021259347,0.23160499818874236,5.886707099570803
2859,"('écrivain', 'NOUN')",1,"[(1, 0.571194149574051), (4, 0.11330028771837869), (8, 0.14892859967109076)]",0.7739055974945401,0.428805850425949,3.835355672688355
2865,"('éducation', 'NOUN')",4,"[(1, 0.12187007777645063), (4, 0.7409866871898911)]",0.6905310180687275,0.25901331281010886,6.080136328041915
2866,"('égal', 'ADJ')",8,"[(6, 0.2687593000368719), (8, 0.30133276494623695)]",1.0309413420949556,0.698667235053763,1.1211993962809705
2868,"('égalité', 'NOUN')",4,"[(1, 0.1427872685478914), (4, 0.4342600539768976), (8, 0.1669430441493057)]",0.8547033715596145,0.5657399460231024,2.601246767661171
2871,"('élaborer', 'VERB')",6,"[(6, 0.5562112004635836), (8, 0.16265345560897335)]",0.8968915729614475,0.44378879953641637,3.4196088756991543
2872,"('élection', 'NOUN')",4,"[(1, 0.154087632377611), (4, 0.7245835842907855)]",0.7525247501819904,0.2754164157092145,4.702412342316371
2874,"('électricité', 'NOUN')",4,"[(1, 0.13797478619146245), (4, 0.45780044994489605), (8, 0.14465998022150237)]",0.8289140537630408,0.542199550055104,3.1646655090365363
2877,"('élevage', 'NOUN')",1,"[(1, 0.7429779130629772), (4, 0.13972207324570102)]",0.715169253618341,0.2570220869370228,5.31754142923754
2879,"('élevé', 'ADJ')",8,"[(6, 0.22748596105216498), (8, 0.3778661895560425)]",1.0164882959454462,0.6221338104439575,1.6610527867668885
2882,"('élite', 'NOUN')",4,"[(1, 0.1455371777181119), (4, 0.7490391768383204)]",0.7169366292478737,0.25096082316167956,5.146720505252065
2884,"('élève', 'NOUN')",1,"[(1, 0.6826113424575545), (8, 0.1293494061951)]",0.757691243906486,0.3173886575424455,5.277266920174027
2888,"('émotion', 'NOUN')",4,"[(1, 0.13524413149660824), (4, 0.6983581925798925)]",0.7520857739472017,0.3016418074201075,5.163685735209934
2894,"('épouse', 'NOUN')",4,"[(1, 0.19582884830161273), (4, 0.40622754436846475), (8, 0.10835506707405909)]",0.8429274702756625,0.5937724556315352,2.074400926582579
2897,"('équipage', 'NOUN')",1,"[(1, 0.5324714442847321), (4, 0.14687822428300812), (8, 0.18264278448107868)]",0.844561369747816,0.46752855571526786,2.915370819589617
2899,"('équipement', 'NOUN')",1,"[(1, 0.7080366212138872), (4, 0.10863962737842821)]",0.7005810689224359,0.2919633787861128,6.517296112840654
2900,"('équiper', 'VERB')",6,"[(6, 0.6706012353759638), (8, 0.10086858689587935)]",0.7204031353600487,0.32939876462403617,6.648266383152424
2904,"('étang', 'NOUN')",1,"[(1, 0.5530403498499626), (4, 0.19670518007327745)]",0.9340462875015176,0.44695965015003736,2.811518993266683
2909,"('étrange', 'ADJ')",8,"[(3, 0.13564290186216896), (7, 0.2189151428218133), (8, 0.3021580195144103)]",0.8785171874540479,0.6978419804855898,1.3802517981150022
2911,"('étranger', 'NOUN')",1,"[(1, 0.5402735999149216), (4, 0.2184599984195102)]",0.9593148384987993,0.45972640008507837,2.4731008139871475
2913,"('étudiant', 'NOUN')",1,"[(1, 0.5777009532826506), (4, 0.15204526618268474), (8, 0.11279222894793953)]",0.7732563646327006,0.4222990467173494,3.799532650944449
2915,"('été', 'NOUN')",1,"[(1, 0.5747110505050345), (4, 0.10740974916624729), (8, 0.21482490547381733)]",0.8086145995566334,0.42528894949496554,2.675253361510636
2919,"('évidence', 'NOUN')",4,"[(1, 0.12003149862789134), (4, 0.21244056776577666), (5, 0.13901385095268248), (8, 0.16044692425462884)]",0.8305892577422567,0.7875594322342233,1.3240550964294837
2920,"('éviter', 'VERB')",6,"[(6, 0.5286645821100818), (8, 0.10866019148702012)]",0.8340882532727227,0.4713354178899182,4.865301403165969
2926,"('évêque', 'NOUN')",1,"[(1, 0.6713616521505764), (4, 0.11251197769941007), (8, 0.1106142851475402)]",0.6889116526246546,0.3286383478494236,5.967023830513438
2927,"('être', 'AUX')",0,"[(0, 0.26889369231020754), (6, 0.150779553688624), (7, 0.11389012544410337), (8, 0.11225217266315737)]",0.8161079658133196,0.7311063076897925,1.7833564679830658
2929,"('île', 'NOUN')",4,"[(1, 0.12394938059280686), (4, 0.8139179696253781)]",0.6151274920847839,0.1860820303746219,6.566535191484548
2930,"('œil', 'NOUN')",1,"[(1, 0.66885189644732), (4, 0.1450713006678928)]",0.7921431441059263,0.33114810355268,4.610504582008965
2931,"('œuf', 'NOUN')",1,"[(1, 0.5238100689961167), (4, 0.10153807971337357), (8, 0.23441429738142286)]",0.8292426498975921,0.4761899310038833,2.234548296957369
2934,"('€', 'NOUN')",8,"[(1, 0.10769318132497065), (4, 0.10568087088319357), (5, 0.17947295234661415), (6, 0.10041472947394857), (8, 0.2370859454859469)]",0.8436612859650106,0.7629140545140531,1.3210121212474701
