lemma,form,gold_upos,pred_upos,purity,entropy,rival,distribution,in_train,train_freq,pos_err,log_freq
moi,Je,PRON,PRON,0.7120466284894749,1.0523675190710984,CCONJ,"PRON: 0.71, CCONJ: 0.24",True,621,0,6.432940092739179
sentir,sens,VERB,VERB,1.0,0.0,,VERB: 1.00,True,27,0,3.332204510175204
que,qu',SCONJ,SCONJ,0.6915510664276248,1.397369454710615,CCONJ,"SCONJ: 0.69, CCONJ: 0.17, PRON: 0.06, ADV: 0.05",True,1979,0,7.590852123688581
entre,entre,ADP,ADP,0.9951404265427191,0.0443394212917744,ADJ,ADP: 1.00,True,403,0,6.0014148779611505
ça,ça,PRON,PRON,0.7398737785831464,1.0820830987796926,CCONJ,"PRON: 0.74, CCONJ: 0.15, ADV: 0.11",True,36,0,3.6109179126442243
et,et,CCONJ,CCONJ,0.25644065667983523,1.7170903132548632,SCONJ,"SCONJ: 0.43, ADP: 0.28, CCONJ: 0.26",True,7215,0,8.88405606174246
le,les,DET,DET,0.8207496286735718,0.8327615029897053,ADP,"DET: 0.82, ADP: 0.15",True,38293,0,10.55304850493315
film,films,NOUN,NOUN,1.0,0.0,,NOUN: 1.00,True,178,0,5.187385805840755
de,de,ADP,ADP,0.7886818615006483,0.7439947701431047,CCONJ,"ADP: 0.79, CCONJ: 0.21",True,27784,0,10.232251585714021
médecin,médecins,NOUN,NOUN,1.0,0.0,,NOUN: 1.00,True,27,0,3.332204510175204
et,et,CCONJ,CCONJ,0.25644065667983523,1.7170903132548632,SCONJ,"SCONJ: 0.43, ADP: 0.28, CCONJ: 0.26",True,7215,0,8.88405606174246
scientifique,scientifiques,NOUN,NOUN,,,,,True,9,0,2.302585092994046
fou,fous,ADJ,ADJ,,,,,True,8,0,2.1972245773362196
que,que,PRON,PRON,0.11611059889321292,1.238361633076011,SCONJ,"SCONJ: 0.71, CCONJ: 0.15, PRON: 0.12",True,430,0,6.066108090103747
nous,nous,PRON,PRON,0.8226072026071004,0.8287662668321807,CCONJ,"PRON: 0.82, CCONJ: 0.13, ADV: 0.05",True,328,0,5.796057750765372
avoir,avons,AUX,AUX,0.7537049139623345,0.8053529913575782,ADV,"AUX: 0.75, ADV: 0.25",True,2935,0,7.984803389734406
déjà,déjà,ADV,ADV,1.0,0.0,,ADV: 1.00,True,86,0,4.465908118654584
voir,vus,VERB,VERB,1.0,0.0,,VERB: 1.00,True,197,0,5.288267030694535
",",",",PUNCT,PUNCT,,,,,True,16599,0,9.717157974344635
nous,nous,PRON,PRON,0.8226072026071004,0.8287662668321807,CCONJ,"PRON: 0.82, CCONJ: 0.13, ADV: 0.05",True,328,0,5.796057750765372
pouvoir,pourrions,VERB,VERB,0.9326172400615902,0.3560798311098319,ADJ,"VERB: 0.93, ADJ: 0.07",True,599,0,6.396929655216146
emprunter,emprunter,VERB,VERB,1.0,0.0,,VERB: 1.00,True,12,0,2.5649493574615367
un,un,DET,DET,0.7741737557418163,1.1225809040946326,ADP,"DET: 0.77, ADP: 0.11, CCONJ: 0.09",True,8933,0,9.097619501912064
autre,autre,ADJ,ADJ,0.5773464864136372,0.982668701467866,NUM,"ADJ: 0.58, NUM: 0.42",True,341,0,5.834810737062605
chemin,chemin,NOUN,NOUN,1.0,0.0,,NOUN: 1.00,True,44,0,3.8066624897703196
pour,pour,ADP,ADP,0.7890790430468303,0.7432394314397186,CCONJ,"ADP: 0.79, CCONJ: 0.21",True,2242,0,7.715569534520208
le,l',DET,DET,0.8207496286735718,0.8327615029897053,ADP,"DET: 0.82, ADP: 0.15",True,38293,0,10.55304850493315
origine,origine,NOUN,NOUN,1.0,0.0,,NOUN: 1.00,True,124,0,4.8283137373023015
.,.,PUNCT,PUNCT,,,,,True,13366,0,9.500544261971474
on,On,PRON,PRON,0.5432191123278096,1.5995967780630704,SCONJ,"PRON: 0.54, SCONJ: 0.23, CCONJ: 0.19",True,554,0,6.318968113746434
pouvoir,pourra,VERB,VERB,0.9326172400615902,0.3560798311098319,ADJ,"VERB: 0.93, ADJ: 0.07",True,599,0,6.396929655216146
toujours,toujours,ADV,ADV,1.0,0.0,,ADV: 1.00,True,120,0,4.795790545596741
parler,parler,VERB,VERB,1.0,0.0,,VERB: 1.00,True,78,0,4.3694478524670215
à,à,ADP,ADP,1.0,0.0,,ADP: 1.00,True,9366,0,9.14494815320913
propos,propos,NOUN,NOUN,1.0,0.0,,NOUN: 1.00,True,20,0,3.044522437723423
de,d',ADP,ADP,0.7886818615006483,0.7439947701431047,CCONJ,"ADP: 0.79, CCONJ: 0.21",True,27784,0,10.232251585714021
Averroès,Averroès,PROPN,PROPN,,,,,False,0,0,0.0
de,de,ADP,ADP,0.7886818615006483,0.7439947701431047,CCONJ,"ADP: 0.79, CCONJ: 0.21",True,27784,0,10.232251585714021
"""","""",PUNCT,PUNCT,,,,,True,819,0,6.709304340258298
décentrement,décentrement,NOUN,NOUN,,,,,False,0,0,0.0
de,de,ADP,ADP,0.7886818615006483,0.7439947701431047,CCONJ,"ADP: 0.79, CCONJ: 0.21",True,27784,0,10.232251585714021
le,le,DET,DET,0.8207496286735718,0.8327615029897053,ADP,"DET: 0.82, ADP: 0.15",True,38293,0,10.55304850493315
sujet,Sujet,NOUN,NOUN,1.0,0.0,,NOUN: 1.00,True,36,0,3.6109179126442243
"""","""",PUNCT,PUNCT,,,,,True,819,0,6.709304340258298
.,.,PUNCT,PUNCT,,,,,True,13366,0,9.500544261971474
«,«,PUNCT,PUNCT,,,,,True,866,0,6.7650389767805414
lui,Il,PRON,PRON,0.7173975220804439,1.0427392110337699,CCONJ,"PRON: 0.72, CCONJ: 0.24",True,5436,0,8.600982717145921
avoir,a,AUX,AUX,0.7537049139623345,0.8053529913575782,ADV,"AUX: 0.75, ADV: 0.25",True,2935,0,7.984803389734406
être,été,AUX,AUX,0.4687470215317024,1.7986756264740116,SCONJ,"AUX: 0.47, SCONJ: 0.23, ADV: 0.20, CCONJ: 0.10",True,8404,0,9.036582045842716
largement,largement,ADV,ADV,1.0,0.0,,ADV: 1.00,True,21,0,3.091042453358316
démontrer,démontré,VERB,VERB,1.0,0.0,,VERB: 1.00,True,16,0,2.833213344056216
que,que,SCONJ,SCONJ,0.6915510664276248,1.397369454710615,CCONJ,"SCONJ: 0.69, CCONJ: 0.17, PRON: 0.06, ADV: 0.05",True,1979,0,7.590852123688581
le,la,DET,DET,0.8207496286735718,0.8327615029897053,ADP,"DET: 0.82, ADP: 0.15",True,38293,0,10.55304850493315
population,population,NOUN,NOUN,1.0,0.0,,NOUN: 1.00,True,92,0,4.532599493153256
civil,civile,ADJ,ADJ,1.0,0.0,,ADJ: 1.00,True,40,0,3.713572066704308
de,de,ADP,ADP,0.7886818615006483,0.7439947701431047,CCONJ,"ADP: 0.79, CCONJ: 0.21",True,27784,0,10.232251585714021
le,le,DET,DET,0.8207496286735718,0.8327615029897053,ADP,"DET: 0.82, ADP: 0.15",True,38293,0,10.55304850493315
territoire,territoire,NOUN,NOUN,1.0,0.0,,NOUN: 1.00,True,98,0,4.59511985013459
non,non,ADV,ADV,0.1516206771484079,1.8990642005741691,AUX,"AUX: 0.40, CCONJ: 0.25, SCONJ: 0.19, ADV: 0.15",True,120,0,4.795790545596741
autonome,autonome,ADJ,ADJ,1.0,0.0,,ADJ: 1.00,True,17,0,2.8903717578961645
de,de,ADP,ADP,0.7886818615006483,0.7439947701431047,CCONJ,"ADP: 0.79, CCONJ: 0.21",True,27784,0,10.232251585714021
le,le,DET,DET,0.8207496286735718,0.8327615029897053,ADP,"DET: 0.82, ADP: 0.15",True,38293,0,10.55304850493315
Sahara,Sahara,PROPN,PROPN,0.0,0.0,NOUN,NOUN: 1.00,True,41,0,3.7376696182833684
occidental,occidental,ADJ,ADJ,0.4954761699901536,1.3277582654061977,NUM,"ADJ: 0.50, NUM: 0.42, PROPN: 0.08",True,62,0,4.143134726391533
être,est,AUX,AUX,0.4687470215317024,1.7986756264740116,SCONJ,"AUX: 0.47, SCONJ: 0.23, ADV: 0.20, CCONJ: 0.10",True,8404,0,9.036582045842716
le,l',DET,DET,0.8207496286735718,0.8327615029897053,ADP,"DET: 0.82, ADP: 0.15",True,38293,0,10.55304850493315
objet,objet,NOUN,NOUN,1.0,0.0,,NOUN: 1.00,True,56,0,4.04305126783455
de,de,ADP,ADP,0.7886818615006483,0.7439947701431047,CCONJ,"ADP: 0.79, CCONJ: 0.21",True,27784,0,10.232251585714021
divers,diverses,ADJ,DET,0.5180380963369349,0.9990609684531243,NUM,"ADJ: 0.52, NUM: 0.48",True,27,1,3.332204510175204
atteinte,atteintes,NOUN,NOUN,,,,,True,7,0,2.0794415416798357
à,à,ADP,ADP,1.0,0.0,,ADP: 1.00,True,9366,0,9.14494815320913
le,les,DET,DET,0.8207496286735718,0.8327615029897053,ADP,"DET: 0.82, ADP: 0.15",True,38293,0,10.55304850493315
droit,droits,NOUN,NOUN,1.0,0.0,,NOUN: 1.00,True,184,0,5.220355825078324
humain,humains,ADJ,ADJ,1.0,0.0,,ADJ: 1.00,True,51,0,3.9512437185814275
",",",",PUNCT,PUNCT,,,,,True,16599,0,9.717157974344635
comme,comme,ADP,ADP,0.884348973672223,0.5167293038082115,CCONJ,"ADP: 0.88, CCONJ: 0.12",True,472,0,6.159095388491933
le,la,DET,DET,0.8207496286735718,0.8327615029897053,ADP,"DET: 0.82, ADP: 0.15",True,38293,0,10.55304850493315
détention,détention,NOUN,NOUN,,,,,True,8,0,2.1972245773362196
arbitraire,arbitraire,ADJ,ADJ,,,,,True,2,0,1.0986122886681098
",",",",PUNCT,PUNCT,,,,,True,16599,0,9.717157974344635
le,les,DET,DET,0.8207496286735718,0.8327615029897053,ADP,"DET: 0.82, ADP: 0.15",True,38293,0,10.55304850493315
coup,coups,NOUN,NOUN,1.0,0.0,,NOUN: 1.00,True,54,0,4.007333185232471
et,et,CCONJ,CCONJ,0.25644065667983523,1.7170903132548632,SCONJ,"SCONJ: 0.43, ADP: 0.28, CCONJ: 0.26",True,7215,0,8.88405606174246
le,les,DET,DET,0.8207496286735718,0.8327615029897053,ADP,"DET: 0.82, ADP: 0.15",True,38293,0,10.55304850493315
torture,tortures,NOUN,NOUN,,,,,False,0,0,0.0
»,»,PUNCT,PUNCT,,,,,True,814,0,6.703188113240863
",",",",PUNCT,PUNCT,,,,,True,16599,0,9.717157974344635
écrire,écrit,VERB,VERB,1.0,0.0,,VERB: 1.00,True,107,0,4.68213122712422
le,l',DET,DET,0.8207496286735718,0.8327615029897053,ADP,"DET: 0.82, ADP: 0.15",True,38293,0,10.55304850493315
ONG,ONG,NOUN,NOUN,,,,,True,8,0,2.1972245773362196
international,internationale,ADJ,ADJ,1.0,0.0,,ADJ: 1.00,True,145,0,4.983606621708336
",",",",PUNCT,PUNCT,,,,,True,16599,0,9.717157974344635
implanter,implantée,VERB,VERB,0.9293416244139936,0.3683757903492162,ADJ,"VERB: 0.93, ADJ: 0.07",True,16,0,2.833213344056216
dans,dans,ADP,ADP,1.0,0.0,,ADP: 1.00,True,2779,0,7.930206206684683
35,35,NUM,NUM,0.209923167773379,0.7413358522779963,DET,"DET: 0.79, NUM: 0.21",True,14,0,2.70805020110221
pays,pays,NOUN,NOUN,1.0,0.0,,NOUN: 1.00,True,251,0,5.529429087511423
",",",",PUNCT,PUNCT,,,,,True,16599,0,9.717157974344635
citer,citée,VERB,VERB,1.0,0.0,,VERB: 1.00,True,27,0,3.332204510175204
par,par,ADP,ADP,1.0,0.0,,ADP: 1.00,True,2183,0,7.688913336864796
le,l',DET,DET,0.8207496286735718,0.8327615029897053,ADP,"DET: 0.82, ADP: 0.15",True,38293,0,10.55304850493315
agence,agence,NOUN,NOUN,1.0,0.0,,NOUN: 1.00,True,46,0,3.8501476017100584
de,de,ADP,ADP,0.7886818615006483,0.7439947701431047,CCONJ,"ADP: 0.79, CCONJ: 0.21",True,27784,0,10.232251585714021
presse,presse,NOUN,NOUN,0.31423178009069613,0.8979980791112208,PROPN,"PROPN: 0.69, NOUN: 0.31",True,40,0,3.713572066704308
sahraoui,sahraouie,ADJ,ADJ,1.0,0.0,,ADJ: 1.00,True,26,0,3.295836866004329
.,.,PUNCT,PUNCT,,,,,True,13366,0,9.500544261971474
1er,1er,NUM,ADJ,1.0,0.0,,NUM: 1.00,True,36,1,3.6109179126442243
:,:,PUNCT,PUNCT,,,,,True,739,0,6.606650186198215
début,début,NOUN,NOUN,1.0,0.0,,NOUN: 1.00,True,130,0,4.875197323201151
de,de,ADP,ADP,0.7886818615006483,0.7439947701431047,CCONJ,"ADP: 0.79, CCONJ: 0.21",True,27784,0,10.232251585714021
le,la,DET,DET,0.8207496286735718,0.8327615029897053,ADP,"DET: 0.82, ADP: 0.15",True,38293,0,10.55304850493315
présidence,présidence,NOUN,NOUN,1.0,0.0,,NOUN: 1.00,True,11,0,2.4849066497880004
lituanien,lituanienne,ADJ,ADJ,,,,,True,2,0,1.0986122886681098
de,de,ADP,ADP,0.7886818615006483,0.7439947701431047,CCONJ,"ADP: 0.79, CCONJ: 0.21",True,27784,0,10.232251585714021
le,l',DET,DET,0.8207496286735718,0.8327615029897053,ADP,"DET: 0.82, ADP: 0.15",True,38293,0,10.55304850493315
organisation,Organisation,NOUN,NOUN,1.0,0.0,,NOUN: 1.00,True,77,0,4.356708826689592
pour,pour,ADP,ADP,0.7890790430468303,0.7432394314397186,CCONJ,"ADP: 0.79, CCONJ: 0.21",True,2242,0,7.715569534520208
le,la,DET,DET,0.8207496286735718,0.8327615029897053,ADP,"DET: 0.82, ADP: 0.15",True,38293,0,10.55304850493315
sécurité,Sécurité,NOUN,NOUN,0.5052247925977241,0.9999212318674002,PROPN,"NOUN: 0.51, PROPN: 0.49",True,59,0,4.0943445622221
et,et,CCONJ,CCONJ,0.25644065667983523,1.7170903132548632,SCONJ,"SCONJ: 0.43, ADP: 0.28, CCONJ: 0.26",True,7215,0,8.88405606174246
le,la,DET,DET,0.8207496286735718,0.8327615029897053,ADP,"DET: 0.82, ADP: 0.15",True,38293,0,10.55304850493315
coopération,Coopération,NOUN,NOUN,1.0,0.0,,NOUN: 1.00,True,17,0,2.8903717578961645
en,en,ADP,ADP,0.21695278762461512,1.4815638486393006,DET,"DET: 0.51, CCONJ: 0.27, ADP: 0.22",True,5233,0,8.562931083090092
Europe,Europe,PROPN,PROPN,0.9431808609821591,0.31468648375912217,NOUN,"PROPN: 0.94, NOUN: 0.06",True,109,0,4.700480365792417
(,(,PUNCT,PUNCT,,,,,True,2211,0,7.701652362642226
OSCE,OSCE,PROPN,PROPN,,,,,False,0,0,0.0
),),PUNCT,PUNCT,,,,,True,2204,0,7.6984827878809465
(,(,PUNCT,PUNCT,,,,,True,2211,0,7.701652362642226
jusque,jusqu',ADP,ADP,0.045125702997240974,1.523668886477906,CCONJ,"CCONJ: 0.58, SCONJ: 0.25, ADV: 0.12",True,223,0,5.4116460518550396
à,à,ADP,ADP,1.0,0.0,,ADP: 1.00,True,9366,0,9.14494815320913
le,le,DET,DET,0.8207496286735718,0.8327615029897053,ADP,"DET: 0.82, ADP: 0.15",True,38293,0,10.55304850493315
31,31,NUM,NUM,1.0,0.0,,NUM: 1.00,True,39,0,3.6888794541139363
décembre,décembre,NOUN,NOUN,1.0,0.0,,NOUN: 1.00,True,108,0,4.6913478822291435
),),PUNCT,PUNCT,,,,,True,2204,0,7.6984827878809465
",",",",PUNCT,PUNCT,,,,,True,16599,0,9.717157974344635
avant,avant,ADP,ADP,0.8879481521664462,0.5060740972167108,CCONJ,"ADP: 0.89, CCONJ: 0.11",True,144,0,4.976733742420574
le,l',DET,DET,0.8207496286735718,0.8327615029897053,ADP,"DET: 0.82, ADP: 0.15",True,38293,0,10.55304850493315
Irlande,Irlande,PROPN,PROPN,0.9635512733421282,0.22576579033443525,NOUN,PROPN: 0.96,True,19,0,2.995732273553991
(,(,PUNCT,PUNCT,,,,,True,2211,0,7.701652362642226
2012,2012,NUM,NUM,0.9187557460241279,0.44094144699612764,ADJ,"NUM: 0.92, ADJ: 0.07",True,47,0,3.871201010907891
),),PUNCT,PUNCT,,,,,True,2204,0,7.6984827878809465
et,et,CCONJ,CCONJ,0.25644065667983523,1.7170903132548632,SCONJ,"SCONJ: 0.43, ADP: 0.28, CCONJ: 0.26",True,7215,0,8.88405606174246
le,l',DET,DET,0.8207496286735718,0.8327615029897053,ADP,"DET: 0.82, ADP: 0.15",True,38293,0,10.55304850493315
Ukraine,Ukraine,PROPN,PROPN,,,,,True,2,0,1.0986122886681098
(,(,PUNCT,PUNCT,,,,,True,2211,0,7.701652362642226
2013,2013,NUM,NUM,,,,,True,8,0,2.1972245773362196
),),PUNCT,PUNCT,,,,,True,2204,0,7.6984827878809465
.,.,PUNCT,PUNCT,,,,,True,13366,0,9.500544261971474
et,Et,CCONJ,CCONJ,0.25644065667983523,1.7170903132548632,SCONJ,"SCONJ: 0.43, ADP: 0.28, CCONJ: 0.26",True,7215,0,8.88405606174246
pourtant,pourtant,ADV,ADV,1.0,0.0,,ADV: 1.00,True,23,0,3.1780538303479458
",",",",PUNCT,PUNCT,,,,,True,16599,0,9.717157974344635
lors,lors,ADV,ADV,0.5184561214690955,1.5275209353939645,PRON,"ADV: 0.52, PRON: 0.25, VERB: 0.23",True,286,0,5.659482215759621
de,de,ADP,ADP,0.7886818615006483,0.7439947701431047,CCONJ,"ADP: 0.79, CCONJ: 0.21",True,27784,0,10.232251585714021
son,sa,DET,DET,0.8481722905876147,0.863954061477403,CCONJ,"DET: 0.85, CCONJ: 0.08",True,3876,0,8.262816937670928
premier,première,ADJ,ADJ,1.0,0.0,,ADJ: 1.00,True,675,0,6.516193076042964
visite,visite,NOUN,NOUN,1.0,0.0,,NOUN: 1.00,True,37,0,3.6375861597263857
en,en,ADP,ADP,0.21695278762461512,1.4815638486393006,DET,"DET: 0.51, CCONJ: 0.27, ADP: 0.22",True,5233,0,8.562931083090092
Afrique,Afrique,PROPN,PROPN,0.31683746610707475,0.9009091058654913,NOUN,"NOUN: 0.68, PROPN: 0.32",True,47,0,3.871201010907891
subsaharien,subsaharienne,ADJ,ADJ,,,,,True,1,0,0.6931471805599453
",",",",PUNCT,PUNCT,,,,,True,16599,0,9.717157974344635
le,l',DET,DET,0.8207496286735718,0.8327615029897053,ADP,"DET: 0.82, ADP: 0.15",True,38293,0,10.55304850493315
été,été,NOUN,NOUN,0.6829806503618076,0.9011106109606802,PROPN,"NOUN: 0.68, PROPN: 0.32",True,51,0,3.9512437185814275
2007,2007,NUM,NUM,1.0,0.0,,NUM: 1.00,True,83,0,4.430816798843313
",",",",PUNCT,PUNCT,,,,,True,16599,0,9.717157974344635
lui,il,PRON,PRON,0.7173975220804439,1.0427392110337699,CCONJ,"PRON: 0.72, CCONJ: 0.24",True,5436,0,8.600982717145921
montrer,montre,VERB,VERB,1.0,0.0,,VERB: 1.00,True,56,0,4.04305126783455
le,les,DET,DET,0.8207496286735718,0.8327615029897053,ADP,"DET: 0.82, ADP: 0.15",True,38293,0,10.55304850493315
dent,dents,NOUN,NOUN,,,,,True,5,0,1.791759469228055
dans,dans,ADP,ADP,1.0,0.0,,ADP: 1.00,True,2779,0,7.930206206684683
un,un,DET,DET,0.7741737557418163,1.1225809040946326,ADP,"DET: 0.77, ADP: 0.11, CCONJ: 0.09",True,8933,0,9.097619501912064
discours,discours,NOUN,NOUN,1.0,0.0,,NOUN: 1.00,True,16,0,2.833213344056216
humilier,humiliant,VERB,ADJ,,,,,True,1,1,0.6931471805599453
pour,pour,ADP,ADP,0.7890790430468303,0.7432394314397186,CCONJ,"ADP: 0.79, CCONJ: 0.21",True,2242,0,7.715569534520208
le,les,DET,DET,0.8207496286735718,0.8327615029897053,ADP,"DET: 0.82, ADP: 0.15",True,38293,0,10.55304850493315
Africains,Africains,PROPN,NOUN,,,,,False,0,1,0.0
",",",",PUNCT,PUNCT,,,,,True,16599,0,9.717157974344635
prononcer,prononcé,VERB,VERB,1.0,0.0,,VERB: 1.00,True,20,0,3.044522437723423
à,à,ADP,ADP,1.0,0.0,,ADP: 1.00,True,9366,0,9.14494815320913
le,l',DET,DET,0.8207496286735718,0.8327615029897053,ADP,"DET: 0.82, ADP: 0.15",True,38293,0,10.55304850493315
université,Université,NOUN,NOUN,1.0,0.0,,NOUN: 1.00,True,100,0,4.61512051684126
Cheikh,Cheikh,PROPN,PROPN,,,,,True,1,0,0.6931471805599453
Anta,Anta,PROPN,PROPN,,,,,False,0,0,0.0
Diop,Diop,PROPN,PROPN,,,,,False,0,0,0.0
de,de,ADP,ADP,0.7886818615006483,0.7439947701431047,CCONJ,"ADP: 0.79, CCONJ: 0.21",True,27784,0,10.232251585714021
Dakar,Dakar,PROPN,PROPN,,,,,True,2,0,1.0986122886681098
.,.,PUNCT,PUNCT,,,,,True,13366,0,9.500544261971474
le,Les,DET,DET,0.8207496286735718,0.8327615029897053,ADP,"DET: 0.82, ADP: 0.15",True,38293,0,10.55304850493315
spéculation,spéculations,NOUN,NOUN,,,,,True,6,0,1.9459101490553132
autour,autour,ADV,ADV,0.23788039627963264,1.2325783380768334,PRON,"PRON: 0.68, ADV: 0.24",True,62,0,4.143134726391533
de,de,ADP,ADP,0.7886818615006483,0.7439947701431047,CCONJ,"ADP: 0.79, CCONJ: 0.21",True,27784,0,10.232251585714021
le,le,DET,DET,0.8207496286735718,0.8327615029897053,ADP,"DET: 0.82, ADP: 0.15",True,38293,0,10.55304850493315
match,match,NOUN,NOUN,1.0,0.0,,NOUN: 1.00,True,133,0,4.897839799950911
être,sont,AUX,AUX,0.4687470215317024,1.7986756264740116,SCONJ,"AUX: 0.47, SCONJ: 0.23, ADV: 0.20, CCONJ: 0.10",True,8404,0,9.036582045842716
à,à,ADP,ADP,1.0,0.0,,ADP: 1.00,True,9366,0,9.14494815320913
son,leur,DET,DET,0.8481722905876147,0.863954061477403,CCONJ,"DET: 0.85, CCONJ: 0.08",True,3876,0,8.262816937670928
paroxysme,paroxysme,NOUN,NOUN,,,,,False,0,0,0.0
.,.,PUNCT,PUNCT,,,,,True,13366,0,9.500544261971474
eux,Ils,PRON,PRON,0.9444374542892673,0.30957200047813255,ADV,"PRON: 0.94, ADV: 0.06",True,467,0,6.148468295917647
ne,ne,ADV,ADV,0.03110691420199771,0.7244015123648279,PRON,"PRON: 0.85, CCONJ: 0.12",True,1435,0,7.269616749608169
citer,citent,VERB,VERB,1.0,0.0,,VERB: 1.00,True,27,0,3.332204510175204
pas,pas,ADV,ADV,1.0,0.0,,ADV: 1.00,True,893,0,6.795705775173514
son,son,DET,DET,0.8481722905876147,0.863954061477403,CCONJ,"DET: 0.85, CCONJ: 0.08",True,3876,0,8.262816937670928
nom,nom,NOUN,NOUN,1.0,0.0,,NOUN: 1.00,True,268,0,5.594711379601839
",",",",PUNCT,PUNCT,,,,,True,16599,0,9.717157974344635
parce,parce,ADV,ADV,,,,,True,33,0,3.5263605246161616
que,que,SCONJ,SCONJ,0.6915510664276248,1.397369454710615,CCONJ,"SCONJ: 0.69, CCONJ: 0.17, PRON: 0.06, ADV: 0.05",True,1979,0,7.590852123688581
depuis,depuis,ADP,ADP,0.8904909671962399,0.49843327450209446,CCONJ,"ADP: 0.89, CCONJ: 0.11",True,283,0,5.648974238161206
le,les,DET,DET,0.8207496286735718,0.8327615029897053,ADP,"DET: 0.82, ADP: 0.15",True,38293,0,10.55304850493315
institution,institutions,NOUN,NOUN,1.0,0.0,,NOUN: 1.00,True,31,0,3.4657359027997265
on,on,PRON,PRON,0.5432191123278096,1.5995967780630704,SCONJ,"PRON: 0.54, SCONJ: 0.23, CCONJ: 0.19",True,554,0,6.318968113746434
ne,n',ADV,ADV,0.03110691420199771,0.7244015123648279,PRON,"PRON: 0.85, CCONJ: 0.12",True,1435,0,7.269616749608169
attaquer,attaque,VERB,VERB,1.0,0.0,,VERB: 1.00,True,29,0,3.4011973816621555
pas,pas,ADV,ADV,1.0,0.0,,ADV: 1.00,True,893,0,6.795705775173514
un,un,DET,DET,0.7741737557418163,1.1225809040946326,ADP,"DET: 0.77, ADP: 0.11, CCONJ: 0.09",True,8933,0,9.097619501912064
membre,membre,NOUN,NOUN,0.36691210477793945,0.9482715834326781,PRON,"PRON: 0.63, NOUN: 0.37",True,130,0,4.875197323201151
de,de,ADP,ADP,0.7886818615006483,0.7439947701431047,CCONJ,"ADP: 0.79, CCONJ: 0.21",True,27784,0,10.232251585714021
le,la,DET,DET,0.8207496286735718,0.8327615029897053,ADP,"DET: 0.82, ADP: 0.15",True,38293,0,10.55304850493315
famille,famille,NOUN,NOUN,1.0,0.0,,NOUN: 1.00,True,225,0,5.420534999272286
royal,royale,ADJ,ADJ,1.0,0.0,,ADJ: 1.00,True,36,0,3.6109179126442243
",",",",PUNCT,PUNCT,,,,,True,16599,0,9.717157974344635
mais,mais,CCONJ,CCONJ,0.15469195513464806,1.2293580521348002,SCONJ,"SCONJ: 0.72, CCONJ: 0.15, PRON: 0.09",True,734,0,6.5998704992128365
ce,c',PRON,PRON,0.959635480454852,0.243961008701331,ADV,PRON: 0.96,True,855,0,6.752270376141742
être,est,AUX,AUX,0.4687470215317024,1.7986756264740116,SCONJ,"AUX: 0.47, SCONJ: 0.23, ADV: 0.20, CCONJ: 0.10",True,8404,0,9.036582045842716
à,à,ADP,ADP,1.0,0.0,,ADP: 1.00,True,9366,0,9.14494815320913
lui,lui,PRON,PRON,0.7173975220804439,1.0427392110337699,CCONJ,"PRON: 0.72, CCONJ: 0.24",True,5436,0,8.600982717145921
que,qu',SCONJ,SCONJ,0.6915510664276248,1.397369454710615,CCONJ,"SCONJ: 0.69, CCONJ: 0.17, PRON: 0.06, ADV: 0.05",True,1979,0,7.590852123688581
lui,ils,PRON,PRON,0.7173975220804439,1.0427392110337699,CCONJ,"PRON: 0.72, CCONJ: 0.24",True,5436,0,8.600982717145921
soi,s',PRON,PRON,0.8260631963800735,0.8193543183609986,CCONJ,"PRON: 0.83, CCONJ: 0.12, ADV: 0.05",True,2063,0,7.6324011266014535
en,en,PRON,PRON,0.8274129668391818,0.8153940727922449,CCONJ,"PRON: 0.83, CCONJ: 0.12, ADV: 0.05",True,246,0,5.5093883366279774
prendre,prennent,VERB,VERB,1.0,0.0,,VERB: 1.00,True,287,0,5.662960480135946
.,.,PUNCT,PUNCT,,,,,True,13366,0,9.500544261971474
lui,Il,PRON,PRON,0.7173975220804439,1.0427392110337699,CCONJ,"PRON: 0.72, CCONJ: 0.24",True,5436,0,8.600982717145921
y,y,PRON,PRON,0.8287336305823229,0.8120222571975413,CCONJ,"PRON: 0.83, CCONJ: 0.12, ADV: 0.05",True,464,0,6.142037405587356
en,en,PRON,PRON,0.8274129668391818,0.8153940727922449,CCONJ,"PRON: 0.83, CCONJ: 0.12, ADV: 0.05",True,246,0,5.5093883366279774
avoir,a,VERB,VERB,1.0,0.0,,VERB: 1.00,True,784,0,6.665683717782408
qui,qui,PRON,PRON,0.8171669946022245,0.8424411100711472,CCONJ,"PRON: 0.82, CCONJ: 0.13, ADV: 0.05",True,1916,0,7.558516743045645
croire,croient,VERB,VERB,1.0,0.0,,VERB: 1.00,True,29,0,3.4011973816621555
toujours,toujours,ADV,ADV,1.0,0.0,,ADV: 1.00,True,120,0,4.795790545596741
que,qu',SCONJ,SCONJ,0.6915510664276248,1.397369454710615,CCONJ,"SCONJ: 0.69, CCONJ: 0.17, PRON: 0.06, ADV: 0.05",True,1979,0,7.590852123688581
lui,ils,PRON,PRON,0.7173975220804439,1.0427392110337699,CCONJ,"PRON: 0.72, CCONJ: 0.24",True,5436,0,8.600982717145921
pouvoir,peuvent,VERB,VERB,0.9326172400615902,0.3560798311098319,ADJ,"VERB: 0.93, ADJ: 0.07",True,599,0,6.396929655216146
jouir,jouir,VERB,VERB,,,,,True,6,0,1.9459101490553132
de,de,ADP,ADP,0.7886818615006483,0.7439947701431047,CCONJ,"ADP: 0.79, CCONJ: 0.21",True,27784,0,10.232251585714021
le,la,DET,DET,0.8207496286735718,0.8327615029897053,ADP,"DET: 0.82, ADP: 0.15",True,38293,0,10.55304850493315
vie,vie,NOUN,NOUN,1.0,0.0,,NOUN: 1.00,True,133,0,4.897839799950911
en,en,ADP,ADP,0.21695278762461512,1.4815638486393006,DET,"DET: 0.51, CCONJ: 0.27, ADP: 0.22",True,5233,0,8.562931083090092
tout,toute,DET,DET,0.9418784902958206,0.4061753301469583,ADP,DET: 0.94,True,119,0,4.787491742782046
tranquillité,tranquillité,NOUN,NOUN,,,,,True,2,0,1.0986122886681098
de,de,ADP,ADP,0.7886818615006483,0.7439947701431047,CCONJ,"ADP: 0.79, CCONJ: 0.21",True,27784,0,10.232251585714021
conscience,conscience,NOUN,NOUN,1.0,0.0,,NOUN: 1.00,True,12,0,2.5649493574615367
et,et,CCONJ,CCONJ,0.25644065667983523,1.7170903132548632,SCONJ,"SCONJ: 0.43, ADP: 0.28, CCONJ: 0.26",True,7215,0,8.88405606174246
commettre,commettre,VERB,VERB,1.0,0.0,,VERB: 1.00,True,11,0,2.4849066497880004
tel,telle,DET,DET,,,,,True,10,0,2.3978952727983707
ou,ou,CCONJ,CCONJ,0.514848916000412,0.9993637059064465,ADP,"CCONJ: 0.51, ADP: 0.49",True,802,0,6.688354713946762
tel,telle,DET,ADJ,,,,,True,10,1,2.3978952727983707
indélicatesse,indélicatesse,NOUN,NOUN,,,,,False,0,0,0.0
",",",",PUNCT,PUNCT,,,,,True,16599,0,9.717157974344635
tel,telle,DET,DET,,,,,True,10,0,2.3978952727983707
ou,ou,CCONJ,CCONJ,0.514848916000412,0.9993637059064465,ADP,"CCONJ: 0.51, ADP: 0.49",True,802,0,6.688354713946762
tel,telle,DET,DET,,,,,True,10,0,2.3978952727983707
grossièreté,grossièreté,NOUN,NOUN,,,,,False,0,0,0.0
",",",",PUNCT,PUNCT,,,,,True,16599,0,9.717157974344635
en,en,ADP,ADP,0.21695278762461512,1.4815638486393006,DET,"DET: 0.51, CCONJ: 0.27, ADP: 0.22",True,5233,0,8.562931083090092
tout,toute,DET,DET,0.9418784902958206,0.4061753301469583,ADP,DET: 0.94,True,119,0,4.787491742782046
sécurité,sécurité,NOUN,NOUN,0.5052247925977241,0.9999212318674002,PROPN,"NOUN: 0.51, PROPN: 0.49",True,59,0,4.0943445622221
",",",",PUNCT,PUNCT,,,,,True,16599,0,9.717157974344635
parce,parce,ADV,ADV,,,,,True,33,0,3.5263605246161616
que,que,SCONJ,SCONJ,0.6915510664276248,1.397369454710615,CCONJ,"SCONJ: 0.69, CCONJ: 0.17, PRON: 0.06, ADV: 0.05",True,1979,0,7.590852123688581
son,leur,DET,DET,0.8481722905876147,0.863954061477403,CCONJ,"DET: 0.85, CCONJ: 0.08",True,3876,0,8.262816937670928
cœur,coeur,NOUN,NOUN,1.0,0.0,,NOUN: 1.00,True,43,0,3.784189633918261
être,serait,AUX,AUX,0.4687470215317024,1.7986756264740116,SCONJ,"AUX: 0.47, SCONJ: 0.23, ADV: 0.20, CCONJ: 0.10",True,8404,0,9.036582045842716
comme,comme,ADP,ADP,0.884348973672223,0.5167293038082115,CCONJ,"ADP: 0.88, CCONJ: 0.12",True,472,0,6.159095388491933
le,les,DET,DET,0.8207496286735718,0.8327615029897053,ADP,"DET: 0.82, ADP: 0.15",True,38293,0,10.55304850493315
montre,montres,NOUN,NOUN,,,,,True,1,0,0.6931471805599453
:,:,PUNCT,PUNCT,,,,,True,739,0,6.606650186198215
100,100,NUM,NUM,1.0,0.0,,NUM: 1.00,True,30,0,3.4339872044851463
%,%,SYM,SYM,,,,,True,249,0,5.521460917862246
waterproof,Waterproof,ADJ,PROPN,,,,,False,0,1,0.0
.,.,PUNCT,PUNCT,,,,,True,13366,0,9.500544261971474
son,Son,DET,DET,0.8481722905876147,0.863954061477403,CCONJ,"DET: 0.85, CCONJ: 0.08",True,3876,0,8.262816937670928
discours,discours,NOUN,NOUN,1.0,0.0,,NOUN: 1.00,True,16,0,2.833213344056216
",",",",PUNCT,PUNCT,,,,,True,16599,0,9.717157974344635
inspirer,inspiré,VERB,VERB,1.0,0.0,,VERB: 1.00,True,30,0,3.4339872044851463
de,d',ADP,ADP,0.7886818615006483,0.7439947701431047,CCONJ,"ADP: 0.79, CCONJ: 0.21",True,27784,0,10.232251585714021
un,une,DET,DET,0.7741737557418163,1.1225809040946326,ADP,"DET: 0.77, ADP: 0.11, CCONJ: 0.09",True,8933,0,9.097619501912064
pensée,pensée,NOUN,NOUN,1.0,0.0,,NOUN: 1.00,True,16,0,2.833213344056216
de,de,ADP,ADP,0.7886818615006483,0.7439947701431047,CCONJ,"ADP: 0.79, CCONJ: 0.21",True,27784,0,10.232251585714021
le,le,DET,DET,0.8207496286735718,0.8327615029897053,ADP,"DET: 0.82, ADP: 0.15",True,38293,0,10.55304850493315
moyen-âge,Moyen-âge,NOUN,PROPN,,,,,False,0,1,0.0
",",",",PUNCT,PUNCT,,,,,True,16599,0,9.717157974344635
avoir,a,AUX,AUX,0.7537049139623345,0.8053529913575782,ADV,"AUX: 0.75, ADV: 0.25",True,2935,0,7.984803389734406
trouver,trouvé,VERB,VERB,1.0,0.0,,VERB: 1.00,True,246,0,5.5093883366279774
preneur,preneur,NOUN,NOUN,,,,,True,3,0,1.3862943611198906
.,.,PUNCT,PUNCT,,,,,True,13366,0,9.500544261971474
pour,Pour,ADP,ADP,0.7890790430468303,0.7432394314397186,CCONJ,"ADP: 0.79, CCONJ: 0.21",True,2242,0,7.715569534520208
lui,lui,PRON,PRON,0.7173975220804439,1.0427392110337699,CCONJ,"PRON: 0.72, CCONJ: 0.24",True,5436,0,8.600982717145921
",",",",PUNCT,PUNCT,,,,,True,16599,0,9.717157974344635
moi,je,PRON,PRON,0.7120466284894749,1.0523675190710984,CCONJ,"PRON: 0.71, CCONJ: 0.24",True,621,0,6.432940092739179
croire,crois,VERB,VERB,1.0,0.0,,VERB: 1.00,True,29,0,3.4011973816621555
vraiment,vraiment,ADV,ADV,1.0,0.0,,ADV: 1.00,True,61,0,4.127134385045092
que,que,SCONJ,SCONJ,0.6915510664276248,1.397369454710615,CCONJ,"SCONJ: 0.69, CCONJ: 0.17, PRON: 0.06, ADV: 0.05",True,1979,0,7.590852123688581
le,l',DET,DET,0.8207496286735718,0.8327615029897053,ADP,"DET: 0.82, ADP: 0.15",True,38293,0,10.55304850493315
essentiel,essentiel,NOUN,NOUN,1.0,0.0,,NOUN: 1.00,True,13,0,2.6390573296152584
être,est,VERB,AUX,1.0,0.0,,VERB: 1.00,True,139,1,4.941642422609304
ailleurs,ailleurs,ADV,ADV,0.7033367033987331,1.1047958076098205,PRON,"ADV: 0.70, PRON: 0.25",True,102,0,4.634728988229636
",",",",PUNCT,PUNCT,,,,,True,16599,0,9.717157974344635
dans,dans,ADP,ADP,1.0,0.0,,ADP: 1.00,True,2779,0,7.930206206684683
ce,cette,DET,DET,0.8764141494570885,0.6891209831462356,ADP,"DET: 0.88, ADP: 0.08",True,1960,0,7.581209826196346
contribution,contribution,NOUN,NOUN,1.0,0.0,,NOUN: 1.00,True,13,0,2.6390573296152584
à,à,ADP,ADP,1.0,0.0,,ADP: 1.00,True,9366,0,9.14494815320913
le,la,DET,DET,0.8207496286735718,0.8327615029897053,ADP,"DET: 0.82, ADP: 0.15",True,38293,0,10.55304850493315
déstabilisation,déstabilisation,NOUN,NOUN,,,,,False,0,0,0.0
de,de,ADP,ADP,0.7886818615006483,0.7439947701431047,CCONJ,"ADP: 0.79, CCONJ: 0.21",True,27784,0,10.232251585714021
le,l',DET,DET,0.8207496286735718,0.8327615029897053,ADP,"DET: 0.82, ADP: 0.15",True,38293,0,10.55304850493315
autorité,autorité,NOUN,NOUN,1.0,0.0,,NOUN: 1.00,True,51,0,3.9512437185814275
spirituel,spirituelle,ADJ,ADJ,1.0,0.0,,ADJ: 1.00,True,13,0,2.6390573296152584
de,de,ADP,ADP,0.7886818615006483,0.7439947701431047,CCONJ,"ADP: 0.79, CCONJ: 0.21",True,27784,0,10.232251585714021
le,le,DET,DET,0.8207496286735718,0.8327615029897053,ADP,"DET: 0.82, ADP: 0.15",True,38293,0,10.55304850493315
pape,pape,NOUN,NOUN,0.6851299352548818,0.8987153553812444,PROPN,"NOUN: 0.69, PROPN: 0.31",True,31,0,3.4657359027997265
que,que,PRON,PRON,0.11611059889321292,1.238361633076011,SCONJ,"SCONJ: 0.71, CCONJ: 0.15, PRON: 0.12",True,430,0,6.066108090103747
vous,vous,PRON,PRON,0.9418283110194323,0.32014404178062034,ADV,"PRON: 0.94, ADV: 0.06",True,252,0,5.53338948872752
évoquer,évoquez,VERB,VERB,1.0,0.0,,VERB: 1.00,True,24,0,3.2188758248682006
.,.,PUNCT,PUNCT,,,,,True,13366,0,9.500544261971474
être,Est,AUX,AUX,0.4687470215317024,1.7986756264740116,SCONJ,"AUX: 0.47, SCONJ: 0.23, ADV: 0.20, CCONJ: 0.10",True,8404,0,9.036582045842716
ce,-ce,PRON,PRON,0.959635480454852,0.243961008701331,ADV,PRON: 0.96,True,855,0,6.752270376141742
le,le,DET,DET,0.8207496286735718,0.8327615029897053,ADP,"DET: 0.82, ADP: 0.15",True,38293,0,10.55304850493315
fait,fait,NOUN,NOUN,1.0,0.0,,NOUN: 1.00,True,134,0,4.90527477843843
de,de,ADP,ADP,0.7886818615006483,0.7439947701431047,CCONJ,"ADP: 0.79, CCONJ: 0.21",True,27784,0,10.232251585714021
le,le,DET,DET,0.8207496286735718,0.8327615029897053,ADP,"DET: 0.82, ADP: 0.15",True,38293,0,10.55304850493315
hasard,hasard,NOUN,NOUN,1.0,0.0,,NOUN: 1.00,True,12,0,2.5649493574615367
ou,ou,CCONJ,CCONJ,0.514848916000412,0.9993637059064465,ADP,"CCONJ: 0.51, ADP: 0.49",True,802,0,6.688354713946762
de,d',ADP,ADP,0.7886818615006483,0.7439947701431047,CCONJ,"ADP: 0.79, CCONJ: 0.21",True,27784,0,10.232251585714021
un,une,DET,DET,0.7741737557418163,1.1225809040946326,ADP,"DET: 0.77, ADP: 0.11, CCONJ: 0.09",True,8933,0,9.097619501912064
malédiction,malédiction,NOUN,NOUN,,,,,True,1,0,0.6931471805599453
que,que,SCONJ,PRON,0.6915510664276248,1.397369454710615,CCONJ,"SCONJ: 0.69, CCONJ: 0.17, PRON: 0.06, ADV: 0.05",True,1979,1,7.590852123688581
tout,toute,ADJ,ADJ,0.0,0.0,ADP,ADP: 1.00,True,401,0,5.996452088619021
le,la,DET,DET,0.8207496286735718,0.8327615029897053,ADP,"DET: 0.82, ADP: 0.15",True,38293,0,10.55304850493315
zone,zone,NOUN,NOUN,1.0,0.0,,NOUN: 1.00,True,87,0,4.477336814478207
comprendre,comprise,VERB,VERB,1.0,0.0,,VERB: 1.00,True,108,0,4.6913478822291435
entre,entre,ADP,ADP,0.9951404265427191,0.0443394212917744,ADJ,ADP: 1.00,True,403,0,6.0014148779611505
le,le,DET,DET,0.8207496286735718,0.8327615029897053,ADP,"DET: 0.82, ADP: 0.15",True,38293,0,10.55304850493315
Soudan,Soudan,PROPN,PROPN,,,,,True,4,0,1.6094379124341003
et,et,CCONJ,CCONJ,0.25644065667983523,1.7170903132548632,SCONJ,"SCONJ: 0.43, ADP: 0.28, CCONJ: 0.26",True,7215,0,8.88405606174246
le,la,DET,DET,0.8207496286735718,0.8327615029897053,ADP,"DET: 0.82, ADP: 0.15",True,38293,0,10.55304850493315
Mauritanie,Mauritanie,PROPN,PROPN,,,,,True,10,0,2.3978952727983707
être,soit,AUX,AUX,0.4687470215317024,1.7986756264740116,SCONJ,"AUX: 0.47, SCONJ: 0.23, ADV: 0.20, CCONJ: 0.10",True,8404,0,9.036582045842716
instable,instable,ADJ,ADJ,,,,,True,2,0,1.0986122886681098
?,?,PUNCT,PUNCT,,,,,True,270,0,5.602118820879701
maintenant,Maintenant,ADV,ADV,1.0,0.0,,ADV: 1.00,True,27,0,3.332204510175204
",",",",PUNCT,PUNCT,,,,,True,16599,0,9.717157974344635
avec,avec,ADP,ADP,0.8893781797851439,0.5017887113029871,CCONJ,"ADP: 0.89, CCONJ: 0.11",True,1225,0,7.111512116496157
un,un,DET,DET,0.7741737557418163,1.1225809040946326,ADP,"DET: 0.77, ADP: 0.11, CCONJ: 0.09",True,8933,0,9.097619501912064
peu,peu,ADV,NOUN,1.0,0.0,,ADV: 1.00,True,154,1,5.043425116919247
de,de,ADP,ADP,0.7886818615006483,0.7439947701431047,CCONJ,"ADP: 0.79, CCONJ: 0.21",True,27784,0,10.232251585714021
bon,bonne,ADJ,ADJ,1.0,0.0,,ADJ: 1.00,True,164,0,5.10594547390058
volonté,volonté,NOUN,NOUN,1.0,0.0,,NOUN: 1.00,True,27,0,3.332204510175204
vous,vous,PRON,PRON,0.9418283110194323,0.32014404178062034,ADV,"PRON: 0.94, ADV: 0.06",True,252,0,5.53338948872752
observer,observerez,VERB,VERB,1.0,0.0,,VERB: 1.00,True,27,0,3.332204510175204
que,que,SCONJ,SCONJ,0.6915510664276248,1.397369454710615,CCONJ,"SCONJ: 0.69, CCONJ: 0.17, PRON: 0.06, ADV: 0.05",True,1979,0,7.590852123688581
on,l'on,PRON,PRON,0.5432191123278096,1.5995967780630704,SCONJ,"PRON: 0.54, SCONJ: 0.23, CCONJ: 0.19",True,554,0,6.318968113746434
pouvoir,peut,VERB,VERB,0.9326172400615902,0.3560798311098319,ADJ,"VERB: 0.93, ADJ: 0.07",True,599,0,6.396929655216146
être,être,AUX,AUX,0.4687470215317024,1.7986756264740116,SCONJ,"AUX: 0.47, SCONJ: 0.23, ADV: 0.20, CCONJ: 0.10",True,8404,0,9.036582045842716
traditionaliste,traditionaliste,ADJ,ADJ,,,,,False,0,0,0.0
et,ET,CCONJ,NOUN,0.25644065667983523,1.7170903132548632,SCONJ,"SCONJ: 0.43, ADP: 0.28, CCONJ: 0.26",True,7215,1,8.88405606174246
intégriste,intégriste,ADJ,ADJ,,,,,True,1,0,0.6931471805599453
",",",",PUNCT,PUNCT,,,,,True,16599,0,9.717157974344635
mais,mais,CCONJ,CCONJ,0.15469195513464806,1.2293580521348002,SCONJ,"SCONJ: 0.72, CCONJ: 0.15, PRON: 0.09",True,734,0,6.5998704992128365
que,que,SCONJ,SCONJ,0.6915510664276248,1.397369454710615,CCONJ,"SCONJ: 0.69, CCONJ: 0.17, PRON: 0.06, ADV: 0.05",True,1979,0,7.590852123688581
le,les,DET,DET,0.8207496286735718,0.8327615029897053,ADP,"DET: 0.82, ADP: 0.15",True,38293,0,10.55304850493315
intégriste,intégristes,NOUN,NOUN,,,,,False,0,0,0.0
ne,n',ADV,ADV,0.03110691420199771,0.7244015123648279,PRON,"PRON: 0.85, CCONJ: 0.12",True,1435,0,7.269616749608169
avoir,ont,VERB,VERB,1.0,0.0,,VERB: 1.00,True,784,0,6.665683717782408
pas,pas,ADV,ADV,1.0,0.0,,ADV: 1.00,True,893,0,6.795705775173514
le,le,DET,DET,0.8207496286735718,0.8327615029897053,ADP,"DET: 0.82, ADP: 0.15",True,38293,0,10.55304850493315
monopole,monopole,NOUN,NOUN,,,,,True,4,0,1.6094379124341003
de,de,ADP,ADP,0.7886818615006483,0.7439947701431047,CCONJ,"ADP: 0.79, CCONJ: 0.21",True,27784,0,10.232251585714021
le,le,DET,DET,0.8207496286735718,0.8327615029897053,ADP,"DET: 0.82, ADP: 0.15",True,38293,0,10.55304850493315
traditionalisme,traditionalisme,NOUN,NOUN,,,,,False,0,0,0.0
",",",",PUNCT,PUNCT,,,,,True,16599,0,9.717157974344635
et,et,CCONJ,CCONJ,0.25644065667983523,1.7170903132548632,SCONJ,"SCONJ: 0.43, ADP: 0.28, CCONJ: 0.26",True,7215,0,8.88405606174246
réciproquement,réciproquement,ADV,ADV,,,,,True,1,0,0.6931471805599453
.,.,PUNCT,PUNCT,,,,,True,13366,0,9.500544261971474
royal,Royale,ADJ,PROPN,1.0,0.0,,ADJ: 1.00,True,36,1,3.6109179126442243
donc,donc,ADV,ADV,1.0,0.0,,ADV: 1.00,True,155,0,5.049856007249537
",",",",PUNCT,PUNCT,,,,,True,16599,0,9.717157974344635
ce,cette,DET,DET,0.8764141494570885,0.6891209831462356,ADP,"DET: 0.88, ADP: 0.08",True,1960,0,7.581209826196346
voie,voie,NOUN,NOUN,1.0,0.0,,NOUN: 1.00,True,57,0,4.060443010546419
de,de,ADP,ADP,0.7886818615006483,0.7439947701431047,CCONJ,"ADP: 0.79, CCONJ: 0.21",True,27784,0,10.232251585714021
communication,communication,NOUN,NOUN,0.3930102242251757,0.9667147015598735,PROPN,"PROPN: 0.61, NOUN: 0.39",True,35,0,3.58351893845611
être,est,AUX,AUX,0.4687470215317024,1.7986756264740116,SCONJ,"AUX: 0.47, SCONJ: 0.23, ADV: 0.20, CCONJ: 0.10",True,8404,0,9.036582045842716
aussi,aussi,ADV,ADV,1.0,0.0,,ADV: 1.00,True,349,0,5.857933154483459
vouer,vouée,VERB,VERB,,,,,True,4,0,1.6094379124341003
à,à,ADP,ADP,1.0,0.0,,ADP: 1.00,True,9366,0,9.14494815320913
être,être,AUX,AUX,0.4687470215317024,1.7986756264740116,SCONJ,"AUX: 0.47, SCONJ: 0.23, ADV: 0.20, CCONJ: 0.10",True,8404,0,9.036582045842716
préserver,préservée,VERB,VERB,1.0,0.0,,VERB: 1.00,True,13,0,2.6390573296152584
",",",",PUNCT,PUNCT,,,,,True,16599,0,9.717157974344635
développer,développée,VERB,VERB,1.0,0.0,,VERB: 1.00,True,84,0,4.442651256490317
et,et,CCONJ,CCONJ,0.25644065667983523,1.7170903132548632,SCONJ,"SCONJ: 0.43, ADP: 0.28, CCONJ: 0.26",True,7215,0,8.88405606174246
moderniser,modernisée,VERB,VERB,,,,,True,6,0,1.9459101490553132
.,.,PUNCT,PUNCT,,,,,True,13366,0,9.500544261971474
pour,Pour,ADP,ADP,0.7890790430468303,0.7432394314397186,CCONJ,"ADP: 0.79, CCONJ: 0.21",True,2242,0,7.715569534520208
pouvoir,pouvoir,VERB,VERB,0.9326172400615902,0.3560798311098319,ADJ,"VERB: 0.93, ADJ: 0.07",True,599,0,6.396929655216146
mener,mener,VERB,VERB,1.0,0.0,,VERB: 1.00,True,75,0,4.330733340286331
à,à,ADP,ADP,1.0,0.0,,ADP: 1.00,True,9366,0,9.14494815320913
bien,bien,ADV,ADV,1.0,0.0,,ADV: 1.00,True,306,0,5.726847747587197
son,sa,DET,DET,0.8481722905876147,0.863954061477403,CCONJ,"DET: 0.85, CCONJ: 0.08",True,3876,0,8.262816937670928
politique,politique,NOUN,NOUN,1.0,0.0,,NOUN: 1.00,True,62,0,4.143134726391533
dictatorial,dictatoriale,ADJ,ADJ,,,,,True,1,0,0.6931471805599453
",",",",PUNCT,PUNCT,,,,,True,16599,0,9.717157974344635
le,le,DET,DET,0.8207496286735718,0.8327615029897053,ADP,"DET: 0.82, ADP: 0.15",True,38293,0,10.55304850493315
régime,régime,NOUN,NOUN,1.0,0.0,,NOUN: 1.00,True,33,0,3.5263605246161616
marocain,marocain,ADJ,ADJ,1.0,0.0,,ADJ: 1.00,True,49,0,3.912023005428146
avoir,a,VERB,VERB,1.0,0.0,,VERB: 1.00,True,784,0,6.665683717782408
besoin,besoin,NOUN,NOUN,1.0,0.0,,NOUN: 1.00,True,47,0,3.871201010907891
de,de,ADP,ADP,0.7886818615006483,0.7439947701431047,CCONJ,"ADP: 0.79, CCONJ: 0.21",True,27784,0,10.232251585714021
stabilité,stabilité,NOUN,NOUN,,,,,True,5,0,1.791759469228055
interne,interne,ADJ,ADJ,1.0,0.0,,ADJ: 1.00,True,18,0,2.9444389791664403
pour,pour,ADP,ADP,0.7890790430468303,0.7432394314397186,CCONJ,"ADP: 0.79, CCONJ: 0.21",True,2242,0,7.715569534520208
affronter,affronter,VERB,VERB,1.0,0.0,,VERB: 1.00,True,21,0,3.091042453358316
le,les,DET,DET,0.8207496286735718,0.8327615029897053,ADP,"DET: 0.82, ADP: 0.15",True,38293,0,10.55304850493315
"""","""",PUNCT,PUNCT,,,,,True,819,0,6.709304340258298
risque,risques,NOUN,NOUN,1.0,0.0,,NOUN: 1.00,True,32,0,3.4965075614664802
externe,externes,ADJ,ADJ,,,,,True,6,0,1.9459101490553132
"""","""",PUNCT,PUNCT,,,,,True,819,0,6.709304340258298
engendrer,engendrés,VERB,VERB,,,,,True,7,0,2.0794415416798357
par,par,ADP,ADP,1.0,0.0,,ADP: 1.00,True,2183,0,7.688913336864796
le,le,DET,DET,0.8207496286735718,0.8327615029897053,ADP,"DET: 0.82, ADP: 0.15",True,38293,0,10.55304850493315
conflit,conflit,NOUN,NOUN,1.0,0.0,,NOUN: 1.00,True,34,0,3.5553480614894135
de,de,ADP,ADP,0.7886818615006483,0.7439947701431047,CCONJ,"ADP: 0.79, CCONJ: 0.21",True,27784,0,10.232251585714021
le,le,DET,DET,0.8207496286735718,0.8327615029897053,ADP,"DET: 0.82, ADP: 0.15",True,38293,0,10.55304850493315
Sahara,Sahara,PROPN,PROPN,0.0,0.0,NOUN,NOUN: 1.00,True,41,0,3.7376696182833684
occidental,Occidental,ADJ,ADJ,0.4954761699901536,1.3277582654061977,NUM,"ADJ: 0.50, NUM: 0.42, PROPN: 0.08",True,62,0,4.143134726391533
.,.,PUNCT,PUNCT,,,,,True,13366,0,9.500544261971474
beau,Belle,ADJ,ADJ,1.0,0.0,,ADJ: 1.00,True,63,0,4.1588830833596715
",",",",PUNCT,PUNCT,,,,,True,16599,0,9.717157974344635
grand,grande,ADJ,ADJ,1.0,0.0,,ADJ: 1.00,True,401,0,5.996452088619021
",",",",PUNCT,PUNCT,,,,,True,16599,0,9.717157974344635
clair,claire,ADJ,ADJ,1.0,0.0,,ADJ: 1.00,True,19,0,2.995732273553991
",",",",PUNCT,PUNCT,,,,,True,16599,0,9.717157974344635
séduisant,séduisante,ADJ,ADJ,,,,,False,0,0,0.0
à,à,ADP,ADP,1.0,0.0,,ADP: 1.00,True,9366,0,9.14494815320913
souhait,souhait,NOUN,NOUN,,,,,True,2,0,1.0986122886681098
",",",",PUNCT,PUNCT,,,,,True,16599,0,9.717157974344635
lui,elle,PRON,PRON,0.7173975220804439,1.0427392110337699,CCONJ,"PRON: 0.72, CCONJ: 0.24",True,5436,0,8.600982717145921
être,est,AUX,AUX,0.4687470215317024,1.7986756264740116,SCONJ,"AUX: 0.47, SCONJ: 0.23, ADV: 0.20, CCONJ: 0.10",True,8404,0,9.036582045842716
pourtant,pourtant,ADV,ADV,1.0,0.0,,ADV: 1.00,True,23,0,3.1780538303479458
déjà,déjà,ADV,ADV,1.0,0.0,,ADV: 1.00,True,86,0,4.465908118654584
à,à,ADP,ADP,1.0,0.0,,ADP: 1.00,True,9366,0,9.14494815320913
le,la,DET,DET,0.8207496286735718,0.8327615029897053,ADP,"DET: 0.82, ADP: 0.15",True,38293,0,10.55304850493315
retraite,retraite,NOUN,NOUN,1.0,0.0,,NOUN: 1.00,True,26,0,3.295836866004329
.,.,PUNCT,PUNCT,,,,,True,13366,0,9.500544261971474
et,Et,CCONJ,CCONJ,0.25644065667983523,1.7170903132548632,SCONJ,"SCONJ: 0.43, ADP: 0.28, CCONJ: 0.26",True,7215,0,8.88405606174246
si,si,SCONJ,SCONJ,0.6874457760699145,1.332794651946429,CCONJ,"SCONJ: 0.69, CCONJ: 0.17, PRON: 0.10",True,251,0,5.529429087511423
officiellement,officiellement,ADV,ADV,1.0,0.0,,ADV: 1.00,True,18,0,2.9444389791664403
le,le,DET,DET,0.8207496286735718,0.8327615029897053,ADP,"DET: 0.82, ADP: 0.15",True,38293,0,10.55304850493315
Maroc,Maroc,PROPN,PROPN,0.8274137328719314,0.6635870045455844,NOUN,"PROPN: 0.83, NOUN: 0.17",True,71,0,4.276666119016055
ne,n',ADV,ADV,0.03110691420199771,0.7244015123648279,PRON,"PRON: 0.85, CCONJ: 0.12",True,1435,0,7.269616749608169
avoir,a,VERB,VERB,1.0,0.0,,VERB: 1.00,True,784,0,6.665683717782408
pas,pas,ADV,ADV,1.0,0.0,,ADV: 1.00,True,893,0,6.795705775173514
un,de,DET,DET,0.7741737557418163,1.1225809040946326,ADP,"DET: 0.77, ADP: 0.11, CCONJ: 0.09",True,8933,0,9.097619501912064
relation,relations,NOUN,NOUN,1.0,0.0,,NOUN: 1.00,True,62,0,4.143134726391533
diplomatique,diplomatiques,ADJ,ADJ,1.0,0.0,,ADJ: 1.00,True,14,0,2.70805020110221
«,«,PUNCT,PUNCT,,,,,True,866,0,6.7650389767805414
ouvert,ouvertes,ADJ,VERB,1.0,0.0,,ADJ: 1.00,True,24,1,3.2188758248682006
»,»,PUNCT,PUNCT,,,,,True,814,0,6.703188113240863
avec,avec,ADP,ADP,0.8893781797851439,0.5017887113029871,CCONJ,"ADP: 0.89, CCONJ: 0.11",True,1225,0,7.111512116496157
Israël,Israël,PROPN,PROPN,0.8866115807644038,0.5666983869163766,NUM,"PROPN: 0.89, NUM: 0.10",True,14,0,2.70805020110221
",",",",PUNCT,PUNCT,,,,,True,16599,0,9.717157974344635
cela,cela,PRON,PRON,0.5959383786851953,1.512379250098247,SCONJ,"PRON: 0.60, SCONJ: 0.24, CCONJ: 0.11, ADV: 0.05",True,122,0,4.812184355372417
ne,n',ADV,ADV,0.03110691420199771,0.7244015123648279,PRON,"PRON: 0.85, CCONJ: 0.12",True,1435,0,7.269616749608169
avoir,a,AUX,AUX,0.7537049139623345,0.8053529913575782,ADV,"AUX: 0.75, ADV: 0.25",True,2935,0,7.984803389734406
jamais,jamais,ADV,ADV,1.0,0.0,,ADV: 1.00,True,83,0,4.430816798843313
empêcher,empêché,VERB,VERB,1.0,0.0,,VERB: 1.00,True,38,0,3.6635616461296463
un,des,DET,DET,0.7741737557418163,1.1225809040946326,ADP,"DET: 0.77, ADP: 0.11, CCONJ: 0.09",True,8933,0,9.097619501912064
ministre,ministres,NOUN,NOUN,1.0,0.0,,NOUN: 1.00,True,83,0,4.430816798843313
de,de,ADP,ADP,0.7886818615006483,0.7439947701431047,CCONJ,"ADP: 0.79, CCONJ: 0.21",True,27784,0,10.232251585714021
soi,se,PRON,PRON,0.8260631963800735,0.8193543183609986,CCONJ,"PRON: 0.83, CCONJ: 0.12, ADV: 0.05",True,2063,0,7.6324011266014535
rendre,rendre,VERB,VERB,1.0,0.0,,VERB: 1.00,True,127,0,4.852030263919617
à,à,ADP,ADP,1.0,0.0,,ADP: 1.00,True,9366,0,9.14494815320913
le,le,DET,DET,0.8207496286735718,0.8327615029897053,ADP,"DET: 0.82, ADP: 0.15",True,38293,0,10.55304850493315
royaume,royaume,NOUN,NOUN,1.0,0.0,,NOUN: 1.00,True,32,0,3.4965075614664802
chérifien,chérifien,ADJ,ADJ,,,,,False,0,0,0.0
.,.,PUNCT,PUNCT,,,,,True,13366,0,9.500544261971474
trois,Trois,NUM,NUM,0.21329117169768608,0.7477267753799202,DET,"DET: 0.79, NUM: 0.21",True,206,0,5.332718793265369
an,ans,NOUN,NOUN,1.0,0.0,,NOUN: 1.00,True,385,0,5.955837369464831
plus,plus,ADV,ADV,0.7196677710684014,0.8559031009192263,CCONJ,"ADV: 0.72, CCONJ: 0.28",True,1173,0,7.068172000388042
tard,tard,ADV,ADV,0.5967375254624975,0.9728270574538282,ADJ,"ADV: 0.60, ADJ: 0.40",True,108,0,4.6913478822291435
",",",",PUNCT,PUNCT,,,,,True,16599,0,9.717157974344635
lui,il,PRON,PRON,0.7173975220804439,1.0427392110337699,CCONJ,"PRON: 0.72, CCONJ: 0.24",True,5436,0,8.600982717145921
tenir,tient,VERB,VERB,1.0,0.0,,VERB: 1.00,True,104,0,4.653960350157523
un,un,DET,DET,0.7741737557418163,1.1225809040946326,ADP,"DET: 0.77, ADP: 0.11, CCONJ: 0.09",True,8933,0,9.097619501912064
discours,discours,NOUN,NOUN,1.0,0.0,,NOUN: 1.00,True,16,0,2.833213344056216
sur,sur,ADP,ADP,1.0,0.0,,ADP: 1.00,True,1482,0,7.301822342137932
le,la,DET,DET,0.8207496286735718,0.8327615029897053,ADP,"DET: 0.82, ADP: 0.15",True,38293,0,10.55304850493315
crise,crise,NOUN,NOUN,1.0,0.0,,NOUN: 1.00,True,29,0,3.4011973816621555
.,.,PUNCT,PUNCT,,,,,True,13366,0,9.500544261971474
moi,Je,PRON,PRON,0.7120466284894749,1.0523675190710984,CCONJ,"PRON: 0.71, CCONJ: 0.24",True,621,0,6.432940092739179
être,suis,AUX,AUX,0.4687470215317024,1.7986756264740116,SCONJ,"AUX: 0.47, SCONJ: 0.23, ADV: 0.20, CCONJ: 0.10",True,8404,0,9.036582045842716
déchiré,déchirée,ADJ,VERB,,,,,False,0,1,0.0
.,.,PUNCT,PUNCT,,,,,True,13366,0,9.500544261971474
selon,Selon,ADP,ADP,0.9563022953372076,0.25899642932812117,PRON,ADP: 0.96,True,194,0,5.272999558563747
lui,lui,PRON,PRON,0.7173975220804439,1.0427392110337699,CCONJ,"PRON: 0.72, CCONJ: 0.24",True,5436,0,8.600982717145921
",",",",PUNCT,PUNCT,,,,,True,16599,0,9.717157974344635
ce,cette,DET,DET,0.8764141494570885,0.6891209831462356,ADP,"DET: 0.88, ADP: 0.08",True,1960,0,7.581209826196346
période,période,NOUN,NOUN,1.0,0.0,,NOUN: 1.00,True,85,0,4.454347296253507
être,sera,AUX,AUX,0.4687470215317024,1.7986756264740116,SCONJ,"AUX: 0.47, SCONJ: 0.23, ADV: 0.20, CCONJ: 0.10",True,8404,0,9.036582045842716
mettre,mise,VERB,VERB,1.0,0.0,,VERB: 1.00,True,223,0,5.4116460518550396
à,à,ADP,ADP,1.0,0.0,,ADP: 1.00,True,9366,0,9.14494815320913
profit,profit,NOUN,NOUN,1.0,0.0,,NOUN: 1.00,True,21,0,3.091042453358316
pour,pour,ADP,ADP,0.7890790430468303,0.7432394314397186,CCONJ,"ADP: 0.79, CCONJ: 0.21",True,2242,0,7.715569534520208
étudier,étudier,VERB,VERB,1.0,0.0,,VERB: 1.00,True,40,0,3.713572066704308
le,les,DET,DET,0.8207496286735718,0.8327615029897053,ADP,"DET: 0.82, ADP: 0.15",True,38293,0,10.55304850493315
conséquence,conséquences,NOUN,NOUN,1.0,0.0,,NOUN: 1.00,True,26,0,3.295836866004329
de,de,ADP,ADP,0.7886818615006483,0.7439947701431047,CCONJ,"ADP: 0.79, CCONJ: 0.21",True,27784,0,10.232251585714021
le,l',DET,DET,0.8207496286735718,0.8327615029897053,ADP,"DET: 0.82, ADP: 0.15",True,38293,0,10.55304850493315
accord,accord,NOUN,NOUN,1.0,0.0,,NOUN: 1.00,True,61,0,4.127134385045092
sur,sur,ADP,ADP,1.0,0.0,,ADP: 1.00,True,1482,0,7.301822342137932
le,les,DET,DET,0.8207496286735718,0.8327615029897053,ADP,"DET: 0.82, ADP: 0.15",True,38293,0,10.55304850493315
ressource,ressources,NOUN,NOUN,1.0,0.0,,NOUN: 1.00,True,23,0,3.1780538303479458
de,de,ADP,ADP,0.7886818615006483,0.7439947701431047,CCONJ,"ADP: 0.79, CCONJ: 0.21",True,27784,0,10.232251585714021
poisson,poisson,NOUN,NOUN,1.0,0.0,,NOUN: 1.00,True,26,0,3.295836866004329
",",",",PUNCT,PUNCT,,,,,True,16599,0,9.717157974344635
"""","""",PUNCT,PUNCT,,,,,True,819,0,6.709304340258298
ainsi,ainsi,ADV,ADV,1.0,0.0,,ADV: 1.00,True,330,0,5.802118375377063
que,que,SCONJ,SCONJ,0.6915510664276248,1.397369454710615,CCONJ,"SCONJ: 0.69, CCONJ: 0.17, PRON: 0.06, ADV: 0.05",True,1979,0,7.590852123688581
le,l',DET,DET,0.8207496286735718,0.8327615029897053,ADP,"DET: 0.82, ADP: 0.15",True,38293,0,10.55304850493315
impact,impact,NOUN,NOUN,1.0,0.0,,NOUN: 1.00,True,12,0,2.5649493574615367
régional,régional,ADJ,ADJ,1.0,0.0,,ADJ: 1.00,True,49,0,3.912023005428146
"""","""",PUNCT,PUNCT,,,,,True,819,0,6.709304340258298
de,de,ADP,ADP,0.7886818615006483,0.7439947701431047,CCONJ,"ADP: 0.79, CCONJ: 0.21",True,27784,0,10.232251585714021
le,les,DET,DET,0.8207496286735718,0.8327615029897053,ADP,"DET: 0.82, ADP: 0.15",True,38293,0,10.55304850493315
fonds,fonds,NOUN,NOUN,1.0,0.0,,NOUN: 1.00,True,23,0,3.1780538303479458
verser,versés,VERB,VERB,1.0,0.0,,VERB: 1.00,True,12,0,2.5649493574615367
par,par,ADP,ADP,1.0,0.0,,ADP: 1.00,True,2183,0,7.688913336864796
le,l',DET,DET,0.8207496286735718,0.8327615029897053,ADP,"DET: 0.82, ADP: 0.15",True,38293,0,10.55304850493315
union,Union,NOUN,NOUN,1.0,0.0,,NOUN: 1.00,True,58,0,4.07753744390572
européen,européenne,ADJ,ADJ,1.0,0.0,,ADJ: 1.00,True,124,0,4.8283137373023015
",",",",PUNCT,PUNCT,,,,,True,16599,0,9.717157974344635
sur,sur,ADP,ADP,1.0,0.0,,ADP: 1.00,True,1482,0,7.301822342137932
le,la,DET,DET,0.8207496286735718,0.8327615029897053,ADP,"DET: 0.82, ADP: 0.15",True,38293,0,10.55304850493315
base,base,NOUN,NOUN,1.0,0.0,,NOUN: 1.00,True,73,0,4.30406509320417
notamment,notamment,ADV,ADV,0.40015985283632743,1.4989950066247564,SCONJ,"SCONJ: 0.42, ADV: 0.40, CCONJ: 0.18",True,166,0,5.117993812416755
de,de,ADP,ADP,0.7886818615006483,0.7439947701431047,CCONJ,"ADP: 0.79, CCONJ: 0.21",True,27784,0,10.232251585714021
le,les,DET,DET,0.8207496286735718,0.8327615029897053,ADP,"DET: 0.82, ADP: 0.15",True,38293,0,10.55304850493315
information,informations,NOUN,NOUN,1.0,0.0,,NOUN: 1.00,True,50,0,3.9318256327243257
fournir,fournies,VERB,VERB,1.0,0.0,,VERB: 1.00,True,37,0,3.6375861597263857
par,par,ADP,ADP,1.0,0.0,,ADP: 1.00,True,2183,0,7.688913336864796
le,les,DET,DET,0.8207496286735718,0.8327615029897053,ADP,"DET: 0.82, ADP: 0.15",True,38293,0,10.55304850493315
autorité,autorités,NOUN,NOUN,1.0,0.0,,NOUN: 1.00,True,51,0,3.9512437185814275
marocain,marocaines,ADJ,ADJ,1.0,0.0,,ADJ: 1.00,True,49,0,3.912023005428146
.,.,PUNCT,PUNCT,,,,,True,13366,0,9.500544261971474
le,Le,DET,DET,0.8207496286735718,0.8327615029897053,ADP,"DET: 0.82, ADP: 0.15",True,38293,0,10.55304850493315
20,20,NUM,NUM,1.0,0.0,,NUM: 1.00,True,97,0,4.584967478670572
juin,juin,NOUN,NOUN,1.0,0.0,,NOUN: 1.00,True,137,0,4.927253685157205
",",",",PUNCT,PUNCT,,,,,True,16599,0,9.717157974344635
le,le,DET,DET,0.8207496286735718,0.8327615029897053,ADP,"DET: 0.82, ADP: 0.15",True,38293,0,10.55304850493315
secrétaire,Secrétaire,NOUN,NOUN,1.0,0.0,,NOUN: 1.00,True,25,0,3.258096538021482
général,général,ADJ,ADJ,1.0,0.0,,ADJ: 1.00,True,117,0,4.770684624465665
de,de,ADP,ADP,0.7886818615006483,0.7439947701431047,CCONJ,"ADP: 0.79, CCONJ: 0.21",True,27784,0,10.232251585714021
le,l',DET,DET,0.8207496286735718,0.8327615029897053,ADP,"DET: 0.82, ADP: 0.15",True,38293,0,10.55304850493315
Elysée,Elysée,PROPN,PROPN,,,,,True,4,0,1.6094379124341003
Claude,Claude,PROPN,PROPN,1.0,0.0,,PROPN: 1.00,True,23,0,3.1780538303479458
Guéant,Guéant,PROPN,PROPN,,,,,True,2,0,1.0986122886681098
avoir,a,AUX,AUX,0.7537049139623345,0.8053529913575782,ADV,"AUX: 0.75, ADV: 0.25",True,2935,0,7.984803389734406
être,été,AUX,AUX,0.4687470215317024,1.7986756264740116,SCONJ,"AUX: 0.47, SCONJ: 0.23, ADV: 0.20, CCONJ: 0.10",True,8404,0,9.036582045842716
recevoir,reçu,VERB,VERB,1.0,0.0,,VERB: 1.00,True,118,0,4.77912349311153
à,à,ADP,ADP,1.0,0.0,,ADP: 1.00,True,9366,0,9.14494815320913
Alger,Alger,PROPN,PROPN,0.5724919062078074,0.9847834811120689,NUM,"PROPN: 0.57, NUM: 0.43",True,11,0,2.4849066497880004
par,par,ADP,ADP,1.0,0.0,,ADP: 1.00,True,2183,0,7.688913336864796
le,le,DET,DET,0.8207496286735718,0.8327615029897053,ADP,"DET: 0.82, ADP: 0.15",True,38293,0,10.55304850493315
président,président,NOUN,NOUN,1.0,0.0,,NOUN: 1.00,True,121,0,4.804021044733257
Bouteflika,Bouteflika,PROPN,PROPN,,,,,True,2,0,1.0986122886681098
et,et,CCONJ,CCONJ,0.25644065667983523,1.7170903132548632,SCONJ,"SCONJ: 0.43, ADP: 0.28, CCONJ: 0.26",True,7215,0,8.88405606174246
le,le,DET,DET,0.8207496286735718,0.8327615029897053,ADP,"DET: 0.82, ADP: 0.15",True,38293,0,10.55304850493315
premier,Premier,ADJ,ADJ,1.0,0.0,,ADJ: 1.00,True,675,0,6.516193076042964
ministre,ministre,NOUN,NOUN,1.0,0.0,,NOUN: 1.00,True,83,0,4.430816798843313
Ahmed,Ahmed,PROPN,PROPN,,,,,True,4,0,1.6094379124341003
Ouyahia,Ouyahia,PROPN,PROPN,,,,,False,0,0,0.0
.,.,PUNCT,PUNCT,,,,,True,13366,0,9.500544261971474
ce,Ce,PRON,PRON,0.959635480454852,0.243961008701331,ADV,PRON: 0.96,True,855,0,6.752270376141742
qui,qui,PRON,PRON,0.8171669946022245,0.8424411100711472,CCONJ,"PRON: 0.82, CCONJ: 0.13, ADV: 0.05",True,1916,0,7.558516743045645
transparaître,transparaît,VERB,VERB,,,,,True,1,0,0.6931471805599453
dans,dans,ADP,ADP,1.0,0.0,,ADP: 1.00,True,2779,0,7.930206206684683
tout,tous,ADJ,ADJ,0.0,0.0,ADP,ADP: 1.00,True,401,0,5.996452088619021
ce,ces,DET,DET,0.8764141494570885,0.6891209831462356,ADP,"DET: 0.88, ADP: 0.08",True,1960,0,7.581209826196346
texte,textes,NOUN,NOUN,1.0,0.0,,NOUN: 1.00,True,51,0,3.9512437185814275
être,est,AUX,AUX,0.4687470215317024,1.7986756264740116,SCONJ,"AUX: 0.47, SCONJ: 0.23, ADV: 0.20, CCONJ: 0.10",True,8404,0,9.036582045842716
le,l',DET,DET,0.8207496286735718,0.8327615029897053,ADP,"DET: 0.82, ADP: 0.15",True,38293,0,10.55304850493315
espoir,espoir,NOUN,NOUN,1.0,0.0,,NOUN: 1.00,True,22,0,3.1354942159291497
et,et,CCONJ,CCONJ,0.25644065667983523,1.7170903132548632,SCONJ,"SCONJ: 0.43, ADP: 0.28, CCONJ: 0.26",True,7215,0,8.88405606174246
le,les,DET,DET,0.8207496286735718,0.8327615029897053,ADP,"DET: 0.82, ADP: 0.15",True,38293,0,10.55304850493315
rêve,rêves,NOUN,NOUN,1.0,0.0,,NOUN: 1.00,True,16,0,2.833213344056216
de,d',ADP,ADP,0.7886818615006483,0.7439947701431047,CCONJ,"ADP: 0.79, CCONJ: 0.21",True,27784,0,10.232251585714021
un,un,DET,DET,0.7741737557418163,1.1225809040946326,ADP,"DET: 0.77, ADP: 0.11, CCONJ: 0.09",True,8933,0,9.097619501912064
peuple,peuple,NOUN,NOUN,1.0,0.0,,NOUN: 1.00,True,86,0,4.465908118654584
et,et,CCONJ,CCONJ,0.25644065667983523,1.7170903132548632,SCONJ,"SCONJ: 0.43, ADP: 0.28, CCONJ: 0.26",True,7215,0,8.88405606174246
de,de,ADP,ADP,0.7886818615006483,0.7439947701431047,CCONJ,"ADP: 0.79, CCONJ: 0.21",True,27784,0,10.232251585714021
son,ses,DET,DET,0.8481722905876147,0.863954061477403,CCONJ,"DET: 0.85, CCONJ: 0.08",True,3876,0,8.262816937670928
enfant,enfants,NOUN,NOUN,1.0,0.0,,NOUN: 1.00,True,134,0,4.90527477843843
.,.,PUNCT,PUNCT,,,,,True,13366,0,9.500544261971474
en,En,ADP,ADP,0.21695278762461512,1.4815638486393006,DET,"DET: 0.51, CCONJ: 0.27, ADP: 0.22",True,5233,0,8.562931083090092
ce,ce,DET,DET,0.8764141494570885,0.6891209831462356,ADP,"DET: 0.88, ADP: 0.08",True,1960,0,7.581209826196346
sens,sens,NOUN,NOUN,1.0,0.0,,NOUN: 1.00,True,47,0,3.871201010907891
",",",",PUNCT,PUNCT,,,,,True,16599,0,9.717157974344635
le,la,DET,DET,0.8207496286735718,0.8327615029897053,ADP,"DET: 0.82, ADP: 0.15",True,38293,0,10.55304850493315
mort,mort,NOUN,NOUN,1.0,0.0,,NOUN: 1.00,True,93,0,4.543294782270004
de,de,ADP,ADP,0.7886818615006483,0.7439947701431047,CCONJ,"ADP: 0.79, CCONJ: 0.21",True,27784,0,10.232251585714021
Mouammar,Mouammar,PROPN,PROPN,,,,,True,1,0,0.6931471805599453
el-Kadhafi,el-Kadhafi,X,X,,,,,False,0,0,0.0
ouvrir,ouvre,VERB,VERB,1.0,0.0,,VERB: 1.00,True,68,0,4.23410650459726
un,une,DET,DET,0.7741737557418163,1.1225809040946326,ADP,"DET: 0.77, ADP: 0.11, CCONJ: 0.09",True,8933,0,9.097619501912064
période,période,NOUN,NOUN,1.0,0.0,,NOUN: 1.00,True,85,0,4.454347296253507
de,d',ADP,ADP,0.7886818615006483,0.7439947701431047,CCONJ,"ADP: 0.79, CCONJ: 0.21",True,27784,0,10.232251585714021
irakisation,irakisation,NOUN,NOUN,,,,,False,0,0,0.0
ou,ou,CCONJ,CCONJ,0.514848916000412,0.9993637059064465,ADP,"CCONJ: 0.51, ADP: 0.49",True,802,0,6.688354713946762
de,de,ADP,ADP,0.7886818615006483,0.7439947701431047,CCONJ,"ADP: 0.79, CCONJ: 0.21",True,27784,0,10.232251585714021
somalisation,somalisation,NOUN,NOUN,,,,,False,0,0,0.0
de,de,ADP,ADP,0.7886818615006483,0.7439947701431047,CCONJ,"ADP: 0.79, CCONJ: 0.21",True,27784,0,10.232251585714021
le,la,DET,DET,0.8207496286735718,0.8327615029897053,ADP,"DET: 0.82, ADP: 0.15",True,38293,0,10.55304850493315
Libye,Libye,PROPN,PROPN,0.9430546155093263,0.31519795308295295,NOUN,"PROPN: 0.94, NOUN: 0.06",True,16,0,2.833213344056216
.,.,PUNCT,PUNCT,,,,,True,13366,0,9.500544261971474
promulgation,promulgation,NOUN,NOUN,,,,,True,1,0,0.6931471805599453
de,de,ADP,ADP,0.7886818615006483,0.7439947701431047,CCONJ,"ADP: 0.79, CCONJ: 0.21",True,27784,0,10.232251585714021
loi,loi,NOUN,NOUN,1.0,0.0,,NOUN: 1.00,True,55,0,4.02535169073515
«,«,PUNCT,PUNCT,,,,,True,866,0,6.7650389767805414
anti-hérétique,anti-hérétiques,ADJ,ADJ,,,,,False,0,0,0.0
»,»,PUNCT,PUNCT,,,,,True,814,0,6.703188113240863
.,.,PUNCT,PUNCT,,,,,True,13366,0,9.500544261971474
ne,Ne,ADV,ADV,0.03110691420199771,0.7244015123648279,PRON,"PRON: 0.85, CCONJ: 0.12",True,1435,0,7.269616749608169
pas,pas,ADV,ADV,1.0,0.0,,ADV: 1.00,True,893,0,6.795705775173514
rester,rester,VERB,VERB,1.0,0.0,,VERB: 1.00,True,168,0,5.1298987149230735
seul,seul,ADJ,ADJ,1.0,0.0,,ADJ: 1.00,True,200,0,5.303304908059076
ou,ou,CCONJ,CCONJ,0.514848916000412,0.9993637059064465,ADP,"CCONJ: 0.51, ADP: 0.49",True,802,0,6.688354713946762
en,en,ADP,ADP,0.21695278762461512,1.4815638486393006,DET,"DET: 0.51, CCONJ: 0.27, ADP: 0.22",True,5233,0,8.562931083090092
couple,couple,NOUN,NOUN,1.0,0.0,,NOUN: 1.00,True,23,0,3.1780538303479458
dans,dans,ADP,ADP,1.0,0.0,,ADP: 1.00,True,2779,0,7.930206206684683
un,une,DET,DET,0.7741737557418163,1.1225809040946326,ADP,"DET: 0.77, ADP: 0.11, CCONJ: 0.09",True,8933,0,9.097619501912064
zone,zone,NOUN,NOUN,1.0,0.0,,NOUN: 1.00,True,87,0,4.477336814478207
isolé,isolée,ADJ,VERB,,,,,False,0,1,0.0
.,.,PUNCT,PUNCT,,,,,True,13366,0,9.500544261971474
autant,Autant,ADV,ADV,0.15588111685175385,2.0882183708786197,AUX,"AUX: 0.43, SCONJ: 0.21, ADV: 0.16, ADP: 0.11, CCONJ: 0.09",True,44,0,3.8066624897703196
dire,dire,VERB,VERB,1.0,0.0,,VERB: 1.00,True,190,0,5.25227342804663
dans,dans,ADP,ADP,1.0,0.0,,ADP: 1.00,True,2779,0,7.930206206684683
un,un,DET,DET,0.7741737557418163,1.1225809040946326,ADP,"DET: 0.77, ADP: 0.11, CCONJ: 0.09",True,8933,0,9.097619501912064
désert,désert,NOUN,NOUN,1.0,0.0,,NOUN: 1.00,True,11,0,2.4849066497880004
médiatique,médiatique,ADJ,ADJ,,,,,True,8,0,2.1972245773362196
pour,pour,ADP,ADP,0.7890790430468303,0.7432394314397186,CCONJ,"ADP: 0.79, CCONJ: 0.21",True,2242,0,7.715569534520208
le,la,DET,DET,0.8207496286735718,0.8327615029897053,ADP,"DET: 0.82, ADP: 0.15",True,38293,0,10.55304850493315
mort,mort,NOUN,NOUN,1.0,0.0,,NOUN: 1.00,True,93,0,4.543294782270004
de,d',ADP,ADP,0.7886818615006483,0.7439947701431047,CCONJ,"ADP: 0.79, CCONJ: 0.21",True,27784,0,10.232251585714021
un,un,DET,DET,0.7741737557418163,1.1225809040946326,ADP,"DET: 0.77, ADP: 0.11, CCONJ: 0.09",True,8933,0,9.097619501912064
poète,poète,NOUN,NOUN,1.0,0.0,,NOUN: 1.00,True,20,0,3.044522437723423
.,.,PUNCT,PUNCT,,,,,True,13366,0,9.500544261971474
le,Les,DET,DET,0.8207496286735718,0.8327615029897053,ADP,"DET: 0.82, ADP: 0.15",True,38293,0,10.55304850493315
lendemain,lendemains,NOUN,NOUN,1.0,0.0,,NOUN: 1.00,True,18,0,2.9444389791664403
de,de,ADP,ADP,0.7886818615006483,0.7439947701431047,CCONJ,"ADP: 0.79, CCONJ: 0.21",True,27784,0,10.232251585714021
lynchage,lynchage,NOUN,NOUN,,,,,True,1,0,0.6931471805599453
être,sont,AUX,AUX,0.4687470215317024,1.7986756264740116,SCONJ,"AUX: 0.47, SCONJ: 0.23, ADV: 0.20, CCONJ: 0.10",True,8404,0,9.036582045842716
plein,pleins,ADJ,ADJ,0.0400698981436272,0.321275513391467,DET,DET: 0.95,True,44,0,3.8066624897703196
de,d',ADP,ADP,0.7886818615006483,0.7439947701431047,CCONJ,"ADP: 0.79, CCONJ: 0.21",True,27784,0,10.232251585714021
incertitude,incertitudes,NOUN,NOUN,,,,,True,4,0,1.6094379124341003
.,.,PUNCT,PUNCT,,,,,True,13366,0,9.500544261971474
pour,Pour,ADP,ADP,0.7890790430468303,0.7432394314397186,CCONJ,"ADP: 0.79, CCONJ: 0.21",True,2242,0,7.715569534520208
cela,cela,PRON,PRON,0.5959383786851953,1.512379250098247,SCONJ,"PRON: 0.60, SCONJ: 0.24, CCONJ: 0.11, ADV: 0.05",True,122,0,4.812184355372417
",",",",PUNCT,PUNCT,,,,,True,16599,0,9.717157974344635
lui,ils,PRON,PRON,0.7173975220804439,1.0427392110337699,CCONJ,"PRON: 0.72, CCONJ: 0.24",True,5436,0,8.600982717145921
affirmer,affirment,VERB,VERB,1.0,0.0,,VERB: 1.00,True,42,0,3.7612001156935624
que,que,SCONJ,SCONJ,0.6915510664276248,1.397369454710615,CCONJ,"SCONJ: 0.69, CCONJ: 0.17, PRON: 0.06, ADV: 0.05",True,1979,0,7.590852123688581
le,le,DET,DET,0.8207496286735718,0.8327615029897053,ADP,"DET: 0.82, ADP: 0.15",True,38293,0,10.55304850493315
premier,premier,ADJ,ADJ,1.0,0.0,,ADJ: 1.00,True,675,0,6.516193076042964
mandat,mandat,NOUN,NOUN,1.0,0.0,,NOUN: 1.00,True,16,0,2.833213344056216
de,de,ADP,ADP,0.7886818615006483,0.7439947701431047,CCONJ,"ADP: 0.79, CCONJ: 0.21",True,27784,0,10.232251585714021
Wade,Wade,PROPN,PROPN,,,,,True,1,0,0.6931471805599453
ne,ne,ADV,ADV,0.03110691420199771,0.7244015123648279,PRON,"PRON: 0.85, CCONJ: 0.12",True,1435,0,7.269616749608169
rentrer,rentre,VERB,VERB,1.0,0.0,,VERB: 1.00,True,15,0,2.772588722239781
pas,pas,ADV,ADV,1.0,0.0,,ADV: 1.00,True,893,0,6.795705775173514
sous,sous,ADP,ADP,1.0,0.0,,ADP: 1.00,True,315,0,5.755742213586912
le,le,DET,DET,0.8207496286735718,0.8327615029897053,ADP,"DET: 0.82, ADP: 0.15",True,38293,0,10.55304850493315
nouveau,nouveau,ADJ,ADJ,1.0,0.0,,ADJ: 1.00,True,323,0,5.780743515792329
texte,texte,NOUN,NOUN,1.0,0.0,,NOUN: 1.00,True,51,0,3.9512437185814275
constitutionnel,constitutionnel,ADJ,ADJ,,,,,True,6,0,1.9459101490553132
et,et,CCONJ,CCONJ,0.25644065667983523,1.7170903132548632,SCONJ,"SCONJ: 0.43, ADP: 0.28, CCONJ: 0.26",True,7215,0,8.88405606174246
",",",",PUNCT,PUNCT,,,,,True,16599,0,9.717157974344635
pour,pour,ADP,ADP,0.7890790430468303,0.7432394314397186,CCONJ,"ADP: 0.79, CCONJ: 0.21",True,2242,0,7.715569534520208
autant,autant,ADV,ADV,0.15588111685175385,2.0882183708786197,AUX,"AUX: 0.43, SCONJ: 0.21, ADV: 0.16, ADP: 0.11, CCONJ: 0.09",True,44,0,3.8066624897703196
",",",",PUNCT,PUNCT,,,,,True,16599,0,9.717157974344635
ne,ne,ADV,ADV,0.03110691420199771,0.7244015123648279,PRON,"PRON: 0.85, CCONJ: 0.12",True,1435,0,7.269616749608169
compter,compte,VERB,VERB,1.0,0.0,,VERB: 1.00,True,122,0,4.812184355372417
pas,pas,ADV,ADV,1.0,0.0,,ADV: 1.00,True,893,0,6.795705775173514
dans,dans,ADP,ADP,1.0,0.0,,ADP: 1.00,True,2779,0,7.930206206684683
le,l',DET,DET,0.8207496286735718,0.8327615029897053,ADP,"DET: 0.82, ADP: 0.15",True,38293,0,10.55304850493315
application,application,NOUN,NOUN,1.0,0.0,,NOUN: 1.00,True,27,0,3.332204510175204
de,de,ADP,ADP,0.7886818615006483,0.7439947701431047,CCONJ,"ADP: 0.79, CCONJ: 0.21",True,27784,0,10.232251585714021
le,la,DET,DET,0.8207496286735718,0.8327615029897053,ADP,"DET: 0.82, ADP: 0.15",True,38293,0,10.55304850493315
nouveau,nouvelle,ADJ,ADJ,1.0,0.0,,ADJ: 1.00,True,323,0,5.780743515792329
loi,loi,NOUN,NOUN,1.0,0.0,,NOUN: 1.00,True,55,0,4.02535169073515
.,.,PUNCT,PUNCT,,,,,True,13366,0,9.500544261971474
ne,N',ADV,ADV,0.03110691420199771,0.7244015123648279,PRON,"PRON: 0.85, CCONJ: 0.12",True,1435,0,7.269616749608169
hésiter,hésitez,VERB,VERB,0.6788384772980243,0.9056401009552704,ADJ,"VERB: 0.68, ADJ: 0.32",True,18,0,2.9444389791664403
pas,-pas,ADV,ADV,1.0,0.0,,ADV: 1.00,True,893,0,6.795705775173514
à,à,ADP,ADP,1.0,0.0,,ADP: 1.00,True,9366,0,9.14494815320913
lui,la,PRON,PRON,0.7173975220804439,1.0427392110337699,CCONJ,"PRON: 0.72, CCONJ: 0.24",True,5436,0,8.600982717145921
faire,faire,AUX,AUX,,,,,True,238,0,5.476463551931511
circuler,circuler,VERB,VERB,,,,,True,8,0,2.1972245773362196
largement,largement,ADV,ADV,1.0,0.0,,ADV: 1.00,True,21,0,3.091042453358316
autour,autour,ADV,ADV,0.23788039627963264,1.2325783380768334,PRON,"PRON: 0.68, ADV: 0.24",True,62,0,4.143134726391533
de,de,ADP,ADP,0.7886818615006483,0.7439947701431047,CCONJ,"ADP: 0.79, CCONJ: 0.21",True,27784,0,10.232251585714021
vous,vous,PRON,PRON,0.9418283110194323,0.32014404178062034,ADV,"PRON: 0.94, ADV: 0.06",True,252,0,5.53338948872752
!,!,PUNCT,PUNCT,,,,,True,306,0,5.726847747587197
lui,Il,PRON,PRON,0.7173975220804439,1.0427392110337699,CCONJ,"PRON: 0.72, CCONJ: 0.24",True,5436,0,8.600982717145921
y,y,PRON,PRON,0.8287336305823229,0.8120222571975413,CCONJ,"PRON: 0.83, CCONJ: 0.12, ADV: 0.05",True,464,0,6.142037405587356
avoir,a,VERB,VERB,1.0,0.0,,VERB: 1.00,True,784,0,6.665683717782408
un,un,DET,DET,0.7741737557418163,1.1225809040946326,ADP,"DET: 0.77, ADP: 0.11, CCONJ: 0.09",True,8933,0,9.097619501912064
an,an,NOUN,NOUN,1.0,0.0,,NOUN: 1.00,True,385,0,5.955837369464831
naître,naissait,VERB,VERB,0.9307008365025946,0.36330280715123003,ADJ,"VERB: 0.93, ADJ: 0.07",True,347,0,5.8522024797744745
Gdem,Gdem,PROPN,PROPN,,,,,False,0,0,0.0
Izik,Izik,PROPN,PROPN,,,,,True,1,0,0.6931471805599453
.,.,PUNCT,PUNCT,,,,,True,13366,0,9.500544261971474
iii,iii,NUM,X,,,,,False,0,1,0.0
),),PUNCT,PUNCT,,,,,True,2204,0,7.6984827878809465
le,La,DET,DET,0.8207496286735718,0.8327615029897053,ADP,"DET: 0.82, ADP: 0.15",True,38293,0,10.55304850493315
taxe,taxe,NOUN,NOUN,,,,,True,5,0,1.791759469228055
foncier,foncière,ADJ,ADJ,,,,,True,4,0,1.6094379124341003
;,;,PUNCT,PUNCT,,,,,True,231,0,5.44673737166631
lui,Il,PRON,PRON,0.7173975220804439,1.0427392110337699,CCONJ,"PRON: 0.72, CCONJ: 0.24",True,5436,0,8.600982717145921
être,est,AUX,AUX,0.4687470215317024,1.7986756264740116,SCONJ,"AUX: 0.47, SCONJ: 0.23, ADV: 0.20, CCONJ: 0.10",True,8404,0,9.036582045842716
20,20,NUM,NUM,1.0,0.0,,NUM: 1.00,True,97,0,4.584967478670572
h,h,NOUN,NOUN,1.0,0.0,,NOUN: 1.00,True,72,0,4.290459441148391
45,45,NUM,NUM,0.43172082240114407,1.0643996048247637,DET,"DET: 0.56, NUM: 0.43",True,15,0,2.772588722239781
en,en,ADP,ADP,0.21695278762461512,1.4815638486393006,DET,"DET: 0.51, CCONJ: 0.27, ADP: 0.22",True,5233,0,8.562931083090092
territoire,territoire,NOUN,NOUN,1.0,0.0,,NOUN: 1.00,True,98,0,4.59511985013459
algérien,algérien,ADJ,ADJ,1.0,0.0,,ADJ: 1.00,True,24,0,3.2188758248682006
.,.,PUNCT,PUNCT,,,,,True,13366,0,9.500544261971474
car,Car,CCONJ,CCONJ,0.14413257226628412,1.2157072304655134,SCONJ,"SCONJ: 0.73, CCONJ: 0.14, PRON: 0.10",True,114,0,4.74493212836325
le,le,DET,DET,0.8207496286735718,0.8327615029897053,ADP,"DET: 0.82, ADP: 0.15",True,38293,0,10.55304850493315
gouvernement,gouvernement,NOUN,NOUN,1.0,0.0,,NOUN: 1.00,True,114,0,4.74493212836325
marocain,marocain,ADJ,ADJ,1.0,0.0,,ADJ: 1.00,True,49,0,3.912023005428146
regretter,regrette,VERB,VERB,,,,,True,10,0,2.3978952727983707
le,le,DET,DET,0.8207496286735718,0.8327615029897053,ADP,"DET: 0.82, ADP: 0.15",True,38293,0,10.55304850493315
temps,temps,NOUN,NOUN,1.0,0.0,,NOUN: 1.00,True,201,0,5.308267697401205
béni,béni,ADJ,ADJ,,,,,False,0,0,0.0
où,où,PRON,PRON,0.0947775400927949,1.2584185696703833,SCONJ,"SCONJ: 0.70, CCONJ: 0.19, PRON: 0.09",True,365,0,5.902633333401366
le,la,DET,DET,0.8207496286735718,0.8327615029897053,ADP,"DET: 0.82, ADP: 0.15",True,38293,0,10.55304850493315
manne,manne,NOUN,NOUN,,,,,True,1,0,0.6931471805599453
financier,financière,ADJ,ADJ,1.0,0.0,,ADJ: 1.00,True,41,0,3.7376696182833684
apporter,apportée,VERB,VERB,1.0,0.0,,VERB: 1.00,True,34,0,3.5553480614894135
par,par,ADP,ADP,1.0,0.0,,ADP: 1.00,True,2183,0,7.688913336864796
le,les,DET,DET,0.8207496286735718,0.8327615029897053,ADP,"DET: 0.82, ADP: 0.15",True,38293,0,10.55304850493315
touriste,touristes,NOUN,NOUN,,,,,True,7,0,2.0794415416798357
algérien,algériens,ADJ,ADJ,1.0,0.0,,ADJ: 1.00,True,24,0,3.2188758248682006
qui,qui,PRON,PRON,0.8171669946022245,0.8424411100711472,CCONJ,"PRON: 0.82, CCONJ: 0.13, ADV: 0.05",True,1916,0,7.558516743045645
affluer,affluaient,VERB,VERB,,,,,True,2,0,1.0986122886681098
par,par,ADP,ADP,1.0,0.0,,ADP: 1.00,True,2183,0,7.688913336864796
centaine,centaines,NOUN,NOUN,1.0,0.0,,NOUN: 1.00,True,17,0,2.8903717578961645
de,de,ADP,ADP,0.7886818615006483,0.7439947701431047,CCONJ,"ADP: 0.79, CCONJ: 0.21",True,27784,0,10.232251585714021
millier,milliers,NOUN,NOUN,1.0,0.0,,NOUN: 1.00,True,22,0,3.1354942159291497
faire,faisait,AUX,AUX,,,,,True,238,0,5.476463551931511
vivre,vivre,VERB,VERB,1.0,0.0,,VERB: 1.00,True,85,0,4.454347296253507
tout,toute,ADJ,ADJ,0.0,0.0,ADP,ADP: 1.00,True,401,0,5.996452088619021
ce,cette,DET,DET,0.8764141494570885,0.6891209831462356,ADP,"DET: 0.88, ADP: 0.08",True,1960,0,7.581209826196346
région,région,NOUN,NOUN,1.0,0.0,,NOUN: 1.00,True,242,0,5.493061443340548
et,et,CCONJ,CCONJ,0.25644065667983523,1.7170903132548632,SCONJ,"SCONJ: 0.43, ADP: 0.28, CCONJ: 0.26",True,7215,0,8.88405606174246
bien,bien,ADV,ADV,1.0,0.0,,ADV: 1.00,True,306,0,5.726847747587197
au-delà,au-delà,ADV,ADV,0.26583159679029045,1.3220662462335817,PRON,"PRON: 0.64, ADV: 0.27, VERB: 0.07",True,17,0,2.8903717578961645
.,.,PUNCT,PUNCT,,,,,True,13366,0,9.500544261971474
le,Le,DET,DET,0.8207496286735718,0.8327615029897053,ADP,"DET: 0.82, ADP: 0.15",True,38293,0,10.55304850493315
royaume,royaume,NOUN,NOUN,1.0,0.0,,NOUN: 1.00,True,32,0,3.4965075614664802
soi,s',PRON,PRON,0.8260631963800735,0.8193543183609986,CCONJ,"PRON: 0.83, CCONJ: 0.12, ADV: 0.05",True,2063,0,7.6324011266014535
être,est,AUX,AUX,0.4687470215317024,1.7986756264740116,SCONJ,"AUX: 0.47, SCONJ: 0.23, ADV: 0.20, CCONJ: 0.10",True,8404,0,9.036582045842716
améliorer,amélioré,VERB,VERB,1.0,0.0,,VERB: 1.00,True,28,0,3.367295829986474
",",",",PUNCT,PUNCT,,,,,True,16599,0,9.717157974344635
mais,mais,CCONJ,CCONJ,0.15469195513464806,1.2293580521348002,SCONJ,"SCONJ: 0.72, CCONJ: 0.15, PRON: 0.09",True,734,0,6.5998704992128365
pas,pas,ADV,ADV,1.0,0.0,,ADV: 1.00,True,893,0,6.795705775173514
dans,dans,ADP,ADP,1.0,0.0,,ADP: 1.00,True,2779,0,7.930206206684683
le,le,DET,DET,0.8207496286735718,0.8327615029897053,ADP,"DET: 0.82, ADP: 0.15",True,38293,0,10.55304850493315
sens,sens,NOUN,NOUN,1.0,0.0,,NOUN: 1.00,True,47,0,3.871201010907891
vouloir,voulu,VERB,VERB,1.0,0.0,,VERB: 1.00,True,99,0,4.605170185988092
par,par,ADP,ADP,1.0,0.0,,ADP: 1.00,True,2183,0,7.688913336864796
le,l',DET,DET,0.8207496286735718,0.8327615029897053,ADP,"DET: 0.82, ADP: 0.15",True,38293,0,10.55304850493315
UE,UE,PROPN,PROPN,0.3187832198751223,0.9030533431903807,NOUN,"NOUN: 0.68, PROPN: 0.32",True,18,0,2.9444389791664403
.,.,PUNCT,PUNCT,,,,,True,13366,0,9.500544261971474
même,Même,ADV,ADV,0.18926026316764635,1.4827926229322652,SCONJ,"SCONJ: 0.49, CCONJ: 0.32, ADV: 0.19",True,205,0,5.327876168789581
si,si,SCONJ,SCONJ,0.6874457760699145,1.332794651946429,CCONJ,"SCONJ: 0.69, CCONJ: 0.17, PRON: 0.10",True,251,0,5.529429087511423
le,la,DET,DET,0.8207496286735718,0.8327615029897053,ADP,"DET: 0.82, ADP: 0.15",True,38293,0,10.55304850493315
DGSE,DGSE,PROPN,PROPN,,,,,True,1,0,0.6931471805599453
(,(,PUNCT,PUNCT,,,,,True,2211,0,7.701652362642226
direction,Direction,NOUN,NOUN,1.0,0.0,,NOUN: 1.00,True,58,0,4.07753744390572
général,générale,ADJ,ADJ,1.0,0.0,,ADJ: 1.00,True,117,0,4.770684624465665
de,de,ADP,ADP,0.7886818615006483,0.7439947701431047,CCONJ,"ADP: 0.79, CCONJ: 0.21",True,27784,0,10.232251585714021
le,la,DET,DET,0.8207496286735718,0.8327615029897053,ADP,"DET: 0.82, ADP: 0.15",True,38293,0,10.55304850493315
sécurité,sécurité,NOUN,NOUN,0.5052247925977241,0.9999212318674002,PROPN,"NOUN: 0.51, PROPN: 0.49",True,59,0,4.0943445622221
extérieur,extérieure,ADJ,ADJ,1.0,0.0,,ADJ: 1.00,True,17,0,2.8903717578961645
),),PUNCT,PUNCT,,,,,True,2204,0,7.6984827878809465
",",",",PUNCT,PUNCT,,,,,True,16599,0,9.717157974344635
être,est,AUX,AUX,0.4687470215317024,1.7986756264740116,SCONJ,"AUX: 0.47, SCONJ: 0.23, ADV: 0.20, CCONJ: 0.10",True,8404,0,9.036582045842716
en,en,ADP,ADP,0.21695278762461512,1.4815638486393006,DET,"DET: 0.51, CCONJ: 0.27, ADP: 0.22",True,5233,0,8.562931083090092
quête,quête,NOUN,NOUN,,,,,True,1,0,0.6931471805599453
de,de,ADP,ADP,0.7886818615006483,0.7439947701431047,CCONJ,"ADP: 0.79, CCONJ: 0.21",True,27784,0,10.232251585714021
«,«,PUNCT,PUNCT,,,,,True,866,0,6.7650389767805414
bon,bons,ADJ,ADJ,1.0,0.0,,ADJ: 1.00,True,164,0,5.10594547390058
intermédiaire,intermédiaires,NOUN,NOUN,,,,,True,7,0,2.0794415416798357
»,»,PUNCT,PUNCT,,,,,True,814,0,6.703188113240863
pour,pour,ADP,ADP,0.7890790430468303,0.7432394314397186,CCONJ,"ADP: 0.79, CCONJ: 0.21",True,2242,0,7.715569534520208
«,«,PUNCT,PUNCT,,,,,True,866,0,6.7650389767805414
négocier,négocier,VERB,VERB,,,,,True,8,0,2.1972245773362196
»,»,PUNCT,PUNCT,,,,,True,814,0,6.703188113240863
.,.,PUNCT,PUNCT,,,,,True,13366,0,9.500544261971474
son,Son,DET,DET,0.8481722905876147,0.863954061477403,CCONJ,"DET: 0.85, CCONJ: 0.08",True,3876,0,8.262816937670928
destin,destin,NOUN,NOUN,,,,,True,10,0,2.3978952727983707
être,est,AUX,AUX,0.4687470215317024,1.7986756264740116,SCONJ,"AUX: 0.47, SCONJ: 0.23, ADV: 0.20, CCONJ: 0.10",True,8404,0,9.036582045842716
lui,-il,PRON,PRON,0.7173975220804439,1.0427392110337699,CCONJ,"PRON: 0.72, CCONJ: 0.24",True,5436,0,8.600982717145921
le,la,DET,DET,0.8207496286735718,0.8327615029897053,ADP,"DET: 0.82, ADP: 0.15",True,38293,0,10.55304850493315
poussière,Poussière,NOUN,NOUN,,,,,False,0,0,0.0
?,?,PUNCT,PUNCT,,,,,True,270,0,5.602118820879701
ce,C',PRON,PRON,0.959635480454852,0.243961008701331,ADV,PRON: 0.96,True,855,0,6.752270376141742
être,est,AUX,AUX,0.4687470215317024,1.7986756264740116,SCONJ,"AUX: 0.47, SCONJ: 0.23, ADV: 0.20, CCONJ: 0.10",True,8404,0,9.036582045842716
un,un,DET,DET,0.7741737557418163,1.1225809040946326,ADP,"DET: 0.77, ADP: 0.11, CCONJ: 0.09",True,8933,0,9.097619501912064
sourire,sourire,NOUN,NOUN,,,,,True,10,0,2.3978952727983707
de,de,ADP,ADP,0.7886818615006483,0.7439947701431047,CCONJ,"ADP: 0.79, CCONJ: 0.21",True,27784,0,10.232251585714021
Dieu,Dieu,PROPN,PROPN,0.5215261529492745,0.9986625682843419,NUM,"PROPN: 0.52, NUM: 0.48",True,32,0,3.4965075614664802
.,.,PUNCT,PUNCT,,,,,True,13366,0,9.500544261971474
comme,Comme,SCONJ,SCONJ,0.5807636285615381,1.3800520188671654,CCONJ,"SCONJ: 0.58, CCONJ: 0.32, ADV: 0.07",True,144,0,4.976733742420574
dans,dans,ADP,ADP,1.0,0.0,,ADP: 1.00,True,2779,0,7.930206206684683
tout,toutes,ADJ,ADJ,0.0,0.0,ADP,ADP: 1.00,True,401,0,5.996452088619021
le,les,DET,DET,0.8207496286735718,0.8327615029897053,ADP,"DET: 0.82, ADP: 0.15",True,38293,0,10.55304850493315
campagne,campagnes,NOUN,NOUN,1.0,0.0,,NOUN: 1.00,True,59,0,4.0943445622221
présidentiel,présidentielles,ADJ,ADJ,,,,,True,6,0,1.9459101490553132
",",",",PUNCT,PUNCT,,,,,True,16599,0,9.717157974344635
celui,celui,PRON,PRON,0.5172312419604586,1.7291498109731305,NOUN,"PRON: 0.52, NOUN: 0.23, PROPN: 0.14, VERB: 0.11",True,278,0,5.631211781821365
qui,qui,PRON,PRON,0.8171669946022245,0.8424411100711472,CCONJ,"PRON: 0.82, CCONJ: 0.13, ADV: 0.05",True,1916,0,7.558516743045645
imprimer,imprimera,VERB,VERB,,,,,True,6,0,1.9459101490553132
son,sa,DET,DET,0.8481722905876147,0.863954061477403,CCONJ,"DET: 0.85, CCONJ: 0.08",True,3876,0,8.262816937670928
marque,marque,NOUN,NOUN,1.0,0.0,,NOUN: 1.00,True,36,0,3.6109179126442243
",",",",PUNCT,PUNCT,,,,,True,16599,0,9.717157974344635
fixer,fixera,VERB,VERB,1.0,0.0,,VERB: 1.00,True,27,0,3.332204510175204
le,l',DET,DET,0.8207496286735718,0.8327615029897053,ADP,"DET: 0.82, ADP: 0.15",True,38293,0,10.55304850493315
agenda,agenda,NOUN,NOUN,,,,,True,1,0,0.6931471805599453
",",",",PUNCT,PUNCT,,,,,True,16599,0,9.717157974344635
être,sera,AUX,AUX,0.4687470215317024,1.7986756264740116,SCONJ,"AUX: 0.47, SCONJ: 0.23, ADV: 0.20, CCONJ: 0.10",True,8404,0,9.036582045842716
le,le,DET,DET,0.8207496286735718,0.8327615029897053,ADP,"DET: 0.82, ADP: 0.15",True,38293,0,10.55304850493315
probable,probable,ADJ,ADJ,,,,,True,10,0,2.3978952727983707
vainqueur,vainqueur,NOUN,NOUN,1.0,0.0,,NOUN: 1.00,True,23,0,3.1780538303479458
en,en,ADP,ADP,0.21695278762461512,1.4815638486393006,DET,"DET: 0.51, CCONJ: 0.27, ADP: 0.22",True,5233,0,8.562931083090092
mai,mai,NOUN,NOUN,1.0,0.0,,NOUN: 1.00,True,99,0,4.605170185988092
.,.,PUNCT,PUNCT,,,,,True,13366,0,9.500544261971474
combien,Combien,ADV,ADV,,,,,True,9,0,2.302585092994046
de,de,ADP,ADP,0.7886818615006483,0.7439947701431047,CCONJ,"ADP: 0.79, CCONJ: 0.21",True,27784,0,10.232251585714021
fois,fois,NOUN,NOUN,1.0,0.0,,NOUN: 1.00,True,211,0,5.356586274672012
ne,ne,ADV,ADV,0.03110691420199771,0.7244015123648279,PRON,"PRON: 0.85, CCONJ: 0.12",True,1435,0,7.269616749608169
célébrer,célébrons,VERB,VERB,1.0,0.0,,VERB: 1.00,True,14,0,2.70805020110221
nous,-nous,PRON,PRON,0.8226072026071004,0.8287662668321807,CCONJ,"PRON: 0.82, CCONJ: 0.13, ADV: 0.05",True,328,0,5.796057750765372
que,que,ADV,ADV,0.12368826756838615,1.1282009501795338,ADP,"ADP: 0.72, CCONJ: 0.15, ADV: 0.12",True,218,0,5.389071729816501
nous-mêmes,nous-mêmes,PRON,PRON,,,,,False,0,0,0.0
",",",",PUNCT,PUNCT,,,,,True,16599,0,9.717157974344635
et,et,CCONJ,CCONJ,0.25644065667983523,1.7170903132548632,SCONJ,"SCONJ: 0.43, ADP: 0.28, CCONJ: 0.26",True,7215,0,8.88405606174246
ne,ne,ADV,ADV,0.03110691420199771,0.7244015123648279,PRON,"PRON: 0.85, CCONJ: 0.12",True,1435,0,7.269616749608169
prendre,prenons,VERB,VERB,1.0,0.0,,VERB: 1.00,True,287,0,5.662960480135946
nous,-nous,PRON,PRON,0.8226072026071004,0.8287662668321807,CCONJ,"PRON: 0.82, CCONJ: 0.13, ADV: 0.05",True,328,0,5.796057750765372
même,même,ADV,ADV,0.18926026316764635,1.4827926229322652,SCONJ,"SCONJ: 0.49, CCONJ: 0.32, ADV: 0.19",True,205,0,5.327876168789581
pas,pas,ADV,ADV,1.0,0.0,,ADV: 1.00,True,893,0,6.795705775173514
conscience,conscience,NOUN,NOUN,1.0,0.0,,NOUN: 1.00,True,12,0,2.5649493574615367
de,de,ADP,ADP,0.7886818615006483,0.7439947701431047,CCONJ,"ADP: 0.79, CCONJ: 0.21",True,27784,0,10.232251585714021
son,sa,DET,DET,0.8481722905876147,0.863954061477403,CCONJ,"DET: 0.85, CCONJ: 0.08",True,3876,0,8.262816937670928
présence,présence,NOUN,NOUN,1.0,0.0,,NOUN: 1.00,True,57,0,4.060443010546419
?,?,PUNCT,PUNCT,,,,,True,270,0,5.602118820879701
tout,Tout,ADJ,ADJ,0.0,0.0,ADP,ADP: 1.00,True,401,0,5.996452088619021
cela,cela,PRON,PRON,0.5959383786851953,1.512379250098247,SCONJ,"PRON: 0.60, SCONJ: 0.24, CCONJ: 0.11, ADV: 0.05",True,122,0,4.812184355372417
être,est,AUX,AUX,0.4687470215317024,1.7986756264740116,SCONJ,"AUX: 0.47, SCONJ: 0.23, ADV: 0.20, CCONJ: 0.10",True,8404,0,9.036582045842716
présent,présent,ADJ,ADJ,0.5433985906896289,0.994558703334926,VERB,"ADJ: 0.54, VERB: 0.46",True,52,0,3.970291913552122
dans,dans,ADP,ADP,1.0,0.0,,ADP: 1.00,True,2779,0,7.930206206684683
son,sa,DET,DET,0.8481722905876147,0.863954061477403,CCONJ,"DET: 0.85, CCONJ: 0.08",True,3876,0,8.262816937670928
passion,passion,NOUN,NOUN,,,,,True,8,0,2.1972245773362196
.,.,PUNCT,PUNCT,,,,,True,13366,0,9.500544261971474
plus,Plus,ADV,ADV,0.7196677710684014,0.8559031009192263,CCONJ,"ADV: 0.72, CCONJ: 0.28",True,1173,0,7.068172000388042
",",",",PUNCT,PUNCT,,,,,True,16599,0,9.717157974344635
le,l',DET,DET,0.8207496286735718,0.8327615029897053,ADP,"DET: 0.82, ADP: 0.15",True,38293,0,10.55304850493315
AQMI,AQMI,PROPN,PROPN,,,,,True,1,0,0.6931471805599453
tenter,tente,VERB,VERB,0.9310948844438575,0.36182440920302567,ADJ,"VERB: 0.93, ADJ: 0.07",True,68,0,4.23410650459726
de,de,ADP,ADP,0.7886818615006483,0.7439947701431047,CCONJ,"ADP: 0.79, CCONJ: 0.21",True,27784,0,10.232251585714021
nouer,nouer,VERB,VERB,,,,,True,3,0,1.3862943611198906
un,des,DET,DET,0.7741737557418163,1.1225809040946326,ADP,"DET: 0.77, ADP: 0.11, CCONJ: 0.09",True,8933,0,9.097619501912064
rapport,rapports,NOUN,NOUN,1.0,0.0,,NOUN: 1.00,True,81,0,4.406719247264253
avec,avec,ADP,ADP,0.8893781797851439,0.5017887113029871,CCONJ,"ADP: 0.89, CCONJ: 0.11",True,1225,0,7.111512116496157
le,les,DET,DET,0.8207496286735718,0.8327615029897053,ADP,"DET: 0.82, ADP: 0.15",True,38293,0,10.55304850493315
mouvement,mouvements,NOUN,NOUN,1.0,0.0,,NOUN: 1.00,True,79,0,4.382026634673881
subversif,subversifs,ADJ,ADJ,,,,,False,0,0,0.0
dans,dans,ADP,ADP,1.0,0.0,,ADP: 1.00,True,2779,0,7.930206206684683
le,le,DET,DET,0.8207496286735718,0.8327615029897053,ADP,"DET: 0.82, ADP: 0.15",True,38293,0,10.55304850493315
delta,delta,NOUN,NOUN,,,,,True,2,0,1.0986122886681098
de,de,ADP,ADP,0.7886818615006483,0.7439947701431047,CCONJ,"ADP: 0.79, CCONJ: 0.21",True,27784,0,10.232251585714021
le,le,DET,DET,0.8207496286735718,0.8327615029897053,ADP,"DET: 0.82, ADP: 0.15",True,38293,0,10.55304850493315
Nigéria,Nigéria,PROPN,PROPN,,,,,True,1,0,0.6931471805599453
",",",",PUNCT,PUNCT,,,,,True,16599,0,9.717157974344635
autant,autant,ADV,ADV,0.15588111685175385,2.0882183708786197,AUX,"AUX: 0.43, SCONJ: 0.21, ADV: 0.16, ADP: 0.11, CCONJ: 0.09",True,44,0,3.8066624897703196
que,qu',SCONJ,SCONJ,0.6915510664276248,1.397369454710615,CCONJ,"SCONJ: 0.69, CCONJ: 0.17, PRON: 0.06, ADV: 0.05",True,1979,0,7.590852123688581
avec,avec,ADP,ADP,0.8893781797851439,0.5017887113029871,CCONJ,"ADP: 0.89, CCONJ: 0.11",True,1225,0,7.111512116496157
un,des,DET,DET,0.7741737557418163,1.1225809040946326,ADP,"DET: 0.77, ADP: 0.11, CCONJ: 0.09",True,8933,0,9.097619501912064
secte,sectes,NOUN,NOUN,,,,,True,3,0,1.3862943611198906
de,d',ADP,ADP,0.7886818615006483,0.7439947701431047,CCONJ,"ADP: 0.79, CCONJ: 0.21",True,27784,0,10.232251585714021
inspiration,inspiration,NOUN,NOUN,,,,,True,3,0,1.3862943611198906
religieux,religieuse,ADJ,ADJ,1.0,0.0,,ADJ: 1.00,True,41,0,3.7376696182833684
à,à,ADP,ADP,1.0,0.0,,ADP: 1.00,True,9366,0,9.14494815320913
le,le,DET,DET,0.8207496286735718,0.8327615029897053,ADP,"DET: 0.82, ADP: 0.15",True,38293,0,10.55304850493315
nord,nord,NOUN,NOUN,0.17370882153999345,0.6661190724091853,PROPN,"PROPN: 0.83, NOUN: 0.17",True,142,0,4.962844630259907
de,de,ADP,ADP,0.7886818615006483,0.7439947701431047,CCONJ,"ADP: 0.79, CCONJ: 0.21",True,27784,0,10.232251585714021
le,le,DET,DET,0.8207496286735718,0.8327615029897053,ADP,"DET: 0.82, ADP: 0.15",True,38293,0,10.55304850493315
pays,pays,NOUN,NOUN,1.0,0.0,,NOUN: 1.00,True,251,0,5.529429087511423
.,.,PUNCT,PUNCT,,,,,True,13366,0,9.500544261971474
à,à,ADP,ADP,1.0,0.0,,ADP: 1.00,True,9366,0,9.14494815320913
le,le,DET,DET,0.8207496286735718,0.8327615029897053,ADP,"DET: 0.82, ADP: 0.15",True,38293,0,10.55304850493315
regard,regard,NOUN,NOUN,1.0,0.0,,NOUN: 1.00,True,17,0,2.8903717578961645
de,de,ADP,ADP,0.7886818615006483,0.7439947701431047,CCONJ,"ADP: 0.79, CCONJ: 0.21",True,27784,0,10.232251585714021
le,le,DET,DET,0.8207496286735718,0.8327615029897053,ADP,"DET: 0.82, ADP: 0.15",True,38293,0,10.55304850493315
droit,droit,NOUN,NOUN,1.0,0.0,,NOUN: 1.00,True,184,0,5.220355825078324
international,international,ADJ,ADJ,1.0,0.0,,ADJ: 1.00,True,145,0,4.983606621708336
",",",",PUNCT,PUNCT,,,,,True,16599,0,9.717157974344635
le,la,DET,DET,0.8207496286735718,0.8327615029897053,ADP,"DET: 0.82, ADP: 0.15",True,38293,0,10.55304850493315
question,question,NOUN,NOUN,1.0,0.0,,NOUN: 1.00,True,87,0,4.477336814478207
de,de,ADP,ADP,0.7886818615006483,0.7439947701431047,CCONJ,"ADP: 0.79, CCONJ: 0.21",True,27784,0,10.232251585714021
le,le,DET,DET,0.8207496286735718,0.8327615029897053,ADP,"DET: 0.82, ADP: 0.15",True,38293,0,10.55304850493315
Sahara,Sahara,PROPN,PROPN,0.0,0.0,NOUN,NOUN: 1.00,True,41,0,3.7376696182833684
occidental,Occidental,ADJ,ADJ,0.4954761699901536,1.3277582654061977,NUM,"ADJ: 0.50, NUM: 0.42, PROPN: 0.08",True,62,0,4.143134726391533
être,est,AUX,AUX,0.4687470215317024,1.7986756264740116,SCONJ,"AUX: 0.47, SCONJ: 0.23, ADV: 0.20, CCONJ: 0.10",True,8404,0,9.036582045842716
très,très,ADV,ADV,1.0,0.0,,ADV: 1.00,True,435,0,6.077642243349034
clair,claire,ADJ,ADJ,1.0,0.0,,ADJ: 1.00,True,19,0,2.995732273553991
.,.,PUNCT,PUNCT,,,,,True,13366,0,9.500544261971474
le,La,DET,DET,0.8207496286735718,0.8327615029897053,ADP,"DET: 0.82, ADP: 0.15",True,38293,0,10.55304850493315
justice,justice,NOUN,NOUN,0.5037893556262126,0.9999585676637638,PROPN,"NOUN: 0.50, PROPN: 0.50",True,24,0,3.2188758248682006
français,française,ADJ,ADJ,1.0,0.0,,ADJ: 1.00,True,419,0,6.040254711277414
ne,n',ADV,ADV,0.03110691420199771,0.7244015123648279,PRON,"PRON: 0.85, CCONJ: 0.12",True,1435,0,7.269616749608169
avoir,a,AUX,AUX,0.7537049139623345,0.8053529913575782,ADV,"AUX: 0.75, ADV: 0.25",True,2935,0,7.984803389734406
faire,fait,VERB,VERB,1.0,0.0,,VERB: 1.00,True,655,0,6.486160788944089
que,qu',ADV,ADV,0.12368826756838615,1.1282009501795338,ADP,"ADP: 0.72, CCONJ: 0.15, ADV: 0.12",True,218,0,5.389071729816501
obéir,obéir,VERB,VERB,,,,,True,2,0,1.0986122886681098
et,et,CCONJ,CCONJ,0.25644065667983523,1.7170903132548632,SCONJ,"SCONJ: 0.43, ADP: 0.28, CCONJ: 0.26",True,7215,0,8.88405606174246
soi,se,PRON,PRON,0.8260631963800735,0.8193543183609986,CCONJ,"PRON: 0.83, CCONJ: 0.12, ADV: 0.05",True,2063,0,7.6324011266014535
déjuger,déjuger,VERB,VERB,,,,,False,0,0,0.0
.,.,PUNCT,PUNCT,,,,,True,13366,0,9.500544261971474
en,En,ADP,ADP,0.21695278762461512,1.4815638486393006,DET,"DET: 0.51, CCONJ: 0.27, ADP: 0.22",True,5233,0,8.562931083090092
effet,effet,NOUN,NOUN,1.0,0.0,,NOUN: 1.00,True,138,0,4.9344739331306915
",",",",PUNCT,PUNCT,,,,,True,16599,0,9.717157974344635
le,la,DET,DET,0.8207496286735718,0.8327615029897053,ADP,"DET: 0.82, ADP: 0.15",True,38293,0,10.55304850493315
contre-attaque,contre,NOUN,NOUN,,,,,True,4,0,1.6094379124341003
_,attaque,X,NOUN,,,,,True,29,1,3.4011973816621555
avoir,a,AUX,AUX,0.7537049139623345,0.8053529913575782,ADV,"AUX: 0.75, ADV: 0.25",True,2935,0,7.984803389734406
être,été,AUX,AUX,0.4687470215317024,1.7986756264740116,SCONJ,"AUX: 0.47, SCONJ: 0.23, ADV: 0.20, CCONJ: 0.10",True,8404,0,9.036582045842716
massif,massive,ADJ,ADJ,,,,,True,6,0,1.9459101490553132
et,et,CCONJ,CCONJ,0.25644065667983523,1.7170903132548632,SCONJ,"SCONJ: 0.43, ADP: 0.28, CCONJ: 0.26",True,7215,0,8.88405606174246
avoir,a,AUX,AUX,0.7537049139623345,0.8053529913575782,ADV,"AUX: 0.75, ADV: 0.25",True,2935,0,7.984803389734406
toucher,touché,VERB,VERB,1.0,0.0,,VERB: 1.00,True,28,0,3.367295829986474
pas,pas,ADV,ADV,1.0,0.0,,ADV: 1.00,True,893,0,6.795705775173514
moins,moins,ADV,ADV,1.0,0.0,,ADV: 1.00,True,149,0,5.0106352940962555
de,de,ADP,ADP,0.7886818615006483,0.7439947701431047,CCONJ,"ADP: 0.79, CCONJ: 0.21",True,27784,0,10.232251585714021
174,174,NUM,NUM,,,,,True,1,0,0.6931471805599453
site,sites,NOUN,NOUN,1.0,0.0,,NOUN: 1.00,True,115,0,4.7535901911063645
appartenir,appartenant,VERB,VERB,0.9313421598827324,0.36089489377902373,ADJ,"VERB: 0.93, ADJ: 0.07",True,56,0,4.04305126783455
pour,pour,ADP,ADP,0.7890790430468303,0.7432394314397186,CCONJ,"ADP: 0.79, CCONJ: 0.21",True,2242,0,7.715569534520208
le,la,DET,DET,0.8207496286735718,0.8327615029897053,ADP,"DET: 0.82, ADP: 0.15",True,38293,0,10.55304850493315
plupart,plupart,NOUN,NOUN,1.0,0.0,,NOUN: 1.00,True,57,0,4.060443010546419
à,à,ADP,ADP,1.0,0.0,,ADP: 1.00,True,9366,0,9.14494815320913
le,le,DET,DET,0.8207496286735718,0.8327615029897053,ADP,"DET: 0.82, ADP: 0.15",True,38293,0,10.55304850493315
gouvernement,gouvernement,NOUN,NOUN,1.0,0.0,,NOUN: 1.00,True,114,0,4.74493212836325
et,et,CCONJ,CCONJ,0.25644065667983523,1.7170903132548632,SCONJ,"SCONJ: 0.43, ADP: 0.28, CCONJ: 0.26",True,7215,0,8.88405606174246
à,à,ADP,ADP,1.0,0.0,,ADP: 1.00,True,9366,0,9.14494815320913
un,des,DET,DET,0.7741737557418163,1.1225809040946326,ADP,"DET: 0.77, ADP: 0.11, CCONJ: 0.09",True,8933,0,9.097619501912064
entreprise,entreprises,NOUN,NOUN,1.0,0.0,,NOUN: 1.00,True,102,0,4.634728988229636
de,de,ADP,ADP,0.7886818615006483,0.7439947701431047,CCONJ,"ADP: 0.79, CCONJ: 0.21",True,27784,0,10.232251585714021
le,le,DET,DET,0.8207496286735718,0.8327615029897053,ADP,"DET: 0.82, ADP: 0.15",True,38293,0,10.55304850493315
royaume,royaume,NOUN,NOUN,1.0,0.0,,NOUN: 1.00,True,32,0,3.4965075614664802
marocain,marocain,ADJ,ADJ,1.0,0.0,,ADJ: 1.00,True,49,0,3.912023005428146
.,.,PUNCT,PUNCT,,,,,True,13366,0,9.500544261971474
personne,Personne,PRON,PRON,0.3150228024886795,1.9370604620099343,SCONJ,"SCONJ: 0.33, PRON: 0.32, ADV: 0.21, CCONJ: 0.15",True,16,0,2.833213344056216
ne,ne,ADV,ADV,0.03110691420199771,0.7244015123648279,PRON,"PRON: 0.85, CCONJ: 0.12",True,1435,0,7.269616749608169
placer,place,VERB,VERB,1.0,0.0,,VERB: 1.00,True,67,0,4.219507705176107
aucun,aucune,DET,DET,0.7715710614510615,1.1308041067719339,ADP,"DET: 0.77, ADP: 0.11, CCONJ: 0.09",True,96,0,4.574710978503383
forme,forme,NOUN,NOUN,1.0,0.0,,NOUN: 1.00,True,94,0,4.553876891600541
de,d',ADP,ADP,0.7886818615006483,0.7439947701431047,CCONJ,"ADP: 0.79, CCONJ: 0.21",True,27784,0,10.232251585714021
espérance,espérance,NOUN,NOUN,,,,,True,2,0,1.0986122886681098
dans,dans,ADP,ADP,1.0,0.0,,ADP: 1.00,True,2779,0,7.930206206684683
le,la,DET,DET,0.8207496286735718,0.8327615029897053,ADP,"DET: 0.82, ADP: 0.15",True,38293,0,10.55304850493315
raison,raison,NOUN,NOUN,1.0,0.0,,NOUN: 1.00,True,88,0,4.48863636973214
politique,politique,ADJ,ADJ,1.0,0.0,,ADJ: 1.00,True,147,0,4.997212273764115
...,...,PUNCT,PUNCT,,,,,True,158,0,5.0689042022202315
mais,Mais,CCONJ,CCONJ,0.15469195513464806,1.2293580521348002,SCONJ,"SCONJ: 0.72, CCONJ: 0.15, PRON: 0.09",True,734,0,6.5998704992128365
le,la,DET,DET,0.8207496286735718,0.8327615029897053,ADP,"DET: 0.82, ADP: 0.15",True,38293,0,10.55304850493315
réalité,réalité,NOUN,NOUN,0.5058780911282834,0.9999003018342505,PROPN,"NOUN: 0.51, PROPN: 0.49",True,36,0,3.6109179126442243
être,est,AUX,AUX,0.4687470215317024,1.7986756264740116,SCONJ,"AUX: 0.47, SCONJ: 0.23, ADV: 0.20, CCONJ: 0.10",True,8404,0,9.036582045842716
que,que,SCONJ,SCONJ,0.6915510664276248,1.397369454710615,CCONJ,"SCONJ: 0.69, CCONJ: 0.17, PRON: 0.06, ADV: 0.05",True,1979,0,7.590852123688581
le,la,DET,DET,0.8207496286735718,0.8327615029897053,ADP,"DET: 0.82, ADP: 0.15",True,38293,0,10.55304850493315
Mauritanie,Mauritanie,PROPN,PROPN,,,,,True,10,0,2.3978952727983707
ne,n',ADV,ADV,0.03110691420199771,0.7244015123648279,PRON,"PRON: 0.85, CCONJ: 0.12",True,1435,0,7.269616749608169
être,est,AUX,AUX,0.4687470215317024,1.7986756264740116,SCONJ,"AUX: 0.47, SCONJ: 0.23, ADV: 0.20, CCONJ: 0.10",True,8404,0,9.036582045842716
pas,pas,ADV,ADV,1.0,0.0,,ADV: 1.00,True,893,0,6.795705775173514
le,le,DET,DET,0.8207496286735718,0.8327615029897053,ADP,"DET: 0.82, ADP: 0.15",True,38293,0,10.55304850493315
Maroc,Maroc,PROPN,PROPN,0.8274137328719314,0.6635870045455844,NOUN,"PROPN: 0.83, NOUN: 0.17",True,71,0,4.276666119016055
ou,ou,CCONJ,CCONJ,0.514848916000412,0.9993637059064465,ADP,"CCONJ: 0.51, ADP: 0.49",True,802,0,6.688354713946762
le,l',DET,DET,0.8207496286735718,0.8327615029897053,ADP,"DET: 0.82, ADP: 0.15",True,38293,0,10.55304850493315
Algérie,Algérie,PROPN,PROPN,0.9728335403291772,0.17997639082535727,NOUN,PROPN: 0.97,True,41,0,3.7376696182833684
.,.,PUNCT,PUNCT,,,,,True,13366,0,9.500544261971474
en,En,ADP,ADP,0.21695278762461512,1.4815638486393006,DET,"DET: 0.51, CCONJ: 0.27, ADP: 0.22",True,5233,0,8.562931083090092
Arabie,Arabie,PROPN,PROPN,,,,,True,5,0,1.791759469228055
",",",",PUNCT,PUNCT,,,,,True,16599,0,9.717157974344635
on,on,PRON,PRON,0.5432191123278096,1.5995967780630704,SCONJ,"PRON: 0.54, SCONJ: 0.23, CCONJ: 0.19",True,554,0,6.318968113746434
avoir,a,VERB,VERB,1.0,0.0,,VERB: 1.00,True,784,0,6.665683717782408
le,l',DET,DET,0.8207496286735718,0.8327615029897053,ADP,"DET: 0.82, ADP: 0.15",True,38293,0,10.55304850493315
impression,impression,NOUN,NOUN,,,,,True,8,0,2.1972245773362196
que,que,SCONJ,SCONJ,0.6915510664276248,1.397369454710615,CCONJ,"SCONJ: 0.69, CCONJ: 0.17, PRON: 0.06, ADV: 0.05",True,1979,0,7.590852123688581
le,le,DET,DET,0.8207496286735718,0.8327615029897053,ADP,"DET: 0.82, ADP: 0.15",True,38293,0,10.55304850493315
fondamentalisme,fondamentalisme,NOUN,NOUN,,,,,True,1,0,0.6931471805599453
avoir,a,AUX,AUX,0.7537049139623345,0.8053529913575782,ADV,"AUX: 0.75, ADV: 0.25",True,2935,0,7.984803389734406
toujours,toujours,ADV,ADV,1.0,0.0,,ADV: 1.00,True,120,0,4.795790545596741
être,été,VERB,AUX,1.0,0.0,,VERB: 1.00,True,139,1,4.941642422609304
là,là,ADV,ADV,0.5845189881576047,1.286794175216724,PRON,"ADV: 0.58, PRON: 0.36",True,81,0,4.406719247264253
",",",",PUNCT,PUNCT,,,,,True,16599,0,9.717157974344635
que,qu',SCONJ,SCONJ,0.6915510664276248,1.397369454710615,CCONJ,"SCONJ: 0.69, CCONJ: 0.17, PRON: 0.06, ADV: 0.05",True,1979,0,7.590852123688581
lui,il,PRON,PRON,0.7173975220804439,1.0427392110337699,CCONJ,"PRON: 0.72, CCONJ: 0.24",True,5436,0,8.600982717145921
soi,se,PRON,PRON,0.8260631963800735,0.8193543183609986,CCONJ,"PRON: 0.83, CCONJ: 0.12, ADV: 0.05",True,2063,0,7.6324011266014535
maintenir,maintient,VERB,VERB,1.0,0.0,,VERB: 1.00,True,21,0,3.091042453358316
et,et,CCONJ,CCONJ,0.25644065667983523,1.7170903132548632,SCONJ,"SCONJ: 0.43, ADP: 0.28, CCONJ: 0.26",True,7215,0,8.88405606174246
ne,n',ADV,ADV,0.03110691420199771,0.7244015123648279,PRON,"PRON: 0.85, CCONJ: 0.12",True,1435,0,7.269616749608169
avoir,aura,VERB,VERB,1.0,0.0,,VERB: 1.00,True,784,0,6.665683717782408
aucun,aucun,DET,DET,0.7715710614510615,1.1308041067719339,ADP,"DET: 0.77, ADP: 0.11, CCONJ: 0.09",True,96,0,4.574710978503383
mal,mal,NOUN,NOUN,1.0,0.0,,NOUN: 1.00,True,23,0,3.1780538303479458
à,à,ADP,ADP,1.0,0.0,,ADP: 1.00,True,9366,0,9.14494815320913
perdurer,perdurer,VERB,VERB,,,,,True,4,0,1.6094379124341003
.,.,PUNCT,PUNCT,,,,,True,13366,0,9.500544261971474
y,Y,PRON,PRON,0.8287336305823229,0.8120222571975413,CCONJ,"PRON: 0.83, CCONJ: 0.12, ADV: 0.05",True,464,0,6.142037405587356
avoir,a,VERB,VERB,1.0,0.0,,VERB: 1.00,True,784,0,6.665683717782408
lui,-t-il,PRON,PRON,0.7173975220804439,1.0427392110337699,CCONJ,"PRON: 0.72, CCONJ: 0.24",True,5436,0,8.600982717145921
un,un,DET,DET,0.7741737557418163,1.1225809040946326,ADP,"DET: 0.77, ADP: 0.11, CCONJ: 0.09",True,8933,0,9.097619501912064
risque,risque,NOUN,NOUN,1.0,0.0,,NOUN: 1.00,True,32,0,3.4965075614664802
de,de,ADP,ADP,0.7886818615006483,0.7439947701431047,CCONJ,"ADP: 0.79, CCONJ: 0.21",True,27784,0,10.232251585714021
voir,voir,VERB,VERB,1.0,0.0,,VERB: 1.00,True,197,0,5.288267030694535
le,les,DET,DET,0.8207496286735718,0.8327615029897053,ADP,"DET: 0.82, ADP: 0.15",True,38293,0,10.55304850493315
chose,choses,NOUN,NOUN,1.0,0.0,,NOUN: 1.00,True,44,0,3.8066624897703196
tourner,tourner,VERB,VERB,1.0,0.0,,VERB: 1.00,True,38,0,3.6635616461296463
mal,mal,ADV,ADV,1.0,0.0,,ADV: 1.00,True,20,0,3.044522437723423
en,en,ADP,ADP,0.21695278762461512,1.4815638486393006,DET,"DET: 0.51, CCONJ: 0.27, ADP: 0.22",True,5233,0,8.562931083090092
Syrie,Syrie,PROPN,PROPN,,,,,True,7,0,2.0794415416798357
?,?,PUNCT,PUNCT,,,,,True,270,0,5.602118820879701
ce,C',PRON,PRON,0.959635480454852,0.243961008701331,ADV,PRON: 0.96,True,855,0,6.752270376141742
être,est,AUX,AUX,0.4687470215317024,1.7986756264740116,SCONJ,"AUX: 0.47, SCONJ: 0.23, ADV: 0.20, CCONJ: 0.10",True,8404,0,9.036582045842716
simple,simple,ADJ,ADJ,1.0,0.0,,ADJ: 1.00,True,40,0,3.713572066704308
",",",",PUNCT,PUNCT,,,,,True,16599,0,9.717157974344635
lui,il,PRON,PRON,0.7173975220804439,1.0427392110337699,CCONJ,"PRON: 0.72, CCONJ: 0.24",True,5436,0,8.600982717145921
y,y,PRON,PRON,0.8287336305823229,0.8120222571975413,CCONJ,"PRON: 0.83, CCONJ: 0.12, ADV: 0.05",True,464,0,6.142037405587356
avoir,a,VERB,VERB,1.0,0.0,,VERB: 1.00,True,784,0,6.665683717782408
un,de,DET,ADP,0.7741737557418163,1.1225809040946326,ADP,"DET: 0.77, ADP: 0.11, CCONJ: 0.09",True,8933,1,9.097619501912064
tout,tout,PRON,PRON,0.616575045351158,0.9604250869735371,ADV,"PRON: 0.62, ADV: 0.38",True,147,0,4.997212273764115
.,.,PUNCT,PUNCT,,,,,True,13366,0,9.500544261971474
renommer,Renommée,VERB,VERB,,,,,True,8,0,2.1972245773362196
par,par,ADP,ADP,1.0,0.0,,ADP: 1.00,True,2183,0,7.688913336864796
Warner,Warner,PROPN,PROPN,,,,,True,6,0,1.9459101490553132
France,France,PROPN,PROPN,0.9804292393899958,0.13902365897177782,NOUN,PROPN: 0.98,True,267,0,5.5909869805108565
sous,sous,ADP,ADP,1.0,0.0,,ADP: 1.00,True,315,0,5.755742213586912
le,le,DET,DET,0.8207496286735718,0.8327615029897053,ADP,"DET: 0.82, ADP: 0.15",True,38293,0,10.55304850493315
nom,nom,NOUN,NOUN,1.0,0.0,,NOUN: 1.00,True,268,0,5.594711379601839
de,de,ADP,ADP,0.7886818615006483,0.7439947701431047,CCONJ,"ADP: 0.79, CCONJ: 0.21",True,27784,0,10.232251585714021
"""","""",PUNCT,PUNCT,,,,,True,819,0,6.709304340258298
le,La,DET,DET,0.8207496286735718,0.8327615029897053,ADP,"DET: 0.82, ADP: 0.15",True,38293,0,10.55304850493315
ligue,Ligue,NOUN,NOUN,1.0,0.0,,NOUN: 1.00,True,57,0,4.060443010546419
de,de,ADP,ADP,0.7886818615006483,0.7439947701431047,CCONJ,"ADP: 0.79, CCONJ: 0.21",True,27784,0,10.232251585714021
le,les,DET,DET,0.8207496286735718,0.8327615029897053,ADP,"DET: 0.82, ADP: 0.15",True,38293,0,10.55304850493315
justicier,Justiciers,NOUN,NOUN,,,,,True,1,0,0.6931471805599453
:,:,PUNCT,PUNCT,,,,,True,739,0,6.606650186198215
le,La,DET,DET,0.8207496286735718,0.8327615029897053,ADP,"DET: 0.82, ADP: 0.15",True,38293,0,10.55304850493315
nouveau,Nouvelle,ADJ,ADJ,1.0,0.0,,ADJ: 1.00,True,323,0,5.780743515792329
génération,Génération,NOUN,NOUN,1.0,0.0,,NOUN: 1.00,True,26,0,3.295836866004329
"""","""",PUNCT,PUNCT,,,,,True,819,0,6.709304340258298
",",",",PUNCT,PUNCT,,,,,True,16599,0,9.717157974344635
le,les,DET,DET,0.8207496286735718,0.8327615029897053,ADP,"DET: 0.82, ADP: 0.15",True,38293,0,10.55304850493315
8,8,NUM,NUM,1.0,0.0,,NUM: 1.00,True,66,0,4.204692619390966
premier,premiers,ADJ,ADJ,1.0,0.0,,ADJ: 1.00,True,675,0,6.516193076042964
épisode,épisodes,NOUN,NOUN,1.0,0.0,,NOUN: 1.00,True,45,0,3.828641396489095
de,de,ADP,ADP,0.7886818615006483,0.7439947701431047,CCONJ,"ADP: 0.79, CCONJ: 0.21",True,27784,0,10.232251585714021
le,la,DET,DET,0.8207496286735718,0.8327615029897053,ADP,"DET: 0.82, ADP: 0.15",True,38293,0,10.55304850493315
série,série,NOUN,NOUN,1.0,0.0,,NOUN: 1.00,True,110,0,4.709530201312334
animé,animée,ADJ,VERB,,,,,True,6,1,1.9459101490553132
être,seront,AUX,AUX,0.4687470215317024,1.7986756264740116,SCONJ,"AUX: 0.47, SCONJ: 0.23, ADV: 0.20, CCONJ: 0.10",True,8404,0,9.036582045842716
disponible,disponibles,ADJ,ADJ,0.594491623790434,0.9740817283006502,VERB,"ADJ: 0.59, VERB: 0.41",True,30,0,3.4339872044851463
dès,dès,ADP,ADP,0.8907467680784398,0.4976593631052658,CCONJ,"ADP: 0.89, CCONJ: 0.11",True,112,0,4.727387818712341
le,le,DET,DET,0.8207496286735718,0.8327615029897053,ADP,"DET: 0.82, ADP: 0.15",True,38293,0,10.55304850493315
30,30,NUM,NUM,1.0,0.0,,NUM: 1.00,True,83,0,4.430816798843313
novembre,novembre,NOUN,NOUN,1.0,0.0,,NOUN: 1.00,True,101,0,4.624972813284271
prochain,prochain,ADJ,ADJ,1.0,0.0,,ADJ: 1.00,True,43,0,3.784189633918261
.,.,PUNCT,PUNCT,,,,,True,13366,0,9.500544261971474
lors,Lors,ADV,ADV,0.5184561214690955,1.5275209353939645,PRON,"ADV: 0.52, PRON: 0.25, VERB: 0.23",True,286,0,5.659482215759621
de,de,ADP,ADP,0.7886818615006483,0.7439947701431047,CCONJ,"ADP: 0.79, CCONJ: 0.21",True,27784,0,10.232251585714021
le,le,DET,DET,0.8207496286735718,0.8327615029897053,ADP,"DET: 0.82, ADP: 0.15",True,38293,0,10.55304850493315
dernier,dernier,ADJ,ADJ,1.0,0.0,,ADJ: 1.00,True,293,0,5.683579767338681
rapport,rapport,NOUN,NOUN,1.0,0.0,,NOUN: 1.00,True,81,0,4.406719247264253
publier,publié,VERB,VERB,1.0,0.0,,VERB: 1.00,True,109,0,4.700480365792417
par,par,ADP,ADP,1.0,0.0,,ADP: 1.00,True,2183,0,7.688913336864796
le,le,DET,DET,0.8207496286735718,0.8327615029897053,ADP,"DET: 0.82, ADP: 0.15",True,38293,0,10.55304850493315
ministère,ministère,NOUN,NOUN,1.0,0.0,,NOUN: 1.00,True,40,0,3.713572066704308
de,de,ADP,ADP,0.7886818615006483,0.7439947701431047,CCONJ,"ADP: 0.79, CCONJ: 0.21",True,27784,0,10.232251585714021
le,l',DET,DET,0.8207496286735718,0.8327615029897053,ADP,"DET: 0.82, ADP: 0.15",True,38293,0,10.55304850493315
écologie,écologie,NOUN,NOUN,,,,,True,6,0,1.9459101490553132
",",",",PUNCT,PUNCT,,,,,True,16599,0,9.717157974344635
lui,il,PRON,PRON,0.7173975220804439,1.0427392110337699,CCONJ,"PRON: 0.72, CCONJ: 0.24",True,5436,0,8.600982717145921
soi,s',PRON,PRON,0.8260631963800735,0.8193543183609986,CCONJ,"PRON: 0.83, CCONJ: 0.12, ADV: 0.05",True,2063,0,7.6324011266014535
avérer,avère,VERB,VERB,1.0,0.0,,VERB: 1.00,True,12,0,2.5649493574615367
que,que,SCONJ,SCONJ,0.6915510664276248,1.397369454710615,CCONJ,"SCONJ: 0.69, CCONJ: 0.17, PRON: 0.06, ADV: 0.05",True,1979,0,7.590852123688581
le,l',DET,DET,0.8207496286735718,0.8327615029897053,ADP,"DET: 0.82, ADP: 0.15",True,38293,0,10.55304850493315
état,état,NOUN,NOUN,1.0,0.0,,NOUN: 1.00,True,131,0,4.882801922586371
de,de,ADP,ADP,0.7886818615006483,0.7439947701431047,CCONJ,"ADP: 0.79, CCONJ: 0.21",True,27784,0,10.232251585714021
son,nos,DET,DET,0.8481722905876147,0.863954061477403,CCONJ,"DET: 0.85, CCONJ: 0.08",True,3876,0,8.262816937670928
cours,cours,NOUN,NOUN,1.0,0.0,,NOUN: 1.00,True,164,0,5.10594547390058
de,d',ADP,ADP,0.7886818615006483,0.7439947701431047,CCONJ,"ADP: 0.79, CCONJ: 0.21",True,27784,0,10.232251585714021
eau,eau,NOUN,NOUN,1.0,0.0,,NOUN: 1.00,True,147,0,4.997212273764115
ne,ne,ADV,ADV,0.03110691420199771,0.7244015123648279,PRON,"PRON: 0.85, CCONJ: 0.12",True,1435,0,7.269616749608169
être,soit,AUX,AUX,0.4687470215317024,1.7986756264740116,SCONJ,"AUX: 0.47, SCONJ: 0.23, ADV: 0.20, CCONJ: 0.10",True,8404,0,9.036582045842716
pas,pas,ADV,ADV,1.0,0.0,,ADV: 1.00,True,893,0,6.795705775173514
si,si,ADV,ADV,1.0,0.0,,ADV: 1.00,True,25,0,3.258096538021482
brillant,brillant,ADJ,ADJ,,,,,True,5,0,1.791759469228055
que,que,SCONJ,SCONJ,0.6915510664276248,1.397369454710615,CCONJ,"SCONJ: 0.69, CCONJ: 0.17, PRON: 0.06, ADV: 0.05",True,1979,0,7.590852123688581
ça,ça,PRON,PRON,0.7398737785831464,1.0820830987796926,CCONJ,"PRON: 0.74, CCONJ: 0.15, ADV: 0.11",True,36,0,3.6109179126442243
.,.,PUNCT,PUNCT,,,,,True,13366,0,9.500544261971474
retenir,Retenu,VERB,VERB,1.0,0.0,,VERB: 1.00,True,27,0,3.332204510175204
à,à,ADP,ADP,1.0,0.0,,ADP: 1.00,True,9366,0,9.14494815320913
le,le,DET,DET,0.8207496286735718,0.8327615029897053,ADP,"DET: 0.82, ADP: 0.15",True,38293,0,10.55304850493315
«,«,PUNCT,PUNCT,,,,,True,866,0,6.7650389767805414
forum,Forum,NOUN,NOUN,,,,,True,9,0,2.302585092994046
»,»,PUNCT,PUNCT,,,,,True,814,0,6.703188113240863
de,de,ADP,ADP,0.7886818615006483,0.7439947701431047,CCONJ,"ADP: 0.79, CCONJ: 0.21",True,27784,0,10.232251585714021
le,la,DET,DET,0.8207496286735718,0.8327615029897053,ADP,"DET: 0.82, ADP: 0.15",True,38293,0,10.55304850493315
Berlinale,Berlinale,PROPN,PROPN,,,,,False,0,0,0.0
",",",",PUNCT,PUNCT,,,,,True,16599,0,9.717157974344635
territoire,Territoire,NOUN,NOUN,1.0,0.0,,NOUN: 1.00,True,98,0,4.59511985013459
perdu,perdu,ADJ,ADJ,,,,,True,2,0,1.0986122886681098
soi,s',PRON,PRON,0.8260631963800735,0.8193543183609986,CCONJ,"PRON: 0.83, CCONJ: 0.12, ADV: 0.05",True,2063,0,7.6324011266014535
inscrire,inscrit,VERB,VERB,1.0,0.0,,VERB: 1.00,True,50,0,3.9318256327243257
pleinement,pleinement,ADV,ADV,,,,,True,3,0,1.3862943611198906
dans,dans,ADP,ADP,1.0,0.0,,ADP: 1.00,True,2779,0,7.930206206684683
le,l',DET,DET,0.8207496286735718,0.8327615029897053,ADP,"DET: 0.82, ADP: 0.15",True,38293,0,10.55304850493315
esprit,esprit,NOUN,NOUN,1.0,0.0,,NOUN: 1.00,True,34,0,3.5553480614894135
de,de,ADP,ADP,0.7886818615006483,0.7439947701431047,CCONJ,"ADP: 0.79, CCONJ: 0.21",True,27784,0,10.232251585714021
ce,cette,DET,DET,0.8764141494570885,0.6891209831462356,ADP,"DET: 0.88, ADP: 0.08",True,1960,0,7.581209826196346
section,section,NOUN,NOUN,1.0,0.0,,NOUN: 1.00,True,24,0,3.2188758248682006
«,«,PUNCT,PUNCT,,,,,True,866,0,6.7650389767805414
expérimental,expérimentale,ADJ,ADJ,,,,,True,8,0,2.1972245773362196
",",",",PUNCT,PUNCT,,,,,True,16599,0,9.717157974344635
avant-gardiste,avantgardiste,ADJ,ADJ,,,,,True,1,0,0.6931471805599453
et,et,CCONJ,CCONJ,0.25644065667983523,1.7170903132548632,SCONJ,"SCONJ: 0.43, ADP: 0.28, CCONJ: 0.26",True,7215,0,8.88405606174246
politiquement,politiquement,ADV,ADV,,,,,True,2,0,1.0986122886681098
engagé,engagée,ADJ,VERB,,,,,True,3,1,1.3862943611198906
»,»,PUNCT,PUNCT,,,,,True,814,0,6.703188113240863
.,.,PUNCT,PUNCT,,,,,True,13366,0,9.500544261971474
arrêter,Arrêtez,VERB,VERB,1.0,0.0,,VERB: 1.00,True,58,0,4.07753744390572
le,la,DET,DET,0.8207496286735718,0.8327615029897053,ADP,"DET: 0.82, ADP: 0.15",True,38293,0,10.55304850493315
lecture,lecture,NOUN,NOUN,1.0,0.0,,NOUN: 1.00,True,17,0,2.8903717578961645
",",",",PUNCT,PUNCT,,,,,True,16599,0,9.717157974344635
si,si,SCONJ,SCONJ,0.6874457760699145,1.332794651946429,CCONJ,"SCONJ: 0.69, CCONJ: 0.17, PRON: 0.10",True,251,0,5.529429087511423
cela,cela,PRON,PRON,0.5959383786851953,1.512379250098247,SCONJ,"PRON: 0.60, SCONJ: 0.24, CCONJ: 0.11, ADV: 0.05",True,122,0,4.812184355372417
vous,vous,PRON,PRON,0.9418283110194323,0.32014404178062034,ADV,"PRON: 0.94, ADV: 0.06",True,252,0,5.53338948872752
suffire,suffit,VERB,VERB,1.0,0.0,,VERB: 1.00,True,11,0,2.4849066497880004
pour,pour,ADP,ADP,0.7890790430468303,0.7432394314397186,CCONJ,"ADP: 0.79, CCONJ: 0.21",True,2242,0,7.715569534520208
aujourd'hui,aujourd'hui,ADV,ADV,1.0,0.0,,ADV: 1.00,True,127,0,4.852030263919617
.,.,PUNCT,PUNCT,,,,,True,13366,0,9.500544261971474
lui,Elle,PRON,PRON,0.7173975220804439,1.0427392110337699,CCONJ,"PRON: 0.72, CCONJ: 0.24",True,5436,0,8.600982717145921
être,était,VERB,AUX,1.0,0.0,,VERB: 1.00,True,139,1,4.941642422609304
dans,dans,ADP,ADP,1.0,0.0,,ADP: 1.00,True,2779,0,7.930206206684683
le,la,DET,DET,0.8207496286735718,0.8327615029897053,ADP,"DET: 0.82, ADP: 0.15",True,38293,0,10.55304850493315
petit,petite,ADJ,ADJ,1.0,0.0,,ADJ: 1.00,True,195,0,5.278114659230517
cour,cour,NOUN,NOUN,1.0,0.0,,NOUN: 1.00,True,38,0,3.6635616461296463
de,de,ADP,ADP,0.7886818615006483,0.7439947701431047,CCONJ,"ADP: 0.79, CCONJ: 0.21",True,27784,0,10.232251585714021
le,le,DET,DET,0.8207496286735718,0.8327615029897053,ADP,"DET: 0.82, ADP: 0.15",True,38293,0,10.55304850493315
garage,garage,NOUN,NOUN,,,,,True,9,0,2.302585092994046
",",",",PUNCT,PUNCT,,,,,True,16599,0,9.717157974344635
capot,capot,NOUN,NOUN,,,,,True,1,0,0.6931471805599453
ouvert,ouvert,ADJ,ADJ,1.0,0.0,,ADJ: 1.00,True,24,0,3.2188758248682006
.,.,PUNCT,PUNCT,,,,,True,13366,0,9.500544261971474
19,19,NUM,NUM,1.0,0.0,,NUM: 1.00,True,56,0,4.04305126783455
h,h,NOUN,NOUN,1.0,0.0,,NOUN: 1.00,True,72,0,4.290459441148391
15,15,NUM,NUM,1.0,0.0,,NUM: 1.00,True,88,0,4.48863636973214
.,.,PUNCT,PUNCT,,,,,True,13366,0,9.500544261971474
le,Les,DET,DET,0.8207496286735718,0.8327615029897053,ADP,"DET: 0.82, ADP: 0.15",True,38293,0,10.55304850493315
jeune,jeunes,ADJ,NOUN,1.0,0.0,,ADJ: 1.00,True,96,1,4.574710978503383
sahraoui,sahraouis,NOUN,NOUN,,,,,True,2,0,1.0986122886681098
participer,participant,VERB,VERB,1.0,0.0,,VERB: 1.00,True,128,0,4.859812404361672
à,à,ADP,ADP,1.0,0.0,,ADP: 1.00,True,9366,0,9.14494815320913
ce,cette,DET,DET,0.8764141494570885,0.6891209831462356,ADP,"DET: 0.88, ADP: 0.08",True,1960,0,7.581209826196346
université,université,NOUN,NOUN,1.0,0.0,,NOUN: 1.00,True,100,0,4.61512051684126
avoir,ont,AUX,AUX,0.7537049139623345,0.8053529913575782,ADV,"AUX: 0.75, ADV: 0.25",True,2935,0,7.984803389734406
lancer,lancé,VERB,VERB,1.0,0.0,,VERB: 1.00,True,81,0,4.406719247264253
un,un,DET,DET,0.7741737557418163,1.1225809040946326,ADP,"DET: 0.77, ADP: 0.11, CCONJ: 0.09",True,8933,0,9.097619501912064
appel,appel,NOUN,NOUN,1.0,0.0,,NOUN: 1.00,True,58,0,4.07753744390572
à,à,ADP,ADP,1.0,0.0,,ADP: 1.00,True,9366,0,9.14494815320913
tout,tous,ADJ,ADJ,0.0,0.0,ADP,ADP: 1.00,True,401,0,5.996452088619021
le,les,DET,DET,0.8207496286735718,0.8327615029897053,ADP,"DET: 0.82, ADP: 0.15",True,38293,0,10.55304850493315
acteur,acteurs,NOUN,NOUN,1.0,0.0,,NOUN: 1.00,True,54,0,4.007333185232471
politique,politiques,ADJ,ADJ,1.0,0.0,,ADJ: 1.00,True,147,0,4.997212273764115
",",",",PUNCT,PUNCT,,,,,True,16599,0,9.717157974344635
dans,dans,ADP,ADP,1.0,0.0,,ADP: 1.00,True,2779,0,7.930206206684683
le,la,DET,DET,0.8207496286735718,0.8327615029897053,ADP,"DET: 0.82, ADP: 0.15",True,38293,0,10.55304850493315
scène,scène,NOUN,NOUN,1.0,0.0,,NOUN: 1.00,True,56,0,4.04305126783455
régional,régionale,ADJ,ADJ,1.0,0.0,,ADJ: 1.00,True,49,0,3.912023005428146
et,et,CCONJ,CCONJ,0.25644065667983523,1.7170903132548632,SCONJ,"SCONJ: 0.43, ADP: 0.28, CCONJ: 0.26",True,7215,0,8.88405606174246
international,internationale,ADJ,ADJ,1.0,0.0,,ADJ: 1.00,True,145,0,4.983606621708336
",",",",PUNCT,PUNCT,,,,,True,16599,0,9.717157974344635
à,à,ADP,ADP,1.0,0.0,,ADP: 1.00,True,9366,0,9.14494815320913
soi,se,PRON,PRON,0.8260631963800735,0.8193543183609986,CCONJ,"PRON: 0.83, CCONJ: 0.12, ADV: 0.05",True,2063,0,7.6324011266014535
mobiliser,mobiliser,VERB,VERB,,,,,True,9,0,2.302585092994046
pour,pour,ADP,ADP,0.7890790430468303,0.7432394314397186,CCONJ,"ADP: 0.79, CCONJ: 0.21",True,2242,0,7.715569534520208
défendre,défendre,VERB,VERB,1.0,0.0,,VERB: 1.00,True,31,0,3.4657359027997265
le,les,DET,DET,0.8207496286735718,0.8327615029897053,ADP,"DET: 0.82, ADP: 0.15",True,38293,0,10.55304850493315
droit,droits,NOUN,NOUN,1.0,0.0,,NOUN: 1.00,True,184,0,5.220355825078324
sahraoui,sahraouis,ADJ,ADJ,1.0,0.0,,ADJ: 1.00,True,26,0,3.295836866004329
",",",",PUNCT,PUNCT,,,,,True,16599,0,9.717157974344635
notamment,notamment,ADV,ADV,0.40015985283632743,1.4989950066247564,SCONJ,"SCONJ: 0.42, ADV: 0.40, CCONJ: 0.18",True,166,0,5.117993812416755
dans,dans,ADP,ADP,1.0,0.0,,ADP: 1.00,True,2779,0,7.930206206684683
le,la,DET,DET,0.8207496286735718,0.8327615029897053,ADP,"DET: 0.82, ADP: 0.15",True,38293,0,10.55304850493315
région,région,NOUN,NOUN,1.0,0.0,,NOUN: 1.00,True,242,0,5.493061443340548
colonisé,colonisée,ADJ,VERB,,,,,False,0,1,0.0
et,et,CCONJ,CCONJ,0.25644065667983523,1.7170903132548632,SCONJ,"SCONJ: 0.43, ADP: 0.28, CCONJ: 0.26",True,7215,0,8.88405606174246
mettre,mettre,VERB,VERB,1.0,0.0,,VERB: 1.00,True,223,0,5.4116460518550396
un,un,DET,DET,0.7741737557418163,1.1225809040946326,ADP,"DET: 0.77, ADP: 0.11, CCONJ: 0.09",True,8933,0,9.097619501912064
terme,terme,NOUN,NOUN,1.0,0.0,,NOUN: 1.00,True,86,0,4.465908118654584
à,à,ADP,ADP,1.0,0.0,,ADP: 1.00,True,9366,0,9.14494815320913
tout,toutes,ADJ,ADJ,0.0,0.0,ADP,ADP: 1.00,True,401,0,5.996452088619021
le,les,DET,DET,0.8207496286735718,0.8327615029897053,ADP,"DET: 0.82, ADP: 0.15",True,38293,0,10.55304850493315
violation,violations,NOUN,NOUN,,,,,True,5,0,1.791759469228055
exercer,exercées,VERB,VERB,1.0,0.0,,VERB: 1.00,True,26,0,3.295836866004329
contre,contre,ADP,ADP,1.0,0.0,,ADP: 1.00,True,239,0,5.480638923341991
le,le,DET,DET,0.8207496286735718,0.8327615029897053,ADP,"DET: 0.82, ADP: 0.15",True,38293,0,10.55304850493315
droit,droit,NOUN,NOUN,1.0,0.0,,NOUN: 1.00,True,184,0,5.220355825078324
de,de,ADP,ADP,0.7886818615006483,0.7439947701431047,CCONJ,"ADP: 0.79, CCONJ: 0.21",True,27784,0,10.232251585714021
le,le,DET,DET,0.8207496286735718,0.8327615029897053,ADP,"DET: 0.82, ADP: 0.15",True,38293,0,10.55304850493315
peuple,peuple,NOUN,NOUN,1.0,0.0,,NOUN: 1.00,True,86,0,4.465908118654584
sahraoui,sahraouie,ADJ,ADJ,1.0,0.0,,ADJ: 1.00,True,26,0,3.295836866004329
à,à,ADP,ADP,1.0,0.0,,ADP: 1.00,True,9366,0,9.14494815320913
le,l',DET,DET,0.8207496286735718,0.8327615029897053,ADP,"DET: 0.82, ADP: 0.15",True,38293,0,10.55304850493315
autodétermination,autodétermination,NOUN,NOUN,,,,,True,6,0,1.9459101490553132
",",",",PUNCT,PUNCT,,,,,True,16599,0,9.717157974344635
exhorter,exhortant,VERB,VERB,,,,,True,2,0,1.0986122886681098
le,les,DET,DET,0.8207496286735718,0.8327615029897053,ADP,"DET: 0.82, ADP: 0.15",True,38293,0,10.55304850493315
Nations,Nations,PROPN,NOUN,,,,,True,1,1,0.6931471805599453
uni,unies,ADJ,ADJ,1.0,0.0,,ADJ: 1.00,True,40,0,3.713572066704308
à,à,ADP,ADP,1.0,0.0,,ADP: 1.00,True,9366,0,9.14494815320913
organiser,organiser,VERB,VERB,1.0,0.0,,VERB: 1.00,True,85,0,4.454347296253507
un,un,DET,DET,0.7741737557418163,1.1225809040946326,ADP,"DET: 0.77, ADP: 0.11, CCONJ: 0.09",True,8933,0,9.097619501912064
référendum,référendum,NOUN,NOUN,,,,,True,8,0,2.1972245773362196
de,d',ADP,ADP,0.7886818615006483,0.7439947701431047,CCONJ,"ADP: 0.79, CCONJ: 0.21",True,27784,0,10.232251585714021
autodétermination,autodétermination,NOUN,NOUN,,,,,True,6,0,1.9459101490553132
libre,libre,ADJ,ADJ,1.0,0.0,,ADJ: 1.00,True,37,0,3.6375861597263857
et,et,CCONJ,CCONJ,0.25644065667983523,1.7170903132548632,SCONJ,"SCONJ: 0.43, ADP: 0.28, CCONJ: 0.26",True,7215,0,8.88405606174246
à,à,ADP,ADP,1.0,0.0,,ADP: 1.00,True,9366,0,9.14494815320913
mettre,mettre,VERB,VERB,1.0,0.0,,VERB: 1.00,True,223,0,5.4116460518550396
un,un,DET,DET,0.7741737557418163,1.1225809040946326,ADP,"DET: 0.77, ADP: 0.11, CCONJ: 0.09",True,8933,0,9.097619501912064
terme,terme,NOUN,NOUN,1.0,0.0,,NOUN: 1.00,True,86,0,4.465908118654584
à,à,ADP,ADP,1.0,0.0,,ADP: 1.00,True,9366,0,9.14494815320913
le,la,DET,DET,0.8207496286735718,0.8327615029897053,ADP,"DET: 0.82, ADP: 0.15",True,38293,0,10.55304850493315
dilapidation,dilapidation,NOUN,NOUN,,,,,False,0,0,0.0
",",",",PUNCT,PUNCT,,,,,True,16599,0,9.717157974344635
par,par,ADP,ADP,1.0,0.0,,ADP: 1.00,True,2183,0,7.688913336864796
le,le,DET,DET,0.8207496286735718,0.8327615029897053,ADP,"DET: 0.82, ADP: 0.15",True,38293,0,10.55304850493315
Maroc,Maroc,PROPN,PROPN,0.8274137328719314,0.6635870045455844,NOUN,"PROPN: 0.83, NOUN: 0.17",True,71,0,4.276666119016055
",",",",PUNCT,PUNCT,,,,,True,16599,0,9.717157974344635
de,de,ADP,ADP,0.7886818615006483,0.7439947701431047,CCONJ,"ADP: 0.79, CCONJ: 0.21",True,27784,0,10.232251585714021
le,les,DET,DET,0.8207496286735718,0.8327615029897053,ADP,"DET: 0.82, ADP: 0.15",True,38293,0,10.55304850493315
richesse,richesses,NOUN,NOUN,,,,,True,10,0,2.3978952727983707
naturel,naturelles,ADJ,ADJ,1.0,0.0,,ADJ: 1.00,True,69,0,4.248495242049359
de,de,ADP,ADP,0.7886818615006483,0.7439947701431047,CCONJ,"ADP: 0.79, CCONJ: 0.21",True,27784,0,10.232251585714021
le,le,DET,DET,0.8207496286735718,0.8327615029897053,ADP,"DET: 0.82, ADP: 0.15",True,38293,0,10.55304850493315
Sahara,Sahara,PROPN,PROPN,0.0,0.0,NOUN,NOUN: 1.00,True,41,0,3.7376696182833684
occidental,Occidental,ADJ,ADJ,0.4954761699901536,1.3277582654061977,NUM,"ADJ: 0.50, NUM: 0.42, PROPN: 0.08",True,62,0,4.143134726391533
.,.,PUNCT,PUNCT,,,,,True,13366,0,9.500544261971474
lui,Il,PRON,PRON,0.7173975220804439,1.0427392110337699,CCONJ,"PRON: 0.72, CCONJ: 0.24",True,5436,0,8.600982717145921
soi,se,PRON,PRON,0.8260631963800735,0.8193543183609986,CCONJ,"PRON: 0.83, CCONJ: 0.12, ADV: 0.05",True,2063,0,7.6324011266014535
passer,passe,VERB,VERB,1.0,0.0,,VERB: 1.00,True,192,0,5.262690188904886
de,de,ADP,DET,0.7886818615006483,0.7439947701431047,CCONJ,"ADP: 0.79, CCONJ: 0.21",True,27784,1,10.232251585714021
commentaire,commentaires,NOUN,NOUN,1.0,0.0,,NOUN: 1.00,True,16,0,2.833213344056216
:,:,PUNCT,PUNCT,,,,,True,739,0,6.606650186198215
«,«,PUNCT,PUNCT,,,,,True,866,0,6.7650389767805414
moi,Je,PRON,PRON,0.7120466284894749,1.0523675190710984,CCONJ,"PRON: 0.71, CCONJ: 0.24",True,621,0,6.432940092739179
comprendre,comprends,VERB,VERB,1.0,0.0,,VERB: 1.00,True,108,0,4.6913478822291435
très,très,ADV,ADV,1.0,0.0,,ADV: 1.00,True,435,0,6.077642243349034
bien,bien,ADV,ADV,1.0,0.0,,ADV: 1.00,True,306,0,5.726847747587197
son,votre,DET,DET,0.8481722905876147,0.863954061477403,CCONJ,"DET: 0.85, CCONJ: 0.08",True,3876,0,8.262816937670928
préoccupation,préoccupation,NOUN,NOUN,,,,,True,6,0,1.9459101490553132
par,par,ADP,ADP,1.0,0.0,,ADP: 1.00,True,2183,0,7.688913336864796
rapport,rapport,NOUN,NOUN,1.0,0.0,,NOUN: 1.00,True,81,0,4.406719247264253
à,à,ADP,ADP,1.0,0.0,,ADP: 1.00,True,9366,0,9.14494815320913
son,ma,DET,DET,0.8481722905876147,0.863954061477403,CCONJ,"DET: 0.85, CCONJ: 0.08",True,3876,0,8.262816937670928
participation,participation,NOUN,NOUN,1.0,0.0,,NOUN: 1.00,True,30,0,3.4339872044851463
à,à,ADP,ADP,1.0,0.0,,ADP: 1.00,True,9366,0,9.14494815320913
le,la,DET,DET,0.8207496286735718,0.8327615029897053,ADP,"DET: 0.82, ADP: 0.15",True,38293,0,10.55304850493315
rencontre,rencontre,NOUN,NOUN,1.0,0.0,,NOUN: 1.00,True,52,0,3.970291913552122
de,d',ADP,ADP,0.7886818615006483,0.7439947701431047,CCONJ,"ADP: 0.79, CCONJ: 0.21",True,27784,0,10.232251585714021
Assise,Assise,PROPN,PROPN,,,,,False,0,0,0.0
.,.,PUNCT,PUNCT,,,,,True,13366,0,9.500544261971474
dans,Dans,ADP,ADP,1.0,0.0,,ADP: 1.00,True,2779,0,7.930206206684683
le,les,DET,DET,0.8207496286735718,0.8327615029897053,ADP,"DET: 0.82, ADP: 0.15",True,38293,0,10.55304850493315
sixties,sixties,NOUN,NOUN,,,,,False,0,0,0.0
",",",",PUNCT,PUNCT,,,,,True,16599,0,9.717157974344635
ce,ce,PRON,PRON,0.959635480454852,0.243961008701331,ADV,PRON: 0.96,True,855,0,6.752270376141742
ne,n',ADV,ADV,0.03110691420199771,0.7244015123648279,PRON,"PRON: 0.85, CCONJ: 0.12",True,1435,0,7.269616749608169
être,était,AUX,AUX,0.4687470215317024,1.7986756264740116,SCONJ,"AUX: 0.47, SCONJ: 0.23, ADV: 0.20, CCONJ: 0.10",True,8404,0,9.036582045842716
pas,pas,ADV,ADV,1.0,0.0,,ADV: 1.00,True,893,0,6.795705775173514
comme,comme,SCONJ,SCONJ,0.5807636285615381,1.3800520188671654,CCONJ,"SCONJ: 0.58, CCONJ: 0.32, ADV: 0.07",True,144,0,4.976733742420574
aujourd'hui,aujourd'hui,ADV,ADV,1.0,0.0,,ADV: 1.00,True,127,0,4.852030263919617
.,.,PUNCT,PUNCT,,,,,True,13366,0,9.500544261971474
Sidi,Sidi,PROPN,PROPN,,,,,True,5,0,1.791759469228055
M',M',PROPN,PROPN,,,,,True,1,0,0.6931471805599453
hamed,hamed,X,X,,,,,True,1,0,0.6931471805599453
Deddeche,Deddeche,PROPN,PROPN,,,,,False,0,0,0.0
et,et,CCONJ,CCONJ,0.25644065667983523,1.7170903132548632,SCONJ,"SCONJ: 0.43, ADP: 0.28, CCONJ: 0.26",True,7215,0,8.88405606174246
Amgid,Amgid,PROPN,PROPN,,,,,False,0,0,0.0
Sidi,Sidi,PROPN,PROPN,,,,,True,5,0,1.791759469228055
Ahmed,Ahmed,PROPN,PROPN,,,,,True,4,0,1.6094379124341003
",",",",PUNCT,PUNCT,,,,,True,16599,0,9.717157974344635
deux,deux,NUM,NUM,0.21554851351024185,0.7519555130200147,DET,"DET: 0.78, NUM: 0.22",True,568,0,6.343880434126331
activiste,activistes,NOUN,NOUN,,,,,True,1,0,0.6931471805599453
pacifiste,pacifistes,ADJ,ADJ,,,,,True,2,0,1.0986122886681098
de,de,ADP,ADP,0.7886818615006483,0.7439947701431047,CCONJ,"ADP: 0.79, CCONJ: 0.21",True,27784,0,10.232251585714021
le,les,DET,DET,0.8207496286735718,0.8327615029897053,ADP,"DET: 0.82, ADP: 0.15",True,38293,0,10.55304850493315
territoire,territoires,NOUN,NOUN,1.0,0.0,,NOUN: 1.00,True,98,0,4.59511985013459
occupé,occupés,ADJ,ADJ,,,,,True,8,0,2.1972245773362196
comme,comme,ADP,ADP,0.884348973672223,0.5167293038082115,CCONJ,"ADP: 0.88, CCONJ: 0.12",True,472,0,6.159095388491933
Mme,Mme,NOUN,NOUN,,,,,True,7,0,2.0794415416798357
Haïder,Haïder,PROPN,PROPN,,,,,True,1,0,0.6931471805599453
",",",",PUNCT,PUNCT,,,,,True,16599,0,9.717157974344635
soi,s',PRON,PRON,0.8260631963800735,0.8193543183609986,CCONJ,"PRON: 0.83, CCONJ: 0.12, ADV: 0.05",True,2063,0,7.6324011266014535
être,étaient,AUX,AUX,0.4687470215317024,1.7986756264740116,SCONJ,"AUX: 0.47, SCONJ: 0.23, ADV: 0.20, CCONJ: 0.10",True,8404,0,9.036582045842716
eux,-ils,PRON,PRON,0.9444374542892673,0.30957200047813255,ADV,"PRON: 0.94, ADV: 0.06",True,467,0,6.148468295917647
faire,fait,AUX,AUX,,,,,True,238,0,5.476463551931511
arrêter,arrêter,VERB,VERB,1.0,0.0,,VERB: 1.00,True,58,0,4.07753744390572
mercredi,mercredi,NOUN,NOUN,0.13846968538522905,0.5802169819026916,NUM,"NUM: 0.86, NOUN: 0.14",True,19,0,2.995732273553991
dernier,dernier,ADJ,ADJ,1.0,0.0,,ADJ: 1.00,True,293,0,5.683579767338681
à,à,ADP,ADP,1.0,0.0,,ADP: 1.00,True,9366,0,9.14494815320913
le,l',DET,DET,0.8207496286735718,0.8327615029897053,ADP,"DET: 0.82, ADP: 0.15",True,38293,0,10.55304850493315
entrée,entrée,NOUN,NOUN,1.0,0.0,,NOUN: 1.00,True,47,0,3.871201010907891
de,de,ADP,ADP,0.7886818615006483,0.7439947701431047,CCONJ,"ADP: 0.79, CCONJ: 0.21",True,27784,0,10.232251585714021
Smara,Smara,PROPN,PROPN,,,,,True,1,0,0.6931471805599453
",",",",PUNCT,PUNCT,,,,,True,16599,0,9.717157974344635
le,la,DET,DET,0.8207496286735718,0.8327615029897053,ADP,"DET: 0.82, ADP: 0.15",True,38293,0,10.55304850493315
capitale,capitale,NOUN,NOUN,1.0,0.0,,NOUN: 1.00,True,40,0,3.713572066704308
spirituel,spirituelle,ADJ,ADJ,1.0,0.0,,ADJ: 1.00,True,13,0,2.6390573296152584
de,de,ADP,ADP,0.7886818615006483,0.7439947701431047,CCONJ,"ADP: 0.79, CCONJ: 0.21",True,27784,0,10.232251585714021
le,le,DET,DET,0.8207496286735718,0.8327615029897053,ADP,"DET: 0.82, ADP: 0.15",True,38293,0,10.55304850493315
Sahara,Sahara,PROPN,PROPN,0.0,0.0,NOUN,NOUN: 1.00,True,41,0,3.7376696182833684
occidental,occidental,ADJ,ADJ,0.4954761699901536,1.3277582654061977,NUM,"ADJ: 0.50, NUM: 0.42, PROPN: 0.08",True,62,0,4.143134726391533
",",",",PUNCT,PUNCT,,,,,True,16599,0,9.717157974344635
parce,parce,ADV,ADV,,,,,True,33,0,3.5263605246161616
que,qu',SCONJ,SCONJ,0.6915510664276248,1.397369454710615,CCONJ,"SCONJ: 0.69, CCONJ: 0.17, PRON: 0.06, ADV: 0.05",True,1979,0,7.590852123688581
lui,ils,PRON,PRON,0.7173975220804439,1.0427392110337699,CCONJ,"PRON: 0.72, CCONJ: 0.24",True,5436,0,8.600982717145921
être,étaient,AUX,AUX,0.4687470215317024,1.7986756264740116,SCONJ,"AUX: 0.47, SCONJ: 0.23, ADV: 0.20, CCONJ: 0.10",True,8404,0,9.036582045842716
un,des,DET,DET,0.7741737557418163,1.1225809040946326,ADP,"DET: 0.77, ADP: 0.11, CCONJ: 0.09",True,8933,0,9.097619501912064
séquestré,séquestrés,NOUN,NOUN,,,,,True,1,0,0.6931471805599453
qui,qui,PRON,PRON,0.8171669946022245,0.8424411100711472,CCONJ,"PRON: 0.82, CCONJ: 0.13, ADV: 0.05",True,1916,0,7.558516743045645
soi,s',PRON,PRON,0.8260631963800735,0.8193543183609986,CCONJ,"PRON: 0.83, CCONJ: 0.12, ADV: 0.05",True,2063,0,7.6324011266014535
être,étaient,AUX,AUX,0.4687470215317024,1.7986756264740116,SCONJ,"AUX: 0.47, SCONJ: 0.23, ADV: 0.20, CCONJ: 0.10",True,8404,0,9.036582045842716
évader,évadés,VERB,VERB,,,,,True,5,0,1.791759469228055
de,de,ADP,ADP,0.7886818615006483,0.7439947701431047,CCONJ,"ADP: 0.79, CCONJ: 0.21",True,27784,0,10.232251585714021
le,les,DET,DET,0.8207496286735718,0.8327615029897053,ADP,"DET: 0.82, ADP: 0.15",True,38293,0,10.55304850493315
camp,camps,NOUN,NOUN,1.0,0.0,,NOUN: 1.00,True,47,0,3.871201010907891
de,de,ADP,ADP,0.7886818615006483,0.7439947701431047,CCONJ,"ADP: 0.79, CCONJ: 0.21",True,27784,0,10.232251585714021
Tindouf,Tindouf,PROPN,PROPN,,,,,True,1,0,0.6931471805599453
",",",",PUNCT,PUNCT,,,,,True,16599,0,9.717157974344635
sans,sans,ADP,ADP,0.16755719533164298,1.4014374668614333,DET,"DET: 0.61, CCONJ: 0.21, ADP: 0.17",True,220,0,5.3981627015177525
document,documents,NOUN,NOUN,1.0,0.0,,NOUN: 1.00,True,18,0,2.9444389791664403
de,de,ADP,ADP,0.7886818615006483,0.7439947701431047,CCONJ,"ADP: 0.79, CCONJ: 0.21",True,27784,0,10.232251585714021
voyage,voyage,NOUN,NOUN,1.0,0.0,,NOUN: 1.00,True,34,0,3.5553480614894135
?,?,PUNCT,PUNCT,,,,,True,270,0,5.602118820879701
à,A,ADP,ADP,1.0,0.0,,ADP: 1.00,True,9366,0,9.14494815320913
chaque,chaque,DET,DET,0.8752800390928642,0.6935189399848112,ADP,"DET: 0.88, ADP: 0.08",True,122,0,4.812184355372417
fois,fois,NOUN,NOUN,1.0,0.0,,NOUN: 1.00,True,211,0,5.356586274672012
que,qu',SCONJ,SCONJ,0.6915510664276248,1.397369454710615,CCONJ,"SCONJ: 0.69, CCONJ: 0.17, PRON: 0.06, ADV: 0.05",True,1979,0,7.590852123688581
lui,il,PRON,PRON,0.7173975220804439,1.0427392110337699,CCONJ,"PRON: 0.72, CCONJ: 0.24",True,5436,0,8.600982717145921
sentir,sent,VERB,VERB,1.0,0.0,,VERB: 1.00,True,27,0,3.332204510175204
le,la,DET,DET,0.8207496286735718,0.8327615029897053,ADP,"DET: 0.82, ADP: 0.15",True,38293,0,10.55304850493315
pression,pression,NOUN,NOUN,1.0,0.0,,NOUN: 1.00,True,20,0,3.044522437723423
",",",",PUNCT,PUNCT,,,,,True,16599,0,9.717157974344635
le,le,DET,DET,0.8207496286735718,0.8327615029897053,ADP,"DET: 0.82, ADP: 0.15",True,38293,0,10.55304850493315
Makhzen,Makhzen,PROPN,PROPN,,,,,True,2,0,1.0986122886681098
appeler,appelle,VERB,VERB,1.0,0.0,,VERB: 1.00,True,154,0,5.043425116919247
quelqu'un,quelqu'un,PRON,PRON,0.8011285031120878,1.0293032303137066,NOUN,"PRON: 0.80, NOUN: 0.08, ADV: 0.06, PROPN: 0.05",True,14,0,2.70805020110221
à,à,ADP,ADP,1.0,0.0,,ADP: 1.00,True,9366,0,9.14494815320913
son,son,DET,DET,0.8481722905876147,0.863954061477403,CCONJ,"DET: 0.85, CCONJ: 0.08",True,3876,0,8.262816937670928
secours,secours,NOUN,NOUN,1.0,0.0,,NOUN: 1.00,True,11,0,2.4849066497880004
.,.,PUNCT,PUNCT,,,,,True,13366,0,9.500544261971474
le,Les,DET,DET,0.8207496286735718,0.8327615029897053,ADP,"DET: 0.82, ADP: 0.15",True,38293,0,10.55304850493315
observateur,observateurs,NOUN,NOUN,,,,,True,5,0,1.791759469228055
espagnol,espagnols,ADJ,ADJ,1.0,0.0,,ADJ: 1.00,True,58,0,4.07753744390572
",",",",PUNCT,PUNCT,,,,,True,16599,0,9.717157974344635
Carlos,Carlos,PROPN,PROPN,,,,,True,9,0,2.302585092994046
Sanchez,Sanchez,PROPN,PROPN,,,,,True,1,0,0.6931471805599453
et,et,CCONJ,CCONJ,0.25644065667983523,1.7170903132548632,SCONJ,"SCONJ: 0.43, ADP: 0.28, CCONJ: 0.26",True,7215,0,8.88405606174246
Mar,Mar,PROPN,PROPN,,,,,True,5,0,1.791759469228055
Figueras,Figueras,PROPN,PROPN,,,,,False,0,0,0.0
",",",",PUNCT,PUNCT,,,,,True,16599,0,9.717157974344635
avoir,ont,AUX,AUX,0.7537049139623345,0.8053529913575782,ADV,"AUX: 0.75, ADV: 0.25",True,2935,0,7.984803389734406
être,été,AUX,AUX,0.4687470215317024,1.7986756264740116,SCONJ,"AUX: 0.47, SCONJ: 0.23, ADV: 0.20, CCONJ: 0.10",True,8404,0,9.036582045842716
arrêter,arrêtés,VERB,VERB,1.0,0.0,,VERB: 1.00,True,58,0,4.07753744390572
.,.,PUNCT,PUNCT,,,,,True,13366,0,9.500544261971474
qui,Qui,PRON,PRON,0.8171669946022245,0.8424411100711472,CCONJ,"PRON: 0.82, CCONJ: 0.13, ADV: 0.05",True,1916,0,7.558516743045645
avoir,a,AUX,AUX,0.7537049139623345,0.8053529913575782,ADV,"AUX: 0.75, ADV: 0.25",True,2935,0,7.984803389734406
donner,donné,VERB,VERB,1.0,0.0,,VERB: 1.00,True,220,0,5.3981627015177525
le,l',DET,DET,0.8207496286735718,0.8327615029897053,ADP,"DET: 0.82, ADP: 0.15",True,38293,0,10.55304850493315
exemple,exemple,NOUN,NOUN,1.0,0.0,,NOUN: 1.00,True,96,0,4.574710978503383
?,?,PUNCT,PUNCT,,,,,True,270,0,5.602118820879701
le,La,DET,DET,0.8207496286735718,0.8327615029897053,ADP,"DET: 0.82, ADP: 0.15",True,38293,0,10.55304850493315
version,version,NOUN,NOUN,1.0,0.0,,NOUN: 1.00,True,76,0,4.343805421853684
2010,2010,NUM,NUM,1.0,0.0,,NUM: 1.00,True,107,0,4.68213122712422
intégrer,intègre,VERB,VERB,1.0,0.0,,VERB: 1.00,True,41,0,3.7376696182833684
ainsi,ainsi,ADV,ADV,1.0,0.0,,ADV: 1.00,True,330,0,5.802118375377063
un,une,DET,DET,0.7741737557418163,1.1225809040946326,ADP,"DET: 0.77, ADP: 0.11, CCONJ: 0.09",True,8933,0,9.097619501912064
case,case,NOUN,NOUN,,,,,True,1,0,0.6931471805599453
"""","""",PUNCT,PUNCT,,,,,True,819,0,6.709304340258298
RSA,RSA,PROPN,PROPN,,,,,False,0,0,0.0
"""","""",PUNCT,PUNCT,,,,,True,819,0,6.709304340258298
",",",",PUNCT,PUNCT,,,,,True,16599,0,9.717157974344635
car,car,CCONJ,CCONJ,0.14413257226628412,1.2157072304655134,SCONJ,"SCONJ: 0.73, CCONJ: 0.14, PRON: 0.10",True,114,0,4.74493212836325
si,si,SCONJ,SCONJ,0.6874457760699145,1.332794651946429,CCONJ,"SCONJ: 0.69, CCONJ: 0.17, PRON: 0.10",True,251,0,5.529429087511423
le,le,DET,DET,0.8207496286735718,0.8327615029897053,ADP,"DET: 0.82, ADP: 0.15",True,38293,0,10.55304850493315
revenu,Revenu,NOUN,NOUN,1.0,0.0,,NOUN: 1.00,True,17,0,2.8903717578961645
de,de,ADP,ADP,0.7886818615006483,0.7439947701431047,CCONJ,"ADP: 0.79, CCONJ: 0.21",True,27784,0,10.232251585714021
solidarité,solidarité,NOUN,NOUN,1.0,0.0,,NOUN: 1.00,True,12,0,2.5649493574615367
actif,active,ADJ,ADJ,1.0,0.0,,ADJ: 1.00,True,28,0,3.367295829986474
être,est,AUX,AUX,0.4687470215317024,1.7986756264740116,SCONJ,"AUX: 0.47, SCONJ: 0.23, ADV: 0.20, CCONJ: 0.10",True,8404,0,9.036582045842716
bien,bien,ADV,ADV,1.0,0.0,,ADV: 1.00,True,306,0,5.726847747587197
exonérer,exonéré,VERB,VERB,,,,,True,1,0,0.6931471805599453
de,d',ADP,ADP,0.7886818615006483,0.7439947701431047,CCONJ,"ADP: 0.79, CCONJ: 0.21",True,27784,0,10.232251585714021
impôt,impôt,NOUN,NOUN,,,,,True,7,0,2.0794415416798357
sur,sur,ADP,ADP,1.0,0.0,,ADP: 1.00,True,1482,0,7.301822342137932
le,le,DET,DET,0.8207496286735718,0.8327615029897053,ADP,"DET: 0.82, ADP: 0.15",True,38293,0,10.55304850493315
revenu,revenu,NOUN,NOUN,1.0,0.0,,NOUN: 1.00,True,17,0,2.8903717578961645
",",",",PUNCT,PUNCT,,,,,True,16599,0,9.717157974344635
le,le,DET,DET,0.8207496286735718,0.8327615029897053,ADP,"DET: 0.82, ADP: 0.15",True,38293,0,10.55304850493315
montant,montant,NOUN,NOUN,,,,,True,8,0,2.1972245773362196
verser,versé,VERB,VERB,1.0,0.0,,VERB: 1.00,True,12,0,2.5649493574615367
à,à,ADP,ADP,1.0,0.0,,ADP: 1.00,True,9366,0,9.14494815320913
le,le,DET,DET,0.8207496286735718,0.8327615029897053,ADP,"DET: 0.82, ADP: 0.15",True,38293,0,10.55304850493315
titre,titre,NOUN,NOUN,1.0,0.0,,NOUN: 1.00,True,164,0,5.10594547390058
de,d',ADP,ADP,0.7886818615006483,0.7439947701431047,CCONJ,"ADP: 0.79, CCONJ: 0.21",True,27784,0,10.232251585714021
un,un,DET,DET,0.7741737557418163,1.1225809040946326,ADP,"DET: 0.77, ADP: 0.11, CCONJ: 0.09",True,8933,0,9.097619501912064
complément,complément,NOUN,NOUN,,,,,True,5,0,1.791759469228055
de,d',ADP,ADP,0.7886818615006483,0.7439947701431047,CCONJ,"ADP: 0.79, CCONJ: 0.21",True,27784,0,10.232251585714021
activité,activité,NOUN,NOUN,1.0,0.0,,NOUN: 1.00,True,94,0,4.553876891600541
devoir,doit,VERB,VERB,0.9326805365068354,0.3558398388117804,ADJ,"VERB: 0.93, ADJ: 0.07",True,314,0,5.752572638825633
être,être,AUX,AUX,0.4687470215317024,1.7986756264740116,SCONJ,"AUX: 0.47, SCONJ: 0.23, ADV: 0.20, CCONJ: 0.10",True,8404,0,9.036582045842716
déduire,déduit,VERB,VERB,,,,,True,5,0,1.791759469228055
de,de,ADP,ADP,0.7886818615006483,0.7439947701431047,CCONJ,"ADP: 0.79, CCONJ: 0.21",True,27784,0,10.232251585714021
le,la,DET,DET,0.8207496286735718,0.8327615029897053,ADP,"DET: 0.82, ADP: 0.15",True,38293,0,10.55304850493315
prime,prime,NOUN,NOUN,,,,,True,3,0,1.3862943611198906
pour,pour,ADP,ADP,0.7890790430468303,0.7432394314397186,CCONJ,"ADP: 0.79, CCONJ: 0.21",True,2242,0,7.715569534520208
le,l',DET,DET,0.8207496286735718,0.8327615029897053,ADP,"DET: 0.82, ADP: 0.15",True,38293,0,10.55304850493315
emploi,emploi,NOUN,NOUN,1.0,0.0,,NOUN: 1.00,True,35,0,3.58351893845611
(,(,PUNCT,PUNCT,,,,,True,2211,0,7.701652362642226
PPE,PPE,NOUN,PROPN,,,,,False,0,1,0.0
),),PUNCT,PUNCT,,,,,True,2204,0,7.6984827878809465
.,.,PUNCT,PUNCT,,,,,True,13366,0,9.500544261971474
ne,N',ADV,ADV,0.03110691420199771,0.7244015123648279,PRON,"PRON: 0.85, CCONJ: 0.12",True,1435,0,7.269616749608169
être,étant,AUX,AUX,0.4687470215317024,1.7986756264740116,SCONJ,"AUX: 0.47, SCONJ: 0.23, ADV: 0.20, CCONJ: 0.10",True,8404,0,9.036582045842716
pas,pas,ADV,ADV,1.0,0.0,,ADV: 1.00,True,893,0,6.795705775173514
préparer,préparés,VERB,VERB,1.0,0.0,,VERB: 1.00,True,26,0,3.295836866004329
pour,pour,ADP,ADP,0.7890790430468303,0.7432394314397186,CCONJ,"ADP: 0.79, CCONJ: 0.21",True,2242,0,7.715569534520208
recevoir,recevoir,VERB,VERB,1.0,0.0,,VERB: 1.00,True,118,0,4.77912349311153
plus,plus,ADV,ADV,0.7196677710684014,0.8559031009192263,CCONJ,"ADV: 0.72, CCONJ: 0.28",True,1173,0,7.068172000388042
de,de,ADP,ADP,0.7886818615006483,0.7439947701431047,CCONJ,"ADP: 0.79, CCONJ: 0.21",True,27784,0,10.232251585714021
dix,dix,NUM,NUM,0.20978342935831548,0.741068569103227,DET,"DET: 0.79, NUM: 0.21",True,28,0,3.367295829986474
quinze,quinze,NUM,NUM,,,,,True,8,0,2.1972245773362196
mille,mille,NUM,NUM,,,,,True,9,0,2.302585092994046
personne,personnes,NOUN,NOUN,1.0,0.0,,NOUN: 1.00,True,136,0,4.919980925828125
",",",",PUNCT,PUNCT,,,,,True,16599,0,9.717157974344635
le,les,DET,DET,0.8207496286735718,0.8327615029897053,ADP,"DET: 0.82, ADP: 0.15",True,38293,0,10.55304850493315
autorité,autorités,NOUN,NOUN,1.0,0.0,,NOUN: 1.00,True,51,0,3.9512437185814275
",",",",PUNCT,PUNCT,,,,,True,16599,0,9.717157974344635
qui,qui,PRON,PRON,0.8171669946022245,0.8424411100711472,CCONJ,"PRON: 0.82, CCONJ: 0.13, ADV: 0.05",True,1916,0,7.558516743045645
faire,font,VERB,VERB,1.0,0.0,,VERB: 1.00,True,655,0,6.486160788944089
tout,tout,ADJ,ADJ,0.0,0.0,ADP,ADP: 1.00,True,401,0,5.996452088619021
ce,ce,PRON,PRON,0.959635480454852,0.243961008701331,ADV,PRON: 0.96,True,855,0,6.752270376141742
que,qu',PRON,PRON,0.11611059889321292,1.238361633076011,SCONJ,"SCONJ: 0.71, CCONJ: 0.15, PRON: 0.12",True,430,0,6.066108090103747
lui,elles,PRON,PRON,0.7173975220804439,1.0427392110337699,CCONJ,"PRON: 0.72, CCONJ: 0.24",True,5436,0,8.600982717145921
pouvoir,peuvent,VERB,VERB,0.9326172400615902,0.3560798311098319,ADJ,"VERB: 0.93, ADJ: 0.07",True,599,0,6.396929655216146
pour,pour,ADP,ADP,0.7890790430468303,0.7432394314397186,CCONJ,"ADP: 0.79, CCONJ: 0.21",True,2242,0,7.715569534520208
nourrir,nourrir,VERB,VERB,1.0,0.0,,VERB: 1.00,True,19,0,2.995732273553991
ce,ce,DET,DET,0.8764141494570885,0.6891209831462356,ADP,"DET: 0.88, ADP: 0.08",True,1960,0,7.581209826196346
flux,flux,NOUN,NOUN,1.0,0.0,,NOUN: 1.00,True,11,0,2.4849066497880004
ininterrompu,ininterrompu,ADJ,ADJ,,,,,False,0,0,0.0
",",",",PUNCT,PUNCT,,,,,True,16599,0,9.717157974344635
craindre,craignent,VERB,VERB,1.0,0.0,,VERB: 1.00,True,23,0,3.1780538303479458
que,que,SCONJ,SCONJ,0.6915510664276248,1.397369454710615,CCONJ,"SCONJ: 0.69, CCONJ: 0.17, PRON: 0.06, ADV: 0.05",True,1979,0,7.590852123688581
le,la,DET,DET,0.8207496286735718,0.8327615029897053,ADP,"DET: 0.82, ADP: 0.15",True,38293,0,10.55304850493315
situation,situation,NOUN,NOUN,1.0,0.0,,NOUN: 1.00,True,69,0,4.248495242049359
ne,ne,ADV,ADV,0.03110691420199771,0.7244015123648279,PRON,"PRON: 0.85, CCONJ: 0.12",True,1435,0,7.269616749608169
dégénérer,dégénère,VERB,VERB,,,,,True,2,0,1.0986122886681098
si,si,SCONJ,SCONJ,0.6874457760699145,1.332794651946429,CCONJ,"SCONJ: 0.69, CCONJ: 0.17, PRON: 0.10",True,251,0,5.529429087511423
le,l',DET,DET,0.8207496286735718,0.8327615029897053,ADP,"DET: 0.82, ADP: 0.15",True,38293,0,10.55304850493315
aide,aide,NOUN,NOUN,1.0,0.0,,NOUN: 1.00,True,51,0,3.9512437185814275
international,internationale,ADJ,ADJ,1.0,0.0,,ADJ: 1.00,True,145,0,4.983606621708336
ne,ne,ADV,ADV,0.03110691420199771,0.7244015123648279,PRON,"PRON: 0.85, CCONJ: 0.12",True,1435,0,7.269616749608169
pointer,pointe,VERB,VERB,,,,,True,3,0,1.3862943611198906
pas,pas,ADV,ADV,1.0,0.0,,ADV: 1.00,True,893,0,6.795705775173514
plus,plus,ADV,ADV,0.7196677710684014,0.8559031009192263,CCONJ,"ADV: 0.72, CCONJ: 0.28",True,1173,0,7.068172000388042
vite,vite,ADV,ADV,0.8663997998634598,0.5672297199457231,PRON,"ADV: 0.87, PRON: 0.13",True,29,0,3.4011973816621555
le,le,DET,DET,0.8207496286735718,0.8327615029897053,ADP,"DET: 0.82, ADP: 0.15",True,38293,0,10.55304850493315
bout,bout,NOUN,NOUN,1.0,0.0,,NOUN: 1.00,True,15,0,2.772588722239781
de,de,ADP,ADP,0.7886818615006483,0.7439947701431047,CCONJ,"ADP: 0.79, CCONJ: 0.21",True,27784,0,10.232251585714021
son,son,DET,DET,0.8481722905876147,0.863954061477403,CCONJ,"DET: 0.85, CCONJ: 0.08",True,3876,0,8.262816937670928
nez,nez,NOUN,NOUN,,,,,True,6,0,1.9459101490553132
.,.,PUNCT,PUNCT,,,,,True,13366,0,9.500544261971474
ce,Ces,DET,DET,0.8764141494570885,0.6891209831462356,ADP,"DET: 0.88, ADP: 0.08",True,1960,0,7.581209826196346
sympathisant,sympathisants,NOUN,NOUN,,,,,True,1,0,0.6931471805599453
de,de,ADP,ADP,0.7886818615006483,0.7439947701431047,CCONJ,"ADP: 0.79, CCONJ: 0.21",True,27784,0,10.232251585714021
différent,différentes,ADJ,DET,0.8919075491630395,0.49413526611147446,NUM,"ADJ: 0.89, NUM: 0.11",True,92,1,4.532599493153256
nationalité,nationalités,NOUN,NOUN,1.0,0.0,,NOUN: 1.00,True,11,0,2.4849066497880004
(,(,PUNCT,PUNCT,,,,,True,2211,0,7.701652362642226
italien,Italiens,NOUN,ADJ,,,,,True,9,1,2.302585092994046
",",",",PUNCT,PUNCT,,,,,True,16599,0,9.717157974344635
espagnol,Espagnols,NOUN,ADJ,,,,,True,9,1,2.302585092994046
",",",",PUNCT,PUNCT,,,,,True,16599,0,9.717157974344635
britannique,Britanniques,NOUN,NOUN,,,,,True,8,0,2.1972245773362196
",",",",PUNCT,PUNCT,,,,,True,16599,0,9.717157974344635
allemand,Allemands,NOUN,NOUN,0.12172926454153346,0.5343112399825797,PROPN,"PROPN: 0.88, NOUN: 0.12",True,30,0,3.4339872044851463
",",",",PUNCT,PUNCT,,,,,True,16599,0,9.717157974344635
argentin,Argentins,NOUN,NOUN,,,,,True,2,0,1.0986122886681098
",",",",PUNCT,PUNCT,,,,,True,16599,0,9.717157974344635
norvégien,Norvégiens,NOUN,NOUN,,,,,True,1,0,0.6931471805599453
",",",",PUNCT,PUNCT,,,,,True,16599,0,9.717157974344635
cubain,Cubains,NOUN,NOUN,,,,,False,0,0,0.0
",",",",PUNCT,PUNCT,,,,,True,16599,0,9.717157974344635
sud-africains,Sud-Africains,NOUN,NOUN,,,,,False,0,0,0.0
",",",",PUNCT,PUNCT,,,,,True,16599,0,9.717157974344635
vénézuélien,Vénézuéliens,NOUN,NOUN,,,,,False,0,0,0.0
",",",",PUNCT,PUNCT,,,,,True,16599,0,9.717157974344635
etc,etc,ADV,NOUN,,,,,True,2,1,1.0986122886681098
.,.,PUNCT,PUNCT,,,,,True,13366,0,9.500544261971474
),),PUNCT,PUNCT,,,,,True,2204,0,7.6984827878809465
ce,C',PRON,PRON,0.959635480454852,0.243961008701331,ADV,PRON: 0.96,True,855,0,6.752270376141742
être,est,AUX,AUX,0.4687470215317024,1.7986756264740116,SCONJ,"AUX: 0.47, SCONJ: 0.23, ADV: 0.20, CCONJ: 0.10",True,8404,0,9.036582045842716
à,à,ADP,ADP,1.0,0.0,,ADP: 1.00,True,9366,0,9.14494815320913
Dakhla,Dakhla,PROPN,PROPN,,,,,False,0,0,0.0
",",",",PUNCT,PUNCT,,,,,True,16599,0,9.717157974344635
où,où,PRON,PRON,0.0947775400927949,1.2584185696703833,SCONJ,"SCONJ: 0.70, CCONJ: 0.19, PRON: 0.09",True,365,0,5.902633333401366
celui,ceux,PRON,PRON,0.5172312419604586,1.7291498109731305,NOUN,"PRON: 0.52, NOUN: 0.23, PROPN: 0.14, VERB: 0.11",True,278,0,5.631211781821365
qui,qui,PRON,PRON,0.8171669946022245,0.8424411100711472,CCONJ,"PRON: 0.82, CCONJ: 0.13, ADV: 0.05",True,1916,0,7.558516743045645
faire,font,VERB,VERB,1.0,0.0,,VERB: 1.00,True,655,0,6.486160788944089
office,office,NOUN,NOUN,1.0,0.0,,NOUN: 1.00,True,16,0,2.833213344056216
de,de,ADP,ADP,0.7886818615006483,0.7439947701431047,CCONJ,"ADP: 0.79, CCONJ: 0.21",True,27784,0,10.232251585714021
«,«,PUNCT,PUNCT,,,,,True,866,0,6.7650389767805414
colon,colons,NOUN,NOUN,,,,,True,8,0,2.1972245773362196
»,»,PUNCT,PUNCT,,,,,True,814,0,6.703188113240863
soi,se,PRON,PRON,0.8260631963800735,0.8193543183609986,CCONJ,"PRON: 0.83, CCONJ: 0.12, ADV: 0.05",True,2063,0,7.6324011266014535
être,sont,AUX,AUX,0.4687470215317024,1.7986756264740116,SCONJ,"AUX: 0.47, SCONJ: 0.23, ADV: 0.20, CCONJ: 0.10",True,8404,0,9.036582045842716
permettre,permis,VERB,VERB,1.0,0.0,,VERB: 1.00,True,245,0,5.5053315359323625
de,de,ADP,ADP,0.7886818615006483,0.7439947701431047,CCONJ,"ADP: 0.79, CCONJ: 0.21",True,27784,0,10.232251585714021
eux,les,PRON,PRON,0.9444374542892673,0.30957200047813255,ADV,"PRON: 0.94, ADV: 0.06",True,467,0,6.148468295917647
traiter,traiter,VERB,VERB,1.0,0.0,,VERB: 1.00,True,24,0,3.2188758248682006
en,en,ADP,ADP,0.21695278762461512,1.4815638486393006,DET,"DET: 0.51, CCONJ: 0.27, ADP: 0.22",True,5233,0,8.562931083090092
tant,tant,ADV,ADV,0.0734316143125899,2.0459672475873987,CCONJ,"CCONJ: 0.31, SCONJ: 0.29, AUX: 0.28, ADV: 0.07",True,100,0,4.61512051684126
que,qu',SCONJ,SCONJ,0.6915510664276248,1.397369454710615,CCONJ,"SCONJ: 0.69, CCONJ: 0.17, PRON: 0.06, ADV: 0.05",True,1979,0,7.590852123688581
«,«,PUNCT,PUNCT,,,,,True,866,0,6.7650389767805414
indigène,indigènes,NOUN,NOUN,,,,,True,2,0,1.0986122886681098
»,»,PUNCT,PUNCT,,,,,True,814,0,6.703188113240863
",",",",PUNCT,PUNCT,,,,,True,16599,0,9.717157974344635
en,en,ADP,ADP,0.21695278762461512,1.4815638486393006,DET,"DET: 0.51, CCONJ: 0.27, ADP: 0.22",True,5233,0,8.562931083090092
eux,les,PRON,PRON,0.9444374542892673,0.30957200047813255,ADV,"PRON: 0.94, ADV: 0.06",True,467,0,6.148468295917647
agresser,agressant,VERB,VERB,,,,,True,4,0,1.6094379124341003
à,à,ADP,ADP,1.0,0.0,,ADP: 1.00,True,9366,0,9.14494815320913
propos,propos,NOUN,NOUN,1.0,0.0,,NOUN: 1.00,True,20,0,3.044522437723423
de,d',ADP,ADP,0.7886818615006483,0.7439947701431047,CCONJ,"ADP: 0.79, CCONJ: 0.21",True,27784,0,10.232251585714021
un,un,DET,DET,0.7741737557418163,1.1225809040946326,ADP,"DET: 0.77, ADP: 0.11, CCONJ: 0.09",True,8933,0,9.097619501912064
match,match,NOUN,NOUN,1.0,0.0,,NOUN: 1.00,True,133,0,4.897839799950911
de,de,ADP,ADP,0.7886818615006483,0.7439947701431047,CCONJ,"ADP: 0.79, CCONJ: 0.21",True,27784,0,10.232251585714021
football,football,NOUN,NOUN,0.059126701468425816,0.6820154164372064,PROPN,"PROPN: 0.87, NUM: 0.07, NOUN: 0.06",True,57,0,4.060443010546419
maroco-sahraoui,maroco-sahraoui,ADJ,ADJ,,,,,False,0,0,0.0
",",",",PUNCT,PUNCT,,,,,True,16599,0,9.717157974344635
que,que,SCONJ,SCONJ,0.6915510664276248,1.397369454710615,CCONJ,"SCONJ: 0.69, CCONJ: 0.17, PRON: 0.06, ADV: 0.05",True,1979,0,7.590852123688581
un,des,DET,DET,0.7741737557418163,1.1225809040946326,ADP,"DET: 0.77, ADP: 0.11, CCONJ: 0.09",True,8933,0,9.097619501912064
affrontement,affrontements,NOUN,NOUN,,,,,True,9,0,2.302585092994046
avoir,ont,AUX,AUX,0.7537049139623345,0.8053529913575782,ADV,"AUX: 0.75, ADV: 0.25",True,2935,0,7.984803389734406
avoir,eu,VERB,VERB,1.0,0.0,,VERB: 1.00,True,784,0,6.665683717782408
lieu,lieu,NOUN,NOUN,1.0,0.0,,NOUN: 1.00,True,179,0,5.19295685089021
.,.,PUNCT,PUNCT,,,,,True,13366,0,9.500544261971474
avoir,Ont,AUX,AUX,0.7537049139623345,0.8053529913575782,ADV,"AUX: 0.75, ADV: 0.25",True,2935,0,7.984803389734406
également,également,ADV,ADV,1.0,0.0,,ADV: 1.00,True,282,0,5.645446897643238
assister,assisté,VERB,VERB,1.0,0.0,,VERB: 1.00,True,26,0,3.295836866004329
à,à,ADP,ADP,1.0,0.0,,ADP: 1.00,True,9366,0,9.14494815320913
ce,cette,DET,DET,0.8764141494570885,0.6891209831462356,ADP,"DET: 0.88, ADP: 0.08",True,1960,0,7.581209826196346
occasion,occasion,NOUN,NOUN,1.0,0.0,,NOUN: 1.00,True,55,0,4.02535169073515
",",",",PUNCT,PUNCT,,,,,True,16599,0,9.717157974344635
un,des,DET,DET,0.7741737557418163,1.1225809040946326,ADP,"DET: 0.77, ADP: 0.11, CCONJ: 0.09",True,8933,0,9.097619501912064
représentant,représentants,NOUN,NOUN,1.0,0.0,,NOUN: 1.00,True,29,0,3.4011973816621555
de,de,ADP,ADP,0.7886818615006483,0.7439947701431047,CCONJ,"ADP: 0.79, CCONJ: 0.21",True,27784,0,10.232251585714021
le,le,DET,DET,0.8207496286735718,0.8327615029897053,ADP,"DET: 0.82, ADP: 0.15",True,38293,0,10.55304850493315
corps,corps,NOUN,NOUN,1.0,0.0,,NOUN: 1.00,True,70,0,4.2626798770413155
diplomatique,diplomatique,ADJ,ADJ,1.0,0.0,,ADJ: 1.00,True,14,0,2.70805020110221
accréditer,accrédité,VERB,VERB,,,,,True,1,0,0.6931471805599453
en,en,ADP,ADP,0.21695278762461512,1.4815638486393006,DET,"DET: 0.51, CCONJ: 0.27, ADP: 0.22",True,5233,0,8.562931083090092
Algérie,Algérie,PROPN,PROPN,0.9728335403291772,0.17997639082535727,NOUN,PROPN: 0.97,True,41,0,3.7376696182833684
",",",",PUNCT,PUNCT,,,,,True,16599,0,9.717157974344635
notamment,notamment,ADV,ADV,0.40015985283632743,1.4989950066247564,SCONJ,"SCONJ: 0.42, ADV: 0.40, CCONJ: 0.18",True,166,0,5.117993812416755
de,d',ADP,ADP,0.7886818615006483,0.7439947701431047,CCONJ,"ADP: 0.79, CCONJ: 0.21",True,27784,0,10.232251585714021
Afrique,Afrique,PROPN,PROPN,0.31683746610707475,0.9009091058654913,NOUN,"NOUN: 0.68, PROPN: 0.32",True,47,0,3.871201010907891
de,de,ADP,ADP,0.7886818615006483,0.7439947701431047,CCONJ,"ADP: 0.79, CCONJ: 0.21",True,27784,0,10.232251585714021
le,le,DET,DET,0.8207496286735718,0.8327615029897053,ADP,"DET: 0.82, ADP: 0.15",True,38293,0,10.55304850493315
sud,sud,NOUN,NOUN,0.17358763500066585,0.6658463313902898,PROPN,"PROPN: 0.83, NOUN: 0.17",True,139,0,4.941642422609304
",",",",PUNCT,PUNCT,,,,,True,16599,0,9.717157974344635
de,de,ADP,ADP,0.7886818615006483,0.7439947701431047,CCONJ,"ADP: 0.79, CCONJ: 0.21",True,27784,0,10.232251585714021
Cuba,Cuba,PROPN,PROPN,,,,,True,5,0,1.791759469228055
",",",",PUNCT,PUNCT,,,,,True,16599,0,9.717157974344635
de,de,ADP,ADP,0.7886818615006483,0.7439947701431047,CCONJ,"ADP: 0.79, CCONJ: 0.21",True,27784,0,10.232251585714021
le,le,DET,DET,0.8207496286735718,0.8327615029897053,ADP,"DET: 0.82, ADP: 0.15",True,38293,0,10.55304850493315
Venezuela,Venezuela,PROPN,PROPN,0.8313792712952335,0.6545398434011982,NOUN,"PROPN: 0.83, NOUN: 0.17",True,11,0,2.4849066497880004
",",",",PUNCT,PUNCT,,,,,True,16599,0,9.717157974344635
de,d',ADP,ADP,0.7886818615006483,0.7439947701431047,CCONJ,"ADP: 0.79, CCONJ: 0.21",True,27784,0,10.232251585714021
Angola,Angola,PROPN,PROPN,,,,,True,3,0,1.3862943611198906
et,et,CCONJ,CCONJ,0.25644065667983523,1.7170903132548632,SCONJ,"SCONJ: 0.43, ADP: 0.28, CCONJ: 0.26",True,7215,0,8.88405606174246
de,de,ADP,ADP,0.7886818615006483,0.7439947701431047,CCONJ,"ADP: 0.79, CCONJ: 0.21",True,27784,0,10.232251585714021
le,le,DET,DET,0.8207496286735718,0.8327615029897053,ADP,"DET: 0.82, ADP: 0.15",True,38293,0,10.55304850493315
Congo,Congo,PROPN,PROPN,,,,,True,9,0,2.302585092994046
.,.,PUNCT,PUNCT,,,,,True,13366,0,9.500544261971474
attention,Attention,NOUN,INTJ,1.0,0.0,,NOUN: 1.00,True,15,1,2.772588722239781
:,:,PUNCT,PUNCT,,,,,True,739,0,6.606650186198215
même,même,ADV,ADV,0.18926026316764635,1.4827926229322652,SCONJ,"SCONJ: 0.49, CCONJ: 0.32, ADV: 0.19",True,205,0,5.327876168789581
le,la,DET,DET,0.8207496286735718,0.8327615029897053,ADP,"DET: 0.82, ADP: 0.15",True,38293,0,10.55304850493315
conversion,conversion,NOUN,NOUN,1.0,0.0,,NOUN: 1.00,True,11,0,2.4849066497880004
ne,n',ADV,ADV,0.03110691420199771,0.7244015123648279,PRON,"PRON: 0.85, CCONJ: 0.12",True,1435,0,7.269616749608169
être,est,AUX,AUX,0.4687470215317024,1.7986756264740116,SCONJ,"AUX: 0.47, SCONJ: 0.23, ADV: 0.20, CCONJ: 0.10",True,8404,0,9.036582045842716
pas,pas,ADV,ADV,1.0,0.0,,ADV: 1.00,True,893,0,6.795705775173514
un,un,DET,DET,0.7741737557418163,1.1225809040946326,ADP,"DET: 0.77, ADP: 0.11, CCONJ: 0.09",True,8933,0,9.097619501912064
changement,changement,NOUN,NOUN,1.0,0.0,,NOUN: 1.00,True,37,0,3.6375861597263857
total,total,ADJ,ADJ,1.0,0.0,,ADJ: 1.00,True,29,0,3.4011973816621555
",",",",PUNCT,PUNCT,,,,,True,16599,0,9.717157974344635
encore,encore,ADV,ADV,1.0,0.0,,ADV: 1.00,True,184,0,5.220355825078324
moins,moins,ADV,ADV,1.0,0.0,,ADV: 1.00,True,149,0,5.0106352940962555
un,un,DET,DET,0.7741737557418163,1.1225809040946326,ADP,"DET: 0.77, ADP: 0.11, CCONJ: 0.09",True,8933,0,9.097619501912064
reniement,reniement,NOUN,NOUN,,,,,False,0,0,0.0
de,de,ADP,ADP,0.7886818615006483,0.7439947701431047,CCONJ,"ADP: 0.79, CCONJ: 0.21",True,27784,0,10.232251585714021
ce,ce,PRON,PRON,0.959635480454852,0.243961008701331,ADV,PRON: 0.96,True,855,0,6.752270376141742
que,que,PRON,PRON,0.11611059889321292,1.238361633076011,SCONJ,"SCONJ: 0.71, CCONJ: 0.15, PRON: 0.12",True,430,0,6.066108090103747
nous,nous,PRON,PRON,0.8226072026071004,0.8287662668321807,CCONJ,"PRON: 0.82, CCONJ: 0.13, ADV: 0.05",True,328,0,5.796057750765372
avoir,avons,AUX,AUX,0.7537049139623345,0.8053529913575782,ADV,"AUX: 0.75, ADV: 0.25",True,2935,0,7.984803389734406
être,été,AUX,AUX,0.4687470215317024,1.7986756264740116,SCONJ,"AUX: 0.47, SCONJ: 0.23, ADV: 0.20, CCONJ: 0.10",True,8404,0,9.036582045842716
.,.,PUNCT,PUNCT,,,,,True,13366,0,9.500544261971474
et,Et,CCONJ,CCONJ,0.25644065667983523,1.7170903132548632,SCONJ,"SCONJ: 0.43, ADP: 0.28, CCONJ: 0.26",True,7215,0,8.88405606174246
ce,cet,DET,DET,0.8764141494570885,0.6891209831462356,ADP,"DET: 0.88, ADP: 0.08",True,1960,0,7.581209826196346
homme,homme,NOUN,NOUN,1.0,0.0,,NOUN: 1.00,True,213,0,5.365976015021851
de,d',ADP,ADP,0.7886818615006483,0.7439947701431047,CCONJ,"ADP: 0.79, CCONJ: 0.21",True,27784,0,10.232251585714021
affaire,affaires,NOUN,NOUN,1.0,0.0,,NOUN: 1.00,True,106,0,4.672828834461906
particulier,particulier,ADJ,ADJ,1.0,0.0,,ADJ: 1.00,True,43,0,3.784189633918261
être,est,VERB,AUX,1.0,0.0,,VERB: 1.00,True,139,1,4.941642422609304
partout,partout,ADV,ADV,0.7227576734052779,0.9043824765467108,PRON,"ADV: 0.72, PRON: 0.27",True,15,0,2.772588722239781
",",",",PUNCT,PUNCT,,,,,True,16599,0,9.717157974344635
lui,il,PRON,PRON,0.7173975220804439,1.0427392110337699,CCONJ,"PRON: 0.72, CCONJ: 0.24",True,5436,0,8.600982717145921
contrôler,contrôle,VERB,VERB,1.0,0.0,,VERB: 1.00,True,28,0,3.367295829986474
le,la,DET,DET,0.8207496286735718,0.8327615029897053,ADP,"DET: 0.82, ADP: 0.15",True,38293,0,10.55304850493315
plus,plus,ADV,ADV,0.7196677710684014,0.8559031009192263,CCONJ,"ADV: 0.72, CCONJ: 0.28",True,1173,0,7.068172000388042
grand,grande,ADJ,ADJ,1.0,0.0,,ADJ: 1.00,True,401,0,5.996452088619021
banque,banque,NOUN,NOUN,1.0,0.0,,NOUN: 1.00,True,29,0,3.4011973816621555
de,de,ADP,ADP,0.7886818615006483,0.7439947701431047,CCONJ,"ADP: 0.79, CCONJ: 0.21",True,27784,0,10.232251585714021
le,le,DET,DET,0.8207496286735718,0.8327615029897053,ADP,"DET: 0.82, ADP: 0.15",True,38293,0,10.55304850493315
pays,pays,NOUN,NOUN,1.0,0.0,,NOUN: 1.00,True,251,0,5.529429087511423
",",",",PUNCT,PUNCT,,,,,True,16599,0,9.717157974344635
lui,il,PRON,PRON,0.7173975220804439,1.0427392110337699,CCONJ,"PRON: 0.72, CCONJ: 0.24",True,5436,0,8.600982717145921
contrôler,contrôle,VERB,VERB,1.0,0.0,,VERB: 1.00,True,28,0,3.367295829986474
le,l',DET,DET,0.8207496286735718,0.8327615029897053,ADP,"DET: 0.82, ADP: 0.15",True,38293,0,10.55304850493315
un,un,PRON,PRON,0.0,0.0,NOUN,NOUN: 1.00,True,288,0,5.666426688112432
de,de,ADP,ADP,0.7886818615006483,0.7439947701431047,CCONJ,"ADP: 0.79, CCONJ: 0.21",True,27784,0,10.232251585714021
le,les,DET,DET,0.8207496286735718,0.8327615029897053,ADP,"DET: 0.82, ADP: 0.15",True,38293,0,10.55304850493315
trois,trois,NUM,NUM,0.21329117169768608,0.7477267753799202,DET,"DET: 0.79, NUM: 0.21",True,206,0,5.332718793265369
opérateur,opérateurs,NOUN,NOUN,1.0,0.0,,NOUN: 1.00,True,13,0,2.6390573296152584
télécoms,télécoms,NOUN,ADJ,,,,,False,0,1,0.0
",",",",PUNCT,PUNCT,,,,,True,16599,0,9.717157974344635
lui,il,PRON,PRON,0.7173975220804439,1.0427392110337699,CCONJ,"PRON: 0.72, CCONJ: 0.24",True,5436,0,8.600982717145921
être,est,AUX,AUX,0.4687470215317024,1.7986756264740116,SCONJ,"AUX: 0.47, SCONJ: 0.23, ADV: 0.20, CCONJ: 0.10",True,8404,0,9.036582045842716
actif,actif,ADJ,ADJ,1.0,0.0,,ADJ: 1.00,True,28,0,3.367295829986474
dans,dans,ADP,ADP,1.0,0.0,,ADP: 1.00,True,2779,0,7.930206206684683
le,le,DET,DET,0.8207496286735718,0.8327615029897053,ADP,"DET: 0.82, ADP: 0.15",True,38293,0,10.55304850493315
business,business,NOUN,NOUN,,,,,True,1,0,0.6931471805599453
de,de,ADP,ADP,0.7886818615006483,0.7439947701431047,CCONJ,"ADP: 0.79, CCONJ: 0.21",True,27784,0,10.232251585714021
le,le,DET,DET,0.8207496286735718,0.8327615029897053,ADP,"DET: 0.82, ADP: 0.15",True,38293,0,10.55304850493315
sucre,sucre,NOUN,NOUN,,,,,True,5,0,1.791759469228055
",",",",PUNCT,PUNCT,,,,,True,16599,0,9.717157974344635
de,de,ADP,ADP,0.7886818615006483,0.7439947701431047,CCONJ,"ADP: 0.79, CCONJ: 0.21",True,27784,0,10.232251585714021
le,l',DET,DET,0.8207496286735718,0.8327615029897053,ADP,"DET: 0.82, ADP: 0.15",True,38293,0,10.55304850493315
énergie,énergie,NOUN,NOUN,1.0,0.0,,NOUN: 1.00,True,41,0,3.7376696182833684
",",",",PUNCT,PUNCT,,,,,True,16599,0,9.717157974344635
lui,il,PRON,PRON,0.7173975220804439,1.0427392110337699,CCONJ,"PRON: 0.72, CCONJ: 0.24",True,5436,0,8.600982717145921
contrôler,contrôle,VERB,VERB,1.0,0.0,,VERB: 1.00,True,28,0,3.367295829986474
le,les,DET,DET,0.8207496286735718,0.8327615029897053,ADP,"DET: 0.82, ADP: 0.15",True,38293,0,10.55304850493315
centrale,centrales,NOUN,NOUN,1.0,0.0,,NOUN: 1.00,True,14,0,2.70805020110221
laitier,laitières,ADJ,ADJ,,,,,True,3,0,1.3862943611198906
et,et,CCONJ,CCONJ,0.25644065667983523,1.7170903132548632,SCONJ,"SCONJ: 0.43, ADP: 0.28, CCONJ: 0.26",True,7215,0,8.88405606174246
lui,il,PRON,PRON,0.7173975220804439,1.0427392110337699,CCONJ,"PRON: 0.72, CCONJ: 0.24",True,5436,0,8.600982717145921
être,est,AUX,AUX,0.4687470215317024,1.7986756264740116,SCONJ,"AUX: 0.47, SCONJ: 0.23, ADV: 0.20, CCONJ: 0.10",True,8404,0,9.036582045842716
associer,associé,VERB,VERB,1.0,0.0,,VERB: 1.00,True,38,0,3.6635616461296463
à,à,ADP,ADP,1.0,0.0,,ADP: 1.00,True,9366,0,9.14494815320913
le,le,DET,DET,0.8207496286735718,0.8327615029897053,ADP,"DET: 0.82, ADP: 0.15",True,38293,0,10.55304850493315
groupe,groupe,NOUN,NOUN,1.0,0.0,,NOUN: 1.00,True,247,0,5.5134287461649825
Danone,Danone,PROPN,PROPN,,,,,False,0,0,0.0
.,.,PUNCT,PUNCT,,,,,True,13366,0,9.500544261971474
vous,Vous,PRON,PRON,0.9418283110194323,0.32014404178062034,ADV,"PRON: 0.94, ADV: 0.06",True,252,0,5.53338948872752
moi,m',PRON,PRON,0.7120466284894749,1.0523675190710984,CCONJ,"PRON: 0.71, CCONJ: 0.24",True,621,0,6.432940092739179
accuser,accusez,VERB,VERB,1.0,0.0,,VERB: 1.00,True,30,0,3.4339872044851463
de,de,ADP,ADP,0.7886818615006483,0.7439947701431047,CCONJ,"ADP: 0.79, CCONJ: 0.21",True,27784,0,10.232251585714021
"""","""",PUNCT,PUNCT,,,,,True,819,0,6.709304340258298
subjectivisme,subjectivisme,NOUN,NOUN,,,,,False,0,0,0.0
"""","""",PUNCT,PUNCT,,,,,True,819,0,6.709304340258298
.,.,PUNCT,PUNCT,,,,,True,13366,0,9.500544261971474
un,De,DET,DET,0.7741737557418163,1.1225809040946326,ADP,"DET: 0.77, ADP: 0.11, CCONJ: 0.09",True,8933,0,9.097619501912064
nombreux,nombreux,ADJ,ADJ,0.2268184753433239,0.7724238287751712,NUM,"NUM: 0.77, ADJ: 0.23",True,183,0,5.214935757608986
Marocains,Marocains,PROPN,NOUN,,,,,False,0,1,0.0
lui,le,PRON,PRON,0.7173975220804439,1.0427392110337699,CCONJ,"PRON: 0.72, CCONJ: 0.24",True,5436,0,8.600982717145921
penser,pensent,VERB,VERB,1.0,0.0,,VERB: 1.00,True,57,0,4.060443010546419
en,en,ADP,ADP,0.21695278762461512,1.4815638486393006,DET,"DET: 0.51, CCONJ: 0.27, ADP: 0.22",True,5233,0,8.562931083090092
ne,n',ADV,ADV,0.03110691420199771,0.7244015123648279,PRON,"PRON: 0.85, CCONJ: 0.12",True,1435,0,7.269616749608169
hésiter,hésitant,VERB,VERB,0.6788384772980243,0.9056401009552704,ADJ,"VERB: 0.68, ADJ: 0.32",True,18,0,2.9444389791664403
pas,pas,ADV,ADV,1.0,0.0,,ADV: 1.00,True,893,0,6.795705775173514
à,à,ADP,ADP,1.0,0.0,,ADP: 1.00,True,9366,0,9.14494815320913
lui,l',PRON,PRON,0.7173975220804439,1.0427392110337699,CCONJ,"PRON: 0.72, CCONJ: 0.24",True,5436,0,8.600982717145921
accuser,accuser,VERB,VERB,1.0,0.0,,VERB: 1.00,True,30,0,3.4339872044851463
",",",",PUNCT,PUNCT,,,,,True,16599,0,9.717157974344635
en,en,ADP,ADP,0.21695278762461512,1.4815638486393006,DET,"DET: 0.51, CCONJ: 0.27, ADP: 0.22",True,5233,0,8.562931083090092
tant,tant,ADV,ADV,0.0734316143125899,2.0459672475873987,CCONJ,"CCONJ: 0.31, SCONJ: 0.29, AUX: 0.28, ADV: 0.07",True,100,0,4.61512051684126
que,que,SCONJ,SCONJ,0.6915510664276248,1.397369454710615,CCONJ,"SCONJ: 0.69, CCONJ: 0.17, PRON: 0.06, ADV: 0.05",True,1979,0,7.590852123688581
premier,premier,ADJ,ADJ,1.0,0.0,,ADJ: 1.00,True,675,0,6.516193076042964
opérateur,opérateur,NOUN,NOUN,1.0,0.0,,NOUN: 1.00,True,13,0,2.6390573296152584
de,de,ADP,ADP,0.7886818615006483,0.7439947701431047,CCONJ,"ADP: 0.79, CCONJ: 0.21",True,27784,0,10.232251585714021
le,le,DET,DET,0.8207496286735718,0.8327615029897053,ADP,"DET: 0.82, ADP: 0.15",True,38293,0,10.55304850493315
pays,pays,NOUN,NOUN,1.0,0.0,,NOUN: 1.00,True,251,0,5.529429087511423
",",",",PUNCT,PUNCT,,,,,True,16599,0,9.717157974344635
de,d',ADP,ADP,0.7886818615006483,0.7439947701431047,CCONJ,"ADP: 0.79, CCONJ: 0.21",True,27784,0,10.232251585714021
abandonner,abandonner,VERB,VERB,1.0,0.0,,VERB: 1.00,True,49,0,3.912023005428146
un,des,DET,DET,0.7741737557418163,1.1225809040946326,ADP,"DET: 0.77, ADP: 0.11, CCONJ: 0.09",True,8933,0,9.097619501912064
pan,pans,NOUN,NOUN,,,,,True,3,0,1.3862943611198906
entier,entiers,ADJ,ADJ,1.0,0.0,,ADJ: 1.00,True,23,0,3.1780538303479458
de,de,ADP,ADP,0.7886818615006483,0.7439947701431047,CCONJ,"ADP: 0.79, CCONJ: 0.21",True,27784,0,10.232251585714021
le,l',DET,DET,0.8207496286735718,0.8327615029897053,ADP,"DET: 0.82, ADP: 0.15",True,38293,0,10.55304850493315
économie,économie,NOUN,NOUN,1.0,0.0,,NOUN: 1.00,True,46,0,3.8501476017100584
marocain,marocaine,ADJ,ADJ,1.0,0.0,,ADJ: 1.00,True,49,0,3.912023005428146
entre,entre,ADP,ADP,0.9951404265427191,0.0443394212917744,ADJ,ADP: 1.00,True,403,0,6.0014148779611505
le,les,DET,DET,0.8207496286735718,0.8327615029897053,ADP,"DET: 0.82, ADP: 0.15",True,38293,0,10.55304850493315
main,mains,NOUN,NOUN,1.0,0.0,,NOUN: 1.00,True,49,0,3.912023005428146
de,de,ADP,ADP,0.7886818615006483,0.7439947701431047,CCONJ,"ADP: 0.79, CCONJ: 0.21",True,27784,0,10.232251585714021
le,les,DET,DET,0.8207496286735718,0.8327615029897053,ADP,"DET: 0.82, ADP: 0.15",True,38293,0,10.55304850493315
réseau,réseaux,NOUN,NOUN,1.0,0.0,,NOUN: 1.00,True,60,0,4.110873864173311
affairiste,affairistes,ADJ,ADJ,,,,,False,0,0,0.0
et,et,CCONJ,CCONJ,0.25644065667983523,1.7170903132548632,SCONJ,"SCONJ: 0.43, ADP: 0.28, CCONJ: 0.26",True,7215,0,8.88405606174246
de,de,ADP,ADP,0.7886818615006483,0.7439947701431047,CCONJ,"ADP: 0.79, CCONJ: 0.21",True,27784,0,10.232251585714021
le,les,DET,DET,0.8207496286735718,0.8327615029897053,ADP,"DET: 0.82, ADP: 0.15",True,38293,0,10.55304850493315
milieu,milieux,NOUN,NOUN,1.0,0.0,,NOUN: 1.00,True,81,0,4.406719247264253
de,de,ADP,ADP,0.7886818615006483,0.7439947701431047,CCONJ,"ADP: 0.79, CCONJ: 0.21",True,27784,0,10.232251585714021
le,la,DET,DET,0.8207496286735718,0.8327615029897053,ADP,"DET: 0.82, ADP: 0.15",True,38293,0,10.55304850493315
corruption,corruption,NOUN,NOUN,,,,,True,4,0,1.6094379124341003
et,et,CCONJ,CCONJ,0.25644065667983523,1.7170903132548632,SCONJ,"SCONJ: 0.43, ADP: 0.28, CCONJ: 0.26",True,7215,0,8.88405606174246
à,à,ADP,ADP,1.0,0.0,,ADP: 1.00,True,9366,0,9.14494815320913
grossir,grossir,VERB,VERB,,,,,False,0,0,0.0
le,les,DET,DET,0.8207496286735718,0.8327615029897053,ADP,"DET: 0.82, ADP: 0.15",True,38293,0,10.55304850493315
rang,rangs,NOUN,NOUN,1.0,0.0,,NOUN: 1.00,True,21,0,3.091042453358316
de,de,ADP,ADP,0.7886818615006483,0.7439947701431047,CCONJ,"ADP: 0.79, CCONJ: 0.21",True,27784,0,10.232251585714021
le,les,DET,DET,0.8207496286735718,0.8327615029897053,ADP,"DET: 0.82, ADP: 0.15",True,38293,0,10.55304850493315
mécontent,mécontents,NOUN,NOUN,,,,,False,0,0,0.0
.,.,PUNCT,PUNCT,,,,,True,13366,0,9.500544261971474
Mgr,Mgr,PROPN,PROPN,,,,,True,2,0,1.0986122886681098
Velasio,Velasio,PROPN,PROPN,,,,,False,0,0,0.0
de,de,PROPN,ADP,,,,,True,100,1,4.61512051684126
Paolis,Paolis,PROPN,PROPN,,,,,False,0,0,0.0
ne,n',ADV,ADV,0.03110691420199771,0.7244015123648279,PRON,"PRON: 0.85, CCONJ: 0.12",True,1435,0,7.269616749608169
être,est,VERB,AUX,1.0,0.0,,VERB: 1.00,True,139,1,4.941642422609304
pas,pas,ADV,ADV,1.0,0.0,,ADV: 1.00,True,893,0,6.795705775173514
là,là,ADV,ADV,0.5845189881576047,1.286794175216724,PRON,"ADV: 0.58, PRON: 0.36",True,81,0,4.406719247264253
pour,pour,ADP,ADP,0.7890790430468303,0.7432394314397186,CCONJ,"ADP: 0.79, CCONJ: 0.21",True,2242,0,7.715569534520208
aggraver,aggraver,VERB,VERB,,,,,True,7,0,2.0794415416798357
un,une,DET,DET,0.7741737557418163,1.1225809040946326,ADP,"DET: 0.77, ADP: 0.11, CCONJ: 0.09",True,8933,0,9.097619501912064
situation,situation,NOUN,NOUN,1.0,0.0,,NOUN: 1.00,True,69,0,4.248495242049359
déjà,déjà,ADV,ADV,1.0,0.0,,ADV: 1.00,True,86,0,4.465908118654584
très,très,ADV,ADV,1.0,0.0,,ADV: 1.00,True,435,0,6.077642243349034
lourd,lourde,ADJ,ADJ,1.0,0.0,,ADJ: 1.00,True,25,0,3.258096538021482
.,.,PUNCT,PUNCT,,,,,True,13366,0,9.500544261971474
dès,Dès,ADP,ADP,0.8907467680784398,0.4976593631052658,CCONJ,"ADP: 0.89, CCONJ: 0.11",True,112,0,4.727387818712341
lors,lors,ADV,ADV,0.5184561214690955,1.5275209353939645,PRON,"ADV: 0.52, PRON: 0.25, VERB: 0.23",True,286,0,5.659482215759621
que,que,SCONJ,SCONJ,0.6915510664276248,1.397369454710615,CCONJ,"SCONJ: 0.69, CCONJ: 0.17, PRON: 0.06, ADV: 0.05",True,1979,0,7.590852123688581
le,le,DET,DET,0.8207496286735718,0.8327615029897053,ADP,"DET: 0.82, ADP: 0.15",True,38293,0,10.55304850493315
peuple,peuple,NOUN,NOUN,1.0,0.0,,NOUN: 1.00,True,86,0,4.465908118654584
décider,décide,VERB,VERB,0.9298273399314894,0.3665676543367055,ADJ,"VERB: 0.93, ADJ: 0.07",True,101,0,4.624972813284271
de,de,ADP,ADP,0.7886818615006483,0.7439947701431047,CCONJ,"ADP: 0.79, CCONJ: 0.21",True,27784,0,10.232251585714021
regagner,regagner,VERB,VERB,,,,,True,5,0,1.791759469228055
son,sa,DET,DET,0.8481722905876147,0.863954061477403,CCONJ,"DET: 0.85, CCONJ: 0.08",True,3876,0,8.262816937670928
liberté,liberté,NOUN,NOUN,1.0,0.0,,NOUN: 1.00,True,30,0,3.4339872044851463
lui,il,PRON,PRON,0.7173975220804439,1.0427392110337699,CCONJ,"PRON: 0.72, CCONJ: 0.24",True,5436,0,8.600982717145921
devenir,devient,VERB,VERB,1.0,0.0,,VERB: 1.00,True,257,0,5.552959584921617
instantanément,instantanément,ADV,ADV,,,,,True,1,0,0.6931471805599453
et,et,CCONJ,CCONJ,0.25644065667983523,1.7170903132548632,SCONJ,"SCONJ: 0.43, ADP: 0.28, CCONJ: 0.26",True,7215,0,8.88405606174246
de,de,X,ADP,,,,,True,28,1,3.367295829986474
facto,facto,X,NOUN,,,,,True,1,1,0.6931471805599453
",",",",PUNCT,PUNCT,,,,,True,16599,0,9.717157974344635
libre,libre,ADJ,ADJ,1.0,0.0,,ADJ: 1.00,True,37,0,3.6375861597263857
.,.,PUNCT,PUNCT,,,,,True,13366,0,9.500544261971474
que,Que,PRON,PRON,0.11611059889321292,1.238361633076011,SCONJ,"SCONJ: 0.71, CCONJ: 0.15, PRON: 0.12",True,430,0,6.066108090103747
dire,dit,VERB,VERB,1.0,0.0,,VERB: 1.00,True,190,0,5.25227342804663
le,l',DET,DET,0.8207496286735718,0.8327615029897053,ADP,"DET: 0.82, ADP: 0.15",True,38293,0,10.55304850493315
église,Eglise,NOUN,NOUN,1.0,0.0,,NOUN: 1.00,True,172,0,5.153291594497779
sur,sur,ADP,ADP,1.0,0.0,,ADP: 1.00,True,1482,0,7.301822342137932
ce,ce,DET,DET,0.8764141494570885,0.6891209831462356,ADP,"DET: 0.88, ADP: 0.08",True,1960,0,7.581209826196346
point,point,NOUN,NOUN,1.0,0.0,,NOUN: 1.00,True,155,0,5.049856007249537
délicat,délicat,ADJ,ADJ,,,,,True,7,0,2.0794415416798357
?,?,PUNCT,PUNCT,,,,,True,270,0,5.602118820879701
mais,Mais,CCONJ,CCONJ,0.15469195513464806,1.2293580521348002,SCONJ,"SCONJ: 0.72, CCONJ: 0.15, PRON: 0.09",True,734,0,6.5998704992128365
lui,elle,PRON,PRON,0.7173975220804439,1.0427392110337699,CCONJ,"PRON: 0.72, CCONJ: 0.24",True,5436,0,8.600982717145921
guetter,guette,VERB,VERB,,,,,False,0,0,0.0
",",",",PUNCT,PUNCT,,,,,True,16599,0,9.717157974344635
oui,oui,INTJ,INTJ,,,,,True,6,0,1.9459101490553132
",",",",PUNCT,PUNCT,,,,,True,16599,0,9.717157974344635
lui,elle,PRON,PRON,0.7173975220804439,1.0427392110337699,CCONJ,"PRON: 0.72, CCONJ: 0.24",True,5436,0,8.600982717145921
guetter,guette,VERB,VERB,,,,,False,0,0,0.0
.,.,PUNCT,PUNCT,,,,,True,13366,0,9.500544261971474
en,En,ADP,ADP,0.21695278762461512,1.4815638486393006,DET,"DET: 0.51, CCONJ: 0.27, ADP: 0.22",True,5233,0,8.562931083090092
nous,nous,PRON,PRON,0.8226072026071004,0.8287662668321807,CCONJ,"PRON: 0.82, CCONJ: 0.13, ADV: 0.05",True,328,0,5.796057750765372
livrer,livrant,VERB,VERB,1.0,0.0,,VERB: 1.00,True,27,0,3.332204510175204
le,les,DET,DET,0.8207496286735718,0.8327615029897053,ADP,"DET: 0.82, ADP: 0.15",True,38293,0,10.55304850493315
clef,clefs,NOUN,NOUN,,,,,True,3,0,1.3862943611198906
de,de,ADP,ADP,0.7886818615006483,0.7439947701431047,CCONJ,"ADP: 0.79, CCONJ: 0.21",True,27784,0,10.232251585714021
le,l',DET,DET,0.8207496286735718,0.8327615029897053,ADP,"DET: 0.82, ADP: 0.15",True,38293,0,10.55304850493315
histoire,histoire,NOUN,NOUN,1.0,0.0,,NOUN: 1.00,True,117,0,4.770684624465665
de,de,ADP,ADP,0.7886818615006483,0.7439947701431047,CCONJ,"ADP: 0.79, CCONJ: 0.21",True,27784,0,10.232251585714021
ce,ce,DET,DET,0.8764141494570885,0.6891209831462356,ADP,"DET: 0.88, ADP: 0.08",True,1960,0,7.581209826196346
projet,projet,NOUN,NOUN,1.0,0.0,,NOUN: 1.00,True,118,0,4.77912349311153
industriel,industriel,ADJ,ADJ,1.0,0.0,,ADJ: 1.00,True,28,0,3.367295829986474
",",",",PUNCT,PUNCT,,,,,True,16599,0,9.717157974344635
lui,il,PRON,PRON,0.7173975220804439,1.0427392110337699,CCONJ,"PRON: 0.72, CCONJ: 0.24",True,5436,0,8.600982717145921
nous,nous,PRON,PRON,0.8226072026071004,0.8287662668321807,CCONJ,"PRON: 0.82, CCONJ: 0.13, ADV: 0.05",True,328,0,5.796057750765372
inviter,invite,VERB,VERB,1.0,0.0,,VERB: 1.00,True,21,0,3.091042453358316
à,à,ADP,ADP,1.0,0.0,,ADP: 1.00,True,9366,0,9.14494815320913
tirer,tirer,VERB,VERB,1.0,0.0,,VERB: 1.00,True,29,0,3.4011973816621555
le,les,DET,DET,0.8207496286735718,0.8327615029897053,ADP,"DET: 0.82, ADP: 0.15",True,38293,0,10.55304850493315
leçon,leçons,NOUN,NOUN,,,,,True,6,0,1.9459101490553132
de,de,ADP,ADP,0.7886818615006483,0.7439947701431047,CCONJ,"ADP: 0.79, CCONJ: 0.21",True,27784,0,10.232251585714021
le,le,DET,DET,0.8207496286735718,0.8327615029897053,ADP,"DET: 0.82, ADP: 0.15",True,38293,0,10.55304850493315
passé,passé,NOUN,NOUN,,,,,True,10,0,2.3978952727983707
pour,pour,ADP,ADP,0.7890790430468303,0.7432394314397186,CCONJ,"ADP: 0.79, CCONJ: 0.21",True,2242,0,7.715569534520208
mieux,mieux,ADV,ADV,1.0,0.0,,ADV: 1.00,True,45,0,3.828641396489095
appréhender,appréhender,VERB,VERB,,,,,True,1,0,0.6931471805599453
le,les,DET,DET,0.8207496286735718,0.8327615029897053,ADP,"DET: 0.82, ADP: 0.15",True,38293,0,10.55304850493315
perspective,perspectives,NOUN,NOUN,,,,,True,8,0,2.1972245773362196
énergétique,énergétiques,ADJ,ADJ,,,,,True,10,0,2.3978952727983707
de,de,ADP,ADP,0.7886818615006483,0.7439947701431047,CCONJ,"ADP: 0.79, CCONJ: 0.21",True,27784,0,10.232251585714021
le,le,DET,DET,0.8207496286735718,0.8327615029897053,ADP,"DET: 0.82, ADP: 0.15",True,38293,0,10.55304850493315
Maghreb,Maghreb,PROPN,PROPN,,,,,True,8,0,2.1972245773362196
aujourd'hui,aujourd'hui,ADV,ADV,1.0,0.0,,ADV: 1.00,True,127,0,4.852030263919617
.,.,PUNCT,PUNCT,,,,,True,13366,0,9.500544261971474
en,En,ADP,ADP,0.21695278762461512,1.4815638486393006,DET,"DET: 0.51, CCONJ: 0.27, ADP: 0.22",True,5233,0,8.562931083090092
application,application,NOUN,NOUN,1.0,0.0,,NOUN: 1.00,True,27,0,3.332204510175204
de,de,ADP,ADP,0.7886818615006483,0.7439947701431047,CCONJ,"ADP: 0.79, CCONJ: 0.21",True,27784,0,10.232251585714021
ce,ce,DET,DET,0.8764141494570885,0.6891209831462356,ADP,"DET: 0.88, ADP: 0.08",True,1960,0,7.581209826196346
principe,principe,NOUN,NOUN,1.0,0.0,,NOUN: 1.00,True,33,0,3.5263605246161616
",",",",PUNCT,PUNCT,,,,,True,16599,0,9.717157974344635
le,les,DET,DET,0.8207496286735718,0.8327615029897053,ADP,"DET: 0.82, ADP: 0.15",True,38293,0,10.55304850493315
article,articles,NOUN,NOUN,1.0,0.0,,NOUN: 1.00,True,43,0,3.784189633918261
166,166,NUM,NUM,,,,,False,0,0,0.0
et,et,CCONJ,CCONJ,0.25644065667983523,1.7170903132548632,SCONJ,"SCONJ: 0.43, ADP: 0.28, CCONJ: 0.26",True,7215,0,8.88405606174246
167,167,NUM,NUM,,,,,False,0,0,0.0
de,de,ADP,ADP,0.7886818615006483,0.7439947701431047,CCONJ,"ADP: 0.79, CCONJ: 0.21",True,27784,0,10.232251585714021
le,le,DET,DET,0.8207496286735718,0.8327615029897053,ADP,"DET: 0.82, ADP: 0.15",True,38293,0,10.55304850493315
code,Code,NOUN,NOUN,1.0,0.0,,NOUN: 1.00,True,30,0,3.4339872044851463
général,Général,ADJ,ADJ,1.0,0.0,,ADJ: 1.00,True,117,0,4.770684624465665
de,de,ADP,ADP,0.7886818615006483,0.7439947701431047,CCONJ,"ADP: 0.79, CCONJ: 0.21",True,27784,0,10.232251585714021
le,les,DET,DET,0.8207496286735718,0.8327615029897053,ADP,"DET: 0.82, ADP: 0.15",True,38293,0,10.55304850493315
impôt,Impôts,NOUN,NOUN,,,,,True,7,0,2.0794415416798357
français,français,ADJ,ADJ,1.0,0.0,,ADJ: 1.00,True,419,0,6.040254711277414
(,(,PUNCT,PUNCT,,,,,True,2211,0,7.701652362642226
CGI,CGI,NOUN,PROPN,,,,,False,0,1,0.0
),),PUNCT,PUNCT,,,,,True,2204,0,7.6984827878809465
fixer,fixent,VERB,VERB,1.0,0.0,,VERB: 1.00,True,27,0,3.332204510175204
le,les,DET,DET,0.8207496286735718,0.8327615029897053,ADP,"DET: 0.82, ADP: 0.15",True,38293,0,10.55304850493315
règle,règles,NOUN,NOUN,1.0,0.0,,NOUN: 1.00,True,30,0,3.4339872044851463
de,d',ADP,ADP,0.7886818615006483,0.7439947701431047,CCONJ,"ADP: 0.79, CCONJ: 0.21",True,27784,0,10.232251585714021
imposition,imposition,NOUN,NOUN,,,,,True,6,0,1.9459101490553132
en,en,ADP,ADP,0.21695278762461512,1.4815638486393006,DET,"DET: 0.51, CCONJ: 0.27, ADP: 0.22",True,5233,0,8.562931083090092
cas,cas,NOUN,NOUN,1.0,0.0,,NOUN: 1.00,True,91,0,4.5217885770490405
de,de,ADP,ADP,0.7886818615006483,0.7439947701431047,CCONJ,"ADP: 0.79, CCONJ: 0.21",True,27784,0,10.232251585714021
transfert,transfert,NOUN,NOUN,1.0,0.0,,NOUN: 1.00,True,11,0,2.4849066497880004
de,de,ADP,ADP,0.7886818615006483,0.7439947701431047,CCONJ,"ADP: 0.79, CCONJ: 0.21",True,27784,0,10.232251585714021
domicile,domicile,NOUN,NOUN,0.1745899347064907,0.6680976622504889,PROPN,"PROPN: 0.83, NOUN: 0.17",True,18,0,2.9444389791664403
entre,entre,ADP,ADP,0.9951404265427191,0.0443394212917744,ADJ,ADP: 1.00,True,403,0,6.0014148779611505
le,la,DET,DET,0.8207496286735718,0.8327615029897053,ADP,"DET: 0.82, ADP: 0.15",True,38293,0,10.55304850493315
France,France,PROPN,PROPN,0.9804292393899958,0.13902365897177782,NOUN,PROPN: 0.98,True,267,0,5.5909869805108565
et,et,CCONJ,CCONJ,0.25644065667983523,1.7170903132548632,SCONJ,"SCONJ: 0.43, ADP: 0.28, CCONJ: 0.26",True,7215,0,8.88405606174246
le,l',DET,DET,0.8207496286735718,0.8327615029897053,ADP,"DET: 0.82, ADP: 0.15",True,38293,0,10.55304850493315
étranger,étranger,NOUN,NOUN,0.39150091587988217,0.9657613147177558,PROPN,"PROPN: 0.61, NOUN: 0.39",True,14,0,2.70805020110221
.,.,PUNCT,PUNCT,,,,,True,13366,0,9.500544261971474
consacrer,Consacrant,VERB,VERB,1.0,0.0,,VERB: 1.00,True,37,0,3.6375861597263857
",",",",PUNCT,PUNCT,,,,,True,16599,0,9.717157974344635
lui,lui,PRON,PRON,0.7173975220804439,1.0427392110337699,CCONJ,"PRON: 0.72, CCONJ: 0.24",True,5436,0,8.600982717145921
",",",",PUNCT,PUNCT,,,,,True,16599,0,9.717157974344635
le,l',DET,DET,0.8207496286735718,0.8327615029897053,ADP,"DET: 0.82, ADP: 0.15",True,38293,0,10.55304850493315
essentiel,essentiel,NOUN,NOUN,1.0,0.0,,NOUN: 1.00,True,13,0,2.6390573296152584
de,de,ADP,ADP,0.7886818615006483,0.7439947701431047,CCONJ,"ADP: 0.79, CCONJ: 0.21",True,27784,0,10.232251585714021
son,son,DET,DET,0.8481722905876147,0.863954061477403,CCONJ,"DET: 0.85, CCONJ: 0.08",True,3876,0,8.262816937670928
temps,temps,NOUN,NOUN,1.0,0.0,,NOUN: 1.00,True,201,0,5.308267697401205
et,et,CCONJ,CCONJ,0.25644065667983523,1.7170903132548632,SCONJ,"SCONJ: 0.43, ADP: 0.28, CCONJ: 0.26",True,7215,0,8.88405606174246
de,de,ADP,ADP,0.7886818615006483,0.7439947701431047,CCONJ,"ADP: 0.79, CCONJ: 0.21",True,27784,0,10.232251585714021
son,son,DET,DET,0.8481722905876147,0.863954061477403,CCONJ,"DET: 0.85, CCONJ: 0.08",True,3876,0,8.262816937670928
énergie,énérgie,NOUN,NOUN,1.0,0.0,,NOUN: 1.00,True,41,0,3.7376696182833684
exclusivement,exclusivement,ADV,ADV,,,,,True,5,0,1.791759469228055
à,à,ADP,ADP,1.0,0.0,,ADP: 1.00,True,9366,0,9.14494815320913
le,les,DET,DET,0.8207496286735718,0.8327615029897053,ADP,"DET: 0.82, ADP: 0.15",True,38293,0,10.55304850493315
grand,grands,ADJ,ADJ,1.0,0.0,,ADJ: 1.00,True,401,0,5.996452088619021
chantier,chantiers,NOUN,NOUN,1.0,0.0,,NOUN: 1.00,True,15,0,2.772588722239781
économique,économiques,ADJ,ADJ,1.0,0.0,,ADJ: 1.00,True,66,0,4.204692619390966
destiner,destinés,VERB,VERB,0.6744293076473755,0.9103368172113044,ADJ,"VERB: 0.67, ADJ: 0.33",True,32,0,3.4965075614664802
à,à,ADP,ADP,1.0,0.0,,ADP: 1.00,True,9366,0,9.14494815320913
procurer,procurer,VERB,VERB,,,,,True,7,0,2.0794415416798357
du,du,DET,DET,0.7471406020260035,1.1824862213935765,ADP,"DET: 0.75, ADP: 0.14, CCONJ: 0.09",True,88,0,4.48863636973214
travail,travail,NOUN,NOUN,1.0,0.0,,NOUN: 1.00,True,140,0,4.948759890378168
à,à,ADP,ADP,1.0,0.0,,ADP: 1.00,True,9366,0,9.14494815320913
le,les,DET,DET,0.8207496286735718,0.8327615029897053,ADP,"DET: 0.82, ADP: 0.15",True,38293,0,10.55304850493315
jeune,jeunes,ADJ,ADJ,1.0,0.0,,ADJ: 1.00,True,96,0,4.574710978503383
génération,générations,NOUN,NOUN,1.0,0.0,,NOUN: 1.00,True,26,0,3.295836866004329
.,.,PUNCT,PUNCT,,,,,True,13366,0,9.500544261971474
après,Après,ADP,ADP,0.8490838848157983,0.7380994576350169,CCONJ,"ADP: 0.85, CCONJ: 0.11",True,403,0,6.0014148779611505
avoir,avoir,AUX,AUX,0.7537049139623345,0.8053529913575782,ADV,"AUX: 0.75, ADV: 0.25",True,2935,0,7.984803389734406
examiner,examiné,VERB,VERB,,,,,True,7,0,2.0794415416798357
le,l',DET,DET,0.8207496286735718,0.8327615029897053,ADP,"DET: 0.82, ADP: 0.15",True,38293,0,10.55304850493315
état,état,NOUN,NOUN,1.0,0.0,,NOUN: 1.00,True,131,0,4.882801922586371
de,de,ADP,ADP,0.7886818615006483,0.7439947701431047,CCONJ,"ADP: 0.79, CCONJ: 0.21",True,27784,0,10.232251585714021
le,les,DET,DET,0.8207496286735718,0.8327615029897053,ADP,"DET: 0.82, ADP: 0.15",True,38293,0,10.55304850493315
relation,relations,NOUN,NOUN,1.0,0.0,,NOUN: 1.00,True,62,0,4.143134726391533
bilatéral,bilatérales,ADJ,ADJ,,,,,True,4,0,1.6094379124341003
",",",",PUNCT,PUNCT,,,,,True,16599,0,9.717157974344635
le,les,DET,DET,0.8207496286735718,0.8327615029897053,ADP,"DET: 0.82, ADP: 0.15",True,38293,0,10.55304850493315
deux,deux,NUM,NUM,0.21554851351024185,0.7519555130200147,DET,"DET: 0.78, NUM: 0.22",True,568,0,6.343880434126331
chef,chefs,NOUN,NOUN,1.0,0.0,,NOUN: 1.00,True,91,0,4.5217885770490405
de,d',ADP,ADP,0.7886818615006483,0.7439947701431047,CCONJ,"ADP: 0.79, CCONJ: 0.21",True,27784,0,10.232251585714021
état,Etat,NOUN,NOUN,1.0,0.0,,NOUN: 1.00,True,131,0,4.882801922586371
avoir,ont,AUX,AUX,0.7537049139623345,0.8053529913575782,ADV,"AUX: 0.75, ADV: 0.25",True,2935,0,7.984803389734406
réitérer,réitéré,VERB,VERB,,,,,True,4,0,1.6094379124341003
son,leur,DET,DET,0.8481722905876147,0.863954061477403,CCONJ,"DET: 0.85, CCONJ: 0.08",True,3876,0,8.262816937670928
volonté,volonté,NOUN,NOUN,1.0,0.0,,NOUN: 1.00,True,27,0,3.332204510175204
de,d',ADP,ADP,0.7886818615006483,0.7439947701431047,CCONJ,"ADP: 0.79, CCONJ: 0.21",True,27784,0,10.232251585714021
œuvrer,œuvrer,VERB,VERB,,,,,True,10,0,2.3978952727983707
à,à,ADP,ADP,1.0,0.0,,ADP: 1.00,True,9366,0,9.14494815320913
son,leur,DET,DET,0.8481722905876147,0.863954061477403,CCONJ,"DET: 0.85, CCONJ: 0.08",True,3876,0,8.262816937670928
renforcement,renforcement,NOUN,NOUN,,,,,True,9,0,2.302585092994046
et,et,CCONJ,CCONJ,0.25644065667983523,1.7170903132548632,SCONJ,"SCONJ: 0.43, ADP: 0.28, CCONJ: 0.26",True,7215,0,8.88405606174246
à,à,ADP,ADP,1.0,0.0,,ADP: 1.00,True,9366,0,9.14494815320913
son,leur,DET,DET,0.8481722905876147,0.863954061477403,CCONJ,"DET: 0.85, CCONJ: 0.08",True,3876,0,8.262816937670928
diversification,diversification,NOUN,NOUN,,,,,False,0,0,0.0
.,.,PUNCT,PUNCT,,,,,True,13366,0,9.500544261971474
ce,C',PRON,PRON,0.959635480454852,0.243961008701331,ADV,PRON: 0.96,True,855,0,6.752270376141742
être,est,AUX,AUX,0.4687470215317024,1.7986756264740116,SCONJ,"AUX: 0.47, SCONJ: 0.23, ADV: 0.20, CCONJ: 0.10",True,8404,0,9.036582045842716
de,de,ADP,ADP,0.7886818615006483,0.7439947701431047,CCONJ,"ADP: 0.79, CCONJ: 0.21",True,27784,0,10.232251585714021
ce,cette,DET,DET,0.8764141494570885,0.6891209831462356,ADP,"DET: 0.88, ADP: 0.08",True,1960,0,7.581209826196346
façon,façon,NOUN,NOUN,1.0,0.0,,NOUN: 1.00,True,49,0,3.912023005428146
que,que,SCONJ,SCONJ,0.6915510664276248,1.397369454710615,CCONJ,"SCONJ: 0.69, CCONJ: 0.17, PRON: 0.06, ADV: 0.05",True,1979,0,7.590852123688581
un,des,DET,DET,0.7741737557418163,1.1225809040946326,ADP,"DET: 0.77, ADP: 0.11, CCONJ: 0.09",True,8933,0,9.097619501912064
condition,conditions,NOUN,NOUN,1.0,0.0,,NOUN: 1.00,True,45,0,3.828641396489095
socio-économique,socio-économiques,ADJ,ADJ,,,,,True,2,0,1.0986122886681098
radicalement,radicalement,ADV,ADV,,,,,True,2,0,1.0986122886681098
nouveau,nouvelles,ADJ,ADJ,1.0,0.0,,ADJ: 1.00,True,323,0,5.780743515792329
(,(,PUNCT,PUNCT,,,,,True,2211,0,7.701652362642226
néolibéralisme,néolibéralisme,NOUN,NOUN,,,,,False,0,0,0.0
),),PUNCT,PUNCT,,,,,True,2204,0,7.6984827878809465
avoir,ont,AUX,AUX,0.7537049139623345,0.8053529913575782,ADV,"AUX: 0.75, ADV: 0.25",True,2935,0,7.984803389734406
être,été,AUX,AUX,0.4687470215317024,1.7986756264740116,SCONJ,"AUX: 0.47, SCONJ: 0.23, ADV: 0.20, CCONJ: 0.10",True,8404,0,9.036582045842716
imposer,imposées,VERB,VERB,1.0,0.0,,VERB: 1.00,True,53,0,3.9889840465642745
durant,durant,ADP,ADP,1.0,0.0,,ADP: 1.00,True,117,0,4.770684624465665
le,les,DET,DET,0.8207496286735718,0.8327615029897053,ADP,"DET: 0.82, ADP: 0.15",True,38293,0,10.55304850493315
année,années,NOUN,NOUN,1.0,0.0,,NOUN: 1.00,True,396,0,5.983936280687191
1980,1980,NUM,NUM,1.0,0.0,,NUM: 1.00,True,28,0,3.367295829986474
à,à,ADP,ADP,1.0,0.0,,ADP: 1.00,True,9366,0,9.14494815320913
1990,1990,NUM,NUM,1.0,0.0,,NUM: 1.00,True,32,0,3.4965075614664802
.,.,PUNCT,PUNCT,,,,,True,13366,0,9.500544261971474
moi,Je,PRON,PRON,0.7120466284894749,1.0523675190710984,CCONJ,"PRON: 0.71, CCONJ: 0.24",True,621,0,6.432940092739179
moi,me,PRON,PRON,0.7120466284894749,1.0523675190710984,CCONJ,"PRON: 0.71, CCONJ: 0.24",True,621,0,6.432940092739179
demander,demande,VERB,VERB,1.0,0.0,,VERB: 1.00,True,95,0,4.564348191467836
si,s',SCONJ,SCONJ,0.6874457760699145,1.332794651946429,CCONJ,"SCONJ: 0.69, CCONJ: 0.17, PRON: 0.10",True,251,0,5.529429087511423
lui,il,PRON,PRON,0.7173975220804439,1.0427392110337699,CCONJ,"PRON: 0.72, CCONJ: 0.24",True,5436,0,8.600982717145921
y,y,PRON,PRON,0.8287336305823229,0.8120222571975413,CCONJ,"PRON: 0.83, CCONJ: 0.12, ADV: 0.05",True,464,0,6.142037405587356
avoir,a,VERB,VERB,1.0,0.0,,VERB: 1.00,True,784,0,6.665683717782408
un,une,DET,DET,0.7741737557418163,1.1225809040946326,ADP,"DET: 0.77, ADP: 0.11, CCONJ: 0.09",True,8933,0,9.097619501912064
loi,loi,NOUN,NOUN,1.0,0.0,,NOUN: 1.00,True,55,0,4.02535169073515
chez,chez,ADP,ADP,0.9950797823970186,0.044804496269571274,ADJ,ADP: 1.00,True,150,0,5.017279836814924
nous,nous,PRON,PRON,0.8226072026071004,0.8287662668321807,CCONJ,"PRON: 0.82, CCONJ: 0.13, ADV: 0.05",True,328,0,5.796057750765372
qui,qui,PRON,PRON,0.8171669946022245,0.8424411100711472,CCONJ,"PRON: 0.82, CCONJ: 0.13, ADV: 0.05",True,1916,0,7.558516743045645
pouvoir,peut,VERB,VERB,0.9326172400615902,0.3560798311098319,ADJ,"VERB: 0.93, ADJ: 0.07",True,599,0,6.396929655216146
condamner,condamner,VERB,VERB,1.0,0.0,,VERB: 1.00,True,28,0,3.367295829986474
un,des,DET,DET,0.7741737557418163,1.1225809040946326,ADP,"DET: 0.77, ADP: 0.11, CCONJ: 0.09",True,8933,0,9.097619501912064
citoyen,citoyens,NOUN,NOUN,1.0,0.0,,NOUN: 1.00,True,15,0,2.772588722239781
pour,pour,ADP,ADP,0.7890790430468303,0.7432394314397186,CCONJ,"ADP: 0.79, CCONJ: 0.21",True,2242,0,7.715569534520208
un,des,DET,DET,0.7741737557418163,1.1225809040946326,ADP,"DET: 0.77, ADP: 0.11, CCONJ: 0.09",True,8933,0,9.097619501912064
rêve,rêves,NOUN,NOUN,1.0,0.0,,NOUN: 1.00,True,16,0,2.833213344056216
illégal,illégaux,ADJ,ADJ,,,,,True,8,0,2.1972245773362196
?,?,PUNCT,PUNCT,,,,,True,270,0,5.602118820879701
tout,Tout,ADV,ADV,0.35475278980975966,1.76530081984423,SCONJ,"SCONJ: 0.40, ADV: 0.35, CCONJ: 0.17, ADP: 0.07",True,125,0,4.836281906951478
en,en,ADP,ADP,0.21695278762461512,1.4815638486393006,DET,"DET: 0.51, CCONJ: 0.27, ADP: 0.22",True,5233,0,8.562931083090092
estimer,estimant,VERB,VERB,1.0,0.0,,VERB: 1.00,True,46,0,3.8501476017100584
que,que,SCONJ,SCONJ,0.6915510664276248,1.397369454710615,CCONJ,"SCONJ: 0.69, CCONJ: 0.17, PRON: 0.06, ADV: 0.05",True,1979,0,7.590852123688581
«,«,PUNCT,PUNCT,,,,,True,866,0,6.7650389767805414
le,le,DET,DET,0.8207496286735718,0.8327615029897053,ADP,"DET: 0.82, ADP: 0.15",True,38293,0,10.55304850493315
Maroc,Maroc,PROPN,PROPN,0.8274137328719314,0.6635870045455844,NOUN,"PROPN: 0.83, NOUN: 0.17",True,71,0,4.276666119016055
être,est,AUX,AUX,0.4687470215317024,1.7986756264740116,SCONJ,"AUX: 0.47, SCONJ: 0.23, ADV: 0.20, CCONJ: 0.10",True,8404,0,9.036582045842716
sous,sous,ADP,ADP,1.0,0.0,,ADP: 1.00,True,315,0,5.755742213586912
protectorat,protectorat,NOUN,NOUN,,,,,True,4,0,1.6094379124341003
français,français,ADJ,ADJ,1.0,0.0,,ADJ: 1.00,True,419,0,6.040254711277414
»,»,PUNCT,PUNCT,,,,,True,814,0,6.703188113240863
",",",",PUNCT,PUNCT,,,,,True,16599,0,9.717157974344635
à,à,ADP,ADP,1.0,0.0,,ADP: 1.00,True,9366,0,9.14494815320913
le,le,DET,DET,0.8207496286735718,0.8327615029897053,ADP,"DET: 0.82, ADP: 0.15",True,38293,0,10.55304850493315
vu,vu,NOUN,NOUN,,,,,True,4,0,1.6094379124341003
de,de,ADP,ADP,0.7886818615006483,0.7439947701431047,CCONJ,"ADP: 0.79, CCONJ: 0.21",True,27784,0,10.232251585714021
le,les,DET,DET,0.8207496286735718,0.8327615029897053,ADP,"DET: 0.82, ADP: 0.15",True,38293,0,10.55304850493315
aide,aides,NOUN,NOUN,1.0,0.0,,NOUN: 1.00,True,51,0,3.9512437185814275
militaire,militaires,ADJ,ADJ,1.0,0.0,,ADJ: 1.00,True,88,0,4.48863636973214
de,de,ADP,ADP,0.7886818615006483,0.7439947701431047,CCONJ,"ADP: 0.79, CCONJ: 0.21",True,27784,0,10.232251585714021
ce,cette,DET,DET,0.8764141494570885,0.6891209831462356,ADP,"DET: 0.88, ADP: 0.08",True,1960,0,7.581209826196346
puissance,puissance,NOUN,NOUN,1.0,0.0,,NOUN: 1.00,True,28,0,3.367295829986474
à,à,ADP,ADP,1.0,0.0,,ADP: 1.00,True,9366,0,9.14494815320913
le,le,DET,DET,0.8207496286735718,0.8327615029897053,ADP,"DET: 0.82, ADP: 0.15",True,38293,0,10.55304850493315
colonialisme,colonialisme,NOUN,NOUN,,,,,True,1,0,0.6931471805599453
marocain,marocain,ADJ,ADJ,1.0,0.0,,ADJ: 1.00,True,49,0,3.912023005428146
",",",",PUNCT,PUNCT,,,,,True,16599,0,9.717157974344635
lui,il,PRON,PRON,0.7173975220804439,1.0427392110337699,CCONJ,"PRON: 0.72, CCONJ: 0.24",True,5436,0,8.600982717145921
avoir,a,AUX,AUX,0.7537049139623345,0.8053529913575782,ADV,"AUX: 0.75, ADV: 0.25",True,2935,0,7.984803389734406
rappeler,rappelé,VERB,VERB,1.0,0.0,,VERB: 1.00,True,31,0,3.4657359027997265
le,la,DET,DET,0.8207496286735718,0.8327615029897053,ADP,"DET: 0.82, ADP: 0.15",True,38293,0,10.55304850493315
position,position,NOUN,NOUN,1.0,0.0,,NOUN: 1.00,True,52,0,3.970291913552122
de,de,ADP,ADP,0.7886818615006483,0.7439947701431047,CCONJ,"ADP: 0.79, CCONJ: 0.21",True,27784,0,10.232251585714021
le,la,DET,DET,0.8207496286735718,0.8327615029897053,ADP,"DET: 0.82, ADP: 0.15",True,38293,0,10.55304850493315
France,France,PROPN,PROPN,0.9804292393899958,0.13902365897177782,NOUN,PROPN: 0.98,True,267,0,5.5909869805108565
à,à,ADP,ADP,1.0,0.0,,ADP: 1.00,True,9366,0,9.14494815320913
le,le,DET,DET,0.8207496286735718,0.8327615029897053,ADP,"DET: 0.82, ADP: 0.15",True,38293,0,10.55304850493315
Conseil,Conseil,PROPN,NOUN,,,,,False,0,1,0.0
de,de,ADP,ADP,0.7886818615006483,0.7439947701431047,CCONJ,"ADP: 0.79, CCONJ: 0.21",True,27784,0,10.232251585714021
sécurité,sécurité,NOUN,NOUN,0.5052247925977241,0.9999212318674002,PROPN,"NOUN: 0.51, PROPN: 0.49",True,59,0,4.0943445622221
de,de,ADP,ADP,0.7886818615006483,0.7439947701431047,CCONJ,"ADP: 0.79, CCONJ: 0.21",True,27784,0,10.232251585714021
le,l',DET,DET,0.8207496286735718,0.8327615029897053,ADP,"DET: 0.82, ADP: 0.15",True,38293,0,10.55304850493315
ONU,ONU,PROPN,PROPN,0.6880745566341822,0.8953835635905913,NOUN,"PROPN: 0.69, NOUN: 0.31",True,26,0,3.295836866004329
",",",",PUNCT,PUNCT,,,,,True,16599,0,9.717157974344635
en,en,ADP,ADP,0.21695278762461512,1.4815638486393006,DET,"DET: 0.51, CCONJ: 0.27, ADP: 0.22",True,5233,0,8.562931083090092
opposer,opposant,VERB,VERB,1.0,0.0,,VERB: 1.00,True,33,0,3.5263605246161616
son,son,DET,DET,0.8481722905876147,0.863954061477403,CCONJ,"DET: 0.85, CCONJ: 0.08",True,3876,0,8.262816937670928
Veto,Veto,PROPN,PROPN,,,,,False,0,0,0.0
à,à,ADP,ADP,1.0,0.0,,ADP: 1.00,True,9366,0,9.14494815320913
le,l',DET,DET,0.8207496286735718,0.8327615029897053,ADP,"DET: 0.82, ADP: 0.15",True,38293,0,10.55304850493315
élargissement,élargissement,NOUN,NOUN,,,,,True,4,0,1.6094379124341003
de,de,ADP,ADP,0.7886818615006483,0.7439947701431047,CCONJ,"ADP: 0.79, CCONJ: 0.21",True,27784,0,10.232251585714021
le,les,DET,DET,0.8207496286735718,0.8327615029897053,ADP,"DET: 0.82, ADP: 0.15",True,38293,0,10.55304850493315
mission,missions,NOUN,NOUN,1.0,0.0,,NOUN: 1.00,True,55,0,4.02535169073515
de,de,ADP,ADP,0.7886818615006483,0.7439947701431047,CCONJ,"ADP: 0.79, CCONJ: 0.21",True,27784,0,10.232251585714021
le,la,DET,DET,0.8207496286735718,0.8327615029897053,ADP,"DET: 0.82, ADP: 0.15",True,38293,0,10.55304850493315
Minurso,Minurso,PROPN,PROPN,,,,,True,2,0,1.0986122886681098
pour,pour,ADP,ADP,0.7890790430468303,0.7432394314397186,CCONJ,"ADP: 0.79, CCONJ: 0.21",True,2242,0,7.715569534520208
englober,englober,VERB,VERB,1.0,0.0,,VERB: 1.00,True,11,0,2.4849066497880004
le,la,DET,DET,0.8207496286735718,0.8327615029897053,ADP,"DET: 0.82, ADP: 0.15",True,38293,0,10.55304850493315
surveillance,surveillance,NOUN,NOUN,1.0,0.0,,NOUN: 1.00,True,14,0,2.70805020110221
et,et,CCONJ,CCONJ,0.25644065667983523,1.7170903132548632,SCONJ,"SCONJ: 0.43, ADP: 0.28, CCONJ: 0.26",True,7215,0,8.88405606174246
le,le,DET,DET,0.8207496286735718,0.8327615029897053,ADP,"DET: 0.82, ADP: 0.15",True,38293,0,10.55304850493315
contrôle,contrôle,NOUN,NOUN,1.0,0.0,,NOUN: 1.00,True,43,0,3.784189633918261
de,de,ADP,ADP,0.7886818615006483,0.7439947701431047,CCONJ,"ADP: 0.79, CCONJ: 0.21",True,27784,0,10.232251585714021
le,les,DET,DET,0.8207496286735718,0.8327615029897053,ADP,"DET: 0.82, ADP: 0.15",True,38293,0,10.55304850493315
droit,droits,NOUN,NOUN,1.0,0.0,,NOUN: 1.00,True,184,0,5.220355825078324
de,de,ADP,ADP,0.7886818615006483,0.7439947701431047,CCONJ,"ADP: 0.79, CCONJ: 0.21",True,27784,0,10.232251585714021
le,l',DET,DET,0.8207496286735718,0.8327615029897053,ADP,"DET: 0.82, ADP: 0.15",True,38293,0,10.55304850493315
homme,homme,NOUN,NOUN,1.0,0.0,,NOUN: 1.00,True,213,0,5.365976015021851
dans,dans,ADP,ADP,1.0,0.0,,ADP: 1.00,True,2779,0,7.930206206684683
le,les,DET,DET,0.8207496286735718,0.8327615029897053,ADP,"DET: 0.82, ADP: 0.15",True,38293,0,10.55304850493315
territoire,territoires,NOUN,NOUN,1.0,0.0,,NOUN: 1.00,True,98,0,4.59511985013459
sahraoui,sahraouis,ADJ,ADJ,1.0,0.0,,ADJ: 1.00,True,26,0,3.295836866004329
.,.,PUNCT,PUNCT,,,,,True,13366,0,9.500544261971474
faire,Faire,VERB,VERB,1.0,0.0,,VERB: 1.00,True,655,0,6.486160788944089
un,une,DET,DET,0.7741737557418163,1.1225809040946326,ADP,"DET: 0.77, ADP: 0.11, CCONJ: 0.09",True,8933,0,9.097619501912064
part,part,NOUN,NOUN,1.0,0.0,,NOUN: 1.00,True,95,0,4.564348191467836
à,à,ADP,ADP,1.0,0.0,,ADP: 1.00,True,9366,0,9.14494815320913
le,l',DET,DET,0.8207496286735718,0.8327615029897053,ADP,"DET: 0.82, ADP: 0.15",True,38293,0,10.55304850493315
éblouissement,éblouissement,NOUN,NOUN,,,,,True,1,0,0.6931471805599453
",",",",PUNCT,PUNCT,,,,,True,16599,0,9.717157974344635
savoir,savoir,VERB,VERB,1.0,0.0,,VERB: 1.00,True,91,0,4.5217885770490405
soi,se,PRON,PRON,0.8260631963800735,0.8193543183609986,CCONJ,"PRON: 0.83, CCONJ: 0.12, ADV: 0.05",True,2063,0,7.6324011266014535
lâcher,lâcher,VERB,VERB,,,,,True,7,0,2.0794415416798357
dans,dans,ADP,ADP,1.0,0.0,,ADP: 1.00,True,2779,0,7.930206206684683
le,l',DET,DET,0.8207496286735718,0.8327615029897053,ADP,"DET: 0.82, ADP: 0.15",True,38293,0,10.55304850493315
admiration,admiration,NOUN,NOUN,,,,,True,2,0,1.0986122886681098
de,de,ADP,ADP,0.7886818615006483,0.7439947701431047,CCONJ,"ADP: 0.79, CCONJ: 0.21",True,27784,0,10.232251585714021
ce,ce,PRON,PRON,0.959635480454852,0.243961008701331,ADV,PRON: 0.96,True,855,0,6.752270376141742
qui,qui,PRON,PRON,0.8171669946022245,0.8424411100711472,CCONJ,"PRON: 0.82, CCONJ: 0.13, ADV: 0.05",True,1916,0,7.558516743045645
ne,n',ADV,ADV,0.03110691420199771,0.7244015123648279,PRON,"PRON: 0.85, CCONJ: 0.12",True,1435,0,7.269616749608169
être,est,AUX,AUX,0.4687470215317024,1.7986756264740116,SCONJ,"AUX: 0.47, SCONJ: 0.23, ADV: 0.20, CCONJ: 0.10",True,8404,0,9.036582045842716
pas,pas,ADV,ADV,1.0,0.0,,ADV: 1.00,True,893,0,6.795705775173514
soi,soi,PRON,PRON,0.8260631963800735,0.8193543183609986,CCONJ,"PRON: 0.83, CCONJ: 0.12, ADV: 0.05",True,2063,0,7.6324011266014535
",",",",PUNCT,PUNCT,,,,,True,16599,0,9.717157974344635
céder,céder,VERB,VERB,1.0,0.0,,VERB: 1.00,True,15,0,2.772588722239781
à,à,ADP,ADP,1.0,0.0,,ADP: 1.00,True,9366,0,9.14494815320913
ce,ce,DET,DET,0.8764141494570885,0.6891209831462356,ADP,"DET: 0.88, ADP: 0.08",True,1960,0,7.581209826196346
savoir,savoir,NOUN,NOUN,1.0,0.0,,NOUN: 1.00,True,11,0,2.4849066497880004
immédiat,immédiat,ADJ,ADJ,1.0,0.0,,ADJ: 1.00,True,14,0,2.70805020110221
de,de,ADP,ADP,0.7886818615006483,0.7439947701431047,CCONJ,"ADP: 0.79, CCONJ: 0.21",True,27784,0,10.232251585714021
le,le,DET,DET,0.8207496286735718,0.8327615029897053,ADP,"DET: 0.82, ADP: 0.15",True,38293,0,10.55304850493315
beau,beau,NOUN,ADJ,,,,,False,0,1,0.0
et,et,CCONJ,CCONJ,0.25644065667983523,1.7170903132548632,SCONJ,"SCONJ: 0.43, ADP: 0.28, CCONJ: 0.26",True,7215,0,8.88405606174246
de,de,ADP,ADP,0.7886818615006483,0.7439947701431047,CCONJ,"ADP: 0.79, CCONJ: 0.21",True,27784,0,10.232251585714021
le,le,DET,DET,0.8207496286735718,0.8327615029897053,ADP,"DET: 0.82, ADP: 0.15",True,38293,0,10.55304850493315
bien,bien,NOUN,NOUN,1.0,0.0,,NOUN: 1.00,True,29,0,3.4011973816621555
qui,qui,PRON,PRON,0.8171669946022245,0.8424411100711472,CCONJ,"PRON: 0.82, CCONJ: 0.13, ADV: 0.05",True,1916,0,7.558516743045645
nous,nous,PRON,PRON,0.8226072026071004,0.8287662668321807,CCONJ,"PRON: 0.82, CCONJ: 0.13, ADV: 0.05",True,328,0,5.796057750765372
transporter,transporte,VERB,VERB,1.0,0.0,,VERB: 1.00,True,15,0,2.772588722239781
",",",",PUNCT,PUNCT,,,,,True,16599,0,9.717157974344635
voilà,voilà,VERB,VERB,1.0,0.0,,VERB: 1.00,True,18,0,2.9444389791664403
le,le,DET,DET,0.8207496286735718,0.8327615029897053,ADP,"DET: 0.82, ADP: 0.15",True,38293,0,10.55304850493315
lyrisme,lyrisme,NOUN,NOUN,,,,,False,0,0,0.0
.,.,PUNCT,PUNCT,,,,,True,13366,0,9.500544261971474
c'est-à-dire,c'est-à-dire,CCONJ,CCONJ,0.6348659000575687,1.085999421837537,ADP,"CCONJ: 0.63, ADP: 0.34",True,44,0,3.8066624897703196
--,--,PUNCT,PUNCT,,,,,True,222,0,5.407171771460119
poursuivre,poursuit,VERB,VERB,1.0,0.0,,VERB: 1.00,True,39,0,3.6888794541139363
lui,-il,PRON,PRON,0.7173975220804439,1.0427392110337699,CCONJ,"PRON: 0.72, CCONJ: 0.24",True,5436,0,8.600982717145921
son,son,DET,DET,0.8481722905876147,0.863954061477403,CCONJ,"DET: 0.85, CCONJ: 0.08",True,3876,0,8.262816937670928
argument,argument,NOUN,NOUN,,,,,True,7,0,2.0794415416798357
--,--,PUNCT,PUNCT,,,,,True,222,0,5.407171771460119
",",",",PUNCT,PUNCT,,,,,True,16599,0,9.717157974344635
"""","""",PUNCT,PUNCT,,,,,True,819,0,6.709304340258298
avant,avant,ADV,ADV,0.2700523266460343,1.958251547741696,PRON,"PRON: 0.38, ADV: 0.27, VERB: 0.25, ADJ: 0.08",True,94,0,4.553876891600541
",",",",PUNCT,PUNCT,,,,,True,16599,0,9.717157974344635
le,le,DET,DET,0.8207496286735718,0.8327615029897053,ADP,"DET: 0.82, ADP: 0.15",True,38293,0,10.55304850493315
Maroc,Maroc,PROPN,PROPN,0.8274137328719314,0.6635870045455844,NOUN,"PROPN: 0.83, NOUN: 0.17",True,71,0,4.276666119016055
penser,pensait,VERB,VERB,1.0,0.0,,VERB: 1.00,True,57,0,4.060443010546419
que,que,SCONJ,SCONJ,0.6915510664276248,1.397369454710615,CCONJ,"SCONJ: 0.69, CCONJ: 0.17, PRON: 0.06, ADV: 0.05",True,1979,0,7.590852123688581
le,les,DET,DET,0.8207496286735718,0.8327615029897053,ADP,"DET: 0.82, ADP: 0.15",True,38293,0,10.55304850493315
indépendantiste,indépendantistes,NOUN,NOUN,,,,,True,2,0,1.0986122886681098
être,étaient,AUX,AUX,0.4687470215317024,1.7986756264740116,SCONJ,"AUX: 0.47, SCONJ: 0.23, ADV: 0.20, CCONJ: 0.10",True,8404,0,9.036582045842716
tout,tout,PRON,ADV,0.616575045351158,0.9604250869735371,ADV,"PRON: 0.62, ADV: 0.38",True,147,1,4.997212273764115
à,à,ADP,ADP,1.0,0.0,,ADP: 1.00,True,9366,0,9.14494815320913
le,le,DET,DET,0.8207496286735718,0.8327615029897053,ADP,"DET: 0.82, ADP: 0.15",True,38293,0,10.55304850493315
mieux,mieux,NOUN,ADV,,,,,True,5,1,1.791759469228055
un,un,DET,NUM,0.7741737557418163,1.1225809040946326,ADP,"DET: 0.77, ADP: 0.11, CCONJ: 0.09",True,8933,1,9.097619501912064
5,5,NUM,NUM,1.0,0.0,,NUM: 1.00,True,118,0,4.77912349311153
%,%,SYM,SYM,,,,,True,249,0,5.521460917862246
",",",",PUNCT,PUNCT,,,,,True,16599,0,9.717157974344635
le,les,DET,DET,0.8207496286735718,0.8327615029897053,ADP,"DET: 0.82, ADP: 0.15",True,38293,0,10.55304850493315
militant,militants,NOUN,NOUN,1.0,0.0,,NOUN: 1.00,True,16,0,2.833213344056216
",",",",PUNCT,PUNCT,,,,,True,16599,0,9.717157974344635
mais,mais,CCONJ,CCONJ,0.15469195513464806,1.2293580521348002,SCONJ,"SCONJ: 0.72, CCONJ: 0.15, PRON: 0.09",True,734,0,6.5998704992128365
quand,quand,SCONJ,SCONJ,0.6770541920391413,1.3527925542757804,CCONJ,"SCONJ: 0.68, CCONJ: 0.17, PRON: 0.12",True,79,0,4.382026634673881
on,on,PRON,PRON,0.5432191123278096,1.5995967780630704,SCONJ,"PRON: 0.54, SCONJ: 0.23, CCONJ: 0.19",True,554,0,6.318968113746434
nous,nous,PRON,PRON,0.8226072026071004,0.8287662668321807,CCONJ,"PRON: 0.82, CCONJ: 0.13, ADV: 0.05",True,328,0,5.796057750765372
avoir,a,AUX,AUX,0.7537049139623345,0.8053529913575782,ADV,"AUX: 0.75, ADV: 0.25",True,2935,0,7.984803389734406
voir,vus,VERB,VERB,1.0,0.0,,VERB: 1.00,True,197,0,5.288267030694535
tout,tous,PRON,PRON,0.616575045351158,0.9604250869735371,ADV,"PRON: 0.62, ADV: 0.38",True,147,0,4.997212273764115
uni,unis,ADJ,ADJ,1.0,0.0,,ADJ: 1.00,True,40,0,3.713572066704308
",",",",PUNCT,PUNCT,,,,,True,16599,0,9.717157974344635
main,main,NOUN,NOUN,1.0,0.0,,NOUN: 1.00,True,49,0,3.912023005428146
dans,dans,ADP,ADP,1.0,0.0,,ADP: 1.00,True,2779,0,7.930206206684683
le,la,DET,DET,0.8207496286735718,0.8327615029897053,ADP,"DET: 0.82, ADP: 0.15",True,38293,0,10.55304850493315
main,main,NOUN,NOUN,1.0,0.0,,NOUN: 1.00,True,49,0,3.912023005428146
",",",",PUNCT,PUNCT,,,,,True,16599,0,9.717157974344635
on,on,PRON,PRON,0.5432191123278096,1.5995967780630704,SCONJ,"PRON: 0.54, SCONJ: 0.23, CCONJ: 0.19",True,554,0,6.318968113746434
ne,n',ADV,ADV,0.03110691420199771,0.7244015123648279,PRON,"PRON: 0.85, CCONJ: 0.12",True,1435,0,7.269616749608169
en,en,PRON,PRON,0.8274129668391818,0.8153940727922449,CCONJ,"PRON: 0.83, CCONJ: 0.12, ADV: 0.05",True,246,0,5.5093883366279774
revenir,revenait,VERB,VERB,1.0,0.0,,VERB: 1.00,True,70,0,4.2626798770413155
pas,pas,ADV,ADV,1.0,0.0,,ADV: 1.00,True,893,0,6.795705775173514
;,;,PUNCT,PUNCT,,,,,True,231,0,5.44673737166631
selon,Selon,ADP,ADP,0.9563022953372076,0.25899642932812117,PRON,ADP: 0.96,True,194,0,5.272999558563747
ce,ce,DET,DET,0.8764141494570885,0.6891209831462356,ADP,"DET: 0.88, ADP: 0.08",True,1960,0,7.581209826196346
discours,discours,NOUN,NOUN,1.0,0.0,,NOUN: 1.00,True,16,0,2.833213344056216
--,--,PUNCT,PUNCT,,,,,True,222,0,5.407171771460119
maintenant,maintenant,ADV,ADV,1.0,0.0,,ADV: 1.00,True,27,0,3.332204510175204
bien,bien,ADV,ADV,1.0,0.0,,ADV: 1.00,True,306,0,5.726847747587197
roder,rodé,VERB,VERB,,,,,False,0,0,0.0
--,--,PUNCT,PUNCT,,,,,True,222,0,5.407171771460119
",",",",PUNCT,PUNCT,,,,,True,16599,0,9.717157974344635
avec,avec,ADP,ADP,0.8893781797851439,0.5017887113029871,CCONJ,"ADP: 0.89, CCONJ: 0.11",True,1225,0,7.111512116496157
le,la,DET,DET,0.8207496286735718,0.8327615029897053,ADP,"DET: 0.82, ADP: 0.15",True,38293,0,10.55304850493315
mort,mort,NOUN,NOUN,1.0,0.0,,NOUN: 1.00,True,93,0,4.543294782270004
de,d',ADP,ADP,0.7886818615006483,0.7439947701431047,CCONJ,"ADP: 0.79, CCONJ: 0.21",True,27784,0,10.232251585714021
Hassan,Hassan,PROPN,PROPN,,,,,True,2,0,1.0986122886681098
II,II,PROPN,NUM,,,,,True,4,1,1.6094379124341003
et,et,CCONJ,CCONJ,0.25644065667983523,1.7170903132548632,SCONJ,"SCONJ: 0.43, ADP: 0.28, CCONJ: 0.26",True,7215,0,8.88405606174246
le,l',DET,DET,0.8207496286735718,0.8327615029897053,ADP,"DET: 0.82, ADP: 0.15",True,38293,0,10.55304850493315
arrivée,arrivée,NOUN,NOUN,1.0,0.0,,NOUN: 1.00,True,37,0,3.6375861597263857
à,à,ADP,ADP,1.0,0.0,,ADP: 1.00,True,9366,0,9.14494815320913
le,le,DET,DET,0.8207496286735718,0.8327615029897053,ADP,"DET: 0.82, ADP: 0.15",True,38293,0,10.55304850493315
pouvoir,pouvoir,NOUN,NOUN,1.0,0.0,,NOUN: 1.00,True,82,0,4.418840607796598
de,de,ADP,ADP,0.7886818615006483,0.7439947701431047,CCONJ,"ADP: 0.79, CCONJ: 0.21",True,27784,0,10.232251585714021
Mohammed,Mohammed,PROPN,PROPN,,,,,True,3,0,1.3862943611198906
VI,VI,PROPN,NUM,,,,,False,0,1,0.0
",",",",PUNCT,PUNCT,,,,,True,16599,0,9.717157974344635
le,les,DET,DET,0.8207496286735718,0.8327615029897053,ADP,"DET: 0.82, ADP: 0.15",True,38293,0,10.55304850493315
chose,choses,NOUN,NOUN,1.0,0.0,,NOUN: 1.00,True,44,0,3.8066624897703196
avoir,auraient,AUX,AUX,0.7537049139623345,0.8053529913575782,ADV,"AUX: 0.75, ADV: 0.25",True,2935,0,7.984803389734406
évoluer,évolué,VERB,VERB,1.0,0.0,,VERB: 1.00,True,57,0,4.060443010546419
à,à,ADP,ADP,1.0,0.0,,ADP: 1.00,True,9366,0,9.14494815320913
le,le,DET,DET,0.8207496286735718,0.8327615029897053,ADP,"DET: 0.82, ADP: 0.15",True,38293,0,10.55304850493315
Maroc,Maroc,PROPN,PROPN,0.8274137328719314,0.6635870045455844,NOUN,"PROPN: 0.83, NOUN: 0.17",True,71,0,4.276666119016055
.,.,PUNCT,PUNCT,,,,,True,13366,0,9.500544261971474
pour,Pour,ADP,ADP,0.7890790430468303,0.7432394314397186,CCONJ,"ADP: 0.79, CCONJ: 0.21",True,2242,0,7.715569534520208
rappel,rappel,NOUN,NOUN,,,,,True,5,0,1.791759469228055
",",",",PUNCT,PUNCT,,,,,True,16599,0,9.717157974344635
le,le,DET,DET,0.8207496286735718,0.8327615029897053,ADP,"DET: 0.82, ADP: 0.15",True,38293,0,10.55304850493315
Sahara,Sahara,PROPN,PROPN,0.0,0.0,NOUN,NOUN: 1.00,True,41,0,3.7376696182833684
occidental,Occidental,ADJ,ADJ,0.4954761699901536,1.3277582654061977,NUM,"ADJ: 0.50, NUM: 0.42, PROPN: 0.08",True,62,0,4.143134726391533
avoir,a,AUX,AUX,0.7537049139623345,0.8053529913575782,ADV,"AUX: 0.75, ADV: 0.25",True,2935,0,7.984803389734406
être,été,AUX,AUX,0.4687470215317024,1.7986756264740116,SCONJ,"AUX: 0.47, SCONJ: 0.23, ADV: 0.20, CCONJ: 0.10",True,8404,0,9.036582045842716
envahir,envahi,VERB,VERB,,,,,True,7,0,2.0794415416798357
par,par,ADP,ADP,1.0,0.0,,ADP: 1.00,True,2183,0,7.688913336864796
le,le,DET,DET,0.8207496286735718,0.8327615029897053,ADP,"DET: 0.82, ADP: 0.15",True,38293,0,10.55304850493315
Maroc,Maroc,PROPN,PROPN,0.8274137328719314,0.6635870045455844,NOUN,"PROPN: 0.83, NOUN: 0.17",True,71,0,4.276666119016055
en,en,ADP,ADP,0.21695278762461512,1.4815638486393006,DET,"DET: 0.51, CCONJ: 0.27, ADP: 0.22",True,5233,0,8.562931083090092
1975,1975,NUM,NUM,1.0,0.0,,NUM: 1.00,True,21,0,3.091042453358316
et,et,CCONJ,CCONJ,0.25644065667983523,1.7170903132548632,SCONJ,"SCONJ: 0.43, ADP: 0.28, CCONJ: 0.26",True,7215,0,8.88405606174246
1979,1979,NUM,NUM,1.0,0.0,,NUM: 1.00,True,18,0,2.9444389791664403
suite,suite,NOUN,NOUN,1.0,0.0,,NOUN: 1.00,True,138,0,4.9344739331306915
à,à,ADP,ADP,1.0,0.0,,ADP: 1.00,True,9366,0,9.14494815320913
le,le,DET,DET,0.8207496286735718,0.8327615029897053,ADP,"DET: 0.82, ADP: 0.15",True,38293,0,10.55304850493315
retrait,retrait,NOUN,NOUN,1.0,0.0,,NOUN: 1.00,True,15,0,2.772588722239781
espagnol,espagnol,ADJ,ADJ,1.0,0.0,,ADJ: 1.00,True,58,0,4.07753744390572
de,de,ADP,ADP,0.7886818615006483,0.7439947701431047,CCONJ,"ADP: 0.79, CCONJ: 0.21",True,27784,0,10.232251585714021
le,le,DET,DET,0.8207496286735718,0.8327615029897053,ADP,"DET: 0.82, ADP: 0.15",True,38293,0,10.55304850493315
territoire,territoire,NOUN,NOUN,1.0,0.0,,NOUN: 1.00,True,98,0,4.59511985013459
.,.,PUNCT,PUNCT,,,,,True,13366,0,9.500544261971474
toutefois,Toutefois,ADV,ADV,1.0,0.0,,ADV: 1.00,True,59,0,4.0943445622221
",",",",PUNCT,PUNCT,,,,,True,16599,0,9.717157974344635
dans,dans,ADP,ADP,1.0,0.0,,ADP: 1.00,True,2779,0,7.930206206684683
un,des,DET,DET,0.7741737557418163,1.1225809040946326,ADP,"DET: 0.77, ADP: 0.11, CCONJ: 0.09",True,8933,0,9.097619501912064
camp,camps,NOUN,NOUN,1.0,0.0,,NOUN: 1.00,True,47,0,3.871201010907891
de,de,ADP,ADP,0.7886818615006483,0.7439947701431047,CCONJ,"ADP: 0.79, CCONJ: 0.21",True,27784,0,10.232251585714021
réfugié,réfugiés,NOUN,NOUN,,,,,True,9,0,2.302585092994046
",",",",PUNCT,PUNCT,,,,,True,16599,0,9.717157974344635
le,la,DET,DET,0.8207496286735718,0.8327615029897053,ADP,"DET: 0.82, ADP: 0.15",True,38293,0,10.55304850493315
cause,cause,NOUN,NOUN,1.0,0.0,,NOUN: 1.00,True,62,0,4.143134726391533
politique,politique,ADJ,ADJ,1.0,0.0,,ADJ: 1.00,True,147,0,4.997212273764115
importer,importe,VERB,VERB,,,,,True,16,0,2.833213344056216
plus,plus,ADV,ADV,0.7196677710684014,0.8559031009192263,CCONJ,"ADV: 0.72, CCONJ: 0.28",True,1173,0,7.068172000388042
que,que,SCONJ,SCONJ,0.6915510664276248,1.397369454710615,CCONJ,"SCONJ: 0.69, CCONJ: 0.17, PRON: 0.06, ADV: 0.05",True,1979,0,7.590852123688581
le,la,DET,DET,0.8207496286735718,0.8327615029897053,ADP,"DET: 0.82, ADP: 0.15",True,38293,0,10.55304850493315
cause,cause,NOUN,NOUN,1.0,0.0,,NOUN: 1.00,True,62,0,4.143134726391533
humain,humaine,ADJ,ADJ,1.0,0.0,,ADJ: 1.00,True,51,0,3.9512437185814275
.,.,PUNCT,PUNCT,,,,,True,13366,0,9.500544261971474
lui,Il,PRON,PRON,0.7173975220804439,1.0427392110337699,CCONJ,"PRON: 0.72, CCONJ: 0.24",True,5436,0,8.600982717145921
moi,me,PRON,PRON,0.7120466284894749,1.0523675190710984,CCONJ,"PRON: 0.71, CCONJ: 0.24",True,621,0,6.432940092739179
lui,l',PRON,PRON,0.7173975220804439,1.0427392110337699,CCONJ,"PRON: 0.72, CCONJ: 0.24",True,5436,0,8.600982717145921
avoir,a,AUX,AUX,0.7537049139623345,0.8053529913575782,ADV,"AUX: 0.75, ADV: 0.25",True,2935,0,7.984803389734406
dire,dit,VERB,VERB,1.0,0.0,,VERB: 1.00,True,190,0,5.25227342804663
à,à,ADP,ADP,1.0,0.0,,ADP: 1.00,True,9366,0,9.14494815320913
le,la,DET,DET,0.8207496286735718,0.8327615029897053,ADP,"DET: 0.82, ADP: 0.15",True,38293,0,10.55304850493315
Haye,Haye,PROPN,PROPN,,,,,True,5,0,1.791759469228055
»,»,PUNCT,PUNCT,,,,,True,814,0,6.703188113240863
.,.,PUNCT,PUNCT,,,,,True,13366,0,9.500544261971474
le,Le,DET,DET,0.8207496286735718,0.8327615029897053,ADP,"DET: 0.82, ADP: 0.15",True,38293,0,10.55304850493315
président,président,NOUN,NOUN,1.0,0.0,,NOUN: 1.00,True,121,0,4.804021044733257
de,de,ADP,ADP,0.7886818615006483,0.7439947701431047,CCONJ,"ADP: 0.79, CCONJ: 0.21",True,27784,0,10.232251585714021
le,l',DET,DET,0.8207496286735718,0.8327615029897053,ADP,"DET: 0.82, ADP: 0.15",True,38293,0,10.55304850493315
Égypte,Égypte,PROPN,PROPN,0.915730692511048,0.41704654428872723,NOUN,"PROPN: 0.92, NOUN: 0.08",True,16,0,2.833213344056216
",",",",PUNCT,PUNCT,,,,,True,16599,0,9.717157974344635
Hosni,Hosni,PROPN,PROPN,,,,,False,0,0,0.0
Moubarak,Moubarak,PROPN,PROPN,,,,,True,2,0,1.0986122886681098
",",",",PUNCT,PUNCT,,,,,True,16599,0,9.717157974344635
éprouver,éprouve,VERB,VERB,,,,,True,8,0,2.1972245773362196
",",",",PUNCT,PUNCT,,,,,True,16599,0,9.717157974344635
selon,selon,ADP,ADP,0.9563022953372076,0.25899642932812117,PRON,ADP: 0.96,True,194,0,5.272999558563747
un,un,DET,DET,0.7741737557418163,1.1225809040946326,ADP,"DET: 0.77, ADP: 0.11, CCONJ: 0.09",True,8933,0,9.097619501912064
diplomate,diplomate,NOUN,NOUN,,,,,True,7,0,2.0794415416798357
baser,basé,VERB,VERB,0.7336508954729021,0.8361769096292854,ADJ,"VERB: 0.73, ADJ: 0.27",True,54,0,4.007333185232471
à,à,ADP,ADP,1.0,0.0,,ADP: 1.00,True,9366,0,9.14494815320913
le,le,DET,DET,0.8207496286735718,0.8327615029897053,ADP,"DET: 0.82, ADP: 0.15",True,38293,0,10.55304850493315
Caire,Caire,PROPN,PROPN,,,,,True,5,0,1.791759469228055
«,«,PUNCT,PUNCT,,,,,True,866,0,6.7650389767805414
un,une,DET,DET,0.7741737557418163,1.1225809040946326,ADP,"DET: 0.77, ADP: 0.11, CCONJ: 0.09",True,8933,0,9.097619501912064
haine,haine,NOUN,NOUN,,,,,True,3,0,1.3862943611198906
viscéral,viscérale,ADJ,ADJ,,,,,False,0,0,0.0
pour,pour,ADP,ADP,0.7890790430468303,0.7432394314397186,CCONJ,"ADP: 0.79, CCONJ: 0.21",True,2242,0,7.715569534520208
le,la,DET,DET,0.8207496286735718,0.8327615029897053,ADP,"DET: 0.82, ADP: 0.15",True,38293,0,10.55304850493315
république,République,NOUN,NOUN,1.0,0.0,,NOUN: 1.00,True,54,0,4.007333185232471
islamique,islamique,ADJ,ADJ,,,,,True,5,0,1.791759469228055
»,»,PUNCT,PUNCT,,,,,True,814,0,6.703188113240863
.,.,PUNCT,PUNCT,,,,,True,13366,0,9.500544261971474
le,L',DET,DET,0.8207496286735718,0.8327615029897053,ADP,"DET: 0.82, ADP: 0.15",True,38293,0,10.55304850493315
acteur,acteur,NOUN,NOUN,1.0,0.0,,NOUN: 1.00,True,54,0,4.007333185232471
espagnol,espagnol,ADJ,ADJ,1.0,0.0,,ADJ: 1.00,True,58,0,4.07753744390572
Alex,Alex,PROPN,PROPN,0.765044359564843,0.7865505666523162,NUM,"PROPN: 0.77, NUM: 0.23",True,12,0,2.5649493574615367
Angulo,Angulo,PROPN,PROPN,,,,,False,0,0,0.0
avoir,a,AUX,AUX,0.7537049139623345,0.8053529913575782,ADV,"AUX: 0.75, ADV: 0.25",True,2935,0,7.984803389734406
attribuer,attribué,VERB,VERB,1.0,0.0,,VERB: 1.00,True,34,0,3.5553480614894135
"""","""",PUNCT,PUNCT,,,,,True,819,0,6.709304340258298
le,La,DET,DET,0.8207496286735718,0.8327615029897053,ADP,"DET: 0.82, ADP: 0.15",True,38293,0,10.55304850493315
camella,Camella,NOUN,PROPN,,,,,False,0,1,0.0
blanc,blanca,ADJ,X,1.0,0.0,,ADJ: 1.00,True,40,1,3.713572066704308
"""","""",PUNCT,PUNCT,,,,,True,819,0,6.709304340258298
à,à,ADP,ADP,1.0,0.0,,ADP: 1.00,True,9366,0,9.14494815320913
le,les,DET,DET,0.8207496286735718,0.8327615029897053,ADP,"DET: 0.82, ADP: 0.15",True,38293,0,10.55304850493315
réalisateur,réalisateurs,NOUN,NOUN,1.0,0.0,,NOUN: 1.00,True,26,0,3.295836866004329
de,de,ADP,ADP,0.7886818615006483,0.7439947701431047,CCONJ,"ADP: 0.79, CCONJ: 0.21",True,27784,0,10.232251585714021
le,le,DET,DET,0.8207496286735718,0.8327615029897053,ADP,"DET: 0.82, ADP: 0.15",True,38293,0,10.55304850493315
film,film,NOUN,NOUN,1.0,0.0,,NOUN: 1.00,True,178,0,5.187385805840755
",",",",PUNCT,PUNCT,,,,,True,16599,0,9.717157974344635
qui,qui,PRON,PRON,0.8171669946022245,0.8424411100711472,CCONJ,"PRON: 0.82, CCONJ: 0.13, ADV: 0.05",True,1916,0,7.558516743045645
avoir,ont,AUX,AUX,0.7537049139623345,0.8053529913575782,ADV,"AUX: 0.75, ADV: 0.25",True,2935,0,7.984803389734406
souligner,souligné,VERB,VERB,1.0,0.0,,VERB: 1.00,True,23,0,3.1780538303479458
que,que,SCONJ,SCONJ,0.6915510664276248,1.397369454710615,CCONJ,"SCONJ: 0.69, CCONJ: 0.17, PRON: 0.06, ADV: 0.05",True,1979,0,7.590852123688581
ce,ce,DET,DET,0.8764141494570885,0.6891209831462356,ADP,"DET: 0.88, ADP: 0.08",True,1960,0,7.581209826196346
travail,travail,NOUN,NOUN,1.0,0.0,,NOUN: 1.00,True,140,0,4.948759890378168
eux,leur,PRON,PRON,0.9444374542892673,0.30957200047813255,ADV,"PRON: 0.94, ADV: 0.06",True,467,0,6.148468295917647
avoir,a,AUX,AUX,0.7537049139623345,0.8053529913575782,ADV,"AUX: 0.75, ADV: 0.25",True,2935,0,7.984803389734406
permettre,permis,VERB,VERB,1.0,0.0,,VERB: 1.00,True,245,0,5.5053315359323625
de,d',ADP,ADP,0.7886818615006483,0.7439947701431047,CCONJ,"ADP: 0.79, CCONJ: 0.21",True,27784,0,10.232251585714021
observer,observer,VERB,VERB,1.0,0.0,,VERB: 1.00,True,27,0,3.332204510175204
le,l',DET,DET,0.8207496286735718,0.8327615029897053,ADP,"DET: 0.82, ADP: 0.15",True,38293,0,10.55304850493315
état,état,NOUN,NOUN,1.0,0.0,,NOUN: 1.00,True,131,0,4.882801922586371
de,de,ADP,ADP,0.7886818615006483,0.7439947701431047,CCONJ,"ADP: 0.79, CCONJ: 0.21",True,27784,0,10.232251585714021
le,l',DET,DET,0.8207496286735718,0.8327615029897053,ADP,"DET: 0.82, ADP: 0.15",True,38293,0,10.55304850493315
esprit,esprit,NOUN,NOUN,1.0,0.0,,NOUN: 1.00,True,34,0,3.5553480614894135
"""","""",PUNCT,PUNCT,,,,,True,819,0,6.709304340258298
courageux,courageux,ADJ,ADJ,,,,,True,4,0,1.6094379124341003
",",",",PUNCT,PUNCT,,,,,True,16599,0,9.717157974344635
pacifique,pacifique,ADJ,ADJ,,,,,True,7,0,2.0794415416798357
",",",",PUNCT,PUNCT,,,,,True,16599,0,9.717157974344635
mais,mais,CCONJ,CCONJ,0.15469195513464806,1.2293580521348002,SCONJ,"SCONJ: 0.72, CCONJ: 0.15, PRON: 0.09",True,734,0,6.5998704992128365
aussi,aussi,ADV,ADV,1.0,0.0,,ADV: 1.00,True,349,0,5.857933154483459
combatif,combatif,ADJ,ADJ,,,,,False,0,0,0.0
"""","""",PUNCT,PUNCT,,,,,True,819,0,6.709304340258298
de,de,ADP,ADP,0.7886818615006483,0.7439947701431047,CCONJ,"ADP: 0.79, CCONJ: 0.21",True,27784,0,10.232251585714021
le,le,DET,DET,0.8207496286735718,0.8327615029897053,ADP,"DET: 0.82, ADP: 0.15",True,38293,0,10.55304850493315
peuple,peuple,NOUN,NOUN,1.0,0.0,,NOUN: 1.00,True,86,0,4.465908118654584
sahraoui,sahraoui,ADJ,ADJ,1.0,0.0,,ADJ: 1.00,True,26,0,3.295836866004329
.,.,PUNCT,PUNCT,,,,,True,13366,0,9.500544261971474
tenir,Tenue,VERB,VERB,1.0,0.0,,VERB: 1.00,True,104,0,4.653960350157523
trois,trois,NUM,NUM,0.21329117169768608,0.7477267753799202,DET,"DET: 0.79, NUM: 0.21",True,206,0,5.332718793265369
mois,mois,NOUN,NOUN,1.0,0.0,,NOUN: 1.00,True,98,0,4.59511985013459
après,après,ADP,ADP,0.8490838848157983,0.7380994576350169,CCONJ,"ADP: 0.85, CCONJ: 0.11",True,403,0,6.0014148779611505
le,la,DET,DET,0.8207496286735718,0.8327615029897053,ADP,"DET: 0.82, ADP: 0.15",True,38293,0,10.55304850493315
précédent,précédente,ADJ,ADJ,1.0,0.0,,ADJ: 1.00,True,37,0,3.6375861597263857
réunion,réunion,NOUN,NOUN,1.0,0.0,,NOUN: 1.00,True,34,0,3.5553480614894135
informel,informelle,ADJ,ADJ,,,,,True,7,0,2.0794415416798357
de,de,ADP,ADP,0.7886818615006483,0.7439947701431047,CCONJ,"ADP: 0.79, CCONJ: 0.21",True,27784,0,10.232251585714021
le,la,DET,DET,0.8207496286735718,0.8327615029897053,ADP,"DET: 0.82, ADP: 0.15",True,38293,0,10.55304850493315
Valette,Valette,PROPN,PROPN,,,,,False,0,0,0.0
(,(,PUNCT,PUNCT,,,,,True,2211,0,7.701652362642226
Malte,Malte,PROPN,PROPN,,,,,True,1,0,0.6931471805599453
),),PUNCT,PUNCT,,,,,True,2204,0,7.6984827878809465
",",",",PUNCT,PUNCT,,,,,True,16599,0,9.717157974344635
ce,cette,DET,DET,0.8764141494570885,0.6891209831462356,ADP,"DET: 0.88, ADP: 0.08",True,1960,0,7.581209826196346
nouveau,nouvelle,ADJ,ADJ,1.0,0.0,,ADJ: 1.00,True,323,0,5.780743515792329
rencontre,rencontre,NOUN,NOUN,1.0,0.0,,NOUN: 1.00,True,52,0,3.970291913552122
soi,se,PRON,PRON,0.8260631963800735,0.8193543183609986,CCONJ,"PRON: 0.83, CCONJ: 0.12, ADV: 0.05",True,2063,0,7.6324011266014535
dérouler,déroule,VERB,VERB,1.0,0.0,,VERB: 1.00,True,43,0,3.784189633918261
sous,sous,ADP,ADP,1.0,0.0,,ADP: 1.00,True,315,0,5.755742213586912
le,les,DET,DET,0.8207496286735718,0.8327615029897053,ADP,"DET: 0.82, ADP: 0.15",True,38293,0,10.55304850493315
auspice,auspices,NOUN,NOUN,,,,,True,2,0,1.0986122886681098
de,de,ADP,ADP,0.7886818615006483,0.7439947701431047,CCONJ,"ADP: 0.79, CCONJ: 0.21",True,27784,0,10.232251585714021
le,l',DET,DET,0.8207496286735718,0.8327615029897053,ADP,"DET: 0.82, ADP: 0.15",True,38293,0,10.55304850493315
envoyé,envoyé,NOUN,NOUN,,,,,True,2,0,1.0986122886681098
personnel,personnel,ADJ,ADJ,1.0,0.0,,ADJ: 1.00,True,30,0,3.4339872044851463
de,de,ADP,ADP,0.7886818615006483,0.7439947701431047,CCONJ,"ADP: 0.79, CCONJ: 0.21",True,27784,0,10.232251585714021
le,le,DET,DET,0.8207496286735718,0.8327615029897053,ADP,"DET: 0.82, ADP: 0.15",True,38293,0,10.55304850493315
secrétaire,secrétaire,NOUN,NOUN,1.0,0.0,,NOUN: 1.00,True,25,0,3.258096538021482
général,général,ADJ,ADJ,1.0,0.0,,ADJ: 1.00,True,117,0,4.770684624465665
de,de,ADP,ADP,0.7886818615006483,0.7439947701431047,CCONJ,"ADP: 0.79, CCONJ: 0.21",True,27784,0,10.232251585714021
le,les,DET,DET,0.8207496286735718,0.8327615029897053,ADP,"DET: 0.82, ADP: 0.15",True,38293,0,10.55304850493315
Nations,Nations,PROPN,NOUN,,,,,True,1,1,0.6931471805599453
uni,unies,ADJ,ADJ,1.0,0.0,,ADJ: 1.00,True,40,0,3.713572066704308
pour,pour,ADP,ADP,0.7890790430468303,0.7432394314397186,CCONJ,"ADP: 0.79, CCONJ: 0.21",True,2242,0,7.715569534520208
le,le,DET,DET,0.8207496286735718,0.8327615029897053,ADP,"DET: 0.82, ADP: 0.15",True,38293,0,10.55304850493315
Sahara,Sahara,PROPN,PROPN,0.0,0.0,NOUN,NOUN: 1.00,True,41,0,3.7376696182833684
occidental,occidental,ADJ,ADJ,0.4954761699901536,1.3277582654061977,NUM,"ADJ: 0.50, NUM: 0.42, PROPN: 0.08",True,62,0,4.143134726391533
",",",",PUNCT,PUNCT,,,,,True,16599,0,9.717157974344635
M.,M.,NOUN,NOUN,0.0058262554976267365,0.051630524938109136,PROPN,PROPN: 0.99,True,32,0,3.4965075614664802
Christopher,Christopher,PROPN,PROPN,,,,,True,10,0,2.3978952727983707
Ross,Ross,PROPN,PROPN,,,,,True,3,0,1.3862943611198906
",",",",PUNCT,PUNCT,,,,,True,16599,0,9.717157974344635
en,en,ADP,ADP,0.21695278762461512,1.4815638486393006,DET,"DET: 0.51, CCONJ: 0.27, ADP: 0.22",True,5233,0,8.562931083090092
présence,présence,NOUN,NOUN,1.0,0.0,,NOUN: 1.00,True,57,0,4.060443010546419
de,de,ADP,ADP,0.7886818615006483,0.7439947701431047,CCONJ,"ADP: 0.79, CCONJ: 0.21",True,27784,0,10.232251585714021
le,les,DET,DET,0.8207496286735718,0.8327615029897053,ADP,"DET: 0.82, ADP: 0.15",True,38293,0,10.55304850493315
délégation,délégations,NOUN,NOUN,,,,,True,4,0,1.6094379124341003
de,de,ADP,ADP,0.7886818615006483,0.7439947701431047,CCONJ,"ADP: 0.79, CCONJ: 0.21",True,27784,0,10.232251585714021
le,les,DET,DET,0.8207496286735718,0.8327615029897053,ADP,"DET: 0.82, ADP: 0.15",True,38293,0,10.55304850493315
deux,deux,NUM,NUM,0.21554851351024185,0.7519555130200147,DET,"DET: 0.78, NUM: 0.22",True,568,0,6.343880434126331
partie,parties,NOUN,NOUN,1.0,0.0,,NOUN: 1.00,True,284,0,5.652489180268651
et,et,CCONJ,CCONJ,0.25644065667983523,1.7170903132548632,SCONJ,"SCONJ: 0.43, ADP: 0.28, CCONJ: 0.26",True,7215,0,8.88405606174246
de,de,ADP,ADP,0.7886818615006483,0.7439947701431047,CCONJ,"ADP: 0.79, CCONJ: 0.21",True,27784,0,10.232251585714021
le,les,DET,DET,0.8207496286735718,0.8327615029897053,ADP,"DET: 0.82, ADP: 0.15",True,38293,0,10.55304850493315
représentant,représentants,NOUN,NOUN,1.0,0.0,,NOUN: 1.00,True,29,0,3.4011973816621555
de,de,ADP,ADP,0.7886818615006483,0.7439947701431047,CCONJ,"ADP: 0.79, CCONJ: 0.21",True,27784,0,10.232251585714021
le,les,DET,DET,0.8207496286735718,0.8327615029897053,ADP,"DET: 0.82, ADP: 0.15",True,38293,0,10.55304850493315
deux,deux,NUM,NUM,0.21554851351024185,0.7519555130200147,DET,"DET: 0.78, NUM: 0.22",True,568,0,6.343880434126331
pays,pays,NOUN,NOUN,1.0,0.0,,NOUN: 1.00,True,251,0,5.529429087511423
observateur,observateurs,ADJ,ADJ,,,,,True,1,0,0.6931471805599453
",",",",PUNCT,PUNCT,,,,,True,16599,0,9.717157974344635
le,l',DET,DET,0.8207496286735718,0.8327615029897053,ADP,"DET: 0.82, ADP: 0.15",True,38293,0,10.55304850493315
Algérie,Algérie,PROPN,PROPN,0.9728335403291772,0.17997639082535727,NOUN,PROPN: 0.97,True,41,0,3.7376696182833684
et,et,CCONJ,CCONJ,0.25644065667983523,1.7170903132548632,SCONJ,"SCONJ: 0.43, ADP: 0.28, CCONJ: 0.26",True,7215,0,8.88405606174246
le,la,DET,DET,0.8207496286735718,0.8327615029897053,ADP,"DET: 0.82, ADP: 0.15",True,38293,0,10.55304850493315
Mauritanie,Mauritanie,PROPN,PROPN,,,,,True,10,0,2.3978952727983707
.,.,PUNCT,PUNCT,,,,,True,13366,0,9.500544261971474
le,Le,DET,DET,0.8207496286735718,0.8327615029897053,ADP,"DET: 0.82, ADP: 0.15",True,38293,0,10.55304850493315
ras-le-bol,ras-le-bol,NOUN,NOUN,,,,,False,0,0,0.0
être,fut,AUX,AUX,0.4687470215317024,1.7986756264740116,SCONJ,"AUX: 0.47, SCONJ: 0.23, ADV: 0.20, CCONJ: 0.10",True,8404,0,9.036582045842716
général,général,ADJ,ADJ,1.0,0.0,,ADJ: 1.00,True,117,0,4.770684624465665
",",",",PUNCT,PUNCT,,,,,True,16599,0,9.717157974344635
le,la,DET,DET,0.8207496286735718,0.8327615029897053,ADP,"DET: 0.82, ADP: 0.15",True,38293,0,10.55304850493315
mobilisation,mobilisation,NOUN,NOUN,,,,,True,5,0,1.791759469228055
inédit,inédite,ADJ,ADJ,1.0,0.0,,ADJ: 1.00,True,11,0,2.4849066497880004
.,.,PUNCT,PUNCT,,,,,True,13366,0,9.500544261971474
à,A,ADP,ADP,1.0,0.0,,ADP: 1.00,True,9366,0,9.14494815320913
aucun,aucun,DET,DET,0.7715710614510615,1.1308041067719339,ADP,"DET: 0.77, ADP: 0.11, CCONJ: 0.09",True,96,0,4.574710978503383
moment,moment,NOUN,NOUN,1.0,0.0,,NOUN: 1.00,True,77,0,4.356708826689592
",",",",PUNCT,PUNCT,,,,,True,16599,0,9.717157974344635
de,de,ADP,ADP,0.7886818615006483,0.7439947701431047,CCONJ,"ADP: 0.79, CCONJ: 0.21",True,27784,0,10.232251585714021
le,le,DET,DET,0.8207496286735718,0.8327615029897053,ADP,"DET: 0.82, ADP: 0.15",True,38293,0,10.55304850493315
jour,jour,NOUN,NOUN,1.0,0.0,,NOUN: 1.00,True,200,0,5.303304908059076
ou,ou,CCONJ,CCONJ,0.514848916000412,0.9993637059064465,ADP,"CCONJ: 0.51, ADP: 0.49",True,802,0,6.688354713946762
de,de,ADP,ADP,0.7886818615006483,0.7439947701431047,CCONJ,"ADP: 0.79, CCONJ: 0.21",True,27784,0,10.232251585714021
le,la,DET,DET,0.8207496286735718,0.8327615029897053,ADP,"DET: 0.82, ADP: 0.15",True,38293,0,10.55304850493315
nuit,nuit,NOUN,NOUN,1.0,0.0,,NOUN: 1.00,True,42,0,3.7612001156935624
si,s',SCONJ,SCONJ,0.6874457760699145,1.332794651946429,CCONJ,"SCONJ: 0.69, CCONJ: 0.17, PRON: 0.10",True,251,0,5.529429087511423
lui,il,PRON,PRON,0.7173975220804439,1.0427392110337699,CCONJ,"PRON: 0.72, CCONJ: 0.24",True,5436,0,8.600982717145921
lui,le,PRON,PRON,0.7173975220804439,1.0427392110337699,CCONJ,"PRON: 0.72, CCONJ: 0.24",True,5436,0,8.600982717145921
falloir,faut,VERB,VERB,1.0,0.0,,VERB: 1.00,True,108,0,4.6913478822291435
.,.,PUNCT,PUNCT,,,,,True,13366,0,9.500544261971474
lui,Il,PRON,PRON,0.7173975220804439,1.0427392110337699,CCONJ,"PRON: 0.72, CCONJ: 0.24",True,5436,0,8.600982717145921
avoir,a,AUX,AUX,0.7537049139623345,0.8053529913575782,ADV,"AUX: 0.75, ADV: 0.25",True,2935,0,7.984803389734406
en,en,ADP,ADP,0.21695278762461512,1.4815638486393006,DET,"DET: 0.51, CCONJ: 0.27, ADP: 0.22",True,5233,0,8.562931083090092
outre,outre,ADV,ADV,,,,,True,19,0,2.995732273553991
exprimer,exprimé,VERB,VERB,1.0,0.0,,VERB: 1.00,True,29,0,3.4011973816621555
le,la,DET,DET,0.8207496286735718,0.8327615029897053,ADP,"DET: 0.82, ADP: 0.15",True,38293,0,10.55304850493315
volonté,volonté,NOUN,NOUN,1.0,0.0,,NOUN: 1.00,True,27,0,3.332204510175204
de,de,ADP,ADP,0.7886818615006483,0.7439947701431047,CCONJ,"ADP: 0.79, CCONJ: 0.21",True,27784,0,10.232251585714021
son,son,DET,DET,0.8481722905876147,0.863954061477403,CCONJ,"DET: 0.85, CCONJ: 0.08",True,3876,0,8.262816937670928
pays,pays,NOUN,NOUN,1.0,0.0,,NOUN: 1.00,True,251,0,5.529429087511423
de,de,ADP,ADP,0.7886818615006483,0.7439947701431047,CCONJ,"ADP: 0.79, CCONJ: 0.21",True,27784,0,10.232251585714021
renforcer,renforcer,VERB,VERB,1.0,0.0,,VERB: 1.00,True,25,0,3.258096538021482
et,et,CCONJ,CCONJ,0.25644065667983523,1.7170903132548632,SCONJ,"SCONJ: 0.43, ADP: 0.28, CCONJ: 0.26",True,7215,0,8.88405606174246
consolider,consolider,VERB,VERB,,,,,True,1,0,0.6931471805599453
le,les,DET,DET,0.8207496286735718,0.8327615029897053,ADP,"DET: 0.82, ADP: 0.15",True,38293,0,10.55304850493315
relation,relations,NOUN,NOUN,1.0,0.0,,NOUN: 1.00,True,62,0,4.143134726391533
bilatéral,bilatérales,ADJ,ADJ,,,,,True,4,0,1.6094379124341003
entre,entre,ADP,ADP,0.9951404265427191,0.0443394212917744,ADJ,ADP: 1.00,True,403,0,6.0014148779611505
le,les,DET,DET,0.8207496286735718,0.8327615029897053,ADP,"DET: 0.82, ADP: 0.15",True,38293,0,10.55304850493315
deux,deux,NUM,NUM,0.21554851351024185,0.7519555130200147,DET,"DET: 0.78, NUM: 0.22",True,568,0,6.343880434126331
pays,pays,NOUN,NOUN,1.0,0.0,,NOUN: 1.00,True,251,0,5.529429087511423
dans,dans,ADP,ADP,1.0,0.0,,ADP: 1.00,True,2779,0,7.930206206684683
le,l',DET,DET,0.8207496286735718,0.8327615029897053,ADP,"DET: 0.82, ADP: 0.15",True,38293,0,10.55304850493315
avenir,avenir,NOUN,NOUN,1.0,0.0,,NOUN: 1.00,True,16,0,2.833213344056216
.,.,PUNCT,PUNCT,,,,,True,13366,0,9.500544261971474
pour,Pour,ADP,ADP,0.7890790430468303,0.7432394314397186,CCONJ,"ADP: 0.79, CCONJ: 0.21",True,2242,0,7.715569534520208
rappel,rappel,NOUN,NOUN,,,,,True,5,0,1.791759469228055
",",",",PUNCT,PUNCT,,,,,True,16599,0,9.717157974344635
le,l',DET,DET,0.8207496286735718,0.8327615029897053,ADP,"DET: 0.82, ADP: 0.15",True,38293,0,10.55304850493315
Opep,Opep,PROPN,PROPN,,,,,False,0,0,0.0
de,de,ADP,ADP,0.7886818615006483,0.7439947701431047,CCONJ,"ADP: 0.79, CCONJ: 0.21",True,27784,0,10.232251585714021
le,le,DET,DET,0.8207496286735718,0.8327615029897053,ADP,"DET: 0.82, ADP: 0.15",True,38293,0,10.55304850493315
gaz,gaz,NOUN,NOUN,1.0,0.0,,NOUN: 1.00,True,27,0,3.332204510175204
ou,ou,CCONJ,CCONJ,0.514848916000412,0.9993637059064465,ADP,"CCONJ: 0.51, ADP: 0.49",True,802,0,6.688354713946762
forum,Forum,NOUN,NOUN,,,,,True,9,0,2.302585092994046
de,de,ADP,ADP,0.7886818615006483,0.7439947701431047,CCONJ,"ADP: 0.79, CCONJ: 0.21",True,27784,0,10.232251585714021
le,les,DET,DET,0.8207496286735718,0.8327615029897053,ADP,"DET: 0.82, ADP: 0.15",True,38293,0,10.55304850493315
pays,pays,NOUN,NOUN,1.0,0.0,,NOUN: 1.00,True,251,0,5.529429087511423
exportateur,exportateurs,NOUN,ADJ,,,,,False,0,1,0.0
de,de,ADP,ADP,0.7886818615006483,0.7439947701431047,CCONJ,"ADP: 0.79, CCONJ: 0.21",True,27784,0,10.232251585714021
gaz,gaz,NOUN,NOUN,1.0,0.0,,NOUN: 1.00,True,27,0,3.332204510175204
(,(,PUNCT,PUNCT,,,,,True,2211,0,7.701652362642226
FPEG,FPEG,NOUN,PROPN,,,,,False,0,1,0.0
),),PUNCT,PUNCT,,,,,True,2204,0,7.6984827878809465
être,est,AUX,AUX,0.4687470215317024,1.7986756264740116,SCONJ,"AUX: 0.47, SCONJ: 0.23, ADV: 0.20, CCONJ: 0.10",True,8404,0,9.036582045842716
naître,né,VERB,VERB,0.9307008365025946,0.36330280715123003,ADJ,"VERB: 0.93, ADJ: 0.07",True,347,0,5.8522024797744745
à,à,ADP,ADP,1.0,0.0,,ADP: 1.00,True,9366,0,9.14494815320913
Oran,Oran,PROPN,PROPN,,,,,True,2,0,1.0986122886681098
",",",",PUNCT,PUNCT,,,,,True,16599,0,9.717157974344635
en,en,ADP,ADP,0.21695278762461512,1.4815638486393006,DET,"DET: 0.51, CCONJ: 0.27, ADP: 0.22",True,5233,0,8.562931083090092
avril,avril,NOUN,NOUN,1.0,0.0,,NOUN: 1.00,True,107,0,4.68213122712422
2010,2010,NUM,NUM,1.0,0.0,,NUM: 1.00,True,107,0,4.68213122712422
.,.,PUNCT,PUNCT,,,,,True,13366,0,9.500544261971474
ne,N',ADV,ADV,0.03110691420199771,0.7244015123648279,PRON,"PRON: 0.85, CCONJ: 0.12",True,1435,0,7.269616749608169
hésiter,hésitez,VERB,VERB,0.6788384772980243,0.9056401009552704,ADJ,"VERB: 0.68, ADJ: 0.32",True,18,0,2.9444389791664403
pas,pas,ADV,ADV,1.0,0.0,,ADV: 1.00,True,893,0,6.795705775173514
à,à,ADP,ADP,1.0,0.0,,ADP: 1.00,True,9366,0,9.14494815320913
moi,m',PRON,PRON,0.7120466284894749,1.0523675190710984,CCONJ,"PRON: 0.71, CCONJ: 0.24",True,621,0,6.432940092739179
envoyer,envoyer,VERB,VERB,1.0,0.0,,VERB: 1.00,True,49,0,3.912023005428146
actualité,actualités,NOUN,NOUN,,,,,True,8,0,2.1972245773362196
et,et,CCONJ,CCONJ,0.25644065667983523,1.7170903132548632,SCONJ,"SCONJ: 0.43, ADP: 0.28, CCONJ: 0.26",True,7215,0,8.88405606174246
libre,libres,ADJ,ADJ,1.0,0.0,,ADJ: 1.00,True,37,0,3.6375861597263857
tribune,tribunes,NOUN,NOUN,,,,,True,8,0,2.1972245773362196
à,à,ADP,ADP,1.0,0.0,,ADP: 1.00,True,9366,0,9.14494815320913
le,l',DET,DET,0.8207496286735718,0.8327615029897053,ADP,"DET: 0.82, ADP: 0.15",True,38293,0,10.55304850493315
adresse,adresse,NOUN,NOUN,1.0,0.0,,NOUN: 1.00,True,21,0,3.091042453358316
suivant,suivante,ADJ,ADJ,1.0,0.0,,ADJ: 1.00,True,81,0,4.406719247264253
:,:,PUNCT,PUNCT,,,,,True,739,0,6.606650186198215
criticusleblog@gmail.com,criticusleblog@gmail.com,SYM,SYM,,,,,True,1,0,0.6931471805599453
.,.,PUNCT,PUNCT,,,,,True,13366,0,9.500544261971474
jusque,Jusqu',ADP,ADP,0.045125702997240974,1.523668886477906,CCONJ,"CCONJ: 0.58, SCONJ: 0.25, ADV: 0.12",True,223,0,5.4116460518550396
à,à,ADP,ADP,1.0,0.0,,ADP: 1.00,True,9366,0,9.14494815320913
quand,quand,ADV,SCONJ,,,,,True,6,1,1.9459101490553132
le,la,DET,DET,0.8207496286735718,0.8327615029897053,ADP,"DET: 0.82, ADP: 0.15",True,38293,0,10.55304850493315
France,France,PROPN,PROPN,0.9804292393899958,0.13902365897177782,NOUN,PROPN: 0.98,True,267,0,5.5909869805108565
officiel,officielle,ADJ,ADJ,1.0,0.0,,ADJ: 1.00,True,46,0,3.8501476017100584
maintenir,maintiendra,VERB,VERB,1.0,0.0,,VERB: 1.00,True,21,0,3.091042453358316
lui,-t-elle,PRON,PRON,0.7173975220804439,1.0427392110337699,CCONJ,"PRON: 0.72, CCONJ: 0.24",True,5436,0,8.600982717145921
son,sa,DET,DET,0.8481722905876147,0.863954061477403,CCONJ,"DET: 0.85, CCONJ: 0.08",True,3876,0,8.262816937670928
préférence,préférence,NOUN,NOUN,,,,,True,6,0,1.9459101490553132
pour,pour,ADP,ADP,0.7890790430468303,0.7432394314397186,CCONJ,"ADP: 0.79, CCONJ: 0.21",True,2242,0,7.715569534520208
le,la,DET,DET,0.8207496286735718,0.8327615029897053,ADP,"DET: 0.82, ADP: 0.15",True,38293,0,10.55304850493315
protection,protection,NOUN,NOUN,1.0,0.0,,NOUN: 1.00,True,29,0,3.4011973816621555
de,de,ADP,ADP,0.7886818615006483,0.7439947701431047,CCONJ,"ADP: 0.79, CCONJ: 0.21",True,27784,0,10.232251585714021
le,les,DET,DET,0.8207496286735718,0.8327615029897053,ADP,"DET: 0.82, ADP: 0.15",True,38293,0,10.55304850493315
agresseur,agresseurs,NOUN,NOUN,,,,,True,2,0,1.0986122886681098
de,de,ADP,ADP,0.7886818615006483,0.7439947701431047,CCONJ,"ADP: 0.79, CCONJ: 0.21",True,27784,0,10.232251585714021
le,les,DET,DET,0.8207496286735718,0.8327615029897053,ADP,"DET: 0.82, ADP: 0.15",True,38293,0,10.55304850493315
droit,droits,NOUN,NOUN,1.0,0.0,,NOUN: 1.00,True,184,0,5.220355825078324
de,de,ADP,ADP,0.7886818615006483,0.7439947701431047,CCONJ,"ADP: 0.79, CCONJ: 0.21",True,27784,0,10.232251585714021
le,l',DET,DET,0.8207496286735718,0.8327615029897053,ADP,"DET: 0.82, ADP: 0.15",True,38293,0,10.55304850493315
homme,homme,NOUN,NOUN,1.0,0.0,,NOUN: 1.00,True,213,0,5.365976015021851
?,?,PUNCT,PUNCT,,,,,True,270,0,5.602118820879701
lui,Il,PRON,PRON,0.7173975220804439,1.0427392110337699,CCONJ,"PRON: 0.72, CCONJ: 0.24",True,5436,0,8.600982717145921
ne,n',ADV,ADV,0.03110691420199771,0.7244015123648279,PRON,"PRON: 0.85, CCONJ: 0.12",True,1435,0,7.269616749608169
y,y,PRON,PRON,0.8287336305823229,0.8120222571975413,CCONJ,"PRON: 0.83, CCONJ: 0.12, ADV: 0.05",True,464,0,6.142037405587356
en,en,PRON,PRON,0.8274129668391818,0.8153940727922449,CCONJ,"PRON: 0.83, CCONJ: 0.12, ADV: 0.05",True,246,0,5.5093883366279774
avoir,a,VERB,VERB,1.0,0.0,,VERB: 1.00,True,784,0,6.665683717782408
point,point,ADV,NOUN,,,,,True,2,1,1.0986122886681098
.,.,PUNCT,PUNCT,,,,,True,13366,0,9.500544261971474
M.,M.,NOUN,NOUN,0.0058262554976267365,0.051630524938109136,PROPN,PROPN: 0.99,True,32,0,3.4965075614664802
Ross,Ross,PROPN,PROPN,,,,,True,3,0,1.3862943611198906
réussir,réussira,VERB,VERB,1.0,0.0,,VERB: 1.00,True,37,0,3.6375861597263857
lui,-t-il,PRON,PRON,0.7173975220804439,1.0427392110337699,CCONJ,"PRON: 0.72, CCONJ: 0.24",True,5436,0,8.600982717145921
à,à,ADP,ADP,1.0,0.0,,ADP: 1.00,True,9366,0,9.14494815320913
faire,faire,AUX,AUX,,,,,True,238,0,5.476463551931511
valoir,valoir,VERB,VERB,1.0,0.0,,VERB: 1.00,True,32,0,3.4965075614664802
le,le,DET,DET,0.8207496286735718,0.8327615029897053,ADP,"DET: 0.82, ADP: 0.15",True,38293,0,10.55304850493315
droit,droit,NOUN,NOUN,1.0,0.0,,NOUN: 1.00,True,184,0,5.220355825078324
international,international,ADJ,ADJ,1.0,0.0,,ADJ: 1.00,True,145,0,4.983606621708336
dans,dans,ADP,ADP,1.0,0.0,,ADP: 1.00,True,2779,0,7.930206206684683
ce,ces,DET,DET,0.8764141494570885,0.6891209831462356,ADP,"DET: 0.88, ADP: 0.08",True,1960,0,7.581209826196346
négociation,négociations,NOUN,NOUN,0.6844647739547636,0.8994599354084811,PROPN,"NOUN: 0.68, PROPN: 0.32",True,21,0,3.091042453358316
",",",",PUNCT,PUNCT,,,,,True,16599,0,9.717157974344635
Rabat,Rabat,PROPN,PROPN,,,,,True,10,0,2.3978952727983707
bénéficier,bénéficiant,VERB,VERB,0.8631981646473754,0.575801431336444,ADJ,"VERB: 0.86, ADJ: 0.14",True,21,0,3.091042453358316
de,de,ADP,ADP,0.7886818615006483,0.7439947701431047,CCONJ,"ADP: 0.79, CCONJ: 0.21",True,27784,0,10.232251585714021
le,le,DET,DET,0.8207496286735718,0.8327615029897053,ADP,"DET: 0.82, ADP: 0.15",True,38293,0,10.55304850493315
soutien,soutien,NOUN,NOUN,1.0,0.0,,NOUN: 1.00,True,37,0,3.6375861597263857
",",",",PUNCT,PUNCT,,,,,True,16599,0,9.717157974344635
entre,entre,ADP,ADP,0.9951404265427191,0.0443394212917744,ADJ,ADP: 1.00,True,403,0,6.0014148779611505
autre,autres,PRON,PRON,0.0,0.0,NOUN,NOUN: 1.00,True,140,0,4.948759890378168
",",",",PUNCT,PUNCT,,,,,True,16599,0,9.717157974344635
de,d',ADP,ADP,0.7886818615006483,0.7439947701431047,CCONJ,"ADP: 0.79, CCONJ: 0.21",True,27784,0,10.232251585714021
un,un,DET,DET,0.7741737557418163,1.1225809040946326,ADP,"DET: 0.77, ADP: 0.11, CCONJ: 0.09",True,8933,0,9.097619501912064
membre,membre,NOUN,NOUN,0.36691210477793945,0.9482715834326781,PRON,"PRON: 0.63, NOUN: 0.37",True,130,0,4.875197323201151
permanent,permanent,ADJ,ADJ,1.0,0.0,,ADJ: 1.00,True,15,0,2.772588722239781
de,de,ADP,ADP,0.7886818615006483,0.7439947701431047,CCONJ,"ADP: 0.79, CCONJ: 0.21",True,27784,0,10.232251585714021
le,le,DET,DET,0.8207496286735718,0.8327615029897053,ADP,"DET: 0.82, ADP: 0.15",True,38293,0,10.55304850493315
Conseil,Conseil,PROPN,NOUN,,,,,False,0,1,0.0
de,de,ADP,ADP,0.7886818615006483,0.7439947701431047,CCONJ,"ADP: 0.79, CCONJ: 0.21",True,27784,0,10.232251585714021
sécurité,sécurité,NOUN,NOUN,0.5052247925977241,0.9999212318674002,PROPN,"NOUN: 0.51, PROPN: 0.49",True,59,0,4.0943445622221
de,de,ADP,ADP,0.7886818615006483,0.7439947701431047,CCONJ,"ADP: 0.79, CCONJ: 0.21",True,27784,0,10.232251585714021
le,l',DET,DET,0.8207496286735718,0.8327615029897053,ADP,"DET: 0.82, ADP: 0.15",True,38293,0,10.55304850493315
ONU,ONU,PROPN,PROPN,0.6880745566341822,0.8953835635905913,NOUN,"PROPN: 0.69, NOUN: 0.31",True,26,0,3.295836866004329
",",",",PUNCT,PUNCT,,,,,True,16599,0,9.717157974344635
le,la,DET,DET,0.8207496286735718,0.8327615029897053,ADP,"DET: 0.82, ADP: 0.15",True,38293,0,10.55304850493315
France,France,PROPN,PROPN,0.9804292393899958,0.13902365897177782,NOUN,PROPN: 0.98,True,267,0,5.5909869805108565
en,en,ADP,ADP,0.21695278762461512,1.4815638486393006,DET,"DET: 0.51, CCONJ: 0.27, ADP: 0.22",True,5233,0,8.562931083090092
le,l',DET,DET,0.8207496286735718,0.8327615029897053,ADP,"DET: 0.82, ADP: 0.15",True,38293,0,10.55304850493315
occurrence,occurrence,NOUN,NOUN,,,,,True,1,0,0.6931471805599453
.,.,PUNCT,PUNCT,,,,,True,13366,0,9.500544261971474
quand,Quand,SCONJ,SCONJ,0.6770541920391413,1.3527925542757804,CCONJ,"SCONJ: 0.68, CCONJ: 0.17, PRON: 0.12",True,79,0,4.382026634673881
vous,vous,PRON,PRON,0.9418283110194323,0.32014404178062034,ADV,"PRON: 0.94, ADV: 0.06",True,252,0,5.53338948872752
avoir,avez,VERB,VERB,1.0,0.0,,VERB: 1.00,True,784,0,6.665683717782408
le,l',DET,DET,0.8207496286735718,0.8327615029897053,ADP,"DET: 0.82, ADP: 0.15",True,38293,0,10.55304850493315
opportunité,opportunité,NOUN,NOUN,,,,,True,10,0,2.3978952727983707
de,de,ADP,ADP,0.7886818615006483,0.7439947701431047,CCONJ,"ADP: 0.79, CCONJ: 0.21",True,27784,0,10.232251585714021
camper,camper,VERB,VERB,,,,,False,0,0,0.0
un,un,DET,DET,0.7741737557418163,1.1225809040946326,ADP,"DET: 0.77, ADP: 0.11, CCONJ: 0.09",True,8933,0,9.097619501912064
personnage,personnage,NOUN,NOUN,1.0,0.0,,NOUN: 1.00,True,64,0,4.174387269895637
plusieurs,plusieurs,DET,DET,0.7438889760186573,0.8208209660575686,NUM,"DET: 0.74, NUM: 0.26",True,233,0,5.455321115357702
fois,fois,NOUN,NOUN,1.0,0.0,,NOUN: 1.00,True,211,0,5.356586274672012
",",",",PUNCT,PUNCT,,,,,True,16599,0,9.717157974344635
vous,vous,PRON,PRON,0.9418283110194323,0.32014404178062034,ADV,"PRON: 0.94, ADV: 0.06",True,252,0,5.53338948872752
développer,développez,VERB,VERB,1.0,0.0,,VERB: 1.00,True,84,0,4.442651256490317
un,une,DET,DET,0.7741737557418163,1.1225809040946326,ADP,"DET: 0.77, ADP: 0.11, CCONJ: 0.09",True,8933,0,9.097619501912064
relation,relation,NOUN,NOUN,1.0,0.0,,NOUN: 1.00,True,62,0,4.143134726391533
très,très,ADV,ADV,1.0,0.0,,ADV: 1.00,True,435,0,6.077642243349034
profond,profonde,ADJ,ADJ,1.0,0.0,,ADJ: 1.00,True,20,0,3.044522437723423
avec,avec,ADP,ADP,0.8893781797851439,0.5017887113029871,CCONJ,"ADP: 0.89, CCONJ: 0.11",True,1225,0,7.111512116496157
lui,lui,PRON,PRON,0.7173975220804439,1.0427392110337699,CCONJ,"PRON: 0.72, CCONJ: 0.24",True,5436,0,8.600982717145921
.,.,PUNCT,PUNCT,,,,,True,13366,0,9.500544261971474
le,La,DET,DET,0.8207496286735718,0.8327615029897053,ADP,"DET: 0.82, ADP: 0.15",True,38293,0,10.55304850493315
préfecture,préfecture,NOUN,NOUN,,,,,True,9,0,2.302585092994046
de,de,ADP,ADP,0.7886818615006483,0.7439947701431047,CCONJ,"ADP: 0.79, CCONJ: 0.21",True,27784,0,10.232251585714021
police,Police,NOUN,NOUN,0.6840626207324871,0.8999086709787028,PROPN,"NOUN: 0.68, PROPN: 0.32",True,48,0,3.8918202981106265
de,de,ADP,ADP,0.7886818615006483,0.7439947701431047,CCONJ,"ADP: 0.79, CCONJ: 0.21",True,27784,0,10.232251585714021
Paris,Paris,PROPN,PROPN,0.7649956115066336,0.7866335826154016,NUM,"PROPN: 0.76, NUM: 0.24",True,188,0,5.241747015059643
déconseiller,déconseille,VERB,VERB,,,,,True,5,0,1.791759469228055
à,à,ADP,ADP,1.0,0.0,,ADP: 1.00,True,9366,0,9.14494815320913
le,les,DET,DET,0.8207496286735718,0.8327615029897053,ADP,"DET: 0.82, ADP: 0.15",True,38293,0,10.55304850493315
automobiliste,automobilistes,NOUN,NOUN,,,,,True,2,0,1.0986122886681098
de,de,ADP,ADP,0.7886818615006483,0.7439947701431047,CCONJ,"ADP: 0.79, CCONJ: 0.21",True,27784,0,10.232251585714021
soi,se,PRON,PRON,0.8260631963800735,0.8193543183609986,CCONJ,"PRON: 0.83, CCONJ: 0.12, ADV: 0.05",True,2063,0,7.6324011266014535
déplacer,déplacer,VERB,VERB,1.0,0.0,,VERB: 1.00,True,14,0,2.70805020110221
.,.,PUNCT,PUNCT,,,,,True,13366,0,9.500544261971474
ce,Ce,DET,DET,0.8764141494570885,0.6891209831462356,ADP,"DET: 0.88, ADP: 0.08",True,1960,0,7.581209826196346
résultat,résultat,NOUN,NOUN,1.0,0.0,,NOUN: 1.00,True,71,0,4.276666119016055
provenir,provient,VERB,VERB,0.9316964171897965,0.35956082536043205,ADJ,"VERB: 0.93, ADJ: 0.07",True,20,0,3.044522437723423
à,à,ADP,ADP,1.0,0.0,,ADP: 1.00,True,9366,0,9.14494815320913
hauteur,hauteur,NOUN,NOUN,1.0,0.0,,NOUN: 1.00,True,31,0,3.4657359027997265
de,de,ADP,ADP,0.7886818615006483,0.7439947701431047,CCONJ,"ADP: 0.79, CCONJ: 0.21",True,27784,0,10.232251585714021
"18,5","18,5",NUM,NUM,,,,,True,1,0,0.6931471805599453
ME,ME,NOUN,NOUN,,,,,False,0,0,0.0
de,de,ADP,ADP,0.7886818615006483,0.7439947701431047,CCONJ,"ADP: 0.79, CCONJ: 0.21",True,27784,0,10.232251585714021
le,la,DET,DET,0.8207496286735718,0.8327615029897053,ADP,"DET: 0.82, ADP: 0.15",True,38293,0,10.55304850493315
progression,progression,NOUN,NOUN,,,,,True,7,0,2.0794415416798357
de,de,ADP,ADP,0.7886818615006483,0.7439947701431047,CCONJ,"ADP: 0.79, CCONJ: 0.21",True,27784,0,10.232251585714021
le,la,DET,DET,0.8207496286735718,0.8327615029897053,ADP,"DET: 0.82, ADP: 0.15",True,38293,0,10.55304850493315
rentabilité,rentabilité,NOUN,NOUN,,,,,False,0,0,0.0
de,de,ADP,ADP,0.7886818615006483,0.7439947701431047,CCONJ,"ADP: 0.79, CCONJ: 0.21",True,27784,0,10.232251585714021
le,l',DET,DET,0.8207496286735718,0.8327615029897053,ADP,"DET: 0.82, ADP: 0.15",True,38293,0,10.55304850493315
habitat,habitat,NOUN,NOUN,,,,,True,9,0,2.302585092994046
de,de,ADP,ADP,0.7886818615006483,0.7439947701431047,CCONJ,"ADP: 0.79, CCONJ: 0.21",True,27784,0,10.232251585714021
loisir,loisirs,NOUN,NOUN,,,,,True,8,0,2.1972245773362196
qui,qui,PRON,PRON,0.8171669946022245,0.8424411100711472,CCONJ,"PRON: 0.82, CCONJ: 0.13, ADV: 0.05",True,1916,0,7.558516743045645
dégager,dégage,VERB,VERB,,,,,True,8,0,2.1972245773362196
un,une,DET,DET,0.7741737557418163,1.1225809040946326,ADP,"DET: 0.77, ADP: 0.11, CCONJ: 0.09",True,8933,0,9.097619501912064
marge,marge,NOUN,NOUN,,,,,True,7,0,2.0794415416798357
opérationnel,opérationnelle,ADJ,ADJ,,,,,True,6,0,1.9459101490553132
de,de,ADP,ADP,0.7886818615006483,0.7439947701431047,CCONJ,"ADP: 0.79, CCONJ: 0.21",True,27784,0,10.232251585714021
"9,5","9,5",NUM,NUM,,,,,False,0,0,0.0
%,%,SYM,SYM,,,,,True,249,0,5.521460917862246
contre,contre,ADP,ADP,1.0,0.0,,ADP: 1.00,True,239,0,5.480638923341991
"8,5","8,5",NUM,NUM,,,,,True,2,0,1.0986122886681098
%,%,SYM,SYM,,,,,True,249,0,5.521460917862246
le,l',DET,DET,0.8207496286735718,0.8327615029897053,ADP,"DET: 0.82, ADP: 0.15",True,38293,0,10.55304850493315
année,année,NOUN,NOUN,1.0,0.0,,NOUN: 1.00,True,396,0,5.983936280687191
passé,passée,ADJ,VERB,,,,,True,2,1,1.0986122886681098
.,.,PUNCT,PUNCT,,,,,True,13366,0,9.500544261971474
moi,Moi,PRON,PRON,0.7120466284894749,1.0523675190710984,CCONJ,"PRON: 0.71, CCONJ: 0.24",True,621,0,6.432940092739179
plus,plus,ADV,ADV,0.7196677710684014,0.8559031009192263,CCONJ,"ADV: 0.72, CCONJ: 0.28",True,1173,0,7.068172000388042
moi,je,PRON,PRON,0.7120466284894749,1.0523675190710984,CCONJ,"PRON: 0.71, CCONJ: 0.24",True,621,0,6.432940092739179
voir,vois,VERB,VERB,1.0,0.0,,VERB: 1.00,True,197,0,5.288267030694535
un,des,DET,DET,0.7741737557418163,1.1225809040946326,ADP,"DET: 0.77, ADP: 0.11, CCONJ: 0.09",True,8933,0,9.097619501912064
vidéo,vidéos,NOUN,NOUN,1.0,0.0,,NOUN: 1.00,True,18,0,2.9444389791664403
de,de,ADP,ADP,0.7886818615006483,0.7439947701431047,CCONJ,"ADP: 0.79, CCONJ: 0.21",True,27784,0,10.232251585714021
ce,ce,DET,DET,0.8764141494570885,0.6891209831462356,ADP,"DET: 0.88, ADP: 0.08",True,1960,0,7.581209826196346
jeu,jeu,NOUN,NOUN,1.0,0.0,,NOUN: 1.00,True,143,0,4.969813299576001
",",",",PUNCT,PUNCT,,,,,True,16599,0,9.717157974344635
plus,plus,ADV,ADV,0.7196677710684014,0.8559031009192263,CCONJ,"ADV: 0.72, CCONJ: 0.28",True,1173,0,7.068172000388042
moi,je,PRON,PRON,0.7120466284894749,1.0523675190710984,CCONJ,"PRON: 0.71, CCONJ: 0.24",True,621,0,6.432940092739179
moi,me,PRON,PRON,0.7120466284894749,1.0523675190710984,CCONJ,"PRON: 0.71, CCONJ: 0.24",True,621,0,6.432940092739179
dire,dis,VERB,VERB,1.0,0.0,,VERB: 1.00,True,190,0,5.25227342804663
que,que,SCONJ,SCONJ,0.6915510664276248,1.397369454710615,CCONJ,"SCONJ: 0.69, CCONJ: 0.17, PRON: 0.06, ADV: 0.05",True,1979,0,7.590852123688581
Battlefield,Battlefield,PROPN,PROPN,,,,,True,1,0,0.6931471805599453
3,3,NUM,NUM,1.0,0.0,,NUM: 1.00,True,114,0,4.74493212836325
être,sera,AUX,AUX,0.4687470215317024,1.7986756264740116,SCONJ,"AUX: 0.47, SCONJ: 0.23, ADV: 0.20, CCONJ: 0.10",True,8404,0,9.036582045842716
THE,THE,X,PROPN,,,,,False,0,1,0.0
GAME,GAME,X,PROPN,,,,,False,0,1,0.0
pour,pour,ADP,ADP,0.7890790430468303,0.7432394314397186,CCONJ,"ADP: 0.79, CCONJ: 0.21",True,2242,0,7.715569534520208
le,les,DET,DET,0.8207496286735718,0.8327615029897053,ADP,"DET: 0.82, ADP: 0.15",True,38293,0,10.55304850493315
vrai,vrais,ADJ,ADJ,1.0,0.0,,ADJ: 1.00,True,47,0,3.871201010907891
soldat,soldats,NOUN,NOUN,1.0,0.0,,NOUN: 1.00,True,30,0,3.4339872044851463
qui,qui,PRON,PRON,0.8171669946022245,0.8424411100711472,CCONJ,"PRON: 0.82, CCONJ: 0.13, ADV: 0.05",True,1916,0,7.558516743045645
en,en,PRON,PRON,0.8274129668391818,0.8153940727922449,CCONJ,"PRON: 0.83, CCONJ: 0.12, ADV: 0.05",True,246,0,5.5093883366279774
avoir,ont,VERB,VERB,1.0,0.0,,VERB: 1.00,True,784,0,6.665683717782408
dans,dans,ADP,ADP,1.0,0.0,,ADP: 1.00,True,2779,0,7.930206206684683
le,le,DET,DET,0.8207496286735718,0.8327615029897053,ADP,"DET: 0.82, ADP: 0.15",True,38293,0,10.55304850493315
slip,slip,NOUN,NOUN,,,,,True,1,0,0.6931471805599453
.,.,PUNCT,PUNCT,,,,,True,13366,0,9.500544261971474
le,La,DET,DET,0.8207496286735718,0.8327615029897053,ADP,"DET: 0.82, ADP: 0.15",True,38293,0,10.55304850493315
gestion,gestion,NOUN,NOUN,1.0,0.0,,NOUN: 1.00,True,35,0,3.58351893845611
et,et,CCONJ,CCONJ,0.25644065667983523,1.7170903132548632,SCONJ,"SCONJ: 0.43, ADP: 0.28, CCONJ: 0.26",True,7215,0,8.88405606174246
le,l',DET,DET,0.8207496286735718,0.8327615029897053,ADP,"DET: 0.82, ADP: 0.15",True,38293,0,10.55304850493315
exploitation,exploitation,NOUN,NOUN,1.0,0.0,,NOUN: 1.00,True,26,0,3.295836866004329
de,de,ADP,ADP,0.7886818615006483,0.7439947701431047,CCONJ,"ADP: 0.79, CCONJ: 0.21",True,27784,0,10.232251585714021
le,la,DET,DET,0.8207496286735718,0.8327615029897053,ADP,"DET: 0.82, ADP: 0.15",True,38293,0,10.55304850493315
salle,salle,NOUN,NOUN,1.0,0.0,,NOUN: 1.00,True,62,0,4.143134726391533
de,de,ADP,ADP,0.7886818615006483,0.7439947701431047,CCONJ,"ADP: 0.79, CCONJ: 0.21",True,27784,0,10.232251585714021
concert,concert,NOUN,NOUN,1.0,0.0,,NOUN: 1.00,True,43,0,3.784189633918261
Wagram,Wagram,PROPN,PROPN,,,,,True,1,0,0.6931471805599453
",",",",PUNCT,PUNCT,,,,,True,16599,0,9.717157974344635
récemment,récemment,ADV,ADV,0.18483506316419357,0.6905408960386716,AUX,"AUX: 0.82, ADV: 0.18",True,18,0,2.9444389791664403
rénover,rénovée,VERB,VERB,,,,,True,8,0,2.1972245773362196
",",",",PUNCT,PUNCT,,,,,True,16599,0,9.717157974344635
être,sera,AUX,AUX,0.4687470215317024,1.7986756264740116,SCONJ,"AUX: 0.47, SCONJ: 0.23, ADV: 0.20, CCONJ: 0.10",True,8404,0,9.036582045842716
assurer,assurée,VERB,VERB,1.0,0.0,,VERB: 1.00,True,73,0,4.30406509320417
par,par,ADP,ADP,1.0,0.0,,ADP: 1.00,True,2183,0,7.688913336864796
Eurosites,Eurosites,PROPN,PROPN,,,,,False,0,0,0.0
",",",",PUNCT,PUNCT,,,,,True,16599,0,9.717157974344635
leader,leader,NOUN,NOUN,1.0,0.0,,NOUN: 1.00,True,16,0,2.833213344056216
en,en,ADP,ADP,0.21695278762461512,1.4815638486393006,DET,"DET: 0.51, CCONJ: 0.27, ADP: 0.22",True,5233,0,8.562931083090092
France,France,PROPN,PROPN,0.9804292393899958,0.13902365897177782,NOUN,PROPN: 0.98,True,267,0,5.5909869805108565
de,de,ADP,ADP,0.7886818615006483,0.7439947701431047,CCONJ,"ADP: 0.79, CCONJ: 0.21",True,27784,0,10.232251585714021
le,la,DET,DET,0.8207496286735718,0.8327615029897053,ADP,"DET: 0.82, ADP: 0.15",True,38293,0,10.55304850493315
location,location,NOUN,NOUN,,,,,True,5,0,1.791759469228055
de,de,ADP,ADP,0.7886818615006483,0.7439947701431047,CCONJ,"ADP: 0.79, CCONJ: 0.21",True,27784,0,10.232251585714021
salle,salles,NOUN,NOUN,1.0,0.0,,NOUN: 1.00,True,62,0,4.143134726391533
.,.,PUNCT,PUNCT,,,,,True,13366,0,9.500544261971474
maintenant,Maintenant,ADV,ADV,1.0,0.0,,ADV: 1.00,True,27,0,3.332204510175204
",",",",PUNCT,PUNCT,,,,,True,16599,0,9.717157974344635
si,si,SCONJ,SCONJ,0.6874457760699145,1.332794651946429,CCONJ,"SCONJ: 0.69, CCONJ: 0.17, PRON: 0.10",True,251,0,5.529429087511423
un,des,DET,DET,0.7741737557418163,1.1225809040946326,ADP,"DET: 0.77, ADP: 0.11, CCONJ: 0.09",True,8933,0,9.097619501912064
supporter,supporters,NOUN,NOUN,,,,,True,4,0,1.6094379124341003
vouloir,veulent,VERB,VERB,1.0,0.0,,VERB: 1.00,True,99,0,4.605170185988092
aider,aider,VERB,VERB,1.0,0.0,,VERB: 1.00,True,33,0,3.5263605246161616
le,le,DET,DET,0.8207496286735718,0.8327615029897053,ADP,"DET: 0.82, ADP: 0.15",True,38293,0,10.55304850493315
club,club,NOUN,NOUN,1.0,0.0,,NOUN: 1.00,True,134,0,4.90527477843843
à,à,ADP,ADP,1.0,0.0,,ADP: 1.00,True,9366,0,9.14494815320913
le,le,DET,DET,0.8207496286735718,0.8327615029897053,ADP,"DET: 0.82, ADP: 0.15",True,38293,0,10.55304850493315
travers,travers,NOUN,NOUN,,,,,True,37,0,3.6375861597263857
de,d',ADP,ADP,0.7886818615006483,0.7439947701431047,CCONJ,"ADP: 0.79, CCONJ: 0.21",True,27784,0,10.232251585714021
un,une,DET,DET,0.7741737557418163,1.1225809040946326,ADP,"DET: 0.77, ADP: 0.11, CCONJ: 0.09",True,8933,0,9.097619501912064
souscription,souscription,NOUN,NOUN,,,,,True,2,0,1.0986122886681098
pour,pour,ADP,ADP,0.7890790430468303,0.7432394314397186,CCONJ,"ADP: 0.79, CCONJ: 0.21",True,2242,0,7.715569534520208
faire,faire,AUX,AUX,,,,,True,238,0,5.476463551931511
revenir,revenir,VERB,VERB,1.0,0.0,,VERB: 1.00,True,70,0,4.2626798770413155
Djibril,Djibril,PROPN,PROPN,,,,,True,1,0,0.6931471805599453
à,à,ADP,ADP,1.0,0.0,,ADP: 1.00,True,9366,0,9.14494815320913
le,l',DET,DET,0.8207496286735718,0.8327615029897053,ADP,"DET: 0.82, ADP: 0.15",True,38293,0,10.55304850493315
AJA,AJA,PROPN,PROPN,,,,,False,0,0,0.0
",",",",PUNCT,PUNCT,,,,,True,16599,0,9.717157974344635
que,qu',SCONJ,SCONJ,0.6915510664276248,1.397369454710615,CCONJ,"SCONJ: 0.69, CCONJ: 0.17, PRON: 0.06, ADV: 0.05",True,1979,0,7.590852123688581
lui,ils,PRON,PRON,0.7173975220804439,1.0427392110337699,CCONJ,"PRON: 0.72, CCONJ: 0.24",True,5436,0,8.600982717145921
nous,nous,PRON,PRON,0.8226072026071004,0.8287662668321807,CCONJ,"PRON: 0.82, CCONJ: 0.13, ADV: 0.05",True,328,0,5.796057750765372
lui,le,PRON,PRON,0.7173975220804439,1.0427392110337699,CCONJ,"PRON: 0.72, CCONJ: 0.24",True,5436,0,8.600982717145921
faire,fassent,AUX,AUX,,,,,True,238,0,5.476463551931511
savoir,savoir,VERB,VERB,1.0,0.0,,VERB: 1.00,True,91,0,4.5217885770490405
.,.,PUNCT,PUNCT,,,,,True,13366,0,9.500544261971474
"""","""",PUNCT,PUNCT,,,,,True,819,0,6.709304340258298
lui,Elle,PRON,PRON,0.7173975220804439,1.0427392110337699,CCONJ,"PRON: 0.72, CCONJ: 0.24",True,5436,0,8.600982717145921
soi,se,PRON,PRON,0.8260631963800735,0.8193543183609986,CCONJ,"PRON: 0.83, CCONJ: 0.12, ADV: 0.05",True,2063,0,7.6324011266014535
remarier,remarie,VERB,VERB,,,,,False,0,0,0.0
et,et,CCONJ,CCONJ,0.25644065667983523,1.7170903132548632,SCONJ,"SCONJ: 0.43, ADP: 0.28, CCONJ: 0.26",True,7215,0,8.88405606174246
un,un,DET,DET,0.7741737557418163,1.1225809040946326,ADP,"DET: 0.77, ADP: 0.11, CCONJ: 0.09",True,8933,0,9.097619501912064
autre,autre,ADJ,ADJ,0.5773464864136372,0.982668701467866,NUM,"ADJ: 0.58, NUM: 0.42",True,341,0,5.834810737062605
fils,fils,NOUN,NOUN,1.0,0.0,,NOUN: 1.00,True,85,0,4.454347296253507
aller,va,VERB,VERB,1.0,0.0,,VERB: 1.00,True,221,0,5.402677381872279
naître,naître,VERB,VERB,0.9307008365025946,0.36330280715123003,ADJ,"VERB: 0.93, ADJ: 0.07",True,347,0,5.8522024797744745
",",",",PUNCT,PUNCT,,,,,True,16599,0,9.717157974344635
Serge,Serge,PROPN,PROPN,,,,,True,3,0,1.3862943611198906
.,.,PUNCT,PUNCT,,,,,True,13366,0,9.500544261971474
outre,Outre,ADP,ADP,0.9947133166824423,0.047592288835709554,ADJ,ADP: 0.99,True,14,0,2.70805020110221
son,ses,DET,DET,0.8481722905876147,0.863954061477403,CCONJ,"DET: 0.85, CCONJ: 0.08",True,3876,0,8.262816937670928
aspect,aspects,NOUN,NOUN,1.0,0.0,,NOUN: 1.00,True,27,0,3.332204510175204
fantasy,fantasy,NOUN,ADJ,,,,,True,2,1,1.0986122886681098
dans,dans,ADP,ADP,1.0,0.0,,ADP: 1.00,True,2779,0,7.930206206684683
un,un,DET,DET,0.7741737557418163,1.1225809040946326,ADP,"DET: 0.77, ADP: 0.11, CCONJ: 0.09",True,8933,0,9.097619501912064
environnement,environnement,NOUN,NOUN,0.6847881281632434,0.899098342812412,PROPN,"NOUN: 0.68, PROPN: 0.32",True,38,0,3.6635616461296463
moderne,moderne,ADJ,ADJ,1.0,0.0,,ADJ: 1.00,True,25,0,3.258096538021482
et,et,CCONJ,CCONJ,0.25644065667983523,1.7170903132548632,SCONJ,"SCONJ: 0.43, ADP: 0.28, CCONJ: 0.26",True,7215,0,8.88405606174246
actuel,actuel,ADJ,ADJ,0.8865763038479116,0.5101572642861637,PROPN,"ADJ: 0.89, PROPN: 0.11",True,58,0,4.07753744390572
",",",",PUNCT,PUNCT,,,,,True,16599,0,9.717157974344635
le,la,DET,DET,0.8207496286735718,0.8327615029897053,ADP,"DET: 0.82, ADP: 0.15",True,38293,0,10.55304850493315
plupart,plupart,NOUN,NOUN,1.0,0.0,,NOUN: 1.00,True,57,0,4.060443010546419
de,de,ADP,ADP,0.7886818615006483,0.7439947701431047,CCONJ,"ADP: 0.79, CCONJ: 0.21",True,27784,0,10.232251585714021
le,les,DET,DET,0.8207496286735718,0.8327615029897053,ADP,"DET: 0.82, ADP: 0.15",True,38293,0,10.55304850493315
jeune,jeunes,ADJ,ADJ,1.0,0.0,,ADJ: 1.00,True,96,0,4.574710978503383
personnage,personnages,NOUN,NOUN,1.0,0.0,,NOUN: 1.00,True,64,0,4.174387269895637
de,de,ADP,ADP,0.7886818615006483,0.7439947701431047,CCONJ,"ADP: 0.79, CCONJ: 0.21",True,27784,0,10.232251585714021
le,l',DET,DET,0.8207496286735718,0.8327615029897053,ADP,"DET: 0.82, ADP: 0.15",True,38293,0,10.55304850493315
intrigue,intrigue,NOUN,NOUN,,,,,True,2,0,1.0986122886681098
être,sont,AUX,AUX,0.4687470215317024,1.7986756264740116,SCONJ,"AUX: 0.47, SCONJ: 0.23, ADV: 0.20, CCONJ: 0.10",True,8404,0,9.036582045842716
représenter,représentés,VERB,VERB,1.0,0.0,,VERB: 1.00,True,100,0,4.61512051684126
en,en,ADP,ADP,0.21695278762461512,1.4815638486393006,DET,"DET: 0.51, CCONJ: 0.27, ADP: 0.22",True,5233,0,8.562931083090092
kemonomimi,kemonomimi,NOUN,NOUN,,,,,False,0,0,0.0
",",",",PUNCT,PUNCT,,,,,True,16599,0,9.717157974344635
soit,soit,CCONJ,CCONJ,0.5642721409642251,1.565246122376167,ADP,"CCONJ: 0.56, ADP: 0.25, SCONJ: 0.15",True,64,0,4.174387269895637
avec,avec,ADP,ADP,0.8893781797851439,0.5017887113029871,CCONJ,"ADP: 0.89, CCONJ: 0.11",True,1225,0,7.111512116496157
un,des,DET,DET,0.7741737557418163,1.1225809040946326,ADP,"DET: 0.77, ADP: 0.11, CCONJ: 0.09",True,8933,0,9.097619501912064
oreille,oreilles,NOUN,NOUN,,,,,True,6,0,1.9459101490553132
et,et,CCONJ,CCONJ,0.25644065667983523,1.7170903132548632,SCONJ,"SCONJ: 0.43, ADP: 0.28, CCONJ: 0.26",True,7215,0,8.88405606174246
un,des,DET,DET,0.7741737557418163,1.1225809040946326,ADP,"DET: 0.77, ADP: 0.11, CCONJ: 0.09",True,8933,0,9.097619501912064
queue,queues,NOUN,NOUN,,,,,True,9,0,2.302585092994046
de,de,ADP,ADP,0.7886818615006483,0.7439947701431047,CCONJ,"ADP: 0.79, CCONJ: 0.21",True,27784,0,10.232251585714021
chat,chat,NOUN,NOUN,,,,,True,7,0,2.0794415416798357
",",",",PUNCT,PUNCT,,,,,True,16599,0,9.717157974344635
ce,Ces,DET,DET,0.8764141494570885,0.6891209831462356,ADP,"DET: 0.88, ADP: 0.08",True,1960,0,7.581209826196346
attribut,attributs,NOUN,NOUN,1.0,0.0,,NOUN: 1.00,True,11,0,2.4849066497880004
physique,physiques,ADJ,ADJ,1.0,0.0,,ADJ: 1.00,True,28,0,3.367295829986474
marquer,marquent,VERB,VERB,1.0,0.0,,VERB: 1.00,True,78,0,4.3694478524670215
le,le,DET,DET,0.8207496286735718,0.8327615029897053,ADP,"DET: 0.82, ADP: 0.15",True,38293,0,10.55304850493315
jeune,jeune,ADJ,ADJ,1.0,0.0,,ADJ: 1.00,True,96,0,4.574710978503383
âge,âge,NOUN,NOUN,1.0,0.0,,NOUN: 1.00,True,79,0,4.382026634673881
",",",",PUNCT,PUNCT,,,,,True,16599,0,9.717157974344635
mais,mais,CCONJ,CCONJ,0.15469195513464806,1.2293580521348002,SCONJ,"SCONJ: 0.72, CCONJ: 0.15, PRON: 0.09",True,734,0,6.5998704992128365
aussi,aussi,ADV,ADV,1.0,0.0,,ADV: 1.00,True,349,0,5.857933154483459
le,l',DET,DET,0.8207496286735718,0.8327615029897053,ADP,"DET: 0.82, ADP: 0.15",True,38293,0,10.55304850493315
innocence,innocence,NOUN,NOUN,,,,,True,4,0,1.6094379124341003
et,et,CCONJ,CCONJ,0.25644065667983523,1.7170903132548632,SCONJ,"SCONJ: 0.43, ADP: 0.28, CCONJ: 0.26",True,7215,0,8.88405606174246
le,la,DET,DET,0.8207496286735718,0.8327615029897053,ADP,"DET: 0.82, ADP: 0.15",True,38293,0,10.55304850493315
virginité,virginité,NOUN,NOUN,,,,,False,0,0,0.0
;,;,PUNCT,PUNCT,,,,,True,231,0,5.44673737166631
à,À,ADP,ADP,1.0,0.0,,ADP: 1.00,True,9366,0,9.14494815320913
le,l',DET,DET,0.8207496286735718,0.8327615029897053,ADP,"DET: 0.82, ADP: 0.15",True,38293,0,10.55304850493315
aide,aide,NOUN,NOUN,1.0,0.0,,NOUN: 1.00,True,51,0,3.9512437185814275
de,de,ADP,ADP,0.7886818615006483,0.7439947701431047,CCONJ,"ADP: 0.79, CCONJ: 0.21",True,27784,0,10.232251585714021
son,leurs,DET,DET,0.8481722905876147,0.863954061477403,CCONJ,"DET: 0.85, CCONJ: 0.08",True,3876,0,8.262816937670928
résultat,résultats,NOUN,NOUN,1.0,0.0,,NOUN: 1.00,True,71,0,4.276666119016055
",",",",PUNCT,PUNCT,,,,,True,16599,0,9.717157974344635
lui,ils,PRON,PRON,0.7173975220804439,1.0427392110337699,CCONJ,"PRON: 0.72, CCONJ: 0.24",True,5436,0,8.600982717145921
en,en,PRON,PRON,0.8274129668391818,0.8153940727922449,CCONJ,"PRON: 0.83, CCONJ: 0.12, ADV: 0.05",True,246,0,5.5093883366279774
venir,viennent,VERB,VERB,1.0,0.0,,VERB: 1.00,True,150,0,5.017279836814924
à,à,ADP,ADP,1.0,0.0,,ADP: 1.00,True,9366,0,9.14494815320913
le,la,DET,DET,0.8207496286735718,0.8327615029897053,ADP,"DET: 0.82, ADP: 0.15",True,38293,0,10.55304850493315
conclusion,conclusion,NOUN,NOUN,,,,,True,7,0,2.0794415416798357
que,que,SCONJ,SCONJ,0.6915510664276248,1.397369454710615,CCONJ,"SCONJ: 0.69, CCONJ: 0.17, PRON: 0.06, ADV: 0.05",True,1979,0,7.590852123688581
si,si,SCONJ,SCONJ,0.6874457760699145,1.332794651946429,CCONJ,"SCONJ: 0.69, CCONJ: 0.17, PRON: 0.10",True,251,0,5.529429087511423
le,les,DET,DET,0.8207496286735718,0.8327615029897053,ADP,"DET: 0.82, ADP: 0.15",True,38293,0,10.55304850493315
32,32,NUM,NUM,0.21182959745250382,0.7449654243467899,DET,"DET: 0.79, NUM: 0.21",True,12,0,2.5649493574615367
état,États,NOUN,NOUN,1.0,0.0,,NOUN: 1.00,True,131,0,4.882801922586371
qui,qui,PRON,PRON,0.8171669946022245,0.8424411100711472,CCONJ,"PRON: 0.82, CCONJ: 0.13, ADV: 0.05",True,1916,0,7.558516743045645
ne,n',ADV,ADV,0.03110691420199771,0.7244015123648279,PRON,"PRON: 0.85, CCONJ: 0.12",True,1435,0,7.269616749608169
avoir,avaient,VERB,VERB,1.0,0.0,,VERB: 1.00,True,784,0,6.665683717782408
pas,pas,ADV,ADV,1.0,0.0,,ADV: 1.00,True,893,0,6.795705775173514
un,une,DET,DET,0.7741737557418163,1.1225809040946326,ADP,"DET: 0.77, ADP: 0.11, CCONJ: 0.09",True,8933,0,9.097619501912064
limite,limite,NOUN,NOUN,1.0,0.0,,NOUN: 1.00,True,30,0,3.4339872044851463
de,de,ADP,ADP,0.7886818615006483,0.7439947701431047,CCONJ,"ADP: 0.79, CCONJ: 0.21",True,27784,0,10.232251585714021
80,80,NUM,NUM,0.3503295753118704,0.9343620497181333,DET,"DET: 0.65, NUM: 0.35",True,23,0,3.1780538303479458
mg,mg,NOUN,NOUN,,,,,True,4,0,1.6094379124341003
/,/,SYM,SYM,,,,,True,105,0,4.663439094112067
100,100,NUM,NUM,1.0,0.0,,NUM: 1.00,True,30,0,3.4339872044851463
ml,ml,NOUN,NOUN,,,,,True,1,0,0.6931471805599453
le,le,DET,DET,0.8207496286735718,0.8327615029897053,ADP,"DET: 0.82, ADP: 0.15",True,38293,0,10.55304850493315
1er,1er,NUM,NUM,1.0,0.0,,NUM: 1.00,True,36,0,3.6109179126442243
janvier,janvier,NOUN,NOUN,1.0,0.0,,NOUN: 1.00,True,121,0,4.804021044733257
2000,2000,NUM,NUM,1.0,0.0,,NUM: 1.00,True,55,0,4.02535169073515
avoir,avaient,AUX,AUX,0.7537049139623345,0.8053529913575782,ADV,"AUX: 0.75, ADV: 0.25",True,2935,0,7.984803389734406
adopter,adopté,VERB,VERB,1.0,0.0,,VERB: 1.00,True,34,0,3.5553480614894135
un,une,DET,DET,0.7741737557418163,1.1225809040946326,ADP,"DET: 0.77, ADP: 0.11, CCONJ: 0.09",True,8933,0,9.097619501912064
tel,telle,ADJ,ADJ,1.0,0.0,,ADJ: 1.00,True,94,0,4.553876891600541
politique,politique,NOUN,NOUN,1.0,0.0,,NOUN: 1.00,True,62,0,4.143134726391533
",",",",PUNCT,PUNCT,,,,,True,16599,0,9.717157974344635
947,947,NUM,NUM,,,,,False,0,0,0.0
vie,vies,NOUN,NOUN,1.0,0.0,,NOUN: 1.00,True,133,0,4.897839799950911
avoir,auraient,AUX,AUX,0.7537049139623345,0.8053529913575782,ADV,"AUX: 0.75, ADV: 0.25",True,2935,0,7.984803389734406
être,été,AUX,AUX,0.4687470215317024,1.7986756264740116,SCONJ,"AUX: 0.47, SCONJ: 0.23, ADV: 0.20, CCONJ: 0.10",True,8404,0,9.036582045842716
sauver,sauvées,VERB,VERB,1.0,0.0,,VERB: 1.00,True,38,0,3.6635616461296463
.,.,PUNCT,PUNCT,,,,,True,13366,0,9.500544261971474
créer,Créé,VERB,VERB,1.0,0.0,,VERB: 1.00,True,165,0,5.111987788356544
en,en,ADP,ADP,0.21695278762461512,1.4815638486393006,DET,"DET: 0.51, CCONJ: 0.27, ADP: 0.22",True,5233,0,8.562931083090092
1999,1999,NUM,NUM,1.0,0.0,,NUM: 1.00,True,48,0,3.8918202981106265
",",",",PUNCT,PUNCT,,,,,True,16599,0,9.717157974344635
le,le,DET,DET,0.8207496286735718,0.8327615029897053,ADP,"DET: 0.82, ADP: 0.15",True,38293,0,10.55304850493315
show,show,NOUN,NOUN,,,,,True,4,0,1.6094379124341003
"""","""",PUNCT,PUNCT,,,,,True,819,0,6.709304340258298
Mamma,Mamma,PROPN,PROPN,,,,,False,0,0,0.0
Mia,Mia,X,PROPN,,,,,False,0,1,0.0
!,!,PUNCT,PUNCT,,,,,True,306,0,5.726847747587197
"""","""",PUNCT,PUNCT,,,,,True,819,0,6.709304340258298
de,de,ADP,ADP,0.7886818615006483,0.7439947701431047,CCONJ,"ADP: 0.79, CCONJ: 0.21",True,27784,0,10.232251585714021
le,le,DET,DET,0.8207496286735718,0.8327615029897053,ADP,"DET: 0.82, ADP: 0.15",True,38293,0,10.55304850493315
Vatican,Vatican,PROPN,PROPN,,,,,True,3,0,1.3862943611198906
",",",",PUNCT,PUNCT,,,,,True,16599,0,9.717157974344635
dont,dont,PRON,PRON,0.0,0.5067841712485793,ADP,"ADP: 0.89, CCONJ: 0.11",True,249,0,5.521460917862246
le,le,DET,DET,0.8207496286735718,0.8327615029897053,ADP,"DET: 0.82, ADP: 0.15",True,38293,0,10.55304850493315
voile,voile,NOUN,NOUN,,,,,True,8,0,2.1972245773362196
poser,posé,VERB,VERB,1.0,0.0,,VERB: 1.00,True,38,0,3.6635616461296463
sur,sur,ADP,ADP,1.0,0.0,,ADP: 1.00,True,1482,0,7.301822342137932
le,la,DET,DET,0.8207496286735718,0.8327615029897053,ADP,"DET: 0.82, ADP: 0.15",True,38293,0,10.55304850493315
vie,vie,NOUN,NOUN,1.0,0.0,,NOUN: 1.00,True,133,0,4.897839799950911
privé,privée,ADJ,ADJ,1.0,0.0,,ADJ: 1.00,True,33,0,3.5263605246161616
de,de,ADP,ADP,0.7886818615006483,0.7439947701431047,CCONJ,"ADP: 0.79, CCONJ: 0.21",True,27784,0,10.232251585714021
le,le,DET,DET,0.8207496286735718,0.8327615029897053,ADP,"DET: 0.82, ADP: 0.15",True,38293,0,10.55304850493315
Cavaliere,Cavaliere,PROPN,PROPN,,,,,False,0,0,0.0
ne,ne,ADV,ADV,0.03110691420199771,0.7244015123648279,PRON,"PRON: 0.85, CCONJ: 0.12",True,1435,0,7.269616749608169
tenir,tient,VERB,VERB,1.0,0.0,,VERB: 1.00,True,104,0,4.653960350157523
plus,plus,ADV,ADV,0.7196677710684014,0.8559031009192263,CCONJ,"ADV: 0.72, CCONJ: 0.28",True,1173,0,7.068172000388042
.,.,PUNCT,PUNCT,,,,,True,13366,0,9.500544261971474
le,Le,DET,DET,0.8207496286735718,0.8327615029897053,ADP,"DET: 0.82, ADP: 0.15",True,38293,0,10.55304850493315
message,message,NOUN,NOUN,1.0,0.0,,NOUN: 1.00,True,19,0,2.995732273553991
",",",",PUNCT,PUNCT,,,,,True,16599,0,9.717157974344635
bien,bien,ADV,ADV,1.0,0.0,,ADV: 1.00,True,306,0,5.726847747587197
que,que,SCONJ,SCONJ,0.6915510664276248,1.397369454710615,CCONJ,"SCONJ: 0.69, CCONJ: 0.17, PRON: 0.06, ADV: 0.05",True,1979,0,7.590852123688581
feutré,feutré,ADJ,ADJ,,,,,False,0,0,0.0
",",",",PUNCT,PUNCT,,,,,True,16599,0,9.717157974344635
être,est,AUX,AUX,0.4687470215317024,1.7986756264740116,SCONJ,"AUX: 0.47, SCONJ: 0.23, ADV: 0.20, CCONJ: 0.10",True,8404,0,9.036582045842716
clair,clair,ADJ,ADJ,1.0,0.0,,ADJ: 1.00,True,19,0,2.995732273553991
:,:,PUNCT,PUNCT,,,,,True,739,0,6.606650186198215
«,«,PUNCT,PUNCT,,,,,True,866,0,6.7650389767805414
nous,nous,PRON,PRON,0.8226072026071004,0.8287662668321807,CCONJ,"PRON: 0.82, CCONJ: 0.13, ADV: 0.05",True,328,0,5.796057750765372
vous,vous,PRON,PRON,0.9418283110194323,0.32014404178062034,ADV,"PRON: 0.94, ADV: 0.06",True,252,0,5.53338948872752
avoir,avons,AUX,AUX,0.7537049139623345,0.8053529913575782,ADV,"AUX: 0.75, ADV: 0.25",True,2935,0,7.984803389734406
accueillir,accueilli,VERB,VERB,1.0,0.0,,VERB: 1.00,True,43,0,3.784189633918261
longtemps,longtemps,ADV,ADV,0.7456160155925686,0.8181529202555774,PRON,"ADV: 0.75, PRON: 0.25",True,45,0,3.828641396489095
",",",",PUNCT,PUNCT,,,,,True,16599,0,9.717157974344635
lui,il,PRON,PRON,0.7173975220804439,1.0427392110337699,CCONJ,"PRON: 0.72, CCONJ: 0.24",True,5436,0,8.600982717145921
être,est,AUX,AUX,0.4687470215317024,1.7986756264740116,SCONJ,"AUX: 0.47, SCONJ: 0.23, ADV: 0.20, CCONJ: 0.10",True,8404,0,9.036582045842716
temps,temps,NOUN,NOUN,1.0,0.0,,NOUN: 1.00,True,201,0,5.308267697401205
de,de,ADP,ADP,0.7886818615006483,0.7439947701431047,CCONJ,"ADP: 0.79, CCONJ: 0.21",True,27784,0,10.232251585714021
nous,nous,PRON,PRON,0.8226072026071004,0.8287662668321807,CCONJ,"PRON: 0.82, CCONJ: 0.13, ADV: 0.05",True,328,0,5.796057750765372
rendre,rendre,VERB,VERB,1.0,0.0,,VERB: 1.00,True,127,0,4.852030263919617
son,nos,DET,DET,0.8481722905876147,0.863954061477403,CCONJ,"DET: 0.85, CCONJ: 0.08",True,3876,0,8.262816937670928
bienfait,bienfaits,NOUN,NOUN,,,,,True,2,0,1.0986122886681098
»,»,PUNCT,PUNCT,,,,,True,814,0,6.703188113240863
.,.,PUNCT,PUNCT,,,,,True,13366,0,9.500544261971474
après-midi,Après-midi,NOUN,NOUN,0.05703567541720968,0.3155634939393532,PROPN,"PROPN: 0.94, NOUN: 0.06",True,11,0,2.4849066497880004
libre,libre,ADJ,ADJ,1.0,0.0,,ADJ: 1.00,True,37,0,3.6375861597263857
de,de,ADP,ADP,0.7886818615006483,0.7439947701431047,CCONJ,"ADP: 0.79, CCONJ: 0.21",True,27784,0,10.232251585714021
détente,détente,NOUN,NOUN,,,,,True,3,0,1.3862943611198906
(,(,PUNCT,PUNCT,,,,,True,2211,0,7.701652362642226
piscine,piscine,NOUN,NOUN,,,,,True,10,0,2.3978952727983707
),),PUNCT,PUNCT,,,,,True,2204,0,7.6984827878809465
.,.,PUNCT,PUNCT,,,,,True,13366,0,9.500544261971474
un,Des,DET,DET,0.7741737557418163,1.1225809040946326,ADP,"DET: 0.77, ADP: 0.11, CCONJ: 0.09",True,8933,0,9.097619501912064
visite,visites,NOUN,NOUN,1.0,0.0,,NOUN: 1.00,True,37,0,3.6375861597263857
commenter,commentées,VERB,VERB,,,,,True,4,0,1.6094379124341003
permettre,permettront,VERB,VERB,1.0,0.0,,VERB: 1.00,True,245,0,5.5053315359323625
à,à,ADP,ADP,1.0,0.0,,ADP: 1.00,True,9366,0,9.14494815320913
le,le,DET,DET,0.8207496286735718,0.8327615029897053,ADP,"DET: 0.82, ADP: 0.15",True,38293,0,10.55304850493315
public,public,NOUN,NOUN,0.6842297166824649,0.8997223510519424,PROPN,"NOUN: 0.68, PROPN: 0.32",True,35,0,3.58351893845611
de,de,ADP,ADP,0.7886818615006483,0.7439947701431047,CCONJ,"ADP: 0.79, CCONJ: 0.21",True,27784,0,10.232251585714021
découvrir,découvrir,VERB,VERB,1.0,0.0,,VERB: 1.00,True,81,0,4.406719247264253
le,les,DET,DET,0.8207496286735718,0.8327615029897053,ADP,"DET: 0.82, ADP: 0.15",True,38293,0,10.55304850493315
collection,collections,NOUN,NOUN,1.0,0.0,,NOUN: 1.00,True,39,0,3.6888794541139363
",",",",PUNCT,PUNCT,,,,,True,16599,0,9.717157974344635
avec,avec,ADP,ADP,0.8893781797851439,0.5017887113029871,CCONJ,"ADP: 0.89, CCONJ: 0.11",True,1225,0,7.111512116496157
aussi,aussi,ADV,ADV,1.0,0.0,,ADV: 1.00,True,349,0,5.857933154483459
différent,différentes,ADJ,DET,0.8919075491630395,0.49413526611147446,NUM,"ADJ: 0.89, NUM: 0.11",True,92,1,4.532599493153256
animation,animations,NOUN,NOUN,0.6813085075630192,0.902952824320211,PROPN,"NOUN: 0.68, PROPN: 0.32",True,12,0,2.5649493574615367
.,.,PUNCT,PUNCT,,,,,True,13366,0,9.500544261971474
selon,Selon,ADP,ADP,0.9563022953372076,0.25899642932812117,PRON,ADP: 0.96,True,194,0,5.272999558563747
lui,lui,PRON,PRON,0.7173975220804439,1.0427392110337699,CCONJ,"PRON: 0.72, CCONJ: 0.24",True,5436,0,8.600982717145921
",",",",PUNCT,PUNCT,,,,,True,16599,0,9.717157974344635
le,l',DET,DET,0.8207496286735718,0.8327615029897053,ADP,"DET: 0.82, ADP: 0.15",True,38293,0,10.55304850493315
approche,approche,NOUN,NOUN,1.0,0.0,,NOUN: 1.00,True,19,0,2.995732273553991
Eclipse,Eclipse,PROPN,PROPN,,,,,False,0,0,0.0
",",",",PUNCT,PUNCT,,,,,True,16599,0,9.717157974344635
créer,créé,VERB,VERB,1.0,0.0,,VERB: 1.00,True,165,0,5.111987788356544
pour,pour,ADP,ADP,0.7890790430468303,0.7432394314397186,CCONJ,"ADP: 0.79, CCONJ: 0.21",True,2242,0,7.715569534520208
lutter,lutter,VERB,VERB,,,,,True,6,0,1.9459101490553132
contre,contre,ADP,ADP,1.0,0.0,,ADP: 1.00,True,239,0,5.480638923341991
le,les,DET,DET,0.8207496286735718,0.8327615029897053,ADP,"DET: 0.82, ADP: 0.15",True,38293,0,10.55304850493315
gang,gangs,NOUN,NOUN,,,,,False,0,0,0.0
de,de,ADP,ADP,0.7886818615006483,0.7439947701431047,CCONJ,"ADP: 0.79, CCONJ: 0.21",True,27784,0,10.232251585714021
rue,rue,NOUN,NOUN,1.0,0.0,,NOUN: 1.00,True,78,0,4.3694478524670215
en,en,ADP,ADP,0.21695278762461512,1.4815638486393006,DET,"DET: 0.51, CCONJ: 0.27, ADP: 0.22",True,5233,0,8.562931083090092
2006,2006,NUM,NUM,1.0,0.0,,NUM: 1.00,True,74,0,4.31748811353631
",",",",PUNCT,PUNCT,,,,,True,16599,0,9.717157974344635
être,est,AUX,AUX,0.4687470215317024,1.7986756264740116,SCONJ,"AUX: 0.47, SCONJ: 0.23, ADV: 0.20, CCONJ: 0.10",True,8404,0,9.036582045842716
inutile,inutile,ADJ,ADJ,,,,,True,6,0,1.9459101490553132
.,.,PUNCT,PUNCT,,,,,True,13366,0,9.500544261971474
mais,Mais,CCONJ,CCONJ,0.15469195513464806,1.2293580521348002,SCONJ,"SCONJ: 0.72, CCONJ: 0.15, PRON: 0.09",True,734,0,6.5998704992128365
nous,nous,PRON,PRON,0.8226072026071004,0.8287662668321807,CCONJ,"PRON: 0.82, CCONJ: 0.13, ADV: 0.05",True,328,0,5.796057750765372
ne,ne,ADV,ADV,0.03110691420199771,0.7244015123648279,PRON,"PRON: 0.85, CCONJ: 0.12",True,1435,0,7.269616749608169
bouger,bougeront,VERB,VERB,,,,,True,2,0,1.0986122886681098
pas,pas,ADV,ADV,1.0,0.0,,ADV: 1.00,True,893,0,6.795705775173514
tant,tant,ADV,ADV,0.0734316143125899,2.0459672475873987,CCONJ,"CCONJ: 0.31, SCONJ: 0.29, AUX: 0.28, ADV: 0.07",True,100,0,4.61512051684126
que,que,SCONJ,SCONJ,0.6915510664276248,1.397369454710615,CCONJ,"SCONJ: 0.69, CCONJ: 0.17, PRON: 0.06, ADV: 0.05",True,1979,0,7.590852123688581
son,nos,DET,DET,0.8481722905876147,0.863954061477403,CCONJ,"DET: 0.85, CCONJ: 0.08",True,3876,0,8.262816937670928
revendication,revendications,NOUN,NOUN,,,,,True,5,0,1.791759469228055
ne,n',ADV,ADV,0.03110691420199771,0.7244015123648279,PRON,"PRON: 0.85, CCONJ: 0.12",True,1435,0,7.269616749608169
avoir,auront,AUX,AUX,0.7537049139623345,0.8053529913575782,ADV,"AUX: 0.75, ADV: 0.25",True,2935,0,7.984803389734406
pas,pas,ADV,ADV,1.0,0.0,,ADV: 1.00,True,893,0,6.795705775173514
être,été,AUX,AUX,0.4687470215317024,1.7986756264740116,SCONJ,"AUX: 0.47, SCONJ: 0.23, ADV: 0.20, CCONJ: 0.10",True,8404,0,9.036582045842716
accepter,acceptées,VERB,VERB,1.0,0.0,,VERB: 1.00,True,36,0,3.6109179126442243
"""","""",PUNCT,PUNCT,,,,,True,819,0,6.709304340258298
",",",",PUNCT,PUNCT,,,,,True,16599,0,9.717157974344635
avoir,a,AUX,AUX,0.7537049139623345,0.8053529913575782,ADV,"AUX: 0.75, ADV: 0.25",True,2935,0,7.984803389734406
assurer,assuré,VERB,VERB,1.0,0.0,,VERB: 1.00,True,73,0,4.30406509320417
le,l',DET,DET,0.8207496286735718,0.8327615029897053,ADP,"DET: 0.82, ADP: 0.15",True,38293,0,10.55304850493315
un,un,PRON,PRON,0.0,0.0,NOUN,NOUN: 1.00,True,288,0,5.666426688112432
de,d',ADP,ADP,0.7886818615006483,0.7439947701431047,CCONJ,"ADP: 0.79, CCONJ: 0.21",True,27784,0,10.232251585714021
eux,eux,PRON,PRON,0.9444374542892673,0.30957200047813255,ADV,"PRON: 0.94, ADV: 0.06",True,467,0,6.148468295917647
.,.,PUNCT,PUNCT,,,,,True,13366,0,9.500544261971474
après,Après,ADP,ADP,0.8490838848157983,0.7380994576350169,CCONJ,"ADP: 0.85, CCONJ: 0.11",True,403,0,6.0014148779611505
M.,M.,NOUN,NOUN,0.0058262554976267365,0.051630524938109136,PROPN,PROPN: 0.99,True,32,0,3.4965075614664802
Karoubi,Karoubi,PROPN,PROPN,,,,,False,0,0,0.0
",",",",PUNCT,PUNCT,,,,,True,16599,0,9.717157974344635
bloquer,bloqué,VERB,VERB,,,,,True,3,0,1.3862943611198906
chez,chez,ADP,ADP,0.9950797823970186,0.044804496269571274,ADJ,ADP: 1.00,True,150,0,5.017279836814924
lui,lui,PRON,PRON,0.7173975220804439,1.0427392110337699,CCONJ,"PRON: 0.72, CCONJ: 0.24",True,5436,0,8.600982717145921
depuis,depuis,ADP,ADP,0.8904909671962399,0.49843327450209446,CCONJ,"ADP: 0.89, CCONJ: 0.11",True,283,0,5.648974238161206
jeudi,jeudi,NOUN,NOUN,0.14205878487925844,1.406077112650027,ADV,"ADV: 0.54, PRON: 0.32, NOUN: 0.14",True,28,0,3.367295829986474
par,par,ADP,ADP,1.0,0.0,,ADP: 1.00,True,2183,0,7.688913336864796
le,la,DET,DET,0.8207496286735718,0.8327615029897053,ADP,"DET: 0.82, ADP: 0.15",True,38293,0,10.55304850493315
police,police,NOUN,NOUN,0.6840626207324871,0.8999086709787028,PROPN,"NOUN: 0.68, PROPN: 0.32",True,48,0,3.8918202981106265
",",",",PUNCT,PUNCT,,,,,True,16599,0,9.717157974344635
ce,c',PRON,PRON,0.959635480454852,0.243961008701331,ADV,PRON: 0.96,True,855,0,6.752270376141742
être,est,AUX,AUX,0.4687470215317024,1.7986756264740116,SCONJ,"AUX: 0.47, SCONJ: 0.23, ADV: 0.20, CCONJ: 0.10",True,8404,0,9.036582045842716
M.,M.,NOUN,NOUN,0.0058262554976267365,0.051630524938109136,PROPN,PROPN: 0.99,True,32,0,3.4965075614664802
Moussavi,Moussavi,PROPN,PROPN,,,,,False,0,0,0.0
qui,qui,PRON,PRON,0.8171669946022245,0.8424411100711472,CCONJ,"PRON: 0.82, CCONJ: 0.13, ADV: 0.05",True,1916,0,7.558516743045645
avoir,a,AUX,AUX,0.7537049139623345,0.8053529913575782,ADV,"AUX: 0.75, ADV: 0.25",True,2935,0,7.984803389734406
voir,vu,VERB,VERB,1.0,0.0,,VERB: 1.00,True,197,0,5.288267030694535
lundi,lundi,NOUN,NOUN,1.0,0.0,,NOUN: 1.00,True,29,0,3.4011973816621555
matin,matin,NOUN,NOUN,0.3929125780804597,0.9666534383055907,PROPN,"PROPN: 0.61, NOUN: 0.39",True,25,0,3.258096538021482
son,son,DET,DET,0.8481722905876147,0.863954061477403,CCONJ,"DET: 0.85, CCONJ: 0.08",True,3876,0,8.262816937670928
domicile,domicile,NOUN,NOUN,0.1745899347064907,0.6680976622504889,PROPN,"PROPN: 0.83, NOUN: 0.17",True,18,0,2.9444389791664403
encercler,encerclé,VERB,VERB,,,,,True,5,0,1.791759469228055
et,et,CCONJ,CCONJ,0.25644065667983523,1.7170903132548632,SCONJ,"SCONJ: 0.43, ADP: 0.28, CCONJ: 0.26",True,7215,0,8.88405606174246
son,ses,DET,DET,0.8481722905876147,0.863954061477403,CCONJ,"DET: 0.85, CCONJ: 0.08",True,3876,0,8.262816937670928
téléphone,téléphones,NOUN,NOUN,0.6843897852084354,0.8995436921966117,PROPN,"NOUN: 0.68, PROPN: 0.32",True,15,0,2.772588722239781
couper,coupés,VERB,VERB,1.0,0.0,,VERB: 1.00,True,11,0,2.4849066497880004
",",",",PUNCT,PUNCT,,,,,True,16599,0,9.717157974344635
selon,selon,ADP,ADP,0.9563022953372076,0.25899642932812117,PRON,ADP: 0.96,True,194,0,5.272999558563747
son,son,DET,DET,0.8481722905876147,0.863954061477403,CCONJ,"DET: 0.85, CCONJ: 0.08",True,3876,0,8.262816937670928
site,site,NOUN,NOUN,1.0,0.0,,NOUN: 1.00,True,115,0,4.7535901911063645
internet,internet,NOUN,NOUN,0.0,0.0,ADJ,ADJ: 1.00,True,16,0,2.833213344056216
.,.,PUNCT,PUNCT,,,,,True,13366,0,9.500544261971474
un,Un,DET,DET,0.7741737557418163,1.1225809040946326,ADP,"DET: 0.77, ADP: 0.11, CCONJ: 0.09",True,8933,0,9.097619501912064
timbre,timbre,NOUN,NOUN,,,,,True,6,0,1.9459101490553132
avoir,a,AUX,AUX,0.7537049139623345,0.8053529913575782,ADV,"AUX: 0.75, ADV: 0.25",True,2935,0,7.984803389734406
être,été,AUX,AUX,0.4687470215317024,1.7986756264740116,SCONJ,"AUX: 0.47, SCONJ: 0.23, ADV: 0.20, CCONJ: 0.10",True,8404,0,9.036582045842716
émettre,émis,VERB,VERB,1.0,0.0,,VERB: 1.00,True,21,0,3.091042453358316
en,en,ADP,ADP,0.21695278762461512,1.4815638486393006,DET,"DET: 0.51, CCONJ: 0.27, ADP: 0.22",True,5233,0,8.562931083090092
Israël,Israël,PROPN,PROPN,0.8866115807644038,0.5666983869163766,NUM,"PROPN: 0.89, NUM: 0.10",True,14,0,2.70805020110221
pour,pour,ADP,ADP,0.7890790430468303,0.7432394314397186,CCONJ,"ADP: 0.79, CCONJ: 0.21",True,2242,0,7.715569534520208
marquer,marquer,VERB,VERB,1.0,0.0,,VERB: 1.00,True,78,0,4.3694478524670215
le,le,DET,DET,0.8207496286735718,0.8327615029897053,ADP,"DET: 0.82, ADP: 0.15",True,38293,0,10.55304850493315
150e,150e,ADJ,ADJ,,,,,False,0,0,0.0
anniversaire,anniversaire,NOUN,NOUN,,,,,True,6,0,1.9459101490553132
de,de,ADP,ADP,0.7886818615006483,0.7439947701431047,CCONJ,"ADP: 0.79, CCONJ: 0.21",True,27784,0,10.232251585714021
le,la,DET,DET,0.8207496286735718,0.8327615029897053,ADP,"DET: 0.82, ADP: 0.15",True,38293,0,10.55304850493315
naissance,naissance,NOUN,NOUN,1.0,0.0,,NOUN: 1.00,True,28,0,3.367295829986474
de,de,ADP,ADP,0.7886818615006483,0.7439947701431047,CCONJ,"ADP: 0.79, CCONJ: 0.21",True,27784,0,10.232251585714021
Théodore,Théodore,PROPN,PROPN,,,,,True,4,0,1.6094379124341003
Herzl,Herzl,PROPN,PROPN,,,,,False,0,0,0.0
",",",",PUNCT,PUNCT,,,,,True,16599,0,9.717157974344635
journaliste,journaliste,NOUN,NOUN,1.0,0.0,,NOUN: 1.00,True,33,0,3.5263605246161616
",",",",PUNCT,PUNCT,,,,,True,16599,0,9.717157974344635
écrivain,écrivain,NOUN,NOUN,1.0,0.0,,NOUN: 1.00,True,47,0,3.871201010907891
et,et,CCONJ,CCONJ,0.25644065667983523,1.7170903132548632,SCONJ,"SCONJ: 0.43, ADP: 0.28, CCONJ: 0.26",True,7215,0,8.88405606174246
fondateur,fondateur,NOUN,NOUN,1.0,0.0,,NOUN: 1.00,True,18,0,2.9444389791664403
de,de,ADP,ADP,0.7886818615006483,0.7439947701431047,CCONJ,"ADP: 0.79, CCONJ: 0.21",True,27784,0,10.232251585714021
le,le,DET,DET,0.8207496286735718,0.8327615029897053,ADP,"DET: 0.82, ADP: 0.15",True,38293,0,10.55304850493315
mouvement,mouvement,NOUN,NOUN,1.0,0.0,,NOUN: 1.00,True,79,0,4.382026634673881
sioniste,sioniste,ADJ,ADJ,,,,,True,1,0,0.6931471805599453
",",",",PUNCT,PUNCT,,,,,True,16599,0,9.717157974344635
le,le,DET,DET,0.8207496286735718,0.8327615029897053,ADP,"DET: 0.82, ADP: 0.15",True,38293,0,10.55304850493315
2,2,NUM,NUM,1.0,0.0,,NUM: 1.00,True,132,0,4.890349128221754
mai,mai,NOUN,NOUN,1.0,0.0,,NOUN: 1.00,True,99,0,4.605170185988092
1860,1860,NUM,NUM,,,,,True,2,0,1.0986122886681098
à,à,ADP,ADP,1.0,0.0,,ADP: 1.00,True,9366,0,9.14494815320913
Budapest,Budapest,PROPN,PROPN,,,,,True,5,0,1.791759469228055
.,.,PUNCT,PUNCT,,,,,True,13366,0,9.500544261971474
à,à,ADP,ADP,1.0,0.0,,ADP: 1.00,True,9366,0,9.14494815320913
le,le,DET,DET,0.8207496286735718,0.8327615029897053,ADP,"DET: 0.82, ADP: 0.15",True,38293,0,10.55304850493315
sein,sein,NOUN,NOUN,1.0,0.0,,NOUN: 1.00,True,61,0,4.127134385045092
de,de,ADP,ADP,0.7886818615006483,0.7439947701431047,CCONJ,"ADP: 0.79, CCONJ: 0.21",True,27784,0,10.232251585714021
ce,cette,DET,DET,0.8764141494570885,0.6891209831462356,ADP,"DET: 0.88, ADP: 0.08",True,1960,0,7.581209826196346
équipe,équipe,NOUN,NOUN,1.0,0.0,,NOUN: 1.00,True,207,0,5.337538079701318
professionnel,professionnelle,ADJ,ADJ,1.0,0.0,,ADJ: 1.00,True,67,0,4.219507705176107
",",",",PUNCT,PUNCT,,,,,True,16599,0,9.717157974344635
chacun,chacun,PRON,PRON,0.7730232174329665,0.9623896423700653,ADV,"PRON: 0.77, ADV: 0.19",True,43,0,3.784189633918261
être,est,AUX,AUX,0.4687470215317024,1.7986756264740116,SCONJ,"AUX: 0.47, SCONJ: 0.23, ADV: 0.20, CCONJ: 0.10",True,8404,0,9.036582045842716
important,important,ADJ,ADJ,1.0,0.0,,ADJ: 1.00,True,135,0,4.912654885736052
et,et,CCONJ,CCONJ,0.25644065667983523,1.7170903132548632,SCONJ,"SCONJ: 0.43, ADP: 0.28, CCONJ: 0.26",True,7215,0,8.88405606174246
avoir,a,VERB,VERB,1.0,0.0,,VERB: 1.00,True,784,0,6.665683717782408
son,son,DET,DET,0.8481722905876147,0.863954061477403,CCONJ,"DET: 0.85, CCONJ: 0.08",True,3876,0,8.262816937670928
rôle,rôle,NOUN,NOUN,1.0,0.0,,NOUN: 1.00,True,79,0,4.382026634673881
à,à,ADP,ADP,1.0,0.0,,ADP: 1.00,True,9366,0,9.14494815320913
jouer,jouer,VERB,VERB,1.0,0.0,,VERB: 1.00,True,142,0,4.962844630259907
pour,pour,ADP,ADP,0.7890790430468303,0.7432394314397186,CCONJ,"ADP: 0.79, CCONJ: 0.21",True,2242,0,7.715569534520208
contribuer,contribuer,VERB,VERB,1.0,0.0,,VERB: 1.00,True,21,0,3.091042453358316
à,à,ADP,ADP,1.0,0.0,,ADP: 1.00,True,9366,0,9.14494815320913
le,le,DET,DET,0.8207496286735718,0.8327615029897053,ADP,"DET: 0.82, ADP: 0.15",True,38293,0,10.55304850493315
rayonnement,rayonnement,NOUN,NOUN,,,,,True,2,0,1.0986122886681098
de,de,ADP,ADP,0.7886818615006483,0.7439947701431047,CCONJ,"ADP: 0.79, CCONJ: 0.21",True,27784,0,10.232251585714021
le,la,DET,DET,0.8207496286735718,0.8327615029897053,ADP,"DET: 0.82, ADP: 0.15",True,38293,0,10.55304850493315
ville,ville,NOUN,NOUN,1.0,0.0,,NOUN: 1.00,True,288,0,5.666426688112432
de,de,ADP,ADP,0.7886818615006483,0.7439947701431047,CCONJ,"ADP: 0.79, CCONJ: 0.21",True,27784,0,10.232251585714021
Bayonne,Bayonne,PROPN,PROPN,,,,,False,0,0,0.0
et,et,CCONJ,CCONJ,0.25644065667983523,1.7170903132548632,SCONJ,"SCONJ: 0.43, ADP: 0.28, CCONJ: 0.26",True,7215,0,8.88405606174246
de,de,ADP,ADP,0.7886818615006483,0.7439947701431047,CCONJ,"ADP: 0.79, CCONJ: 0.21",True,27784,0,10.232251585714021
le,la,DET,DET,0.8207496286735718,0.8327615029897053,ADP,"DET: 0.82, ADP: 0.15",True,38293,0,10.55304850493315
culture,culture,NOUN,NOUN,1.0,0.0,,NOUN: 1.00,True,59,0,4.0943445622221
basque,basque,ADJ,ADJ,,,,,True,2,0,1.0986122886681098
.,.,PUNCT,PUNCT,,,,,True,13366,0,9.500544261971474
le,L',DET,DET,0.8207496286735718,0.8327615029897053,ADP,"DET: 0.82, ADP: 0.15",True,38293,0,10.55304850493315
Inter,Inter,PROPN,PROPN,,,,,True,3,0,1.3862943611198906
",",",",PUNCT,PUNCT,,,,,True,16599,0,9.717157974344635
champion,champion,NOUN,NOUN,1.0,0.0,,NOUN: 1.00,True,54,0,4.007333185232471
de,d',ADP,ADP,0.7886818615006483,0.7439947701431047,CCONJ,"ADP: 0.79, CCONJ: 0.21",True,27784,0,10.232251585714021
Europe,Europe,PROPN,PROPN,0.9431808609821591,0.31468648375912217,NOUN,"PROPN: 0.94, NOUN: 0.06",True,109,0,4.700480365792417
en,en,ADP,ADP,0.21695278762461512,1.4815638486393006,DET,"DET: 0.51, CCONJ: 0.27, ADP: 0.22",True,5233,0,8.562931083090092
titre,titre,NOUN,NOUN,1.0,0.0,,NOUN: 1.00,True,164,0,5.10594547390058
",",",",PUNCT,PUNCT,,,,,True,16599,0,9.717157974344635
être,est,AUX,AUX,0.4687470215317024,1.7986756264740116,SCONJ,"AUX: 0.47, SCONJ: 0.23, ADV: 0.20, CCONJ: 0.10",True,8404,0,9.036582045842716
logiquement,logiquement,ADV,ADV,,,,,True,2,0,1.0986122886681098
favori,favori,ADJ,ADJ,,,,,True,3,0,1.3862943611198906
contre,contre,ADP,ADP,1.0,0.0,,ADP: 1.00,True,239,0,5.480638923341991
Schalke,Schalke,PROPN,PROPN,,,,,True,1,0,0.6931471805599453
04,04,X,NUM,,,,,False,0,1,0.0
et,et,CCONJ,CCONJ,0.25644065667983523,1.7170903132548632,SCONJ,"SCONJ: 0.43, ADP: 0.28, CCONJ: 0.26",True,7215,0,8.88405606174246
son,son,DET,DET,0.8481722905876147,0.863954061477403,CCONJ,"DET: 0.85, CCONJ: 0.08",True,3876,0,8.262816937670928
effectif,effectif,NOUN,NOUN,,,,,True,7,0,2.0794415416798357
plus,plus,ADV,ADV,0.7196677710684014,0.8559031009192263,CCONJ,"ADV: 0.72, CCONJ: 0.28",True,1173,0,7.068172000388042
limité,limité,ADJ,ADJ,,,,,True,7,0,2.0794415416798357
",",",",PUNCT,PUNCT,,,,,True,16599,0,9.717157974344635
chez,chez,ADP,ADP,0.9950797823970186,0.044804496269571274,ADJ,ADP: 1.00,True,150,0,5.017279836814924
lui,lui,PRON,PRON,0.7173975220804439,1.0427392110337699,CCONJ,"PRON: 0.72, CCONJ: 0.24",True,5436,0,8.600982717145921
",",",",PUNCT,PUNCT,,,,,True,16599,0,9.717157974344635
en,en,ADP,ADP,0.21695278762461512,1.4815638486393006,DET,"DET: 0.51, CCONJ: 0.27, ADP: 0.22",True,5233,0,8.562931083090092
match,match,NOUN,NOUN,1.0,0.0,,NOUN: 1.00,True,133,0,4.897839799950911
aller,aller,NOUN,NOUN,,,,,True,2,0,1.0986122886681098
de,de,ADP,ADP,0.7886818615006483,0.7439947701431047,CCONJ,"ADP: 0.79, CCONJ: 0.21",True,27784,0,10.232251585714021
le,les,DET,DET,0.8207496286735718,0.8327615029897053,ADP,"DET: 0.82, ADP: 0.15",True,38293,0,10.55304850493315
quart,quarts,NOUN,NOUN,1.0,0.0,,NOUN: 1.00,True,11,0,2.4849066497880004
de,de,ADP,ADP,0.7886818615006483,0.7439947701431047,CCONJ,"ADP: 0.79, CCONJ: 0.21",True,27784,0,10.232251585714021
finale,finale,NOUN,NOUN,0.6811897914770279,0.9030829078678155,PROPN,"NOUN: 0.68, PROPN: 0.32",True,48,0,3.8918202981106265
de,de,ADP,ADP,0.7886818615006483,0.7439947701431047,CCONJ,"ADP: 0.79, CCONJ: 0.21",True,27784,0,10.232251585714021
le,la,DET,DET,0.8207496286735718,0.8327615029897053,ADP,"DET: 0.82, ADP: 0.15",True,38293,0,10.55304850493315
ligue,Ligue,NOUN,NOUN,1.0,0.0,,NOUN: 1.00,True,57,0,4.060443010546419
de,de,ADP,ADP,0.7886818615006483,0.7439947701431047,CCONJ,"ADP: 0.79, CCONJ: 0.21",True,27784,0,10.232251585714021
le,les,DET,DET,0.8207496286735718,0.8327615029897053,ADP,"DET: 0.82, ADP: 0.15",True,38293,0,10.55304850493315
champion,champions,NOUN,NOUN,1.0,0.0,,NOUN: 1.00,True,54,0,4.007333185232471
",",",",PUNCT,PUNCT,,,,,True,16599,0,9.717157974344635
mais,mais,CCONJ,CCONJ,0.15469195513464806,1.2293580521348002,SCONJ,"SCONJ: 0.72, CCONJ: 0.15, PRON: 0.09",True,734,0,6.5998704992128365
déplorer,déplore,VERB,VERB,,,,,True,3,0,1.3862943611198906
quelque,quelques,DET,DET,0.7437180181147647,0.8210838430295273,NUM,"DET: 0.74, NUM: 0.26",True,160,0,5.081404364984463
blessure,blessures,NOUN,NOUN,1.0,0.0,,NOUN: 1.00,True,13,0,2.6390573296152584
",",",",PUNCT,PUNCT,,,,,True,16599,0,9.717157974344635
à,à,ADP,ADP,1.0,0.0,,ADP: 1.00,True,9366,0,9.14494815320913
le,le,DET,DET,0.8207496286735718,0.8327615029897053,ADP,"DET: 0.82, ADP: 0.15",True,38293,0,10.55304850493315
corps,corps,NOUN,NOUN,1.0,0.0,,NOUN: 1.00,True,70,0,4.2626798770413155
comme,comme,CCONJ,SCONJ,0.6563564045609189,1.4118901134231792,SCONJ,"CCONJ: 0.66, SCONJ: 0.16, ADP: 0.14",True,22,1,3.1354942159291497
à,à,ADP,ADP,1.0,0.0,,ADP: 1.00,True,9366,0,9.14494815320913
le,l',DET,DET,0.8207496286735718,0.8327615029897053,ADP,"DET: 0.82, ADP: 0.15",True,38293,0,10.55304850493315
âme,âme,NOUN,NOUN,1.0,0.0,,NOUN: 1.00,True,16,0,2.833213344056216
.,.,PUNCT,PUNCT,,,,,True,13366,0,9.500544261971474
Quatre,Quatre,NUM,NUM,,,,,False,0,0,0.0
jour,jours,NOUN,NOUN,1.0,0.0,,NOUN: 1.00,True,200,0,5.303304908059076
plus,plus,ADV,ADV,0.7196677710684014,0.8559031009192263,CCONJ,"ADV: 0.72, CCONJ: 0.28",True,1173,0,7.068172000388042
tard,tard,ADV,ADV,0.5967375254624975,0.9728270574538282,ADJ,"ADV: 0.60, ADJ: 0.40",True,108,0,4.6913478822291435
",",",",PUNCT,PUNCT,,,,,True,16599,0,9.717157974344635
celui-ci,ceux-ci,PRON,PRON,0.945788582126471,0.3040242868036479,ADV,"PRON: 0.95, ADV: 0.05",True,111,0,4.718498871295094
pouvoir,pourront,VERB,VERB,0.9326172400615902,0.3560798311098319,ADJ,"VERB: 0.93, ADJ: 0.07",True,599,0,6.396929655216146
soi,se,PRON,PRON,0.8260631963800735,0.8193543183609986,CCONJ,"PRON: 0.83, CCONJ: 0.12, ADV: 0.05",True,2063,0,7.6324011266014535
retrouver,retrouver,VERB,VERB,1.0,0.0,,VERB: 1.00,True,91,0,4.5217885770490405
à,à,ADP,ADP,1.0,0.0,,ADP: 1.00,True,9366,0,9.14494815320913
le,l',DET,DET,0.8207496286735718,0.8327615029897053,ADP,"DET: 0.82, ADP: 0.15",True,38293,0,10.55304850493315
occasion,occasion,NOUN,NOUN,1.0,0.0,,NOUN: 1.00,True,55,0,4.02535169073515
de,de,ADP,ADP,0.7886818615006483,0.7439947701431047,CCONJ,"ADP: 0.79, CCONJ: 0.21",True,27784,0,10.232251585714021
le,la,DET,DET,0.8207496286735718,0.8327615029897053,ADP,"DET: 0.82, ADP: 0.15",True,38293,0,10.55304850493315
finale,finale,NOUN,NOUN,0.6811897914770279,0.9030829078678155,PROPN,"NOUN: 0.68, PROPN: 0.32",True,48,0,3.8918202981106265
de,de,ADP,ADP,0.7886818615006483,0.7439947701431047,CCONJ,"ADP: 0.79, CCONJ: 0.21",True,27784,0,10.232251585714021
le,le,DET,DET,0.8207496286735718,0.8327615029897053,ADP,"DET: 0.82, ADP: 0.15",True,38293,0,10.55304850493315
200m,200m,NOUN,NUM,,,,,False,0,1,0.0
(,(,PUNCT,PUNCT,,,,,True,2211,0,7.701652362642226
9,9,NUM,NUM,1.0,0.0,,NUM: 1.00,True,58,0,4.07753744390572
août,août,NOUN,NOUN,1.0,0.0,,NOUN: 1.00,True,118,0,4.77912349311153
),),PUNCT,PUNCT,,,,,True,2204,0,7.6984827878809465
.,.,PUNCT,PUNCT,,,,,True,13366,0,9.500544261971474
chaque,Chaque,DET,DET,0.8752800390928642,0.6935189399848112,ADP,"DET: 0.88, ADP: 0.08",True,122,0,4.812184355372417
grand,grande,ADJ,ADJ,1.0,0.0,,ADJ: 1.00,True,401,0,5.996452088619021
entreprise,entreprise,NOUN,NOUN,1.0,0.0,,NOUN: 1.00,True,102,0,4.634728988229636
posséder,possède,VERB,VERB,1.0,0.0,,VERB: 1.00,True,65,0,4.189654742026425
son,son,DET,DET,0.8481722905876147,0.863954061477403,CCONJ,"DET: 0.85, CCONJ: 0.08",True,3876,0,8.262816937670928
centre,centre,NOUN,NOUN,1.0,0.0,,NOUN: 1.00,True,136,0,4.919980925828125
de,de,ADP,ADP,0.7886818615006483,0.7439947701431047,CCONJ,"ADP: 0.79, CCONJ: 0.21",True,27784,0,10.232251585714021
téléphoniste,téléphonistes,NOUN,NOUN,,,,,False,0,0,0.0
",",",",PUNCT,PUNCT,,,,,True,16599,0,9.717157974344635
ce,ce,PRON,PRON,0.959635480454852,0.243961008701331,ADV,PRON: 0.96,True,855,0,6.752270376141742
qui,qui,PRON,PRON,0.8171669946022245,0.8424411100711472,CCONJ,"PRON: 0.82, CCONJ: 0.13, ADV: 0.05",True,1916,0,7.558516743045645
équivaloir,équivaut,VERB,VERB,,,,,False,0,0,0.0
à,à,ADP,ADP,1.0,0.0,,ADP: 1.00,True,9366,0,9.14494815320913
le,le,DET,DET,0.8207496286735718,0.8327615029897053,ADP,"DET: 0.82, ADP: 0.15",True,38293,0,10.55304850493315
Québec,Québec,PROPN,PROPN,0.8563138079921246,0.5938117970358255,NOUN,"PROPN: 0.86, NOUN: 0.14",True,36,0,3.6109179126442243
à,à,ADP,ADP,1.0,0.0,,ADP: 1.00,True,9366,0,9.14494815320913
un,des,DET,DET,0.7741737557418163,1.1225809040946326,ADP,"DET: 0.77, ADP: 0.11, CCONJ: 0.09",True,8933,0,9.097619501912064
millier,milliers,NOUN,NOUN,1.0,0.0,,NOUN: 1.00,True,22,0,3.1354942159291497
de,de,ADP,ADP,0.7886818615006483,0.7439947701431047,CCONJ,"ADP: 0.79, CCONJ: 0.21",True,27784,0,10.232251585714021
centre,centres,NOUN,NOUN,1.0,0.0,,NOUN: 1.00,True,136,0,4.919980925828125
de,d',ADP,ADP,0.7886818615006483,0.7439947701431047,CCONJ,"ADP: 0.79, CCONJ: 0.21",True,27784,0,10.232251585714021
appel,appels,NOUN,NOUN,1.0,0.0,,NOUN: 1.00,True,58,0,4.07753744390572
.,.,PUNCT,PUNCT,,,,,True,13366,0,9.500544261971474
prendre,Prenant,VERB,VERB,1.0,0.0,,VERB: 1.00,True,287,0,5.662960480135946
le,la,DET,DET,0.8207496286735718,0.8327615029897053,ADP,"DET: 0.82, ADP: 0.15",True,38293,0,10.55304850493315
parole,parole,NOUN,NOUN,1.0,0.0,,NOUN: 1.00,True,18,0,2.9444389791664403
",",",",PUNCT,PUNCT,,,,,True,16599,0,9.717157974344635
Charles,Charles,PROPN,PROPN,1.0,0.0,,PROPN: 1.00,True,51,0,3.9512437185814275
Mwando,Mwando,PROPN,PROPN,,,,,False,0,0,0.0
Nsimba,Nsimba,PROPN,PROPN,,,,,False,0,0,0.0
avoir,a,AUX,AUX,0.7537049139623345,0.8053529913575782,ADV,"AUX: 0.75, ADV: 0.25",True,2935,0,7.984803389734406
solliciter,sollicité,VERB,VERB,,,,,True,5,0,1.791759469228055
un,un,DET,DET,0.7741737557418163,1.1225809040946326,ADP,"DET: 0.77, ADP: 0.11, CCONJ: 0.09",True,8933,0,9.097619501912064
délai,délai,NOUN,NOUN,1.0,0.0,,NOUN: 1.00,True,13,0,2.6390573296152584
supplémentaire,supplémentaire,ADJ,ADJ,1.0,0.0,,ADJ: 1.00,True,20,0,3.044522437723423
avant,avant,ADV,ADV,0.2700523266460343,1.958251547741696,PRON,"PRON: 0.38, ADV: 0.27, VERB: 0.25, ADJ: 0.08",True,94,0,4.553876891600541
de,de,ADP,ADP,0.7886818615006483,0.7439947701431047,CCONJ,"ADP: 0.79, CCONJ: 0.21",True,27784,0,10.232251585714021
répondre,répondre,VERB,VERB,1.0,0.0,,VERB: 1.00,True,41,0,3.7376696182833684
à,à,ADP,ADP,1.0,0.0,,ADP: 1.00,True,9366,0,9.14494815320913
le,les,DET,DET,0.8207496286735718,0.8327615029897053,ADP,"DET: 0.82, ADP: 0.15",True,38293,0,10.55304850493315
préoccupation,préoccupations,NOUN,NOUN,,,,,True,6,0,1.9459101490553132
soulever,soulevées,VERB,VERB,,,,,True,8,0,2.1972245773362196
",",",",PUNCT,PUNCT,,,,,True,16599,0,9.717157974344635
estimer,estimant,VERB,VERB,1.0,0.0,,VERB: 1.00,True,46,0,3.8501476017100584
que,que,SCONJ,SCONJ,0.6915510664276248,1.397369454710615,CCONJ,"SCONJ: 0.69, CCONJ: 0.17, PRON: 0.06, ADV: 0.05",True,1979,0,7.590852123688581
un,des,DET,DET,0.7741737557418163,1.1225809040946326,ADP,"DET: 0.77, ADP: 0.11, CCONJ: 0.09",True,8933,0,9.097619501912064
élément,éléments,NOUN,NOUN,1.0,0.0,,NOUN: 1.00,True,45,0,3.828641396489095
nouveau,nouveaux,ADJ,ADJ,1.0,0.0,,ADJ: 1.00,True,323,0,5.780743515792329
y,y,PRON,PRON,0.8287336305823229,0.8120222571975413,CCONJ,"PRON: 0.83, CCONJ: 0.12, ADV: 0.05",True,464,0,6.142037405587356
avoir,avaient,AUX,AUX,0.7537049139623345,0.8053529913575782,ADV,"AUX: 0.75, ADV: 0.25",True,2935,0,7.984803389734406
être,été,AUX,AUX,0.4687470215317024,1.7986756264740116,SCONJ,"AUX: 0.47, SCONJ: 0.23, ADV: 0.20, CCONJ: 0.10",True,8404,0,9.036582045842716
introduire,introduits,VERB,VERB,1.0,0.0,,VERB: 1.00,True,21,0,3.091042453358316
.,.,PUNCT,PUNCT,,,,,True,13366,0,9.500544261971474
ce,Ce,DET,DET,0.8764141494570885,0.6891209831462356,ADP,"DET: 0.88, ADP: 0.08",True,1960,0,7.581209826196346
mercredi,mercredi,NOUN,NOUN,0.13846968538522905,0.5802169819026916,NUM,"NUM: 0.86, NOUN: 0.14",True,19,0,2.995732273553991
soir,soir,NOUN,NOUN,0.5063894860288365,0.9998821992094041,PROPN,"NOUN: 0.51, PROPN: 0.49",True,39,0,3.6888794541139363
",",",",PUNCT,PUNCT,,,,,True,16599,0,9.717157974344635
lui,il,PRON,PRON,0.7173975220804439,1.0427392110337699,CCONJ,"PRON: 0.72, CCONJ: 0.24",True,5436,0,8.600982717145921
soi,s',PRON,PRON,0.8260631963800735,0.8193543183609986,CCONJ,"PRON: 0.83, CCONJ: 0.12, ADV: 0.05",True,2063,0,7.6324011266014535
être,est,AUX,AUX,0.4687470215317024,1.7986756264740116,SCONJ,"AUX: 0.47, SCONJ: 0.23, ADV: 0.20, CCONJ: 0.10",True,8404,0,9.036582045842716
installer,installé,VERB,VERB,1.0,0.0,,VERB: 1.00,True,58,0,4.07753744390572
dans,dans,ADP,ADP,1.0,0.0,,ADP: 1.00,True,2779,0,7.930206206684683
un,un,DET,DET,0.7741737557418163,1.1225809040946326,ADP,"DET: 0.77, ADP: 0.11, CCONJ: 0.09",True,8933,0,9.097619501912064
logement,logement,NOUN,NOUN,1.0,0.0,,NOUN: 1.00,True,20,0,3.044522437723423
situer,situé,VERB,VERB,0.793990500654531,0.7337854795581993,ADJ,"VERB: 0.79, ADJ: 0.21",True,383,0,5.950642552587727
à,à,ADP,ADP,1.0,0.0,,ADP: 1.00,True,9366,0,9.14494815320913
TriBeCa,TriBeCa,PROPN,PROPN,,,,,False,0,0,0.0
",",",",PUNCT,PUNCT,,,,,True,16599,0,9.717157974344635
un,un,DET,DET,0.7741737557418163,1.1225809040946326,ADP,"DET: 0.77, ADP: 0.11, CCONJ: 0.09",True,8933,0,9.097619501912064
quartier,quartier,NOUN,NOUN,1.0,0.0,,NOUN: 1.00,True,60,0,4.110873864173311
de,de,ADP,ADP,0.7886818615006483,0.7439947701431047,CCONJ,"ADP: 0.79, CCONJ: 0.21",True,27784,0,10.232251585714021
le,le,DET,DET,0.8207496286735718,0.8327615029897053,ADP,"DET: 0.82, ADP: 0.15",True,38293,0,10.55304850493315
sud-ouest,sud-ouest,NOUN,NOUN,1.0,0.0,,NOUN: 1.00,True,22,0,3.1354942159291497
de,de,ADP,ADP,0.7886818615006483,0.7439947701431047,CCONJ,"ADP: 0.79, CCONJ: 0.21",True,27784,0,10.232251585714021
Manhattan,Manhattan,PROPN,PROPN,,,,,True,4,0,1.6094379124341003
.,.,PUNCT,PUNCT,,,,,True,13366,0,9.500544261971474
depuis,Depuis,ADP,ADP,0.8904909671962399,0.49843327450209446,CCONJ,"ADP: 0.89, CCONJ: 0.11",True,283,0,5.648974238161206
le,le,DET,DET,0.8207496286735718,0.8327615029897053,ADP,"DET: 0.82, ADP: 0.15",True,38293,0,10.55304850493315
début,début,NOUN,NOUN,1.0,0.0,,NOUN: 1.00,True,130,0,4.875197323201151
de,de,ADP,ADP,0.7886818615006483,0.7439947701431047,CCONJ,"ADP: 0.79, CCONJ: 0.21",True,27784,0,10.232251585714021
le,l',DET,DET,0.8207496286735718,0.8327615029897053,ADP,"DET: 0.82, ADP: 0.15",True,38293,0,10.55304850493315
affaire,affaire,NOUN,NOUN,1.0,0.0,,NOUN: 1.00,True,106,0,4.672828834461906
",",",",PUNCT,PUNCT,,,,,True,16599,0,9.717157974344635
le,la,DET,DET,0.8207496286735718,0.8327615029897053,ADP,"DET: 0.82, ADP: 0.15",True,38293,0,10.55304850493315
candidate,candidate,NOUN,NOUN,,,,,True,5,0,1.791759469228055
à,à,ADP,ADP,1.0,0.0,,ADP: 1.00,True,9366,0,9.14494815320913
le,la,DET,DET,0.8207496286735718,0.8327615029897053,ADP,"DET: 0.82, ADP: 0.15",True,38293,0,10.55304850493315
primaire,primaire,NOUN,NOUN,,,,,True,6,0,1.9459101490553132
de,de,ADP,ADP,0.7886818615006483,0.7439947701431047,CCONJ,"ADP: 0.79, CCONJ: 0.21",True,27784,0,10.232251585714021
le,le,DET,DET,0.8207496286735718,0.8327615029897053,ADP,"DET: 0.82, ADP: 0.15",True,38293,0,10.55304850493315
PS,PS,PROPN,PROPN,,,,,True,10,0,2.3978952727983707
",",",",PUNCT,PUNCT,,,,,True,16599,0,9.717157974344635
en,en,ADP,ADP,0.21695278762461512,1.4815638486393006,DET,"DET: 0.51, CCONJ: 0.27, ADP: 0.22",True,5233,0,8.562931083090092
congé,congé,NOUN,NOUN,,,,,True,2,0,1.0986122886681098
de,de,ADP,ADP,0.7886818615006483,0.7439947701431047,CCONJ,"ADP: 0.79, CCONJ: 0.21",True,27784,0,10.232251585714021
son,ses,DET,DET,0.8481722905876147,0.863954061477403,CCONJ,"DET: 0.85, CCONJ: 0.08",True,3876,0,8.262816937670928
fonction,fonctions,NOUN,NOUN,1.0,0.0,,NOUN: 1.00,True,65,0,4.189654742026425
de,de,ADP,ADP,0.7886818615006483,0.7439947701431047,CCONJ,"ADP: 0.79, CCONJ: 0.21",True,27784,0,10.232251585714021
premier,première,ADJ,ADJ,1.0,0.0,,ADJ: 1.00,True,675,0,6.516193076042964
secrétaire,secrétaire,NOUN,NOUN,1.0,0.0,,NOUN: 1.00,True,25,0,3.258096538021482
de,de,ADP,ADP,0.7886818615006483,0.7439947701431047,CCONJ,"ADP: 0.79, CCONJ: 0.21",True,27784,0,10.232251585714021
le,le,DET,DET,0.8207496286735718,0.8327615029897053,ADP,"DET: 0.82, ADP: 0.15",True,38293,0,10.55304850493315
parti,parti,NOUN,NOUN,1.0,0.0,,NOUN: 1.00,True,75,0,4.330733340286331
",",",",PUNCT,PUNCT,,,,,True,16599,0,9.717157974344635
louvoyer,louvoie,VERB,VERB,,,,,False,0,0,0.0
pourtant,pourtant,ADV,ADV,1.0,0.0,,ADV: 1.00,True,23,0,3.1780538303479458
entre,entre,ADP,ADP,0.9951404265427191,0.0443394212917744,ADJ,ADP: 1.00,True,403,0,6.0014148779611505
soutien,soutien,NOUN,NOUN,1.0,0.0,,NOUN: 1.00,True,37,0,3.6375861597263857
et,et,CCONJ,CCONJ,0.25644065667983523,1.7170903132548632,SCONJ,"SCONJ: 0.43, ADP: 0.28, CCONJ: 0.26",True,7215,0,8.88405606174246
prise,prise,NOUN,NOUN,1.0,0.0,,NOUN: 1.00,True,31,0,3.4657359027997265
de,de,ADP,ADP,0.7886818615006483,0.7439947701431047,CCONJ,"ADP: 0.79, CCONJ: 0.21",True,27784,0,10.232251585714021
distance,distance,NOUN,NOUN,1.0,0.0,,NOUN: 1.00,True,19,0,2.995732273553991
(,(,PUNCT,PUNCT,,,,,True,2211,0,7.701652362642226
lire,lire,VERB,VERB,1.0,0.0,,VERB: 1.00,True,27,0,3.332204510175204
le,la,DET,DET,0.8207496286735718,0.8327615029897053,ADP,"DET: 0.82, ADP: 0.15",True,38293,0,10.55304850493315
synthèse,synthèse,NOUN,NOUN,,,,,True,9,0,2.302585092994046
sur,sur,ADP,ADP,1.0,0.0,,ADP: 1.00,True,1482,0,7.301822342137932
le,le,DET,DET,0.8207496286735718,0.8327615029897053,ADP,"DET: 0.82, ADP: 0.15",True,38293,0,10.55304850493315
sujet,sujet,NOUN,NOUN,1.0,0.0,,NOUN: 1.00,True,36,0,3.6109179126442243
:,:,PUNCT,PUNCT,,,,,True,739,0,6.606650186198215
"""","""",PUNCT,PUNCT,,,,,True,819,0,6.709304340258298
affaire,Affaire,NOUN,NOUN,1.0,0.0,,NOUN: 1.00,True,106,0,4.672828834461906
DSK,DSK,PROPN,PROPN,,,,,False,0,0,0.0
:,:,PUNCT,PUNCT,,,,,True,739,0,6.606650186198215
comment,comment,ADV,ADV,0.013812229971633106,1.328569807683807,SCONJ,"SCONJ: 0.65, PRON: 0.22, CCONJ: 0.11",True,45,0,3.828641396489095
le,la,DET,DET,0.8207496286735718,0.8327615029897053,ADP,"DET: 0.82, ADP: 0.15",True,38293,0,10.55304850493315
position,position,NOUN,NOUN,1.0,0.0,,NOUN: 1.00,True,52,0,3.970291913552122
de,d',ADP,ADP,0.7886818615006483,0.7439947701431047,CCONJ,"ADP: 0.79, CCONJ: 0.21",True,27784,0,10.232251585714021
Aubry,Aubry,PROPN,PROPN,,,,,True,3,0,1.3862943611198906
avoir,a,AUX,AUX,0.7537049139623345,0.8053529913575782,ADV,"AUX: 0.75, ADV: 0.25",True,2935,0,7.984803389734406
évoluer,évolué,VERB,VERB,1.0,0.0,,VERB: 1.00,True,57,0,4.060443010546419
"""","""",PUNCT,PUNCT,,,,,True,819,0,6.709304340258298
),),PUNCT,PUNCT,,,,,True,2204,0,7.6984827878809465
.,.,PUNCT,PUNCT,,,,,True,13366,0,9.500544261971474
ce,Cette,DET,DET,0.8764141494570885,0.6891209831462356,ADP,"DET: 0.88, ADP: 0.08",True,1960,0,7.581209826196346
élection,élection,NOUN,NOUN,1.0,0.0,,NOUN: 1.00,True,56,0,4.04305126783455
"""","""",PUNCT,PUNCT,,,,,True,819,0,6.709304340258298
ne,n',ADV,ADV,0.03110691420199771,0.7244015123648279,PRON,"PRON: 0.85, CCONJ: 0.12",True,1435,0,7.269616749608169
être,est,AUX,AUX,0.4687470215317024,1.7986756264740116,SCONJ,"AUX: 0.47, SCONJ: 0.23, ADV: 0.20, CCONJ: 0.10",True,8404,0,9.036582045842716
pas,pas,ADV,ADV,1.0,0.0,,ADV: 1.00,True,893,0,6.795705775173514
seulement,seulement,ADV,ADV,1.0,0.0,,ADV: 1.00,True,67,0,4.219507705176107
le,la,DET,DET,0.8207496286735718,0.8327615029897053,ADP,"DET: 0.82, ADP: 0.15",True,38293,0,10.55304850493315
plus,plus,ADV,ADV,0.7196677710684014,0.8559031009192263,CCONJ,"ADV: 0.72, CCONJ: 0.28",True,1173,0,7.068172000388042
disputé,disputée,ADJ,VERB,,,,,True,1,1,0.6931471805599453
depuis,depuis,ADP,ADP,0.8904909671962399,0.49843327450209446,CCONJ,"ADP: 0.89, CCONJ: 0.11",True,283,0,5.648974238161206
le,l',DET,DET,0.8207496286735718,0.8327615029897053,ADP,"DET: 0.82, ADP: 0.15",True,38293,0,10.55304850493315
indépendance,indépendance,NOUN,NOUN,1.0,0.0,,NOUN: 1.00,True,33,0,3.5263605246161616
",",",",PUNCT,PUNCT,,,,,True,16599,0,9.717157974344635
lui,elle,PRON,PRON,0.7173975220804439,1.0427392110337699,CCONJ,"PRON: 0.72, CCONJ: 0.24",True,5436,0,8.600982717145921
être,est,AUX,AUX,0.4687470215317024,1.7986756264740116,SCONJ,"AUX: 0.47, SCONJ: 0.23, ADV: 0.20, CCONJ: 0.10",True,8404,0,9.036582045842716
aussi,aussi,ADV,ADV,1.0,0.0,,ADV: 1.00,True,349,0,5.857933154483459
le,la,DET,DET,0.8207496286735718,0.8327615029897053,ADP,"DET: 0.82, ADP: 0.15",True,38293,0,10.55304850493315
plus,plus,ADV,ADV,0.7196677710684014,0.8559031009192263,CCONJ,"ADV: 0.72, CCONJ: 0.28",True,1173,0,7.068172000388042
stimulant,stimulante,ADJ,ADJ,,,,,True,1,0,0.6931471805599453
",",",",PUNCT,PUNCT,,,,,True,16599,0,9.717157974344635
avec,avec,ADP,ADP,0.8893781797851439,0.5017887113029871,CCONJ,"ADP: 0.89, CCONJ: 0.11",True,1225,0,7.111512116496157
le,les,DET,DET,0.8207496286735718,0.8327615029897053,ADP,"DET: 0.82, ADP: 0.15",True,38293,0,10.55304850493315
citoyen,citoyens,NOUN,NOUN,1.0,0.0,,NOUN: 1.00,True,15,0,2.772588722239781
+,+,SYM,SYM,,,,,True,15,0,2.772588722239781
facebooker,Facebookant,VERB,PROPN,,,,,False,0,1,0.0
et,et,CCONJ,CCONJ,0.25644065667983523,1.7170903132548632,SCONJ,"SCONJ: 0.43, ADP: 0.28, CCONJ: 0.26",True,7215,0,8.88405606174246
tweeter,Tweetant,VERB,PROPN,,,,,False,0,1,0.0
+,+,SYM,SYM,,,,,True,15,0,2.772588722239781
avec,avec,ADP,ADP,0.8893781797851439,0.5017887113029871,CCONJ,"ADP: 0.89, CCONJ: 0.11",True,1225,0,7.111512116496157
passion,passion,NOUN,NOUN,,,,,True,8,0,2.1972245773362196
",",",",PUNCT,PUNCT,,,,,True,16599,0,9.717157974344635
tout,tout,ADV,ADV,0.35475278980975966,1.76530081984423,SCONJ,"SCONJ: 0.40, ADV: 0.35, CCONJ: 0.17, ADP: 0.07",True,125,0,4.836281906951478
en,en,ADP,ADP,0.21695278762461512,1.4815638486393006,DET,"DET: 0.51, CCONJ: 0.27, ADP: 0.22",True,5233,0,8.562931083090092
participer,participant,VERB,VERB,1.0,0.0,,VERB: 1.00,True,128,0,4.859812404361672
en,en,ADP,ADP,0.21695278762461512,1.4815638486393006,DET,"DET: 0.51, CCONJ: 0.27, ADP: 0.22",True,5233,0,8.562931083090092
nombre,nombre,NOUN,NOUN,1.0,0.0,,NOUN: 1.00,True,126,0,4.844187086458591
record,record,NOUN,NOUN,1.0,0.0,,NOUN: 1.00,True,17,0,2.8903717578961645
à,à,ADP,ADP,1.0,0.0,,ADP: 1.00,True,9366,0,9.14494815320913
le,les,DET,DET,0.8207496286735718,0.8327615029897053,ADP,"DET: 0.82, ADP: 0.15",True,38293,0,10.55304850493315
meeting,meetings,NOUN,NOUN,,,,,True,4,0,1.6094379124341003
traditionnel,traditionnels,ADJ,ADJ,1.0,0.0,,ADJ: 1.00,True,28,0,3.367295829986474
"""","""",PUNCT,PUNCT,,,,,True,819,0,6.709304340258298
",",",",PUNCT,PUNCT,,,,,True,16599,0,9.717157974344635
écrire,écrit,VERB,VERB,1.0,0.0,,VERB: 1.00,True,107,0,4.68213122712422
samedi,samedi,NOUN,NOUN,1.0,0.0,,NOUN: 1.00,True,27,0,3.332204510175204
le,le,DET,DET,0.8207496286735718,0.8327615029897053,ADP,"DET: 0.82, ADP: 0.15",True,38293,0,10.55304850493315
Straits,Straits,PROPN,PROPN,,,,,False,0,0,0.0
Times,Times,PROPN,PROPN,,,,,True,7,0,2.0794415416798357
",",",",PUNCT,PUNCT,,,,,True,16599,0,9.717157974344635
principal,principal,ADJ,ADJ,1.0,0.0,,ADJ: 1.00,True,104,0,4.653960350157523
quotidien,quotidien,NOUN,NOUN,,,,,True,10,0,2.3978952727983707
de,de,ADP,ADP,0.7886818615006483,0.7439947701431047,CCONJ,"ADP: 0.79, CCONJ: 0.21",True,27784,0,10.232251585714021
le,le,DET,DET,0.8207496286735718,0.8327615029897053,ADP,"DET: 0.82, ADP: 0.15",True,38293,0,10.55304850493315
pays,pays,NOUN,NOUN,1.0,0.0,,NOUN: 1.00,True,251,0,5.529429087511423
",",",",PUNCT,PUNCT,,,,,True,16599,0,9.717157974344635
considérer,considéré,VERB,VERB,1.0,0.0,,VERB: 1.00,True,97,0,4.584967478670572
comme,comme,SCONJ,SCONJ,0.5807636285615381,1.3800520188671654,CCONJ,"SCONJ: 0.58, CCONJ: 0.32, ADV: 0.07",True,144,0,4.976733742420574
favorable,favorable,ADJ,ADJ,0.9656002059166925,0.21599794322780297,VERB,ADJ: 0.97,True,18,0,2.9444389791664403
à,à,ADP,ADP,1.0,0.0,,ADP: 1.00,True,9366,0,9.14494815320913
le,le,DET,DET,0.8207496286735718,0.8327615029897053,ADP,"DET: 0.82, ADP: 0.15",True,38293,0,10.55304850493315
PAP,PAP,PROPN,PROPN,,,,,False,0,0,0.0
.,.,PUNCT,PUNCT,,,,,True,13366,0,9.500544261971474
odeur,Odeurs,NOUN,NOUN,,,,,True,4,0,1.6094379124341003
",",",",PUNCT,PUNCT,,,,,True,16599,0,9.717157974344635
saveur,saveurs,NOUN,NOUN,,,,,True,9,0,2.302585092994046
",",",",PUNCT,PUNCT,,,,,True,16599,0,9.717157974344635
couleur,couleurs,NOUN,NOUN,1.0,0.0,,NOUN: 1.00,True,47,0,3.871201010907891
...,...,PUNCT,PUNCT,,,,,True,158,0,5.0689042022202315
tout,tout,PRON,PRON,0.616575045351158,0.9604250869735371,ADV,"PRON: 0.62, ADV: 0.38",True,147,0,4.997212273764115
soi,se,PRON,PRON,0.8260631963800735,0.8193543183609986,CCONJ,"PRON: 0.83, CCONJ: 0.12, ADV: 0.05",True,2063,0,7.6324011266014535
mélanger,mélange,VERB,VERB,,,,,True,2,0,1.0986122886681098
pour,pour,ADP,ADP,0.7890790430468303,0.7432394314397186,CCONJ,"ADP: 0.79, CCONJ: 0.21",True,2242,0,7.715569534520208
le,le,DET,DET,0.8207496286735718,0.8327615029897053,ADP,"DET: 0.82, ADP: 0.15",True,38293,0,10.55304850493315
plus,plus,ADV,ADV,0.7196677710684014,0.8559031009192263,CCONJ,"ADV: 0.72, CCONJ: 0.28",True,1173,0,7.068172000388042
grand,grand,ADJ,ADJ,1.0,0.0,,ADJ: 1.00,True,401,0,5.996452088619021
plaisir,plaisir,NOUN,NOUN,1.0,0.0,,NOUN: 1.00,True,14,0,2.70805020110221
de,de,ADP,ADP,0.7886818615006483,0.7439947701431047,CCONJ,"ADP: 0.79, CCONJ: 0.21",True,27784,0,10.232251585714021
le,les,DET,DET,0.8207496286735718,0.8327615029897053,ADP,"DET: 0.82, ADP: 0.15",True,38293,0,10.55304850493315
gourmand,gourmands,NOUN,NOUN,,,,,True,1,0,0.6931471805599453
et,et,CCONJ,CCONJ,0.25644065667983523,1.7170903132548632,SCONJ,"SCONJ: 0.43, ADP: 0.28, CCONJ: 0.26",True,7215,0,8.88405606174246
amateur,amateurs,NOUN,NOUN,,,,,True,6,0,1.9459101490553132
de,de,ADP,ADP,0.7886818615006483,0.7439947701431047,CCONJ,"ADP: 0.79, CCONJ: 0.21",True,27784,0,10.232251585714021
produit,produits,NOUN,NOUN,1.0,0.0,,NOUN: 1.00,True,77,0,4.356708826689592
de,de,ADP,ADP,0.7886818615006483,0.7439947701431047,CCONJ,"ADP: 0.79, CCONJ: 0.21",True,27784,0,10.232251585714021
qualité,qualité,NOUN,NOUN,1.0,0.0,,NOUN: 1.00,True,110,0,4.709530201312334
.,.,PUNCT,PUNCT,,,,,True,13366,0,9.500544261971474
lui,Il,PRON,PRON,0.7173975220804439,1.0427392110337699,CCONJ,"PRON: 0.72, CCONJ: 0.24",True,5436,0,8.600982717145921
falloir,faut,VERB,VERB,1.0,0.0,,VERB: 1.00,True,108,0,4.6913478822291435
savoir,savoir,VERB,VERB,1.0,0.0,,VERB: 1.00,True,91,0,4.5217885770490405
que,que,SCONJ,SCONJ,0.6915510664276248,1.397369454710615,CCONJ,"SCONJ: 0.69, CCONJ: 0.17, PRON: 0.06, ADV: 0.05",True,1979,0,7.590852123688581
le,les,DET,DET,0.8207496286735718,0.8327615029897053,ADP,"DET: 0.82, ADP: 0.15",True,38293,0,10.55304850493315
appareil,appareils,NOUN,NOUN,1.0,0.0,,NOUN: 1.00,True,32,0,3.4965075614664802
de,de,ADP,ADP,0.7886818615006483,0.7439947701431047,CCONJ,"ADP: 0.79, CCONJ: 0.21",True,27784,0,10.232251585714021
le,la,DET,DET,0.8207496286735718,0.8327615029897053,ADP,"DET: 0.82, ADP: 0.15",True,38293,0,10.55304850493315
dernier,dernière,ADJ,ADJ,1.0,0.0,,ADJ: 1.00,True,293,0,5.683579767338681
génération,génération,NOUN,NOUN,1.0,0.0,,NOUN: 1.00,True,26,0,3.295836866004329
exposer,exposent,VERB,VERB,1.0,0.0,,VERB: 1.00,True,17,0,2.8903717578961645
le,la,DET,DET,0.8207496286735718,0.8327615029897053,ADP,"DET: 0.82, ADP: 0.15",True,38293,0,10.55304850493315
couche,couche,NOUN,NOUN,1.0,0.0,,NOUN: 1.00,True,14,0,2.70805020110221
supérieur,supérieure,ADJ,ADJ,0.9652370114563046,0.21774240015733468,VERB,ADJ: 0.97,True,61,0,4.127134385045092
de,de,ADP,ADP,0.7886818615006483,0.7439947701431047,CCONJ,"ADP: 0.79, CCONJ: 0.21",True,27784,0,10.232251585714021
le,la,DET,DET,0.8207496286735718,0.8327615029897053,ADP,"DET: 0.82, ADP: 0.15",True,38293,0,10.55304850493315
main,main,NOUN,NOUN,1.0,0.0,,NOUN: 1.00,True,49,0,3.912023005428146
à,à,ADP,ADP,1.0,0.0,,ADP: 1.00,True,9366,0,9.14494815320913
40,40,NUM,NUM,0.2665662444874502,0.8364941454354283,DET,"DET: 0.73, NUM: 0.27",True,27,0,3.332204510175204
°,°,SYM,SYM,,,,,True,26,0,3.295836866004329
C,C,SYM,NOUN,,,,,True,2,1,1.0986122886681098
et,et,CCONJ,CCONJ,0.25644065667983523,1.7170903132548632,SCONJ,"SCONJ: 0.43, ADP: 0.28, CCONJ: 0.26",True,7215,0,8.88405606174246
que,que,SCONJ,SCONJ,0.6915510664276248,1.397369454710615,CCONJ,"SCONJ: 0.69, CCONJ: 0.17, PRON: 0.06, ADV: 0.05",True,1979,0,7.590852123688581
le,les,DET,DET,0.8207496286735718,0.8327615029897053,ADP,"DET: 0.82, ADP: 0.15",True,38293,0,10.55304850493315
couche,couches,NOUN,NOUN,1.0,0.0,,NOUN: 1.00,True,14,0,2.70805020110221
plus,plus,ADV,ADV,0.7196677710684014,0.8559031009192263,CCONJ,"ADV: 0.72, CCONJ: 0.28",True,1173,0,7.068172000388042
profond,profondes,ADJ,ADJ,1.0,0.0,,ADJ: 1.00,True,20,0,3.044522437723423
atteindre,atteindront,VERB,VERB,1.0,0.0,,VERB: 1.00,True,83,0,4.430816798843313
le,la,DET,DET,0.8207496286735718,0.8327615029897053,ADP,"DET: 0.82, ADP: 0.15",True,38293,0,10.55304850493315
température,température,NOUN,NOUN,1.0,0.0,,NOUN: 1.00,True,27,0,3.332204510175204
de,de,ADP,ADP,0.7886818615006483,0.7439947701431047,CCONJ,"ADP: 0.79, CCONJ: 0.21",True,27784,0,10.232251585714021
60,60,NUM,NUM,0.2630747692364376,0.8313508854543913,DET,"DET: 0.74, NUM: 0.26",True,25,0,3.258096538021482
°,°,SYM,SYM,,,,,True,26,0,3.295836866004329
C,C,SYM,NOUN,,,,,True,2,1,1.0986122886681098
",",",",PUNCT,PUNCT,,,,,True,16599,0,9.717157974344635
lui,il,PRON,PRON,0.7173975220804439,1.0427392110337699,CCONJ,"PRON: 0.72, CCONJ: 0.24",True,5436,0,8.600982717145921
être,est,AUX,AUX,0.4687470215317024,1.7986756264740116,SCONJ,"AUX: 0.47, SCONJ: 0.23, ADV: 0.20, CCONJ: 0.10",True,8404,0,9.036582045842716
donc,donc,ADV,ADV,1.0,0.0,,ADV: 1.00,True,155,0,5.049856007249537
normal,normal,ADJ,ADJ,1.0,0.0,,ADJ: 1.00,True,15,0,2.772588722239781
de,de,ADP,ADP,0.7886818615006483,0.7439947701431047,CCONJ,"ADP: 0.79, CCONJ: 0.21",True,27784,0,10.232251585714021
ressentir,ressentir,VERB,VERB,,,,,True,7,0,2.0794415416798357
un,un,DET,DET,0.7741737557418163,1.1225809040946326,ADP,"DET: 0.77, ADP: 0.11, CCONJ: 0.09",True,8933,0,9.097619501912064
peu,peu,ADV,NOUN,1.0,0.0,,ADV: 1.00,True,154,1,5.043425116919247
de,de,ADP,ADP,0.7886818615006483,0.7439947701431047,CCONJ,"ADP: 0.79, CCONJ: 0.21",True,27784,0,10.232251585714021
douleur,douleur,NOUN,NOUN,,,,,True,7,0,2.0794415416798357
.,.,PUNCT,PUNCT,,,,,True,13366,0,9.500544261971474
Sean,Sean,PROPN,PROPN,,,,,True,2,0,1.0986122886681098
David,David,PROPN,PROPN,0.994018213843305,0.05278076518546688,NOUN,PROPN: 0.99,True,34,0,3.5553480614894135
Morton,Morton,PROPN,PROPN,,,,,False,0,0,0.0
qui,qui,PRON,PRON,0.8171669946022245,0.8424411100711472,CCONJ,"PRON: 0.82, CCONJ: 0.13, ADV: 0.05",True,1916,0,7.558516743045645
soi,se,PRON,PRON,0.8260631963800735,0.8193543183609986,CCONJ,"PRON: 0.83, CCONJ: 0.12, ADV: 0.05",True,2063,0,7.6324011266014535
faire,fait,AUX,AUX,,,,,True,238,0,5.476463551931511
appeler,appeler,VERB,VERB,1.0,0.0,,VERB: 1.00,True,154,0,5.043425116919247
"""","""",PUNCT,PUNCT,,,,,True,819,0,6.709304340258298
le,le,DET,DET,0.8207496286735718,0.8327615029897053,ADP,"DET: 0.82, ADP: 0.15",True,38293,0,10.55304850493315
prophète,prophète,NOUN,NOUN,,,,,True,4,0,1.6094379124341003
de,de,ADP,ADP,0.7886818615006483,0.7439947701431047,CCONJ,"ADP: 0.79, CCONJ: 0.21",True,27784,0,10.232251585714021
le,l',DET,DET,0.8207496286735718,0.8327615029897053,ADP,"DET: 0.82, ADP: 0.15",True,38293,0,10.55304850493315
Amérique,Amérique,PROPN,PROPN,0.6112034238514021,0.9640185439551698,NOUN,"PROPN: 0.61, NOUN: 0.39",True,35,0,3.58351893845611
"""","""",PUNCT,PUNCT,,,,,True,819,0,6.709304340258298
",",",",PUNCT,PUNCT,,,,,True,16599,0,9.717157974344635
avoir,a,AUX,AUX,0.7537049139623345,0.8053529913575782,ADV,"AUX: 0.75, ADV: 0.25",True,2935,0,7.984803389734406
lever,levé,VERB,VERB,1.0,0.0,,VERB: 1.00,True,12,0,2.5649493574615367
six,six,NUM,NUM,0.2586932076079996,0.8247679954144931,DET,"DET: 0.74, NUM: 0.26",True,56,0,4.04305126783455
million,millions,NOUN,NOUN,1.0,0.0,,NOUN: 1.00,True,87,0,4.477336814478207
de,de,ADP,ADP,0.7886818615006483,0.7439947701431047,CCONJ,"ADP: 0.79, CCONJ: 0.21",True,27784,0,10.232251585714021
dollar,dollars,NOUN,NOUN,0.17572970012912212,0.670645545388558,PROPN,"PROPN: 0.82, NOUN: 0.18",True,32,0,3.4965075614664802
en,en,ADP,ADP,0.21695278762461512,1.4815638486393006,DET,"DET: 0.51, CCONJ: 0.27, ADP: 0.22",True,5233,0,8.562931083090092
faire,faisant,AUX,AUX,,,,,True,238,0,5.476463551931511
croire,croire,VERB,VERB,1.0,0.0,,VERB: 1.00,True,29,0,3.4011973816621555
à,à,ADP,ADP,1.0,0.0,,ADP: 1.00,True,9366,0,9.14494815320913
le,les,DET,DET,0.8207496286735718,0.8327615029897053,ADP,"DET: 0.82, ADP: 0.15",True,38293,0,10.55304850493315
investisseur,investisseurs,NOUN,NOUN,,,,,True,10,0,2.3978952727983707
que,qu',SCONJ,SCONJ,0.6915510664276248,1.397369454710615,CCONJ,"SCONJ: 0.69, CCONJ: 0.17, PRON: 0.06, ADV: 0.05",True,1979,0,7.590852123688581
lui,il,PRON,PRON,0.7173975220804439,1.0427392110337699,CCONJ,"PRON: 0.72, CCONJ: 0.24",True,5436,0,8.600982717145921
pouvoir,pouvait,VERB,VERB,0.9326172400615902,0.3560798311098319,ADJ,"VERB: 0.93, ADJ: 0.07",True,599,0,6.396929655216146
prédire,prédire,VERB,VERB,,,,,True,4,0,1.6094379124341003
le,l',DET,DET,0.8207496286735718,0.8327615029897053,ADP,"DET: 0.82, ADP: 0.15",True,38293,0,10.55304850493315
évolution,évolution,NOUN,NOUN,1.0,0.0,,NOUN: 1.00,True,37,0,3.6375861597263857
de,de,ADP,ADP,0.7886818615006483,0.7439947701431047,CCONJ,"ADP: 0.79, CCONJ: 0.21",True,27784,0,10.232251585714021
le,la,DET,DET,0.8207496286735718,0.8327615029897053,ADP,"DET: 0.82, ADP: 0.15",True,38293,0,10.55304850493315
Bourse,Bourse,PROPN,NOUN,,,,,False,0,1,0.0
!,!,PUNCT,PUNCT,,,,,True,306,0,5.726847747587197
de,De,ADP,ADP,0.7886818615006483,0.7439947701431047,CCONJ,"ADP: 0.79, CCONJ: 0.21",True,27784,0,10.232251585714021
quoi,quoi,PRON,PRON,0.8650669151190521,0.7748692329820673,PROPN,"PRON: 0.87, PROPN: 0.07",True,18,0,2.9444389791664403
inciter,inciter,VERB,VERB,,,,,True,9,0,2.302585092994046
à,à,ADP,ADP,1.0,0.0,,ADP: 1.00,True,9366,0,9.14494815320913
un,une,DET,DET,0.7741737557418163,1.1225809040946326,ADP,"DET: 0.77, ADP: 0.11, CCONJ: 0.09",True,8933,0,9.097619501912064
certain,certaine,ADJ,ADJ,1.0,0.0,,ADJ: 1.00,True,54,0,4.007333185232471
prudence,prudence,NOUN,NOUN,,,,,True,2,0,1.0986122886681098
.,.,PUNCT,PUNCT,,,,,True,13366,0,9.500544261971474
le,L',DET,DET,0.8207496286735718,0.8327615029897053,ADP,"DET: 0.82, ADP: 0.15",True,38293,0,10.55304850493315
excédent,excédent,NOUN,NOUN,,,,,True,1,0,0.6931471805599453
brut,brut,ADJ,ADJ,,,,,True,7,0,2.0794415416798357
de,d',ADP,ADP,0.7886818615006483,0.7439947701431047,CCONJ,"ADP: 0.79, CCONJ: 0.21",True,27784,0,10.232251585714021
exploitation,exploitation,NOUN,NOUN,1.0,0.0,,NOUN: 1.00,True,26,0,3.295836866004329
atteindre,atteint,VERB,VERB,1.0,0.0,,VERB: 1.00,True,83,0,4.430816798843313
"47,4","47,4",NUM,NUM,,,,,False,0,0,0.0
million,millions,NOUN,NOUN,1.0,0.0,,NOUN: 1.00,True,87,0,4.477336814478207
de,d',ADP,ADP,0.7886818615006483,0.7439947701431047,CCONJ,"ADP: 0.79, CCONJ: 0.21",True,27784,0,10.232251585714021
euro,euros,NOUN,NOUN,0.1819055257705694,1.3686692798770292,PROPN,"PROPN: 0.60, NUM: 0.22, NOUN: 0.18",True,65,0,4.189654742026425
",",",",PUNCT,PUNCT,,,,,True,16599,0,9.717157974344635
en,en,ADP,ADP,0.21695278762461512,1.4815638486393006,DET,"DET: 0.51, CCONJ: 0.27, ADP: 0.22",True,5233,0,8.562931083090092
rebond,rebond,NOUN,NOUN,,,,,True,5,0,1.791759469228055
de,de,ADP,ADP,0.7886818615006483,0.7439947701431047,CCONJ,"ADP: 0.79, CCONJ: 0.21",True,27784,0,10.232251585714021
"6,7","6,7",NUM,NUM,,,,,True,1,0,0.6931471805599453
%,%,SYM,SYM,,,,,True,249,0,5.521460917862246
",",",",PUNCT,PUNCT,,,,,True,16599,0,9.717157974344635
et,et,CCONJ,CCONJ,0.25644065667983523,1.7170903132548632,SCONJ,"SCONJ: 0.43, ADP: 0.28, CCONJ: 0.26",True,7215,0,8.88405606174246
le,le,DET,DET,0.8207496286735718,0.8327615029897053,ADP,"DET: 0.82, ADP: 0.15",True,38293,0,10.55304850493315
résultat,résultat,NOUN,NOUN,1.0,0.0,,NOUN: 1.00,True,71,0,4.276666119016055
opérationnel,opérationnel,ADJ,ADJ,,,,,True,6,0,1.9459101490553132
courant,courant,ADJ,ADJ,1.0,0.0,,ADJ: 1.00,True,20,0,3.044522437723423
afficher,affiche,VERB,VERB,1.0,0.0,,VERB: 1.00,True,14,0,2.70805020110221
un,une,DET,DET,0.7741737557418163,1.1225809040946326,ADP,"DET: 0.77, ADP: 0.11, CCONJ: 0.09",True,8933,0,9.097619501912064
hausse,hausse,NOUN,NOUN,1.0,0.0,,NOUN: 1.00,True,15,0,2.772588722239781
de,de,ADP,ADP,0.7886818615006483,0.7439947701431047,CCONJ,"ADP: 0.79, CCONJ: 0.21",True,27784,0,10.232251585714021
"3,8","3,8",NUM,NUM,,,,,False,0,0,0.0
%,%,SYM,SYM,,,,,True,249,0,5.521460917862246
",",",",PUNCT,PUNCT,,,,,True,16599,0,9.717157974344635
à,à,ADP,ADP,1.0,0.0,,ADP: 1.00,True,9366,0,9.14494815320913
"29,8","29,8",NUM,NUM,,,,,True,1,0,0.6931471805599453
million,millions,NOUN,NOUN,1.0,0.0,,NOUN: 1.00,True,87,0,4.477336814478207
de,d',ADP,ADP,0.7886818615006483,0.7439947701431047,CCONJ,"ADP: 0.79, CCONJ: 0.21",True,27784,0,10.232251585714021
euro,euros,NOUN,NOUN,0.1819055257705694,1.3686692798770292,PROPN,"PROPN: 0.60, NUM: 0.22, NOUN: 0.18",True,65,0,4.189654742026425
.,.,PUNCT,PUNCT,,,,,True,13366,0,9.500544261971474
pour,Pour,ADP,ADP,0.7890790430468303,0.7432394314397186,CCONJ,"ADP: 0.79, CCONJ: 0.21",True,2242,0,7.715569534520208
autant,autant,ADV,ADV,0.15588111685175385,2.0882183708786197,AUX,"AUX: 0.43, SCONJ: 0.21, ADV: 0.16, ADP: 0.11, CCONJ: 0.09",True,44,0,3.8066624897703196
",",",",PUNCT,PUNCT,,,,,True,16599,0,9.717157974344635
nous,nous,PRON,PRON,0.8226072026071004,0.8287662668321807,CCONJ,"PRON: 0.82, CCONJ: 0.13, ADV: 0.05",True,328,0,5.796057750765372
avoir,avions,AUX,AUX,0.7537049139623345,0.8053529913575782,ADV,"AUX: 0.75, ADV: 0.25",True,2935,0,7.984803389734406
trancher,tranché,VERB,VERB,,,,,True,5,0,1.791759469228055
.,.,PUNCT,PUNCT,,,,,True,13366,0,9.500544261971474
son,Sa,DET,DET,0.8481722905876147,0.863954061477403,CCONJ,"DET: 0.85, CCONJ: 0.08",True,3876,0,8.262816937670928
moyenne,moyenne,NOUN,NOUN,1.0,0.0,,NOUN: 1.00,True,32,0,3.4965075614664802
de,de,ADP,ADP,0.7886818615006483,0.7439947701431047,CCONJ,"ADP: 0.79, CCONJ: 0.21",True,27784,0,10.232251585714021
"0,54","0,54",NUM,NUM,,,,,False,0,0,0.0
but,but,NOUN,NOUN,1.0,0.0,,NOUN: 1.00,True,86,0,4.465908118654584
par,par,ADP,ADP,1.0,0.0,,ADP: 1.00,True,2183,0,7.688913336864796
match,match,NOUN,NOUN,1.0,0.0,,NOUN: 1.00,True,133,0,4.897839799950911
être,est,AUX,AUX,0.4687470215317024,1.7986756264740116,SCONJ,"AUX: 0.47, SCONJ: 0.23, ADV: 0.20, CCONJ: 0.10",True,8404,0,9.036582045842716
le,la,DET,DET,0.8207496286735718,0.8327615029897053,ADP,"DET: 0.82, ADP: 0.15",True,38293,0,10.55304850493315
meilleur,meilleure,ADJ,ADJ,1.0,0.0,,ADJ: 1.00,True,115,0,4.7535901911063645
parmi,parmi,ADP,ADP,0.9832202117922585,0.1387159709546887,NUM,ADP: 0.98,True,82,0,4.418840607796598
le,les,DET,DET,0.8207496286735718,0.8327615029897053,ADP,"DET: 0.82, ADP: 0.15",True,38293,0,10.55304850493315
joueur,joueurs,NOUN,NOUN,1.0,0.0,,NOUN: 1.00,True,94,0,4.553876891600541
avoir,ayant,AUX,AUX,0.7537049139623345,0.8053529913575782,ADV,"AUX: 0.75, ADV: 0.25",True,2935,0,7.984803389734406
disputer,disputé,VERB,VERB,1.0,0.0,,VERB: 1.00,True,37,0,3.6375861597263857
à,à,ADP,ADP,1.0,0.0,,ADP: 1.00,True,9366,0,9.14494815320913
le,le,DET,DET,0.8207496286735718,0.8327615029897053,ADP,"DET: 0.82, ADP: 0.15",True,38293,0,10.55304850493315
moins,moins,ADV,ADV,1.0,0.0,,ADV: 1.00,True,149,0,5.0106352940962555
20,20,NUM,NUM,1.0,0.0,,NUM: 1.00,True,97,0,4.584967478670572
match,matches,NOUN,NOUN,1.0,0.0,,NOUN: 1.00,True,133,0,4.897839799950911
ce,cette,DET,DET,0.8764141494570885,0.6891209831462356,ADP,"DET: 0.88, ADP: 0.08",True,1960,0,7.581209826196346
saison,saison,NOUN,NOUN,1.0,0.0,,NOUN: 1.00,True,150,0,5.017279836814924
",",",",PUNCT,PUNCT,,,,,True,16599,0,9.717157974344635
avoir,a,AUX,AUX,0.7537049139623345,0.8053529913575782,ADV,"AUX: 0.75, ADV: 0.25",True,2935,0,7.984803389734406
indiquer,indiqué,VERB,VERB,1.0,0.0,,VERB: 1.00,True,47,0,3.871201010907891
le,la,DET,DET,0.8207496286735718,0.8327615029897053,ADP,"DET: 0.82, ADP: 0.15",True,38293,0,10.55304850493315
MLS,MLS,PROPN,PROPN,,,,,False,0,0,0.0
.,.,PUNCT,PUNCT,,,,,True,13366,0,9.500544261971474
le,L',DET,DET,0.8207496286735718,0.8327615029897053,ADP,"DET: 0.82, ADP: 0.15",True,38293,0,10.55304850493315
attaquant,attaquant,NOUN,NOUN,,,,,True,8,0,2.1972245773362196
de,de,ADP,ADP,0.7886818615006483,0.7439947701431047,CCONJ,"ADP: 0.79, CCONJ: 0.21",True,27784,0,10.232251585714021
le,le,DET,DET,0.8207496286735718,0.8327615029897053,ADP,"DET: 0.82, ADP: 0.15",True,38293,0,10.55304850493315
Bayern,Bayern,PROPN,PROPN,,,,,True,1,0,0.6931471805599453
Munich,Munich,PROPN,PROPN,,,,,True,8,0,2.1972245773362196
demander,demande,VERB,VERB,1.0,0.0,,VERB: 1.00,True,95,0,4.564348191467836
aussi,aussi,ADV,ADV,1.0,0.0,,ADV: 1.00,True,349,0,5.857933154483459
",",",",PUNCT,PUNCT,,,,,True,16599,0,9.717157974344635
et,et,CCONJ,CCONJ,0.25644065667983523,1.7170903132548632,SCONJ,"SCONJ: 0.43, ADP: 0.28, CCONJ: 0.26",True,7215,0,8.88405606174246
surtout,surtout,ADV,ADV,1.0,0.0,,ADV: 1.00,True,68,0,4.23410650459726
",",",",PUNCT,PUNCT,,,,,True,16599,0,9.717157974344635
que,que,SCONJ,SCONJ,0.6915510664276248,1.397369454710615,CCONJ,"SCONJ: 0.69, CCONJ: 0.17, PRON: 0.06, ADV: 0.05",True,1979,0,7.590852123688581
le,le,DET,DET,0.8207496286735718,0.8327615029897053,ADP,"DET: 0.82, ADP: 0.15",True,38293,0,10.55304850493315
livre,livre,NOUN,NOUN,1.0,0.0,,NOUN: 1.00,True,78,0,4.3694478524670215
être,soit,AUX,AUX,0.4687470215317024,1.7986756264740116,SCONJ,"AUX: 0.47, SCONJ: 0.23, ADV: 0.20, CCONJ: 0.10",True,8404,0,9.036582045842716
retirer,retiré,VERB,VERB,1.0,0.0,,VERB: 1.00,True,39,0,3.6888794541139363
de,de,ADP,ADP,0.7886818615006483,0.7439947701431047,CCONJ,"ADP: 0.79, CCONJ: 0.21",True,27784,0,10.232251585714021
le,la,DET,DET,0.8207496286735718,0.8327615029897053,ADP,"DET: 0.82, ADP: 0.15",True,38293,0,10.55304850493315
vente,vente,NOUN,NOUN,1.0,0.0,,NOUN: 1.00,True,44,0,3.8066624897703196
.,.,PUNCT,PUNCT,,,,,True,13366,0,9.500544261971474
troisième,Troisième,ADJ,ADJ,1.0,0.0,,ADJ: 1.00,True,77,0,4.356708826689592
temps,temps,NOUN,NOUN,1.0,0.0,,NOUN: 1.00,True,201,0,5.308267697401205
",",",",PUNCT,PUNCT,,,,,True,16599,0,9.717157974344635
Andrea,Andrea,PROPN,PROPN,,,,,True,4,0,1.6094379124341003
Dovizioso,Dovizioso,PROPN,PROPN,,,,,False,0,0,0.0
(,(,PUNCT,PUNCT,,,,,True,2211,0,7.701652362642226
Honda,Honda,PROPN,PROPN,,,,,True,2,0,1.0986122886681098
),),PUNCT,PUNCT,,,,,True,2204,0,7.6984827878809465
soi,s',PRON,PRON,0.8260631963800735,0.8193543183609986,CCONJ,"PRON: 0.83, CCONJ: 0.12, ADV: 0.05",True,2063,0,7.6324011266014535
en,en,PRON,PRON,0.8274129668391818,0.8153940727922449,CCONJ,"PRON: 0.83, CCONJ: 0.12, ADV: 0.05",True,246,0,5.5093883366279774
être,est,AUX,AUX,0.4687470215317024,1.7986756264740116,SCONJ,"AUX: 0.47, SCONJ: 0.23, ADV: 0.20, CCONJ: 0.10",True,8404,0,9.036582045842716
approcher,approché,VERB,VERB,1.0,0.0,,VERB: 1.00,True,16,0,2.833213344056216
(,(,PUNCT,PUNCT,,,,,True,2211,0,7.701652362642226
2:00.531,2:00.531,NUM,NUM,,,,,False,0,0,0.0
),),PUNCT,PUNCT,,,,,True,2204,0,7.6984827878809465
",",",",PUNCT,PUNCT,,,,,True,16599,0,9.717157974344635
comme,comme,ADP,ADP,0.884348973672223,0.5167293038082115,CCONJ,"ADP: 0.88, CCONJ: 0.12",True,472,0,6.159095388491933
Ben,Ben,PROPN,PROPN,0.9939999429769532,0.05291550072631374,NOUN,PROPN: 0.99,True,23,0,3.1780538303479458
Spies,Spies,PROPN,PROPN,,,,,False,0,0,0.0
et,et,CCONJ,CCONJ,0.25644065667983523,1.7170903132548632,SCONJ,"SCONJ: 0.43, ADP: 0.28, CCONJ: 0.26",True,7215,0,8.88405606174246
Jorge,Jorge,PROPN,PROPN,,,,,True,2,0,1.0986122886681098
Lorenzo,Lorenzo,PROPN,PROPN,,,,,True,1,0,0.6931471805599453
",",",",PUNCT,PUNCT,,,,,True,16599,0,9.717157974344635
tout,tous,ADJ,ADJ,0.0,0.0,ADP,ADP: 1.00,True,401,0,5.996452088619021
deux,deux,NUM,NUM,0.21554851351024185,0.7519555130200147,DET,"DET: 0.78, NUM: 0.22",True,568,0,6.343880434126331
sur,sur,ADP,ADP,1.0,0.0,,ADP: 1.00,True,1482,0,7.301822342137932
Yamaha,Yamaha,PROPN,PROPN,,,,,False,0,0,0.0
M1,M1,PROPN,PROPN,,,,,True,1,0,0.6931471805599453
et,et,CCONJ,CCONJ,0.25644065667983523,1.7170903132548632,SCONJ,"SCONJ: 0.43, ADP: 0.28, CCONJ: 0.26",True,7215,0,8.88405606174246
distancer,distancés,VERB,VERB,,,,,True,1,0,0.6931471805599453
de,de,ADP,ADP,0.7886818615006483,0.7439947701431047,CCONJ,"ADP: 0.79, CCONJ: 0.21",True,27784,0,10.232251585714021
moins,moins,ADV,ADV,1.0,0.0,,ADV: 1.00,True,149,0,5.0106352940962555
de,de,ADP,ADP,0.7886818615006483,0.7439947701431047,CCONJ,"ADP: 0.79, CCONJ: 0.21",True,27784,0,10.232251585714021
8/10e,8/10e,NUM,NUM,,,,,False,0,0,0.0
de,de,ADP,ADP,0.7886818615006483,0.7439947701431047,CCONJ,"ADP: 0.79, CCONJ: 0.21",True,27784,0,10.232251585714021
seconde,seconde,NOUN,NOUN,0.6965766916367928,0.8854353575044873,PROPN,"NOUN: 0.70, PROPN: 0.30",True,16,0,2.833213344056216
de,de,ADP,ADP,0.7886818615006483,0.7439947701431047,CCONJ,"ADP: 0.79, CCONJ: 0.21",True,27784,0,10.232251585714021
le,le,DET,DET,0.8207496286735718,0.8327615029897053,ADP,"DET: 0.82, ADP: 0.15",True,38293,0,10.55304850493315
leader,leader,NOUN,NOUN,1.0,0.0,,NOUN: 1.00,True,16,0,2.833213344056216
.,.,PUNCT,PUNCT,,,,,True,13366,0,9.500544261971474
en,En,ADP,ADP,0.21695278762461512,1.4815638486393006,DET,"DET: 0.51, CCONJ: 0.27, ADP: 0.22",True,5233,0,8.562931083090092
tout,tous,DET,DET,0.9418784902958206,0.4061753301469583,ADP,DET: 0.94,True,119,0,4.787491742782046
cas,cas,NOUN,NOUN,1.0,0.0,,NOUN: 1.00,True,91,0,4.5217885770490405
",",",",PUNCT,PUNCT,,,,,True,16599,0,9.717157974344635
le,la,DET,DET,0.8207496286735718,0.8327615029897053,ADP,"DET: 0.82, ADP: 0.15",True,38293,0,10.55304850493315
réorientation,réorientation,NOUN,NOUN,,,,,False,0,0,0.0
de,de,ADP,ADP,0.7886818615006483,0.7439947701431047,CCONJ,"ADP: 0.79, CCONJ: 0.21",True,27784,0,10.232251585714021
le,le,DET,DET,0.8207496286735718,0.8327615029897053,ADP,"DET: 0.82, ADP: 0.15",True,38293,0,10.55304850493315
géant,géant,NOUN,NOUN,,,,,True,3,0,1.3862943611198906
de,de,ADP,ADP,0.7886818615006483,0.7439947701431047,CCONJ,"ADP: 0.79, CCONJ: 0.21",True,27784,0,10.232251585714021
le,les,DET,DET,0.8207496286735718,0.8327615029897053,ADP,"DET: 0.82, ADP: 0.15",True,38293,0,10.55304850493315
réseau,réseaux,NOUN,NOUN,1.0,0.0,,NOUN: 1.00,True,60,0,4.110873864173311
IP,IP,NOUN,PROPN,,,,,True,1,1,0.6931471805599453
ne,ne,ADV,ADV,0.03110691420199771,0.7244015123648279,PRON,"PRON: 0.85, CCONJ: 0.12",True,1435,0,7.269616749608169
constituer,constitue,VERB,VERB,1.0,0.0,,VERB: 1.00,True,103,0,4.6443908991413725
pas,pas,ADV,ADV,1.0,0.0,,ADV: 1.00,True,893,0,6.795705775173514
un,une,DET,DET,0.7741737557418163,1.1225809040946326,ADP,"DET: 0.77, ADP: 0.11, CCONJ: 0.09",True,8933,0,9.097619501912064
bon,bonne,ADJ,ADJ,1.0,0.0,,ADJ: 1.00,True,164,0,5.10594547390058
nouvelle,nouvelle,NOUN,NOUN,1.0,0.0,,NOUN: 1.00,True,24,0,3.2188758248682006
pour,pour,ADP,ADP,0.7890790430468303,0.7432394314397186,CCONJ,"ADP: 0.79, CCONJ: 0.21",True,2242,0,7.715569534520208
le,les,DET,DET,0.8207496286735718,0.8327615029897053,ADP,"DET: 0.82, ADP: 0.15",True,38293,0,10.55304850493315
adepte,adeptes,NOUN,NOUN,,,,,True,1,0,0.6931471805599453
de,de,ADP,ADP,0.7886818615006483,0.7439947701431047,CCONJ,"ADP: 0.79, CCONJ: 0.21",True,27784,0,10.232251585714021
le,le,DET,DET,0.8207496286735718,0.8327615029897053,ADP,"DET: 0.82, ADP: 0.15",True,38293,0,10.55304850493315
Wimax,Wimax,PROPN,PROPN,,,,,False,0,0,0.0
",",",",PUNCT,PUNCT,,,,,True,16599,0,9.717157974344635
qui,qui,PRON,PRON,0.8171669946022245,0.8424411100711472,CCONJ,"PRON: 0.82, CCONJ: 0.13, ADV: 0.05",True,1916,0,7.558516743045645
perdre,perdent,VERB,VERB,1.0,0.0,,VERB: 1.00,True,73,0,4.30406509320417
de,de,ADP,ADP,0.7886818615006483,0.7439947701431047,CCONJ,"ADP: 0.79, CCONJ: 0.21",True,27784,0,10.232251585714021
plus,plus,ADV,ADV,0.7196677710684014,0.8559031009192263,CCONJ,"ADV: 0.72, CCONJ: 0.28",True,1173,0,7.068172000388042
en,en,ADP,ADP,0.21695278762461512,1.4815638486393006,DET,"DET: 0.51, CCONJ: 0.27, ADP: 0.22",True,5233,0,8.562931083090092
plus,plus,ADV,ADV,0.7196677710684014,0.8559031009192263,CCONJ,"ADV: 0.72, CCONJ: 0.28",True,1173,0,7.068172000388042
pied,pied,NOUN,NOUN,1.0,0.0,,NOUN: 1.00,True,46,0,3.8501476017100584
face,face,NOUN,NOUN,1.0,0.0,,NOUN: 1.00,True,90,0,4.51085950651685
à,à,ADP,ADP,1.0,0.0,,ADP: 1.00,True,9366,0,9.14494815320913
le,le,DET,DET,0.8207496286735718,0.8327615029897053,ADP,"DET: 0.82, ADP: 0.15",True,38293,0,10.55304850493315
LTE,LTE,PROPN,PROPN,,,,,False,0,0,0.0
.,.,PUNCT,PUNCT,,,,,True,13366,0,9.500544261971474
lui,Il,PRON,PRON,0.7173975220804439,1.0427392110337699,CCONJ,"PRON: 0.72, CCONJ: 0.24",True,5436,0,8.600982717145921
y,y,PRON,PRON,0.8287336305823229,0.8120222571975413,CCONJ,"PRON: 0.83, CCONJ: 0.12, ADV: 0.05",True,464,0,6.142037405587356
avoir,a,VERB,VERB,1.0,0.0,,VERB: 1.00,True,784,0,6.665683717782408
un,un,DET,DET,0.7741737557418163,1.1225809040946326,ADP,"DET: 0.77, ADP: 0.11, CCONJ: 0.09",True,8933,0,9.097619501912064
personnage,personnage,NOUN,NOUN,1.0,0.0,,NOUN: 1.00,True,64,0,4.174387269895637
très,très,ADV,ADV,1.0,0.0,,ADV: 1.00,True,435,0,6.077642243349034
absent,absent,ADJ,ADJ,,,,,True,7,0,2.0794415416798357
tout,tout,ADV,ADV,0.35475278980975966,1.76530081984423,SCONJ,"SCONJ: 0.40, ADV: 0.35, CCONJ: 0.17, ADP: 0.07",True,125,0,4.836281906951478
à,à,ADP,ADP,1.0,0.0,,ADP: 1.00,True,9366,0,9.14494815320913
le,le,DET,DET,0.8207496286735718,0.8327615029897053,ADP,"DET: 0.82, ADP: 0.15",True,38293,0,10.55304850493315
long,long,NOUN,NOUN,,,,,True,41,0,3.7376696182833684
de,de,ADP,ADP,0.7886818615006483,0.7439947701431047,CCONJ,"ADP: 0.79, CCONJ: 0.21",True,27784,0,10.232251585714021
le,le,DET,DET,0.8207496286735718,0.8327615029897053,ADP,"DET: 0.82, ADP: 0.15",True,38293,0,10.55304850493315
roman,roman,NOUN,NOUN,1.0,0.0,,NOUN: 1.00,True,50,0,3.9318256327243257
",",",",PUNCT,PUNCT,,,,,True,16599,0,9.717157974344635
le,le,DET,DET,0.8207496286735718,0.8327615029897053,ADP,"DET: 0.82, ADP: 0.15",True,38293,0,10.55304850493315
"""","""",PUNCT,PUNCT,,,,,True,819,0,6.709304340258298
peuple,peuple,NOUN,NOUN,1.0,0.0,,NOUN: 1.00,True,86,0,4.465908118654584
"""","""",PUNCT,PUNCT,,,,,True,819,0,6.709304340258298
.,.,PUNCT,PUNCT,,,,,True,13366,0,9.500544261971474
retrouver,Retrouver,VERB,VERB,1.0,0.0,,VERB: 1.00,True,91,0,4.5217885770490405
son,notre,DET,DET,0.8481722905876147,0.863954061477403,CCONJ,"DET: 0.85, CCONJ: 0.08",True,3876,0,8.262816937670928
inspiration,inspiration,NOUN,NOUN,,,,,True,3,0,1.3862943611198906
.,.,PUNCT,PUNCT,,,,,True,13366,0,9.500544261971474
si,Si,SCONJ,SCONJ,0.6874457760699145,1.332794651946429,CCONJ,"SCONJ: 0.69, CCONJ: 0.17, PRON: 0.10",True,251,0,5.529429087511423
Moody's,Moody's,PROPN,PROPN,,,,,False,0,0,0.0
estimer,estime,VERB,VERB,1.0,0.0,,VERB: 1.00,True,46,0,3.8501476017100584
que,que,SCONJ,SCONJ,0.6915510664276248,1.397369454710615,CCONJ,"SCONJ: 0.69, CCONJ: 0.17, PRON: 0.06, ADV: 0.05",True,1979,0,7.590852123688581
son,leur,DET,DET,0.8481722905876147,0.863954061477403,CCONJ,"DET: 0.85, CCONJ: 0.08",True,3876,0,8.262816937670928
note,note,NOUN,NOUN,1.0,0.0,,NOUN: 1.00,True,21,0,3.091042453358316
ne,ne,ADV,ADV,0.03110691420199771,0.7244015123648279,PRON,"PRON: 0.85, CCONJ: 0.12",True,1435,0,7.269616749608169
devoir,devrait,VERB,VERB,0.9326805365068354,0.3558398388117804,ADJ,"VERB: 0.93, ADJ: 0.07",True,314,0,5.752572638825633
pas,pas,ADV,ADV,1.0,0.0,,ADV: 1.00,True,893,0,6.795705775173514
baisser,baisser,VERB,VERB,,,,,True,5,0,1.791759469228055
de,de,ADP,ADP,0.7886818615006483,0.7439947701431047,CCONJ,"ADP: 0.79, CCONJ: 0.21",True,27784,0,10.232251585714021
plus,plus,ADV,ADV,0.7196677710684014,0.8559031009192263,CCONJ,"ADV: 0.72, CCONJ: 0.28",True,1173,0,7.068172000388042
de,d',ADP,ADP,0.7886818615006483,0.7439947701431047,CCONJ,"ADP: 0.79, CCONJ: 0.21",True,27784,0,10.232251585714021
un,un,NUM,DET,0.0,0.5718157531133617,DET,"DET: 0.90, ADP: 0.07",True,108,1,4.6913478822291435
cran,cran,NOUN,NOUN,,,,,True,2,0,1.0986122886681098
",",",",PUNCT,PUNCT,,,,,True,16599,0,9.717157974344635
le,la,DET,DET,0.8207496286735718,0.8327615029897053,ADP,"DET: 0.82, ADP: 0.15",True,38293,0,10.55304850493315
situation,situation,NOUN,NOUN,1.0,0.0,,NOUN: 1.00,True,69,0,4.248495242049359
ne,n',ADV,ADV,0.03110691420199771,0.7244015123648279,PRON,"PRON: 0.85, CCONJ: 0.12",True,1435,0,7.269616749608169
être,est,AUX,AUX,0.4687470215317024,1.7986756264740116,SCONJ,"AUX: 0.47, SCONJ: 0.23, ADV: 0.20, CCONJ: 0.10",True,8404,0,9.036582045842716
pas,pas,ADV,ADV,1.0,0.0,,ADV: 1.00,True,893,0,6.795705775173514
le,la,DET,DET,0.8207496286735718,0.8327615029897053,ADP,"DET: 0.82, ADP: 0.15",True,38293,0,10.55304850493315
même,même,ADJ,ADJ,1.0,0.0,,ADJ: 1.00,True,226,0,5.424950017481403
pour,pour,ADP,ADP,0.7890790430468303,0.7432394314397186,CCONJ,"ADP: 0.79, CCONJ: 0.21",True,2242,0,7.715569534520208
le,la,DET,DET,0.8207496286735718,0.8327615029897053,ADP,"DET: 0.82, ADP: 0.15",True,38293,0,10.55304850493315
société,Société,NOUN,NOUN,1.0,0.0,,NOUN: 1.00,True,142,0,4.962844630259907
général,Générale,ADJ,ADJ,1.0,0.0,,ADJ: 1.00,True,117,0,4.770684624465665
",",",",PUNCT,PUNCT,,,,,True,16599,0,9.717157974344635
dont,dont,PRON,PRON,0.0,0.5067841712485793,ADP,"ADP: 0.89, CCONJ: 0.11",True,249,0,5.521460917862246
le,la,DET,DET,0.8207496286735718,0.8327615029897053,ADP,"DET: 0.82, ADP: 0.15",True,38293,0,10.55304850493315
dégradation,dégradation,NOUN,NOUN,,,,,True,6,0,1.9459101490553132
pouvoir,pourrait,VERB,VERB,0.9326172400615902,0.3560798311098319,ADJ,"VERB: 0.93, ADJ: 0.07",True,599,0,6.396929655216146
atteindre,atteindre,VERB,VERB,1.0,0.0,,VERB: 1.00,True,83,0,4.430816798843313
deux,deux,NUM,NUM,0.21554851351024185,0.7519555130200147,DET,"DET: 0.78, NUM: 0.22",True,568,0,6.343880434126331
cran,crans,NOUN,NOUN,,,,,True,2,0,1.0986122886681098
.,.,PUNCT,PUNCT,,,,,True,13366,0,9.500544261971474
nombre,Nombre,ADV,NOUN,,,,,True,1,1,0.6931471805599453
de,d',ADP,ADP,0.7886818615006483,0.7439947701431047,CCONJ,"ADP: 0.79, CCONJ: 0.21",True,27784,0,10.232251585714021
investisseur,investisseurs,NOUN,NOUN,,,,,True,10,0,2.3978952727983707
qui,qui,PRON,PRON,0.8171669946022245,0.8424411100711472,CCONJ,"PRON: 0.82, CCONJ: 0.13, ADV: 0.05",True,1916,0,7.558516743045645
",",",",PUNCT,PUNCT,,,,,True,16599,0,9.717157974344635
auparavant,auparavant,ADV,ADV,0.8470226703700456,0.645149510615428,PRON,"ADV: 0.85, PRON: 0.15",True,29,0,3.4011973816621555
",",",",PUNCT,PUNCT,,,,,True,16599,0,9.717157974344635
voir,voyaient,VERB,VERB,1.0,0.0,,VERB: 1.00,True,197,0,5.288267030694535
de,d',ADP,ADP,0.7886818615006483,0.7439947701431047,CCONJ,"ADP: 0.79, CCONJ: 0.21",True,27784,0,10.232251585714021
un,un,DET,DET,0.7741737557418163,1.1225809040946326,ADP,"DET: 0.77, ADP: 0.11, CCONJ: 0.09",True,8933,0,9.097619501912064
mauvais,mauvais,ADJ,ADJ,1.0,0.0,,ADJ: 1.00,True,30,0,3.4339872044851463
œil,œil,NOUN,NOUN,1.0,0.0,,NOUN: 1.00,True,31,0,3.4657359027997265
le,l',DET,DET,0.8207496286735718,0.8327615029897053,ADP,"DET: 0.82, ADP: 0.15",True,38293,0,10.55304850493315
accumulation,accumulation,NOUN,NOUN,,,,,True,2,0,1.0986122886681098
de,de,ADP,ADP,0.7886818615006483,0.7439947701431047,CCONJ,"ADP: 0.79, CCONJ: 0.21",True,27784,0,10.232251585714021
liquidité,liquidités,NOUN,NOUN,,,,,True,2,0,1.0986122886681098
par,par,ADP,ADP,1.0,0.0,,ADP: 1.00,True,2183,0,7.688913336864796
le,les,DET,DET,0.8207496286735718,0.8327615029897053,ADP,"DET: 0.82, ADP: 0.15",True,38293,0,10.55304850493315
entreprise,entreprises,NOUN,NOUN,1.0,0.0,,NOUN: 1.00,True,102,0,4.634728988229636
reconnaître,reconnaissent,VERB,VERB,1.0,0.0,,VERB: 1.00,True,62,0,4.143134726391533
maintenant,maintenant,ADV,ADV,1.0,0.0,,ADV: 1.00,True,27,0,3.332204510175204
le,les,DET,DET,0.8207496286735718,0.8327615029897053,ADP,"DET: 0.82, ADP: 0.15",True,38293,0,10.55304850493315
avantage,avantages,NOUN,NOUN,1.0,0.0,,NOUN: 1.00,True,17,0,2.8903717578961645
de,de,ADP,ADP,0.7886818615006483,0.7439947701431047,CCONJ,"ADP: 0.79, CCONJ: 0.21",True,27784,0,10.232251585714021
le,la,DET,DET,0.8207496286735718,0.8327615029897053,ADP,"DET: 0.82, ADP: 0.15",True,38293,0,10.55304850493315
constitution,constitution,NOUN,NOUN,1.0,0.0,,NOUN: 1.00,True,23,0,3.1780538303479458
de,de,ADP,ADP,0.7886818615006483,0.7439947701431047,CCONJ,"ADP: 0.79, CCONJ: 0.21",True,27784,0,10.232251585714021
réserve,réserves,NOUN,NOUN,1.0,0.0,,NOUN: 1.00,True,14,0,2.70805020110221
de,de,ADP,ADP,0.7886818615006483,0.7439947701431047,CCONJ,"ADP: 0.79, CCONJ: 0.21",True,27784,0,10.232251585714021
liquidité,liquidités,NOUN,NOUN,,,,,True,2,0,1.0986122886681098
important,importantes,ADJ,ADJ,1.0,0.0,,ADJ: 1.00,True,135,0,4.912654885736052
.,.,PUNCT,PUNCT,,,,,True,13366,0,9.500544261971474
ça,Ca,PRON,PRON,0.7398737785831464,1.0820830987796926,CCONJ,"PRON: 0.74, CCONJ: 0.15, ADV: 0.11",True,36,0,3.6109179126442243
énerver,énerve,VERB,VERB,,,,,False,0,0,0.0
beaucoup,beaucoup,ADV,ADV,1.0,0.0,,ADV: 1.00,True,99,0,4.605170185988092
de,de,ADP,ADP,0.7886818615006483,0.7439947701431047,CCONJ,"ADP: 0.79, CCONJ: 0.21",True,27784,0,10.232251585714021
personne,personnes,NOUN,NOUN,1.0,0.0,,NOUN: 1.00,True,136,0,4.919980925828125
",",",",PUNCT,PUNCT,,,,,True,16599,0,9.717157974344635
mais,mais,CCONJ,CCONJ,0.15469195513464806,1.2293580521348002,SCONJ,"SCONJ: 0.72, CCONJ: 0.15, PRON: 0.09",True,734,0,6.5998704992128365
pour,pour,ADP,ADP,0.7890790430468303,0.7432394314397186,CCONJ,"ADP: 0.79, CCONJ: 0.21",True,2242,0,7.715569534520208
le,l',DET,DET,0.8207496286735718,0.8327615029897053,ADP,"DET: 0.82, ADP: 0.15",True,38293,0,10.55304850493315
utilisateur,utilisateur,NOUN,NOUN,0.3646725553412678,0.9464935334606459,PRON,"PRON: 0.64, NOUN: 0.36",True,18,0,2.9444389791664403
final,final,ADJ,ADJ,1.0,0.0,,ADJ: 1.00,True,31,0,3.4657359027997265
",",",",PUNCT,PUNCT,,,,,True,16599,0,9.717157974344635
ce,c',PRON,PRON,0.959635480454852,0.243961008701331,ADV,PRON: 0.96,True,855,0,6.752270376141742
être,est,AUX,AUX,0.4687470215317024,1.7986756264740116,SCONJ,"AUX: 0.47, SCONJ: 0.23, ADV: 0.20, CCONJ: 0.10",True,8404,0,9.036582045842716
rassurant,rassurant,ADJ,ADJ,,,,,False,0,0,0.0
dans,dans,ADP,ADP,1.0,0.0,,ADP: 1.00,True,2779,0,7.930206206684683
80,80,NUM,NUM,0.3503295753118704,0.9343620497181333,DET,"DET: 0.65, NUM: 0.35",True,23,0,3.1780538303479458
%,%,SYM,SYM,,,,,True,249,0,5.521460917862246
de,de,ADP,ADP,0.7886818615006483,0.7439947701431047,CCONJ,"ADP: 0.79, CCONJ: 0.21",True,27784,0,10.232251585714021
le,les,DET,DET,0.8207496286735718,0.8327615029897053,ADP,"DET: 0.82, ADP: 0.15",True,38293,0,10.55304850493315
cas,cas,NOUN,NOUN,1.0,0.0,,NOUN: 1.00,True,91,0,4.5217885770490405
.,.,PUNCT,PUNCT,,,,,True,13366,0,9.500544261971474
ce,C',PRON,PRON,0.959635480454852,0.243961008701331,ADV,PRON: 0.96,True,855,0,6.752270376141742
être,est,AUX,AUX,0.4687470215317024,1.7986756264740116,SCONJ,"AUX: 0.47, SCONJ: 0.23, ADV: 0.20, CCONJ: 0.10",True,8404,0,9.036582045842716
un,un,DET,DET,0.7741737557418163,1.1225809040946326,ADP,"DET: 0.77, ADP: 0.11, CCONJ: 0.09",True,8933,0,9.097619501912064
caillou,caillou,NOUN,NOUN,,,,,True,1,0,0.6931471805599453
blanc,blanc,ADJ,ADJ,1.0,0.0,,ADJ: 1.00,True,40,0,3.713572066704308
.,.,PUNCT,PUNCT,,,,,True,13366,0,9.500544261971474
ainsi,Ainsi,ADV,ADV,1.0,0.0,,ADV: 1.00,True,330,0,5.802118375377063
",",",",PUNCT,PUNCT,,,,,True,16599,0,9.717157974344635
ce,ces,DET,DET,0.8764141494570885,0.6891209831462356,ADP,"DET: 0.88, ADP: 0.08",True,1960,0,7.581209826196346
cadre,cadres,NOUN,NOUN,1.0,0.0,,NOUN: 1.00,True,72,0,4.290459441148391
",",",",PUNCT,PUNCT,,,,,True,16599,0,9.717157974344635
de,de,ADP,ADP,0.7886818615006483,0.7439947701431047,CCONJ,"ADP: 0.79, CCONJ: 0.21",True,27784,0,10.232251585714021
par,par,ADP,ADP,1.0,0.0,,ADP: 1.00,True,2183,0,7.688913336864796
son,leur,DET,DET,0.8481722905876147,0.863954061477403,CCONJ,"DET: 0.85, CCONJ: 0.08",True,3876,0,8.262816937670928
clarté,clarté,NOUN,NOUN,,,,,True,1,0,0.6931471805599453
et,et,CCONJ,CCONJ,0.25644065667983523,1.7170903132548632,SCONJ,"SCONJ: 0.43, ADP: 0.28, CCONJ: 0.26",True,7215,0,8.88405606174246
son,leur,DET,DET,0.8481722905876147,0.863954061477403,CCONJ,"DET: 0.85, CCONJ: 0.08",True,3876,0,8.262816937670928
crédibilité,crédibilité,NOUN,NOUN,,,,,True,1,0,0.6931471805599453
",",",",PUNCT,PUNCT,,,,,True,16599,0,9.717157974344635
avoir,ont,AUX,AUX,0.7537049139623345,0.8053529913575782,ADV,"AUX: 0.75, ADV: 0.25",True,2935,0,7.984803389734406
accroître,accru,VERB,VERB,,,,,True,8,0,2.1972245773362196
le,la,DET,DET,0.8207496286735718,0.8327615029897053,ADP,"DET: 0.82, ADP: 0.15",True,38293,0,10.55304850493315
portée,portée,NOUN,NOUN,1.0,0.0,,NOUN: 1.00,True,13,0,2.6390573296152584
de,de,ADP,ADP,0.7886818615006483,0.7439947701431047,CCONJ,"ADP: 0.79, CCONJ: 0.21",True,27784,0,10.232251585714021
le,les,DET,DET,0.8207496286735718,0.8327615029897053,ADP,"DET: 0.82, ADP: 0.15",True,38293,0,10.55304850493315
action,actions,NOUN,NOUN,1.0,0.0,,NOUN: 1.00,True,78,0,4.3694478524670215
de,de,ADP,ADP,0.7886818615006483,0.7439947701431047,CCONJ,"ADP: 0.79, CCONJ: 0.21",True,27784,0,10.232251585714021
le,la,DET,DET,0.8207496286735718,0.8327615029897053,ADP,"DET: 0.82, ADP: 0.15",True,38293,0,10.55304850493315
banque,Banque,NOUN,NOUN,1.0,0.0,,NOUN: 1.00,True,29,0,3.4011973816621555
.,.,PUNCT,PUNCT,,,,,True,13366,0,9.500544261971474
lui,Il,PRON,PRON,0.7173975220804439,1.0427392110337699,CCONJ,"PRON: 0.72, CCONJ: 0.24",True,5436,0,8.600982717145921
soi,s',PRON,PRON,0.8260631963800735,0.8193543183609986,CCONJ,"PRON: 0.83, CCONJ: 0.12, ADV: 0.05",True,2063,0,7.6324011266014535
agir,agit,VERB,VERB,1.0,0.0,,VERB: 1.00,True,108,0,4.6913478822291435
de,de,ADP,ADP,0.7886818615006483,0.7439947701431047,CCONJ,"ADP: 0.79, CCONJ: 0.21",True,27784,0,10.232251585714021
le,les,DET,DET,0.8207496286735718,0.8327615029897053,ADP,"DET: 0.82, ADP: 0.15",True,38293,0,10.55304850493315
importateur,importateurs,NOUN,NOUN,,,,,True,1,0,0.6931471805599453
utiliser,utilisés,VERB,VERB,1.0,0.0,,VERB: 1.00,True,220,0,5.3981627015177525
par,par,ADP,ADP,1.0,0.0,,ADP: 1.00,True,2183,0,7.688913336864796
le,le,DET,DET,0.8207496286735718,0.8327615029897053,ADP,"DET: 0.82, ADP: 0.15",True,38293,0,10.55304850493315
Comité,Comité,PROPN,NOUN,,,,,False,0,1,0.0
Fal,Fal,PROPN,PROPN,,,,,False,0,0,0.0
pour,pour,ADP,ADP,0.7890790430468303,0.7432394314397186,CCONJ,"ADP: 0.79, CCONJ: 0.21",True,2242,0,7.715569534520208
établir,établir,VERB,VERB,1.0,0.0,,VERB: 1.00,True,65,0,4.189654742026425
le,le,DET,DET,0.8207496286735718,0.8327615029897053,ADP,"DET: 0.82, ADP: 0.15",True,38293,0,10.55304850493315
baromètre,baromètre,NOUN,NOUN,,,,,True,1,0,0.6931471805599453
de,de,ADP,ADP,0.7886818615006483,0.7439947701431047,CCONJ,"ADP: 0.79, CCONJ: 0.21",True,27784,0,10.232251585714021
le,le,DET,DET,0.8207496286735718,0.8327615029897053,ADP,"DET: 0.82, ADP: 0.15",True,38293,0,10.55304850493315
passage,passage,NOUN,NOUN,1.0,0.0,,NOUN: 1.00,True,46,0,3.8501476017100584
à,à,ADP,ADP,1.0,0.0,,ADP: 1.00,True,9366,0,9.14494815320913
le,le,DET,DET,0.8207496286735718,0.8327615029897053,ADP,"DET: 0.82, ADP: 0.15",True,38293,0,10.55304850493315
port,port,NOUN,NOUN,1.0,0.0,,NOUN: 1.00,True,34,0,3.5553480614894135
.,.,PUNCT,PUNCT,,,,,True,13366,0,9.500544261971474
on,On,PRON,PRON,0.5432191123278096,1.5995967780630704,SCONJ,"PRON: 0.54, SCONJ: 0.23, CCONJ: 0.19",True,554,0,6.318968113746434
soi,s',PRON,PRON,0.8260631963800735,0.8193543183609986,CCONJ,"PRON: 0.83, CCONJ: 0.12, ADV: 0.05",True,2063,0,7.6324011266014535
être,était,AUX,AUX,0.4687470215317024,1.7986756264740116,SCONJ,"AUX: 0.47, SCONJ: 0.23, ADV: 0.20, CCONJ: 0.10",True,8404,0,9.036582045842716
dire,dit,VERB,VERB,1.0,0.0,,VERB: 1.00,True,190,0,5.25227342804663
:,:,PUNCT,PUNCT,,,,,True,739,0,6.606650186198215
"""","""",PUNCT,PUNCT,,,,,True,819,0,6.709304340258298
quand,Quand,SCONJ,SCONJ,0.6770541920391413,1.3527925542757804,CCONJ,"SCONJ: 0.68, CCONJ: 0.17, PRON: 0.12",True,79,0,4.382026634673881
on,on,PRON,PRON,0.5432191123278096,1.5995967780630704,SCONJ,"PRON: 0.54, SCONJ: 0.23, CCONJ: 0.19",True,554,0,6.318968113746434
avoir,aura,VERB,VERB,1.0,0.0,,VERB: 1.00,True,784,0,6.665683717782408
un,un,DET,DET,0.7741737557418163,1.1225809040946326,ADP,"DET: 0.77, ADP: 0.11, CCONJ: 0.09",True,8933,0,9.097619501912064
premier,premier,ADJ,ADJ,1.0,0.0,,ADJ: 1.00,True,675,0,6.516193076042964
pas,pas,NOUN,NOUN,,,,,True,7,0,2.0794415416798357
de,de,ADP,ADP,0.7886818615006483,0.7439947701431047,CCONJ,"ADP: 0.79, CCONJ: 0.21",True,27784,0,10.232251585714021
faire,fait,VERB,NOUN,1.0,0.0,,VERB: 1.00,True,655,1,6.486160788944089
",",",",PUNCT,PUNCT,,,,,True,16599,0,9.717157974344635
on,on,PRON,PRON,0.5432191123278096,1.5995967780630704,SCONJ,"PRON: 0.54, SCONJ: 0.23, CCONJ: 0.19",True,554,0,6.318968113746434
soi,s',PRON,PRON,0.8260631963800735,0.8193543183609986,CCONJ,"PRON: 0.83, CCONJ: 0.12, ADV: 0.05",True,2063,0,7.6324011266014535
éclater,éclatera,VERB,VERB,,,,,True,6,0,1.9459101490553132
un,un,DET,DET,0.7741737557418163,1.1225809040946326,ADP,"DET: 0.77, ADP: 0.11, CCONJ: 0.09",True,8933,0,9.097619501912064
peu,peu,NOUN,NOUN,,,,,True,61,0,4.127134385045092
plus,plus,ADV,ADV,0.7196677710684014,0.8559031009192263,CCONJ,"ADV: 0.72, CCONJ: 0.28",True,1173,0,7.068172000388042
"""","""",PUNCT,PUNCT,,,,,True,819,0,6.709304340258298
",",",",PUNCT,PUNCT,,,,,True,16599,0,9.717157974344635
avoir,a,AUX,AUX,0.7537049139623345,0.8053529913575782,ADV,"AUX: 0.75, ADV: 0.25",True,2935,0,7.984803389734406
expliquer,expliqué,VERB,VERB,1.0,0.0,,VERB: 1.00,True,60,0,4.110873864173311
Véronique,Véronique,PROPN,PROPN,,,,,True,4,0,1.6094379124341003
.,.,PUNCT,PUNCT,,,,,True,13366,0,9.500544261971474
lui,Il,PRON,PRON,0.7173975220804439,1.0427392110337699,CCONJ,"PRON: 0.72, CCONJ: 0.24",True,5436,0,8.600982717145921
falloir,faut,VERB,VERB,1.0,0.0,,VERB: 1.00,True,108,0,4.6913478822291435
toutefois,toutefois,ADV,ADV,1.0,0.0,,ADV: 1.00,True,59,0,4.0943445622221
noter,noter,VERB,VERB,1.0,0.0,,VERB: 1.00,True,46,0,3.8501476017100584
que,qu',SCONJ,SCONJ,0.6915510664276248,1.397369454710615,CCONJ,"SCONJ: 0.69, CCONJ: 0.17, PRON: 0.06, ADV: 0.05",True,1979,0,7.590852123688581
lui,il,PRON,PRON,0.7173975220804439,1.0427392110337699,CCONJ,"PRON: 0.72, CCONJ: 0.24",True,5436,0,8.600982717145921
être,est,AUX,AUX,0.4687470215317024,1.7986756264740116,SCONJ,"AUX: 0.47, SCONJ: 0.23, ADV: 0.20, CCONJ: 0.10",True,8404,0,9.036582045842716
alors,alors,ADV,ADV,1.0,0.0,,ADV: 1.00,True,333,0,5.811140992976701
de,de,ADP,ADP,0.7886818615006483,0.7439947701431047,CCONJ,"ADP: 0.79, CCONJ: 0.21",True,27784,0,10.232251585714021
bon,bon,ADJ,ADJ,1.0,0.0,,ADJ: 1.00,True,164,0,5.10594547390058
ton,ton,NOUN,NOUN,,,,,True,7,0,2.0794415416798357
pour,pour,ADP,ADP,0.7890790430468303,0.7432394314397186,CCONJ,"ADP: 0.79, CCONJ: 0.21",True,2242,0,7.715569534520208
tout,tout,DET,DET,0.9418784902958206,0.4061753301469583,ADP,DET: 0.94,True,119,0,4.787491742782046
homme,homme,NOUN,NOUN,1.0,0.0,,NOUN: 1.00,True,213,0,5.365976015021851
jouir,jouissant,VERB,VERB,,,,,True,6,0,1.9459101490553132
de,d',ADP,ADP,0.7886818615006483,0.7439947701431047,CCONJ,"ADP: 0.79, CCONJ: 0.21",True,27784,0,10.232251585714021
un,une,DET,DET,0.7741737557418163,1.1225809040946326,ADP,"DET: 0.77, ADP: 0.11, CCONJ: 0.09",True,8933,0,9.097619501912064
aisance,aisance,NOUN,NOUN,,,,,True,1,0,0.6931471805599453
financier,financière,ADJ,ADJ,1.0,0.0,,ADJ: 1.00,True,41,0,3.7376696182833684
",",",",PUNCT,PUNCT,,,,,True,16599,0,9.717157974344635
de,de,ADP,ADP,0.7886818615006483,0.7439947701431047,CCONJ,"ADP: 0.79, CCONJ: 0.21",True,27784,0,10.232251585714021
posséder,posséder,VERB,VERB,1.0,0.0,,VERB: 1.00,True,65,0,4.189654742026425
un,une,DET,DET,0.7741737557418163,1.1225809040946326,ADP,"DET: 0.77, ADP: 0.11, CCONJ: 0.09",True,8933,0,9.097619501912064
ou,ou,CCONJ,CCONJ,0.514848916000412,0.9993637059064465,ADP,"CCONJ: 0.51, ADP: 0.49",True,802,0,6.688354713946762
plusieurs,plusieurs,DET,DET,0.7438889760186573,0.8208209660575686,NUM,"DET: 0.74, NUM: 0.26",True,233,0,5.455321115357702
maîtresse,maîtresses,NOUN,NOUN,,,,,True,4,0,1.6094379124341003
.,.,PUNCT,PUNCT,,,,,True,13366,0,9.500544261971474
que,Qu',PRON,PRON,0.11611059889321292,1.238361633076011,SCONJ,"SCONJ: 0.71, CCONJ: 0.15, PRON: 0.12",True,430,0,6.066108090103747
être,est,AUX,AUX,0.4687470215317024,1.7986756264740116,SCONJ,"AUX: 0.47, SCONJ: 0.23, ADV: 0.20, CCONJ: 0.10",True,8404,0,9.036582045842716
ce,-ce,PRON,PRON,0.959635480454852,0.243961008701331,ADV,PRON: 0.96,True,855,0,6.752270376141742
que,que,SCONJ,SCONJ,0.6915510664276248,1.397369454710615,CCONJ,"SCONJ: 0.69, CCONJ: 0.17, PRON: 0.06, ADV: 0.05",True,1979,0,7.590852123688581
1.000,1.000,NUM,NUM,,,,,True,3,0,1.3862943611198906
emploi,emplois,NOUN,NOUN,1.0,0.0,,NOUN: 1.00,True,35,0,3.58351893845611
quand,quand,SCONJ,SCONJ,0.6770541920391413,1.3527925542757804,CCONJ,"SCONJ: 0.68, CCONJ: 0.17, PRON: 0.12",True,79,0,4.382026634673881
on,on,PRON,PRON,0.5432191123278096,1.5995967780630704,SCONJ,"PRON: 0.54, SCONJ: 0.23, CCONJ: 0.19",True,554,0,6.318968113746434
en,en,PRON,PRON,0.8274129668391818,0.8153940727922449,CCONJ,"PRON: 0.83, CCONJ: 0.12, ADV: 0.05",True,246,0,5.5093883366279774
détruire,détruit,VERB,VERB,1.0,0.0,,VERB: 1.00,True,39,0,3.6888794541139363
et,et,CCONJ,CCONJ,0.25644065667983523,1.7170903132548632,SCONJ,"SCONJ: 0.43, ADP: 0.28, CCONJ: 0.26",True,7215,0,8.88405606174246
que,qu',SCONJ,SCONJ,0.6915510664276248,1.397369454710615,CCONJ,"SCONJ: 0.69, CCONJ: 0.17, PRON: 0.06, ADV: 0.05",True,1979,0,7.590852123688581
on,on,PRON,PRON,0.5432191123278096,1.5995967780630704,SCONJ,"PRON: 0.54, SCONJ: 0.23, CCONJ: 0.19",True,554,0,6.318968113746434
en,en,PRON,PRON,0.8274129668391818,0.8153940727922449,CCONJ,"PRON: 0.83, CCONJ: 0.12, ADV: 0.05",True,246,0,5.5093883366279774
créer,créé,VERB,VERB,1.0,0.0,,VERB: 1.00,True,165,0,5.111987788356544
20.000,20.000,NUM,NUM,,,,,False,0,0,0.0
tout,tous,ADJ,ADJ,0.0,0.0,ADP,ADP: 1.00,True,401,0,5.996452088619021
le,les,DET,DET,0.8207496286735718,0.8327615029897053,ADP,"DET: 0.82, ADP: 0.15",True,38293,0,10.55304850493315
jour,jours,NOUN,NOUN,1.0,0.0,,NOUN: 1.00,True,200,0,5.303304908059076
en,en,ADP,ADP,0.21695278762461512,1.4815638486393006,DET,"DET: 0.51, CCONJ: 0.27, ADP: 0.22",True,5233,0,8.562931083090092
France,France,PROPN,PROPN,0.9804292393899958,0.13902365897177782,NOUN,PROPN: 0.98,True,267,0,5.5909869805108565
?,?,PUNCT,PUNCT,,,,,True,270,0,5.602118820879701
de,De,ADP,ADP,0.7886818615006483,0.7439947701431047,CCONJ,"ADP: 0.79, CCONJ: 0.21",True,27784,0,10.232251585714021
10,10,NUM,NUM,1.0,0.0,,NUM: 1.00,True,93,0,4.543294782270004
h,h,NOUN,NOUN,1.0,0.0,,NOUN: 1.00,True,72,0,4.290459441148391
à,à,ADP,ADP,1.0,0.0,,ADP: 1.00,True,9366,0,9.14494815320913
12,12,NUM,NUM,1.0,0.0,,NUM: 1.00,True,73,0,4.30406509320417
h,h,NOUN,NOUN,1.0,0.0,,NOUN: 1.00,True,72,0,4.290459441148391
et,et,CCONJ,CCONJ,0.25644065667983523,1.7170903132548632,SCONJ,"SCONJ: 0.43, ADP: 0.28, CCONJ: 0.26",True,7215,0,8.88405606174246
14,14,NUM,NUM,1.0,0.0,,NUM: 1.00,True,59,0,4.0943445622221
h,h,NOUN,NOUN,1.0,0.0,,NOUN: 1.00,True,72,0,4.290459441148391
à,à,ADP,ADP,1.0,0.0,,ADP: 1.00,True,9366,0,9.14494815320913
17,17,NUM,NUM,1.0,0.0,,NUM: 1.00,True,54,0,4.007333185232471
h,h,NOUN,NOUN,1.0,0.0,,NOUN: 1.00,True,72,0,4.290459441148391
office,office,NOUN,NOUN,1.0,0.0,,NOUN: 1.00,True,16,0,2.833213344056216
de,de,ADP,ADP,0.7886818615006483,0.7439947701431047,CCONJ,"ADP: 0.79, CCONJ: 0.21",True,27784,0,10.232251585714021
tourisme,tourisme,NOUN,NOUN,1.0,0.0,,NOUN: 1.00,True,20,0,3.044522437723423
.,.,PUNCT,PUNCT,,,,,True,13366,0,9.500544261971474
en,En,ADP,ADP,0.21695278762461512,1.4815638486393006,DET,"DET: 0.51, CCONJ: 0.27, ADP: 0.22",True,5233,0,8.562931083090092
2004,2004,NUM,NUM,1.0,0.0,,NUM: 1.00,True,57,0,4.060443010546419
",",",",PUNCT,PUNCT,,,,,True,16599,0,9.717157974344635
avoir,a,AUX,AUX,0.7537049139623345,0.8053529913575782,ADV,"AUX: 0.75, ADV: 0.25",True,2935,0,7.984803389734406
lui,-t-il,PRON,PRON,0.7173975220804439,1.0427392110337699,CCONJ,"PRON: 0.72, CCONJ: 0.24",True,5436,0,8.600982717145921
indiquer,indiqué,VERB,VERB,1.0,0.0,,VERB: 1.00,True,47,0,3.871201010907891
",",",",PUNCT,PUNCT,,,,,True,16599,0,9.717157974344635
nous,nous,PRON,PRON,0.8226072026071004,0.8287662668321807,CCONJ,"PRON: 0.82, CCONJ: 0.13, ADV: 0.05",True,328,0,5.796057750765372
avoir,avons,AUX,AUX,0.7537049139623345,0.8053529913575782,ADV,"AUX: 0.75, ADV: 0.25",True,2935,0,7.984803389734406
appliquer,appliqué,VERB,VERB,1.0,0.0,,VERB: 1.00,True,26,0,3.295836866004329
ce,ce,DET,DET,0.8764141494570885,0.6891209831462356,ADP,"DET: 0.88, ADP: 0.08",True,1960,0,7.581209826196346
concept,concept,NOUN,NOUN,1.0,0.0,,NOUN: 1.00,True,16,0,2.833213344056216
en,en,ADP,ADP,0.21695278762461512,1.4815638486393006,DET,"DET: 0.51, CCONJ: 0.27, ADP: 0.22",True,5233,0,8.562931083090092
Afrique,Afrique,PROPN,PROPN,0.31683746610707475,0.9009091058654913,NOUN,"NOUN: 0.68, PROPN: 0.32",True,47,0,3.871201010907891
après,après,ADP,ADP,0.8490838848157983,0.7380994576350169,CCONJ,"ADP: 0.85, CCONJ: 0.11",True,403,0,6.0014148779611505
avoir,avoir,AUX,AUX,0.7537049139623345,0.8053529913575782,ADV,"AUX: 0.75, ADV: 0.25",True,2935,0,7.984803389734406
constater,constaté,VERB,VERB,1.0,0.0,,VERB: 1.00,True,17,0,2.8903717578961645
le,le,DET,DET,0.8207496286735718,0.8327615029897053,ADP,"DET: 0.82, ADP: 0.15",True,38293,0,10.55304850493315
caractère,caractère,NOUN,NOUN,0.6849830328685035,0.898880052031154,PROPN,"NOUN: 0.68, PROPN: 0.32",True,33,0,3.5263605246161616
désastreux,désastreux,ADJ,ADJ,,,,,True,1,0,0.6931471805599453
de,de,ADP,ADP,0.7886818615006483,0.7439947701431047,CCONJ,"ADP: 0.79, CCONJ: 0.21",True,27784,0,10.232251585714021
le,le,DET,DET,0.8207496286735718,0.8327615029897053,ADP,"DET: 0.82, ADP: 0.15",True,38293,0,10.55304850493315
système,système,NOUN,NOUN,1.0,0.0,,NOUN: 1.00,True,102,0,4.634728988229636
de,d',ADP,ADP,0.7886818615006483,0.7439947701431047,CCONJ,"ADP: 0.79, CCONJ: 0.21",True,27784,0,10.232251585714021
éclairage,éclairage,NOUN,NOUN,,,,,True,4,0,1.6094379124341003
à,à,ADP,ADP,1.0,0.0,,ADP: 1.00,True,9366,0,9.14494815320913
le,le,DET,DET,0.8207496286735718,0.8327615029897053,ADP,"DET: 0.82, ADP: 0.15",True,38293,0,10.55304850493315
kérosène,kérosène,NOUN,NOUN,,,,,False,0,0,0.0
.,.,PUNCT,PUNCT,,,,,True,13366,0,9.500544261971474
ce,Ce,DET,DET,0.8764141494570885,0.6891209831462356,ADP,"DET: 0.88, ADP: 0.08",True,1960,0,7.581209826196346
dimanche,dimanche,NOUN,NOUN,0.7024037899016987,0.878332646149858,NUM,"NOUN: 0.70, NUM: 0.30",True,33,0,3.5263605246161616
30,30,NUM,NUM,1.0,0.0,,NUM: 1.00,True,83,0,4.430816798843313
",",",",PUNCT,PUNCT,,,,,True,16599,0,9.717157974344635
à,à,ADP,ADP,1.0,0.0,,ADP: 1.00,True,9366,0,9.14494815320913
Pleumeur-Bodou,Pleumeur-Bodou,PROPN,PROPN,,,,,False,0,0,0.0
",",",",PUNCT,PUNCT,,,,,True,16599,0,9.717157974344635
sur,sur,ADP,ADP,1.0,0.0,,ADP: 1.00,True,1482,0,7.301822342137932
le,le,DET,DET,0.8207496286735718,0.8327615029897053,ADP,"DET: 0.82, ADP: 0.15",True,38293,0,10.55304850493315
site,site,NOUN,NOUN,1.0,0.0,,NOUN: 1.00,True,115,0,4.7535901911063645
de,de,ADP,ADP,0.7886818615006483,0.7439947701431047,CCONJ,"ADP: 0.79, CCONJ: 0.21",True,27784,0,10.232251585714021
Cosmopolis,Cosmopolis,PROPN,PROPN,,,,,False,0,0,0.0
.,.,PUNCT,PUNCT,,,,,True,13366,0,9.500544261971474
là,Là,ADV,ADV,0.5845189881576047,1.286794175216724,PRON,"ADV: 0.58, PRON: 0.36",True,81,0,4.406719247264253
",",",",PUNCT,PUNCT,,,,,True,16599,0,9.717157974344635
on,on,PRON,PRON,0.5432191123278096,1.5995967780630704,SCONJ,"PRON: 0.54, SCONJ: 0.23, CCONJ: 0.19",True,554,0,6.318968113746434
savoir,saura,VERB,VERB,1.0,0.0,,VERB: 1.00,True,91,0,4.5217885770490405
qui,qui,PRON,PRON,0.8171669946022245,0.8424411100711472,CCONJ,"PRON: 0.82, CCONJ: 0.13, ADV: 0.05",True,1916,0,7.558516743045645
être,est,AUX,AUX,0.4687470215317024,1.7986756264740116,SCONJ,"AUX: 0.47, SCONJ: 0.23, ADV: 0.20, CCONJ: 0.10",True,8404,0,9.036582045842716
le,le,DET,DET,0.8207496286735718,0.8327615029897053,ADP,"DET: 0.82, ADP: 0.15",True,38293,0,10.55304850493315
coupable,coupable,NOUN,NOUN,,,,,True,3,0,1.3862943611198906
et,et,CCONJ,CCONJ,0.25644065667983523,1.7170903132548632,SCONJ,"SCONJ: 0.43, ADP: 0.28, CCONJ: 0.26",True,7215,0,8.88405606174246
qui,qui,PRON,PRON,0.8171669946022245,0.8424411100711472,CCONJ,"PRON: 0.82, CCONJ: 0.13, ADV: 0.05",True,1916,0,7.558516743045645
être,est,AUX,AUX,0.4687470215317024,1.7986756264740116,SCONJ,"AUX: 0.47, SCONJ: 0.23, ADV: 0.20, CCONJ: 0.10",True,8404,0,9.036582045842716
le,la,DET,DET,0.8207496286735718,0.8327615029897053,ADP,"DET: 0.82, ADP: 0.15",True,38293,0,10.55304850493315
victime,victime,NOUN,NOUN,1.0,0.0,,NOUN: 1.00,True,20,0,3.044522437723423
»,»,PUNCT,PUNCT,,,,,True,814,0,6.703188113240863
",",",",PUNCT,PUNCT,,,,,True,16599,0,9.717157974344635
avoir,a,AUX,AUX,0.7537049139623345,0.8053529913575782,ADV,"AUX: 0.75, ADV: 0.25",True,2935,0,7.984803389734406
prévenir,prévenu,VERB,VERB,,,,,True,10,0,2.3978952727983707
le,le,DET,DET,0.8207496286735718,0.8327615029897053,ADP,"DET: 0.82, ADP: 0.15",True,38293,0,10.55304850493315
patron,patron,NOUN,NOUN,1.0,0.0,,NOUN: 1.00,True,14,0,2.70805020110221
de,de,ADP,ADP,0.7886818615006483,0.7439947701431047,CCONJ,"ADP: 0.79, CCONJ: 0.21",True,27784,0,10.232251585714021
le,la,DET,DET,0.8207496286735718,0.8327615029897053,ADP,"DET: 0.82, ADP: 0.15",True,38293,0,10.55304850493315
FAF,FAF,PROPN,PROPN,,,,,False,0,0,0.0
.,.,PUNCT,PUNCT,,,,,True,13366,0,9.500544261971474
comment,Comment,ADV,ADV,0.013812229971633106,1.328569807683807,SCONJ,"SCONJ: 0.65, PRON: 0.22, CCONJ: 0.11",True,45,0,3.828641396489095
repousser,repoussez,VERB,VERB,1.0,0.0,,VERB: 1.00,True,11,0,2.4849066497880004
vous,vous,PRON,PRON,0.9418283110194323,0.32014404178062034,ADV,"PRON: 0.94, ADV: 0.06",True,252,0,5.53338948872752
le,les,DET,DET,0.8207496286735718,0.8327615029897053,ADP,"DET: 0.82, ADP: 0.15",True,38293,0,10.55304850493315
bateau,bateaux,NOUN,NOUN,1.0,0.0,,NOUN: 1.00,True,14,0,2.70805020110221
de,d',ADP,ADP,0.7886818615006483,0.7439947701431047,CCONJ,"ADP: 0.79, CCONJ: 0.21",True,27784,0,10.232251585714021
immigré,immigrés,NOUN,NOUN,,,,,True,3,0,1.3862943611198906
dans,dans,ADP,ADP,1.0,0.0,,ADP: 1.00,True,2779,0,7.930206206684683
le,les,DET,DET,0.8207496286735718,0.8327615029897053,ADP,"DET: 0.82, ADP: 0.15",True,38293,0,10.55304850493315
eau,eaux,NOUN,NOUN,1.0,0.0,,NOUN: 1.00,True,147,0,4.997212273764115
international,internationales,ADJ,ADJ,1.0,0.0,,ADJ: 1.00,True,145,0,4.983606621708336
?,?,PUNCT,PUNCT,,,,,True,270,0,5.602118820879701
le,Le,DET,DET,0.8207496286735718,0.8327615029897053,ADP,"DET: 0.82, ADP: 0.15",True,38293,0,10.55304850493315
football,Football,NOUN,NOUN,0.059126701468425816,0.6820154164372064,PROPN,"PROPN: 0.87, NUM: 0.07, NOUN: 0.06",True,57,0,4.060443010546419
atlantique,Atlantique,ADJ,ADJ,,,,,True,5,0,1.791759469228055
rochelais,Rochelais,ADJ,PROPN,,,,,True,1,1,0.6931471805599453
(,(,PUNCT,PUNCT,,,,,True,2211,0,7.701652362642226
FAR,FAR,PROPN,PROPN,,,,,False,0,0,0.0
),),PUNCT,PUNCT,,,,,True,2204,0,7.6984827878809465
organiser,organise,VERB,VERB,1.0,0.0,,VERB: 1.00,True,85,0,4.454347296253507
aujourd'hui,aujourd'hui,ADV,ADV,1.0,0.0,,ADV: 1.00,True,127,0,4.852030263919617
un,un,DET,DET,0.7741737557418163,1.1225809040946326,ADP,"DET: 0.77, ADP: 0.11, CCONJ: 0.09",True,8933,0,9.097619501912064
tournoi,tournoi,NOUN,NOUN,1.0,0.0,,NOUN: 1.00,True,31,0,3.4657359027997265
réunir,réunissant,VERB,VERB,1.0,0.0,,VERB: 1.00,True,41,0,3.7376696182833684
le,les,DET,DET,0.8207496286735718,0.8327615029897053,ADP,"DET: 0.82, ADP: 0.15",True,38293,0,10.55304850493315
moins,moins,ADV,ADV,1.0,0.0,,ADV: 1.00,True,149,0,5.0106352940962555
de,de,ADP,ADP,0.7886818615006483,0.7439947701431047,CCONJ,"ADP: 0.79, CCONJ: 0.21",True,27784,0,10.232251585714021
15,15,NUM,NUM,1.0,0.0,,NUM: 1.00,True,88,0,4.48863636973214
an,ans,NOUN,NOUN,1.0,0.0,,NOUN: 1.00,True,385,0,5.955837369464831
de,de,ADP,ADP,0.7886818615006483,0.7439947701431047,CCONJ,"ADP: 0.79, CCONJ: 0.21",True,27784,0,10.232251585714021
le,les,DET,DET,0.8207496286735718,0.8327615029897053,ADP,"DET: 0.82, ADP: 0.15",True,38293,0,10.55304850493315
centre,centres,NOUN,NOUN,1.0,0.0,,NOUN: 1.00,True,136,0,4.919980925828125
de,de,ADP,ADP,0.7886818615006483,0.7439947701431047,CCONJ,"ADP: 0.79, CCONJ: 0.21",True,27784,0,10.232251585714021
formation,formation,NOUN,NOUN,1.0,0.0,,NOUN: 1.00,True,75,0,4.330733340286331
.,.,PUNCT,PUNCT,,,,,True,13366,0,9.500544261971474
ce,Ce,PRON,PRON,0.959635480454852,0.243961008701331,ADV,PRON: 0.96,True,855,0,6.752270376141742
être,sera,AUX,AUX,0.4687470215317024,1.7986756264740116,SCONJ,"AUX: 0.47, SCONJ: 0.23, ADV: 0.20, CCONJ: 0.10",True,8404,0,9.036582045842716
le,l',DET,DET,0.8207496286735718,0.8327615029897053,ADP,"DET: 0.82, ADP: 0.15",True,38293,0,10.55304850493315
ultime,ultime,ADJ,ADJ,,,,,True,8,0,2.1972245773362196
étape,étape,NOUN,NOUN,1.0,0.0,,NOUN: 1.00,True,23,0,3.1780538303479458
de,de,ADP,ADP,0.7886818615006483,0.7439947701431047,CCONJ,"ADP: 0.79, CCONJ: 0.21",True,27784,0,10.232251585714021
coupe,coupe,NOUN,NOUN,1.0,0.0,,NOUN: 1.00,True,85,0,4.454347296253507
de,de,ADP,ADP,0.7886818615006483,0.7439947701431047,CCONJ,"ADP: 0.79, CCONJ: 0.21",True,27784,0,10.232251585714021
France,France,PROPN,PROPN,0.9804292393899958,0.13902365897177782,NOUN,PROPN: 0.98,True,267,0,5.5909869805108565
pour,pour,ADP,ADP,0.7890790430468303,0.7432394314397186,CCONJ,"ADP: 0.79, CCONJ: 0.21",True,2242,0,7.715569534520208
le,les,DET,DET,0.8207496286735718,0.8327615029897053,ADP,"DET: 0.82, ADP: 0.15",True,38293,0,10.55304850493315
catégorie,catégories,NOUN,NOUN,1.0,0.0,,NOUN: 1.00,True,33,0,3.5263605246161616
espoir,espoirs,NOUN,NOUN,1.0,0.0,,NOUN: 1.00,True,22,0,3.1354942159291497
",",",",PUNCT,PUNCT,,,,,True,16599,0,9.717157974344635
le,la,DET,DET,0.8207496286735718,0.8327615029897053,ADP,"DET: 0.82, ADP: 0.15",True,38293,0,10.55304850493315
revanche,revanche,NOUN,NOUN,0.0,0.7412348415062984,NUM,"NUM: 0.79, PROPN: 0.21",True,23,0,3.1780538303479458
de,de,ADP,ADP,0.7886818615006483,0.7439947701431047,CCONJ,"ADP: 0.79, CCONJ: 0.21",True,27784,0,10.232251585714021
le,les,DET,DET,0.8207496286735718,0.8327615029897053,ADP,"DET: 0.82, ADP: 0.15",True,38293,0,10.55304850493315
championnat,championnats,NOUN,NOUN,1.0,0.0,,NOUN: 1.00,True,107,0,4.68213122712422
de,de,ADP,ADP,0.7886818615006483,0.7439947701431047,CCONJ,"ADP: 0.79, CCONJ: 0.21",True,27784,0,10.232251585714021
France,France,PROPN,PROPN,0.9804292393899958,0.13902365897177782,NOUN,PROPN: 0.98,True,267,0,5.5909869805108565
chez,chez,ADP,ADP,0.9950797823970186,0.044804496269571274,ADJ,ADP: 1.00,True,150,0,5.017279836814924
le,les,DET,DET,0.8207496286735718,0.8327615029897053,ADP,"DET: 0.82, ADP: 0.15",True,38293,0,10.55304850493315
vétéran,vétérans,NOUN,NOUN,,,,,True,1,0,0.6931471805599453
",",",",PUNCT,PUNCT,,,,,True,16599,0,9.717157974344635
de,de,ADP,ADP,0.7886818615006483,0.7439947701431047,CCONJ,"ADP: 0.79, CCONJ: 0.21",True,27784,0,10.232251585714021
plus,plus,ADV,ADV,0.7196677710684014,0.8559031009192263,CCONJ,"ADV: 0.72, CCONJ: 0.28",True,1173,0,7.068172000388042
en,en,ADP,ADP,0.21695278762461512,1.4815638486393006,DET,"DET: 0.51, CCONJ: 0.27, ADP: 0.22",True,5233,0,8.562931083090092
plus,plus,ADV,ADV,0.7196677710684014,0.8559031009192263,CCONJ,"ADV: 0.72, CCONJ: 0.28",True,1173,0,7.068172000388042
motiver,motivés,VERB,VERB,,,,,True,3,0,1.3862943611198906
par,par,ADP,ADP,1.0,0.0,,ADP: 1.00,True,2183,0,7.688913336864796
le,la,DET,DET,0.8207496286735718,0.8327615029897053,ADP,"DET: 0.82, ADP: 0.15",True,38293,0,10.55304850493315
compétition,compétition,NOUN,NOUN,1.0,0.0,,NOUN: 1.00,True,43,0,3.784189633918261
et,et,CCONJ,CCONJ,0.25644065667983523,1.7170903132548632,SCONJ,"SCONJ: 0.43, ADP: 0.28, CCONJ: 0.26",True,7215,0,8.88405606174246
quelque,quelques,DET,DET,0.7437180181147647,0.8210838430295273,NUM,"DET: 0.74, NUM: 0.26",True,160,0,5.081404364984463
jour,jours,NOUN,NOUN,1.0,0.0,,NOUN: 1.00,True,200,0,5.303304908059076
plus,plus,ADV,ADV,0.7196677710684014,0.8559031009192263,CCONJ,"ADV: 0.72, CCONJ: 0.28",True,1173,0,7.068172000388042
tard,tard,ADV,ADV,0.5967375254624975,0.9728270574538282,ADJ,"ADV: 0.60, ADJ: 0.40",True,108,0,4.6913478822291435
le,l',DET,DET,0.8207496286735718,0.8327615029897053,ADP,"DET: 0.82, ADP: 0.15",True,38293,0,10.55304850493315
incontournable,incontournable,ADJ,ADJ,,,,,True,6,0,1.9459101490553132
épreuve,épreuve,NOUN,NOUN,1.0,0.0,,NOUN: 1.00,True,39,0,3.6888794541139363
international,internationale,ADJ,ADJ,1.0,0.0,,ADJ: 1.00,True,145,0,4.983606621708336
qui,qui,PRON,PRON,0.8171669946022245,0.8424411100711472,CCONJ,"PRON: 0.82, CCONJ: 0.13, ADV: 0.05",True,1916,0,7.558516743045645
ce,cette,DET,DET,0.8764141494570885,0.6891209831462356,ADP,"DET: 0.88, ADP: 0.08",True,1960,0,7.581209826196346
année,année,NOUN,NOUN,1.0,0.0,,NOUN: 1.00,True,396,0,5.983936280687191
soi,se,PRON,PRON,0.8260631963800735,0.8193543183609986,CCONJ,"PRON: 0.83, CCONJ: 0.12, ADV: 0.05",True,2063,0,7.6324011266014535
dérouler,déroulera,VERB,VERB,1.0,0.0,,VERB: 1.00,True,43,0,3.784189633918261
en,en,ADP,ADP,0.21695278762461512,1.4815638486393006,DET,"DET: 0.51, CCONJ: 0.27, ADP: 0.22",True,5233,0,8.562931083090092
open,open,NOUN,NOUN,,,,,False,0,0,0.0
.,.,PUNCT,PUNCT,,,,,True,13366,0,9.500544261971474
lourdement,Lourdement,ADV,ADV,,,,,True,1,0,0.6931471805599453
endetter,endetté,VERB,VERB,,,,,False,0,0,0.0
(,(,PUNCT,PUNCT,,,,,True,2211,0,7.701652362642226
160,160,NUM,NUM,,,,,True,2,0,1.0986122886681098
milliard,milliards,NOUN,NOUN,1.0,0.0,,NOUN: 1.00,True,37,0,3.6375861597263857
de,d',ADP,ADP,0.7886818615006483,0.7439947701431047,CCONJ,"ADP: 0.79, CCONJ: 0.21",True,27784,0,10.232251585714021
euro,euros,NOUN,NOUN,0.1819055257705694,1.3686692798770292,PROPN,"PROPN: 0.60, NUM: 0.22, NOUN: 0.18",True,65,0,4.189654742026425
fin,fin,NOUN,NOUN,1.0,0.0,,NOUN: 1.00,True,186,0,5.231108616854587
2010,2010,NUM,NUM,1.0,0.0,,NUM: 1.00,True,107,0,4.68213122712422
),),PUNCT,PUNCT,,,,,True,2204,0,7.6984827878809465
",",",",PUNCT,PUNCT,,,,,True,16599,0,9.717157974344635
le,le,DET,DET,0.8207496286735718,0.8327615029897053,ADP,"DET: 0.82, ADP: 0.15",True,38293,0,10.55304850493315
Portugal,Portugal,PROPN,PROPN,,,,,True,10,0,2.3978952727983707
avoir,a,AUX,AUX,0.7537049139623345,0.8053529913575782,ADV,"AUX: 0.75, ADV: 0.25",True,2935,0,7.984803389734406
finir,fini,VERB,VERB,1.0,0.0,,VERB: 1.00,True,45,0,3.828641396489095
le,l',DET,DET,0.8207496286735718,0.8327615029897053,ADP,"DET: 0.82, ADP: 0.15",True,38293,0,10.55304850493315
année,année,NOUN,NOUN,1.0,0.0,,NOUN: 1.00,True,396,0,5.983936280687191
2010,2010,NUM,NUM,1.0,0.0,,NUM: 1.00,True,107,0,4.68213122712422
en,en,ADP,ADP,0.21695278762461512,1.4815638486393006,DET,"DET: 0.51, CCONJ: 0.27, ADP: 0.22",True,5233,0,8.562931083090092
récession,récession,NOUN,NOUN,,,,,True,2,0,1.0986122886681098
avec,avec,ADP,ADP,0.8893781797851439,0.5017887113029871,CCONJ,"ADP: 0.89, CCONJ: 0.11",True,1225,0,7.111512116496157
un,un,DET,DET,0.7741737557418163,1.1225809040946326,ADP,"DET: 0.77, ADP: 0.11, CCONJ: 0.09",True,8933,0,9.097619501912064
déficit,déficit,NOUN,NOUN,1.0,0.0,,NOUN: 1.00,True,11,0,2.4849066497880004
public,public,ADJ,ADJ,1.0,0.0,,ADJ: 1.00,True,93,0,4.543294782270004
à,à,ADP,ADP,1.0,0.0,,ADP: 1.00,True,9366,0,9.14494815320913
"9,1","9,1",NUM,NUM,,,,,True,1,0,0.6931471805599453
%,%,SYM,SYM,,,,,True,249,0,5.521460917862246
de,de,ADP,ADP,0.7886818615006483,0.7439947701431047,CCONJ,"ADP: 0.79, CCONJ: 0.21",True,27784,0,10.232251585714021
le,le,DET,DET,0.8207496286735718,0.8327615029897053,ADP,"DET: 0.82, ADP: 0.15",True,38293,0,10.55304850493315
PIB,PIB,NOUN,NOUN,,,,,True,7,0,2.0794415416798357
et,et,CCONJ,CCONJ,0.25644065667983523,1.7170903132548632,SCONJ,"SCONJ: 0.43, ADP: 0.28, CCONJ: 0.26",True,7215,0,8.88405606174246
un,un,DET,DET,0.7741737557418163,1.1225809040946326,ADP,"DET: 0.77, ADP: 0.11, CCONJ: 0.09",True,8933,0,9.097619501912064
chômage,chômage,NOUN,NOUN,,,,,True,10,0,2.3978952727983707
à,à,ADP,ADP,1.0,0.0,,ADP: 1.00,True,9366,0,9.14494815320913
plus,plus,ADV,ADV,0.7196677710684014,0.8559031009192263,CCONJ,"ADV: 0.72, CCONJ: 0.28",True,1173,0,7.068172000388042
de,de,ADP,ADP,0.7886818615006483,0.7439947701431047,CCONJ,"ADP: 0.79, CCONJ: 0.21",True,27784,0,10.232251585714021
11,11,NUM,NUM,1.0,0.0,,NUM: 1.00,True,61,0,4.127134385045092
%,%,SYM,SYM,,,,,True,249,0,5.521460917862246
.,.,PUNCT,PUNCT,,,,,True,13366,0,9.500544261971474
certes,Certes,ADV,ADV,0.06537617095786726,1.0758529447603218,SCONJ,"SCONJ: 0.78, CCONJ: 0.11, ADV: 0.07",True,11,0,2.4849066497880004
le,la,DET,DET,0.8207496286735718,0.8327615029897053,ADP,"DET: 0.82, ADP: 0.15",True,38293,0,10.55304850493315
France,France,PROPN,PROPN,0.9804292393899958,0.13902365897177782,NOUN,PROPN: 0.98,True,267,0,5.5909869805108565
pouvoir,peut,VERB,VERB,0.9326172400615902,0.3560798311098319,ADJ,"VERB: 0.93, ADJ: 0.07",True,599,0,6.396929655216146
soi,se,PRON,PRON,0.8260631963800735,0.8193543183609986,CCONJ,"PRON: 0.83, CCONJ: 0.12, ADV: 0.05",True,2063,0,7.6324011266014535
consoler,consoler,VERB,VERB,,,,,True,2,0,1.0986122886681098
avec,avec,ADP,ADP,0.8893781797851439,0.5017887113029871,CCONJ,"ADP: 0.89, CCONJ: 0.11",True,1225,0,7.111512116496157
le,les,DET,DET,0.8207496286735718,0.8327615029897053,ADP,"DET: 0.82, ADP: 0.15",True,38293,0,10.55304850493315
piètre,piètres,ADJ,ADJ,,,,,True,2,0,1.0986122886681098
performance,performances,NOUN,NOUN,1.0,0.0,,NOUN: 1.00,True,20,0,3.044522437723423
de,de,ADP,ADP,0.7886818615006483,0.7439947701431047,CCONJ,"ADP: 0.79, CCONJ: 0.21",True,27784,0,10.232251585714021
son,son,DET,DET,0.8481722905876147,0.863954061477403,CCONJ,"DET: 0.85, CCONJ: 0.08",True,3876,0,8.262816937670928
voisin,voisin,NOUN,NOUN,1.0,0.0,,NOUN: 1.00,True,15,0,2.772588722239781
italien,italien,ADJ,ADJ,1.0,0.0,,ADJ: 1.00,True,73,0,4.30406509320417
",",",",PUNCT,PUNCT,,,,,True,16599,0,9.717157974344635
un,une,PRON,PRON,0.0,0.0,NOUN,NOUN: 1.00,True,288,0,5.666426688112432
de,de,ADP,ADP,0.7886818615006483,0.7439947701431047,CCONJ,"ADP: 0.79, CCONJ: 0.21",True,27784,0,10.232251585714021
le,les,DET,DET,0.8207496286735718,0.8327615029897053,ADP,"DET: 0.82, ADP: 0.15",True,38293,0,10.55304850493315
lanterne,lanternes,NOUN,NOUN,,,,,True,1,0,0.6931471805599453
noir,noires,ADJ,ADJ,1.0,0.0,,ADJ: 1.00,True,41,0,3.7376696182833684
de,de,ADP,ADP,0.7886818615006483,0.7439947701431047,CCONJ,"ADP: 0.79, CCONJ: 0.21",True,27784,0,10.232251585714021
le,l',DET,DET,0.8207496286735718,0.8327615029897053,ADP,"DET: 0.82, ADP: 0.15",True,38293,0,10.55304850493315
Europe,Europe,PROPN,PROPN,0.9431808609821591,0.31468648375912217,NOUN,"PROPN: 0.94, NOUN: 0.06",True,109,0,4.700480365792417
sur,sur,ADP,ADP,1.0,0.0,,ADP: 1.00,True,1482,0,7.301822342137932
le,le,DET,DET,0.8207496286735718,0.8327615029897053,ADP,"DET: 0.82, ADP: 0.15",True,38293,0,10.55304850493315
classement,classement,NOUN,NOUN,1.0,0.0,,NOUN: 1.00,True,33,0,3.5263605246161616
de,de,ADP,ADP,0.7886818615006483,0.7439947701431047,CCONJ,"ADP: 0.79, CCONJ: 0.21",True,27784,0,10.232251585714021
le,le,DET,DET,0.8207496286735718,0.8327615029897053,ADP,"DET: 0.82, ADP: 0.15",True,38293,0,10.55304850493315
Wef,Wef,PROPN,PROPN,,,,,False,0,0,0.0
(,(,PUNCT,PUNCT,,,,,True,2211,0,7.701652362642226
74e,74e,ADJ,ADJ,,,,,False,0,0,0.0
),),PUNCT,PUNCT,,,,,True,2204,0,7.6984827878809465
.,.,PUNCT,PUNCT,,,,,True,13366,0,9.500544261971474
le,La,DET,DET,0.8207496286735718,0.8327615029897053,ADP,"DET: 0.82, ADP: 0.15",True,38293,0,10.55304850493315
Nouvelle-Zélande,Nouvelle-Zélande,PROPN,PROPN,,,,,True,5,0,1.791759469228055
avoir,a,AUX,AUX,0.7537049139623345,0.8053529913575782,ADV,"AUX: 0.75, ADV: 0.25",True,2935,0,7.984803389734406
remporter,remporté,VERB,VERB,1.0,0.0,,VERB: 1.00,True,116,0,4.762173934797756
le,la,DET,DET,0.8207496286735718,0.8327615029897053,ADP,"DET: 0.82, ADP: 0.15",True,38293,0,10.55304850493315
deuxième,deuxième,ADJ,ADJ,1.0,0.0,,ADJ: 1.00,True,90,0,4.51085950651685
coupe,Coupe,NOUN,NOUN,1.0,0.0,,NOUN: 1.00,True,85,0,4.454347296253507
de,de,ADP,ADP,0.7886818615006483,0.7439947701431047,CCONJ,"ADP: 0.79, CCONJ: 0.21",True,27784,0,10.232251585714021
le,le,DET,DET,0.8207496286735718,0.8327615029897053,ADP,"DET: 0.82, ADP: 0.15",True,38293,0,10.55304850493315
Monde,Monde,PROPN,NOUN,,,,,False,0,1,0.0
de,de,ADP,ADP,0.7886818615006483,0.7439947701431047,CCONJ,"ADP: 0.79, CCONJ: 0.21",True,27784,0,10.232251585714021
rugby,rugby,NOUN,NOUN,0.21632103697086233,1.4520504653030544,PROPN,"PROPN: 0.54, NUM: 0.24, NOUN: 0.22",True,21,0,3.091042453358316
de,de,ADP,ADP,0.7886818615006483,0.7439947701431047,CCONJ,"ADP: 0.79, CCONJ: 0.21",True,27784,0,10.232251585714021
son,son,DET,DET,0.8481722905876147,0.863954061477403,CCONJ,"DET: 0.85, CCONJ: 0.08",True,3876,0,8.262816937670928
histoire,histoire,NOUN,NOUN,1.0,0.0,,NOUN: 1.00,True,117,0,4.770684624465665
",",",",PUNCT,PUNCT,,,,,True,16599,0,9.717157974344635
24,24,NUM,NUM,1.0,0.0,,NUM: 1.00,True,61,0,4.127134385045092
an,ans,NOUN,NOUN,1.0,0.0,,NOUN: 1.00,True,385,0,5.955837369464831
après,après,ADP,ADP,0.8490838848157983,0.7380994576350169,CCONJ,"ADP: 0.85, CCONJ: 0.11",True,403,0,6.0014148779611505
son,son,DET,DET,0.8481722905876147,0.863954061477403,CCONJ,"DET: 0.85, CCONJ: 0.08",True,3876,0,8.262816937670928
premier,premier,ADJ,ADJ,1.0,0.0,,ADJ: 1.00,True,675,0,6.516193076042964
sacre,sacre,NOUN,NOUN,,,,,True,1,0,0.6931471805599453
en,en,ADP,ADP,0.21695278762461512,1.4815638486393006,DET,"DET: 0.51, CCONJ: 0.27, ADP: 0.22",True,5233,0,8.562931083090092
1987,1987,NUM,NUM,0.94638972572543,0.3015395582438986,PROPN,"NUM: 0.95, PROPN: 0.05",True,21,0,3.091042453358316
",",",",PUNCT,PUNCT,,,,,True,16599,0,9.717157974344635
en,en,ADP,ADP,0.21695278762461512,1.4815638486393006,DET,"DET: 0.51, CCONJ: 0.27, ADP: 0.22",True,5233,0,8.562931083090092
battre,battant,VERB,VERB,1.0,0.0,,VERB: 1.00,True,48,0,3.8918202981106265
le,le,DET,DET,0.8207496286735718,0.8327615029897053,ADP,"DET: 0.82, ADP: 0.15",True,38293,0,10.55304850493315
XV,XV,NUM,PROPN,0.0,0.31931115165673507,PROPN,"PROPN: 0.94, NOUN: 0.06",True,15,1,2.772588722239781
de,de,ADP,ADP,0.7886818615006483,0.7439947701431047,CCONJ,"ADP: 0.79, CCONJ: 0.21",True,27784,0,10.232251585714021
France,France,PROPN,PROPN,0.9804292393899958,0.13902365897177782,NOUN,PROPN: 0.98,True,267,0,5.5909869805108565
8,8,NUM,NUM,1.0,0.0,,NUM: 1.00,True,66,0,4.204692619390966
à,à,ADP,ADP,1.0,0.0,,ADP: 1.00,True,9366,0,9.14494815320913
7,7,NUM,NUM,1.0,0.0,,NUM: 1.00,True,95,0,4.564348191467836
(,(,PUNCT,PUNCT,,,,,True,2211,0,7.701652362642226
mi-temps,mi-temps,NOUN,NOUN,,,,,True,7,0,2.0794415416798357
:,:,PUNCT,PUNCT,,,,,True,739,0,6.606650186198215
5-0,5-0,NUM,NUM,,,,,False,0,0,0.0
),),PUNCT,PUNCT,,,,,True,2204,0,7.6984827878809465
en,en,ADP,ADP,0.21695278762461512,1.4815638486393006,DET,"DET: 0.51, CCONJ: 0.27, ADP: 0.22",True,5233,0,8.562931083090092
finale,finale,NOUN,NOUN,0.6811897914770279,0.9030829078678155,PROPN,"NOUN: 0.68, PROPN: 0.32",True,48,0,3.8918202981106265
dimanche,dimanche,NOUN,NOUN,0.7024037899016987,0.878332646149858,NUM,"NOUN: 0.70, NUM: 0.30",True,33,0,3.5263605246161616
à,à,ADP,ADP,1.0,0.0,,ADP: 1.00,True,9366,0,9.14494815320913
le,l',DET,DET,0.8207496286735718,0.8327615029897053,ADP,"DET: 0.82, ADP: 0.15",True,38293,0,10.55304850493315
Eden,Eden,PROPN,PROPN,,,,,False,0,0,0.0
Park,Park,PROPN,PROPN,,,,,True,12,0,2.5649493574615367
de,d',ADP,ADP,0.7886818615006483,0.7439947701431047,CCONJ,"ADP: 0.79, CCONJ: 0.21",True,27784,0,10.232251585714021
Auckland,Auckland,PROPN,PROPN,,,,,True,10,0,2.3978952727983707
.,.,PUNCT,PUNCT,,,,,True,13366,0,9.500544261971474
lui,Elle,PRON,PRON,0.7173975220804439,1.0427392110337699,CCONJ,"PRON: 0.72, CCONJ: 0.24",True,5436,0,8.600982717145921
avoir,a,AUX,AUX,0.7537049139623345,0.8053529913575782,ADV,"AUX: 0.75, ADV: 0.25",True,2935,0,7.984803389734406
affirmer,affirmé,VERB,VERB,1.0,0.0,,VERB: 1.00,True,42,0,3.7612001156935624
le,l',DET,DET,0.8207496286735718,0.8327615029897053,ADP,"DET: 0.82, ADP: 0.15",True,38293,0,10.55304850493315
obligation,obligation,NOUN,NOUN,1.0,0.0,,NOUN: 1.00,True,15,0,2.772588722239781
de,de,ADP,ADP,0.7886818615006483,0.7439947701431047,CCONJ,"ADP: 0.79, CCONJ: 0.21",True,27784,0,10.232251585714021
faire,faire,VERB,VERB,1.0,0.0,,VERB: 1.00,True,655,0,6.486160788944089
"""","""",PUNCT,PUNCT,,,,,True,819,0,6.709304340258298
un,un,DET,DET,0.7741737557418163,1.1225809040946326,ADP,"DET: 0.77, ADP: 0.11, CCONJ: 0.09",True,8933,0,9.097619501912064
match,match,NOUN,NOUN,1.0,0.0,,NOUN: 1.00,True,133,0,4.897839799950911
parfait,parfait,ADJ,ADJ,1.0,0.0,,ADJ: 1.00,True,27,0,3.332204510175204
pour,pour,ADP,ADP,0.7890790430468303,0.7432394314397186,CCONJ,"ADP: 0.79, CCONJ: 0.21",True,2242,0,7.715569534520208
soi,se,PRON,PRON,0.8260631963800735,0.8193543183609986,CCONJ,"PRON: 0.83, CCONJ: 0.12, ADV: 0.05",True,2063,0,7.6324011266014535
qualifier,qualifier,VERB,VERB,1.0,0.0,,VERB: 1.00,True,36,0,3.6109179126442243
"""","""",PUNCT,PUNCT,,,,,True,819,0,6.709304340258298
.,.,PUNCT,PUNCT,,,,,True,13366,0,9.500544261971474
de,De,ADP,ADP,0.7886818615006483,0.7439947701431047,CCONJ,"ADP: 0.79, CCONJ: 0.21",True,27784,0,10.232251585714021
son,son,DET,DET,0.8481722905876147,0.863954061477403,CCONJ,"DET: 0.85, CCONJ: 0.08",True,3876,0,8.262816937670928
côté,côté,NOUN,NOUN,1.0,0.0,,NOUN: 1.00,True,106,0,4.672828834461906
",",",",PUNCT,PUNCT,,,,,True,16599,0,9.717157974344635
le,l',DET,DET,0.8207496286735718,0.8327615029897053,ADP,"DET: 0.82, ADP: 0.15",True,38293,0,10.55304850493315
agence,agence,NOUN,NOUN,1.0,0.0,,NOUN: 1.00,True,46,0,3.8501476017100584
de,de,ADP,ADP,0.7886818615006483,0.7439947701431047,CCONJ,"ADP: 0.79, CCONJ: 0.21",True,27784,0,10.232251585714021
sûreté,sûreté,NOUN,NOUN,,,,,True,3,0,1.3862943611198906
nucléaire,nucléaire,ADJ,ADJ,1.0,0.0,,ADJ: 1.00,True,19,0,2.995732273553991
japonais,japonaise,ADJ,ADJ,1.0,0.0,,ADJ: 1.00,True,34,0,3.5553480614894135
ne,n',ADV,ADV,0.03110691420199771,0.7244015123648279,PRON,"PRON: 0.85, CCONJ: 0.12",True,1435,0,7.269616749608169
avoir,a,AUX,AUX,0.7537049139623345,0.8053529913575782,ADV,"AUX: 0.75, ADV: 0.25",True,2935,0,7.984803389734406
pas,pas,ADV,ADV,1.0,0.0,,ADV: 1.00,True,893,0,6.795705775173514
relever,relevé,VERB,VERB,1.0,0.0,,VERB: 1.00,True,21,0,3.091042453358316
le,le,DET,DET,0.8207496286735718,0.8327615029897053,ADP,"DET: 0.82, ADP: 0.15",True,38293,0,10.55304850493315
classement,classement,NOUN,NOUN,1.0,0.0,,NOUN: 1.00,True,33,0,3.5263605246161616
de,de,ADP,ADP,0.7886818615006483,0.7439947701431047,CCONJ,"ADP: 0.79, CCONJ: 0.21",True,27784,0,10.232251585714021
le,l',DET,DET,0.8207496286735718,0.8327615029897053,ADP,"DET: 0.82, ADP: 0.15",True,38293,0,10.55304850493315
accident,accident,NOUN,NOUN,1.0,0.0,,NOUN: 1.00,True,20,0,3.044522437723423
de,de,ADP,ADP,0.7886818615006483,0.7439947701431047,CCONJ,"ADP: 0.79, CCONJ: 0.21",True,27784,0,10.232251585714021
le,la,DET,DET,0.8207496286735718,0.8327615029897053,ADP,"DET: 0.82, ADP: 0.15",True,38293,0,10.55304850493315
centrale,centrale,NOUN,NOUN,1.0,0.0,,NOUN: 1.00,True,14,0,2.70805020110221
de,de,ADP,ADP,0.7886818615006483,0.7439947701431047,CCONJ,"ADP: 0.79, CCONJ: 0.21",True,27784,0,10.232251585714021
Fukushima,Fukushima,PROPN,PROPN,,,,,False,0,0,0.0
à,à,ADP,ADP,1.0,0.0,,ADP: 1.00,True,9366,0,9.14494815320913
le,le,DET,DET,0.8207496286735718,0.8327615029897053,ADP,"DET: 0.82, ADP: 0.15",True,38293,0,10.55304850493315
niveau,niveau,NOUN,NOUN,1.0,0.0,,NOUN: 1.00,True,115,0,4.7535901911063645
6,6,NUM,NUM,1.0,0.0,,NUM: 1.00,True,88,0,4.48863636973214
.,.,PUNCT,PUNCT,,,,,True,13366,0,9.500544261971474
comme,Comme,SCONJ,ADP,0.5807636285615381,1.3800520188671654,CCONJ,"SCONJ: 0.58, CCONJ: 0.32, ADV: 0.07",True,144,1,4.976733742420574
chaque,chaque,DET,DET,0.8752800390928642,0.6935189399848112,ADP,"DET: 0.88, ADP: 0.08",True,122,0,4.812184355372417
soir,soir,NOUN,NOUN,0.5063894860288365,0.9998821992094041,PROPN,"NOUN: 0.51, PROPN: 0.49",True,39,0,3.6888794541139363
à,à,ADP,ADP,1.0,0.0,,ADP: 1.00,True,9366,0,9.14494815320913
18,18,NUM,NUM,1.0,0.0,,NUM: 1.00,True,68,0,4.23410650459726
h,h,NOUN,NOUN,1.0,0.0,,NOUN: 1.00,True,72,0,4.290459441148391
40,40,NUM,NUM,0.2665662444874502,0.8364941454354283,DET,"DET: 0.73, NUM: 0.27",True,27,0,3.332204510175204
",",",",PUNCT,PUNCT,,,,,True,16599,0,9.717157974344635
lui,il,PRON,PRON,0.7173975220804439,1.0427392110337699,CCONJ,"PRON: 0.72, CCONJ: 0.24",True,5436,0,8.600982717145921
trancher,tranche,VERB,VERB,,,,,True,5,0,1.791759469228055
",",",",PUNCT,PUNCT,,,,,True,16599,0,9.717157974344635
malmener,malmène,VERB,VERB,,,,,True,1,0,0.6931471805599453
et,et,CCONJ,CCONJ,0.25644065667983523,1.7170903132548632,SCONJ,"SCONJ: 0.43, ADP: 0.28, CCONJ: 0.26",True,7215,0,8.88405606174246
détourner,détourne,VERB,VERB,,,,,True,5,0,1.791759469228055
le,l',DET,DET,0.8207496286735718,0.8327615029897053,ADP,"DET: 0.82, ADP: 0.15",True,38293,0,10.55304850493315
actualité,actualité,NOUN,NOUN,,,,,True,8,0,2.1972245773362196
.,.,PUNCT,PUNCT,,,,,True,13366,0,9.500544261971474
côté,Côté,NOUN,NOUN,1.0,0.0,,NOUN: 1.00,True,106,0,4.672828834461906
organisation,organisation,NOUN,NOUN,1.0,0.0,,NOUN: 1.00,True,77,0,4.356708826689592
",",",",PUNCT,PUNCT,,,,,True,16599,0,9.717157974344635
le,la,DET,DET,0.8207496286735718,0.8327615029897053,ADP,"DET: 0.82, ADP: 0.15",True,38293,0,10.55304850493315
municipalité,municipalité,NOUN,NOUN,1.0,0.0,,NOUN: 1.00,True,46,0,3.8501476017100584
aller,va,VERB,VERB,1.0,0.0,,VERB: 1.00,True,221,0,5.402677381872279
apporter,apporter,VERB,VERB,1.0,0.0,,VERB: 1.00,True,34,0,3.5553480614894135
son,son,DET,DET,0.8481722905876147,0.863954061477403,CCONJ,"DET: 0.85, CCONJ: 0.08",True,3876,0,8.262816937670928
soutien,soutien,NOUN,NOUN,1.0,0.0,,NOUN: 1.00,True,37,0,3.6375861597263857
logistique,logistique,ADJ,ADJ,,,,,True,1,0,0.6931471805599453
à,à,ADP,ADP,1.0,0.0,,ADP: 1.00,True,9366,0,9.14494815320913
le,le,DET,DET,0.8207496286735718,0.8327615029897053,ADP,"DET: 0.82, ADP: 0.15",True,38293,0,10.55304850493315
président,président,NOUN,NOUN,1.0,0.0,,NOUN: 1.00,True,121,0,4.804021044733257
de,de,ADP,ADP,0.7886818615006483,0.7439947701431047,CCONJ,"ADP: 0.79, CCONJ: 0.21",True,27784,0,10.232251585714021
le,la,DET,DET,0.8207496286735718,0.8327615029897053,ADP,"DET: 0.82, ADP: 0.15",True,38293,0,10.55304850493315
boule,Boule,NOUN,NOUN,,,,,True,2,0,1.0986122886681098
canéjanais,Canéjanaise,ADJ,ADJ,,,,,False,0,0,0.0
",",",",PUNCT,PUNCT,,,,,True,16599,0,9.717157974344635
Richard,Richard,PROPN,PROPN,1.0,0.0,,PROPN: 1.00,True,18,0,2.9444389791664403
Juzanx,Juzanx,PROPN,PROPN,,,,,False,0,0,0.0
",",",",PUNCT,PUNCT,,,,,True,16599,0,9.717157974344635
tandis,tandis,ADV,ADV,,,,,True,59,0,4.0943445622221
que,que,SCONJ,SCONJ,0.6915510664276248,1.397369454710615,CCONJ,"SCONJ: 0.69, CCONJ: 0.17, PRON: 0.06, ADV: 0.05",True,1979,0,7.590852123688581
le,les,DET,DET,0.8207496286735718,0.8327615029897053,ADP,"DET: 0.82, ADP: 0.15",True,38293,0,10.55304850493315
80,80,NUM,NUM,0.3503295753118704,0.9343620497181333,DET,"DET: 0.65, NUM: 0.35",True,23,0,3.1780538303479458
bénévole,bénévoles,NOUN,NOUN,,,,,True,1,0,0.6931471805599453
canéjanais,canéjanais,ADJ,ADJ,,,,,False,0,0,0.0
être,sont,AUX,AUX,0.4687470215317024,1.7986756264740116,SCONJ,"AUX: 0.47, SCONJ: 0.23, ADV: 0.20, CCONJ: 0.10",True,8404,0,9.036582045842716
en,en,ADP,ADP,0.21695278762461512,1.4815638486393006,DET,"DET: 0.51, CCONJ: 0.27, ADP: 0.22",True,5233,0,8.562931083090092
plein,plein,ADJ,ADJ,0.0400698981436272,0.321275513391467,DET,DET: 0.95,True,44,0,3.8066624897703196
dans,dans,ADP,ADP,1.0,0.0,,ADP: 1.00,True,2779,0,7.930206206684683
le,les,DET,DET,0.8207496286735718,0.8327615029897053,ADP,"DET: 0.82, ADP: 0.15",True,38293,0,10.55304850493315
préparatif,préparatifs,NOUN,NOUN,,,,,True,1,0,0.6931471805599453
et,et,CCONJ,CCONJ,0.25644065667983523,1.7170903132548632,SCONJ,"SCONJ: 0.43, ADP: 0.28, CCONJ: 0.26",True,7215,0,8.88405606174246
soi,s',PRON,PRON,0.8260631963800735,0.8193543183609986,CCONJ,"PRON: 0.83, CCONJ: 0.12, ADV: 0.05",True,2063,0,7.6324011266014535
apprêter,apprêtent,VERB,VERB,,,,,False,0,0,0.0
à,à,ADP,ADP,1.0,0.0,,ADP: 1.00,True,9366,0,9.14494815320913
vivre,vivre,VERB,VERB,1.0,0.0,,VERB: 1.00,True,85,0,4.454347296253507
un,un,DET,DET,0.7741737557418163,1.1225809040946326,ADP,"DET: 0.77, ADP: 0.11, CCONJ: 0.09",True,8933,0,9.097619501912064
moment,moment,NOUN,NOUN,1.0,0.0,,NOUN: 1.00,True,77,0,4.356708826689592
exceptionnel,exceptionnel,ADJ,ADJ,1.0,0.0,,ADJ: 1.00,True,16,0,2.833213344056216
dans,dans,ADP,ADP,1.0,0.0,,ADP: 1.00,True,2779,0,7.930206206684683
le,l',DET,DET,0.8207496286735718,0.8327615029897053,ADP,"DET: 0.82, ADP: 0.15",True,38293,0,10.55304850493315
histoire,histoire,NOUN,NOUN,1.0,0.0,,NOUN: 1.00,True,117,0,4.770684624465665
de,de,ADP,ADP,0.7886818615006483,0.7439947701431047,CCONJ,"ADP: 0.79, CCONJ: 0.21",True,27784,0,10.232251585714021
le,le,DET,DET,0.8207496286735718,0.8327615029897053,ADP,"DET: 0.82, ADP: 0.15",True,38293,0,10.55304850493315
club,club,NOUN,NOUN,1.0,0.0,,NOUN: 1.00,True,134,0,4.90527477843843
.,.,PUNCT,PUNCT,,,,,True,13366,0,9.500544261971474
même,Même,ADV,ADV,0.18926026316764635,1.4827926229322652,SCONJ,"SCONJ: 0.49, CCONJ: 0.32, ADV: 0.19",True,205,0,5.327876168789581
de,de,ADP,ADP,0.7886818615006483,0.7439947701431047,CCONJ,"ADP: 0.79, CCONJ: 0.21",True,27784,0,10.232251585714021
le,le,DET,DET,0.8207496286735718,0.8327615029897053,ADP,"DET: 0.82, ADP: 0.15",True,38293,0,10.55304850493315
fond,fond,NOUN,NOUN,1.0,0.0,,NOUN: 1.00,True,29,0,3.4011973816621555
de,de,ADP,ADP,0.7886818615006483,0.7439947701431047,CCONJ,"ADP: 0.79, CCONJ: 0.21",True,27784,0,10.232251585714021
le,l',DET,DET,0.8207496286735718,0.8327615029897053,ADP,"DET: 0.82, ADP: 0.15",True,38293,0,10.55304850493315
enfer,enfer,NOUN,NOUN,,,,,True,5,0,1.791759469228055
",",",",PUNCT,PUNCT,,,,,True,16599,0,9.717157974344635
Dany,Dany,PROPN,PROPN,,,,,False,0,0,0.0
Laferrière,Laferrière,PROPN,PROPN,,,,,True,1,0,0.6931471805599453
rester,reste,VERB,VERB,1.0,0.0,,VERB: 1.00,True,168,0,5.1298987149230735
un,un,DET,DET,0.7741737557418163,1.1225809040946326,ADP,"DET: 0.77, ADP: 0.11, CCONJ: 0.09",True,8933,0,9.097619501912064
réaliste,réaliste,NOUN,NOUN,,,,,False,0,0,0.0
heureux,heureux,ADJ,ADJ,,,,,True,8,0,2.1972245773362196
.,.,PUNCT,PUNCT,,,,,True,13366,0,9.500544261971474
falloir,Faut,VERB,VERB,1.0,0.0,,VERB: 1.00,True,108,0,4.6913478822291435
lui,-il,PRON,PRON,0.7173975220804439,1.0427392110337699,CCONJ,"PRON: 0.72, CCONJ: 0.24",True,5436,0,8.600982717145921
éviter,éviter,VERB,VERB,1.0,0.0,,VERB: 1.00,True,39,0,3.6888794541139363
de,de,ADP,ADP,0.7886818615006483,0.7439947701431047,CCONJ,"ADP: 0.79, CCONJ: 0.21",True,27784,0,10.232251585714021
soi,se,PRON,PRON,0.8260631963800735,0.8193543183609986,CCONJ,"PRON: 0.83, CCONJ: 0.12, ADV: 0.05",True,2063,0,7.6324011266014535
rendre,rendre,VERB,VERB,1.0,0.0,,VERB: 1.00,True,127,0,4.852030263919617
dans,dans,ADP,ADP,1.0,0.0,,ADP: 1.00,True,2779,0,7.930206206684683
le,les,DET,DET,0.8207496286735718,0.8327615029897053,ADP,"DET: 0.82, ADP: 0.15",True,38293,0,10.55304850493315
pays,pays,NOUN,NOUN,1.0,0.0,,NOUN: 1.00,True,251,0,5.529429087511423
de,de,ADP,ADP,0.7886818615006483,0.7439947701431047,CCONJ,"ADP: 0.79, CCONJ: 0.21",True,27784,0,10.232251585714021
le,le,DET,DET,0.8207496286735718,0.8327615029897053,ADP,"DET: 0.82, ADP: 0.15",True,38293,0,10.55304850493315
sous-continent,sous-continent,NOUN,NOUN,,,,,True,1,0,0.6931471805599453
indien,indien,ADJ,ADJ,1.0,0.0,,ADJ: 1.00,True,16,0,2.833213344056216
?,?,PUNCT,PUNCT,,,,,True,270,0,5.602118820879701
celui-ci,Celle-ci,PRON,PRON,0.945788582126471,0.3040242868036479,ADV,"PRON: 0.95, ADV: 0.05",True,111,0,4.718498871295094
avoir,a,AUX,AUX,0.7537049139623345,0.8053529913575782,ADV,"AUX: 0.75, ADV: 0.25",True,2935,0,7.984803389734406
également,également,ADV,ADV,1.0,0.0,,ADV: 1.00,True,282,0,5.645446897643238
perdre,perdu,VERB,VERB,1.0,0.0,,VERB: 1.00,True,73,0,4.30406509320417
de,de,ADP,ADP,0.7886818615006483,0.7439947701431047,CCONJ,"ADP: 0.79, CCONJ: 0.21",True,27784,0,10.232251585714021
le,le,DET,DET,0.8207496286735718,0.8327615029897053,ADP,"DET: 0.82, ADP: 0.15",True,38293,0,10.55304850493315
terrain,terrain,NOUN,NOUN,1.0,0.0,,NOUN: 1.00,True,33,0,3.5263605246161616
sur,sur,ADP,ADP,1.0,0.0,,ADP: 1.00,True,1482,0,7.301822342137932
le,l',DET,DET,0.8207496286735718,0.8327615029897053,ADP,"DET: 0.82, ADP: 0.15",True,38293,0,10.55304850493315
euro,euro,NOUN,NOUN,0.1819055257705694,1.3686692798770292,PROPN,"PROPN: 0.60, NUM: 0.22, NOUN: 0.18",True,65,0,4.189654742026425
",",",",PUNCT,PUNCT,,,,,True,16599,0,9.717157974344635
le,l',DET,DET,0.8207496286735718,0.8327615029897053,ADP,"DET: 0.82, ADP: 0.15",True,38293,0,10.55304850493315
EUR,EUR,PROPN,NOUN,,,,,False,0,1,0.0
/,/,SYM,SYM,,,,,True,105,0,4.663439094112067
GBP,GBP,PROPN,X,,,,,False,0,1,0.0
prendre,prenant,VERB,VERB,1.0,0.0,,VERB: 1.00,True,287,0,5.662960480135946
0.27,0.27,NUM,NUM,,,,,False,0,0,0.0
%,%,SYM,SYM,,,,,True,249,0,5.521460917862246
pour,pour,ADP,ADP,0.7890790430468303,0.7432394314397186,CCONJ,"ADP: 0.79, CCONJ: 0.21",True,2242,0,7.715569534520208
soi,se,PRON,PRON,0.8260631963800735,0.8193543183609986,CCONJ,"PRON: 0.83, CCONJ: 0.12, ADV: 0.05",True,2063,0,7.6324011266014535
hisser,hisser,VERB,VERB,,,,,True,2,0,1.0986122886681098
à,à,ADP,ADP,1.0,0.0,,ADP: 1.00,True,9366,0,9.14494815320913
0.8647,0.8647,NUM,NUM,,,,,False,0,0,0.0
.,.,PUNCT,PUNCT,,,,,True,13366,0,9.500544261971474
"""","""",PUNCT,PUNCT,,,,,True,819,0,6.709304340258298
moi,J',PRON,PRON,0.7120466284894749,1.0523675190710984,CCONJ,"PRON: 0.71, CCONJ: 0.24",True,621,0,6.432940092739179
avoir,ai,AUX,AUX,0.7537049139623345,0.8053529913575782,ADV,"AUX: 0.75, ADV: 0.25",True,2935,0,7.984803389734406
sentir,senti,VERB,VERB,1.0,0.0,,VERB: 1.00,True,27,0,3.332204510175204
",",",",PUNCT,PUNCT,,,,,True,16599,0,9.717157974344635
à,à,ADP,ADP,1.0,0.0,,ADP: 1.00,True,9366,0,9.14494815320913
le,le,DET,DET,0.8207496286735718,0.8327615029897053,ADP,"DET: 0.82, ADP: 0.15",True,38293,0,10.55304850493315
cours,cours,NOUN,NOUN,1.0,0.0,,NOUN: 1.00,True,164,0,5.10594547390058
de,de,ADP,ADP,0.7886818615006483,0.7439947701431047,CCONJ,"ADP: 0.79, CCONJ: 0.21",True,27784,0,10.232251585714021
son,mon,DET,DET,0.8481722905876147,0.863954061477403,CCONJ,"DET: 0.85, CCONJ: 0.08",True,3876,0,8.262816937670928
déplacement,déplacement,NOUN,NOUN,1.0,0.0,,NOUN: 1.00,True,17,0,2.8903717578961645
à,à,ADP,ADP,1.0,0.0,,ADP: 1.00,True,9366,0,9.14494815320913
Prague,Prague,PROPN,PROPN,,,,,True,6,0,1.9459101490553132
",",",",PUNCT,PUNCT,,,,,True,16599,0,9.717157974344635
que,que,SCONJ,SCONJ,0.6915510664276248,1.397369454710615,CCONJ,"SCONJ: 0.69, CCONJ: 0.17, PRON: 0.06, ADV: 0.05",True,1979,0,7.590852123688581
le,les,DET,DET,0.8207496286735718,0.8327615029897053,ADP,"DET: 0.82, ADP: 0.15",True,38293,0,10.55304850493315
Tchèques,Tchèques,PROPN,NOUN,,,,,False,0,1,0.0
être,étaient,AUX,AUX,0.4687470215317024,1.7986756264740116,SCONJ,"AUX: 0.47, SCONJ: 0.23, ADV: 0.20, CCONJ: 0.10",True,8404,0,9.036582045842716
probablement,probablement,ADV,ADV,1.0,0.0,,ADV: 1.00,True,29,0,3.4011973816621555
le,les,DET,DET,0.8207496286735718,0.8327615029897053,ADP,"DET: 0.82, ADP: 0.15",True,38293,0,10.55304850493315
plus,plus,ADV,ADV,0.7196677710684014,0.8559031009192263,CCONJ,"ADV: 0.72, CCONJ: 0.28",True,1173,0,7.068172000388042
ouvert,ouverts,ADJ,ADJ,1.0,0.0,,ADJ: 1.00,True,24,0,3.2188758248682006
.,.,PUNCT,PUNCT,,,,,True,13366,0,9.500544261971474
finir,Fini,VERB,VERB,1.0,0.0,,VERB: 1.00,True,45,0,3.828641396489095
le,les,DET,DET,0.8207496286735718,0.8327615029897053,ADP,"DET: 0.82, ADP: 0.15",True,38293,0,10.55304850493315
vacance,vacances,NOUN,NOUN,1.0,0.0,,NOUN: 1.00,True,19,0,2.995732273553991
pour,pour,ADP,ADP,0.7890790430468303,0.7432394314397186,CCONJ,"ADP: 0.79, CCONJ: 0.21",True,2242,0,7.715569534520208
le,le,DET,DET,0.8207496286735718,0.8327615029897053,ADP,"DET: 0.82, ADP: 0.15",True,38293,0,10.55304850493315
jeune,jeune,ADJ,ADJ,1.0,0.0,,ADJ: 1.00,True,96,0,4.574710978503383
Pascal,Pascal,PROPN,PROPN,,,,,True,10,0,2.3978952727983707
Haupais,Haupais,PROPN,PROPN,,,,,False,0,0,0.0
qui,qui,PRON,PRON,0.8171669946022245,0.8424411100711472,CCONJ,"PRON: 0.82, CCONJ: 0.13, ADV: 0.05",True,1916,0,7.558516743045645
faire,fait,VERB,VERB,1.0,0.0,,VERB: 1.00,True,655,0,6.486160788944089
son,sa,DET,DET,0.8481722905876147,0.863954061477403,CCONJ,"DET: 0.85, CCONJ: 0.08",True,3876,0,8.262816937670928
rentrée,rentrée,NOUN,NOUN,,,,,True,6,0,1.9459101490553132
en,en,ADP,ADP,0.21695278762461512,1.4815638486393006,DET,"DET: 0.51, CCONJ: 0.27, ADP: 0.22",True,5233,0,8.562931083090092
classe,classe,NOUN,NOUN,1.0,0.0,,NOUN: 1.00,True,34,0,3.5553480614894135
de,de,ADP,ADP,0.7886818615006483,0.7439947701431047,CCONJ,"ADP: 0.79, CCONJ: 0.21",True,27784,0,10.232251585714021
CM1,CM1,NOUN,PROPN,,,,,False,0,1,0.0
.,.,PUNCT,PUNCT,,,,,True,13366,0,9.500544261971474
plus,Plus,ADV,ADV,0.7196677710684014,0.8559031009192263,CCONJ,"ADV: 0.72, CCONJ: 0.28",True,1173,0,7.068172000388042
de,de,ADP,ADP,0.7886818615006483,0.7439947701431047,CCONJ,"ADP: 0.79, CCONJ: 0.21",True,27784,0,10.232251585714021
20,20,NUM,NUM,1.0,0.0,,NUM: 1.00,True,97,0,4.584967478670572
personne,personnes,NOUN,NOUN,1.0,0.0,,NOUN: 1.00,True,136,0,4.919980925828125
avoir,ont,AUX,AUX,0.7537049139623345,0.8053529913575782,ADV,"AUX: 0.75, ADV: 0.25",True,2935,0,7.984803389734406
en,en,ADP,ADP,0.21695278762461512,1.4815638486393006,DET,"DET: 0.51, CCONJ: 0.27, ADP: 0.22",True,5233,0,8.562931083090092
outre,outre,ADV,ADV,,,,,True,19,0,2.995732273553991
être,été,AUX,AUX,0.4687470215317024,1.7986756264740116,SCONJ,"AUX: 0.47, SCONJ: 0.23, ADV: 0.20, CCONJ: 0.10",True,8404,0,9.036582045842716
blesser,blessées,VERB,VERB,1.0,0.0,,VERB: 1.00,True,19,0,2.995732273553991
",",",",PUNCT,PUNCT,,,,,True,16599,0,9.717157974344635
dont,dont,CCONJ,PRON,0.5212717301936723,1.161987333184483,ADP,"CCONJ: 0.52, ADP: 0.45",True,87,1,4.477336814478207
un,une,NUM,PRON,0.0,0.5718157531133617,DET,"DET: 0.90, ADP: 0.07",True,108,1,4.6913478822291435
grièvement,grièvement,ADV,ADV,,,,,True,1,0,0.6931471805599453
",",",",PUNCT,PUNCT,,,,,True,16599,0,9.717157974344635
lors,lors,ADV,ADV,0.5184561214690955,1.5275209353939645,PRON,"ADV: 0.52, PRON: 0.25, VERB: 0.23",True,286,0,5.659482215759621
de,d',ADP,ADP,0.7886818615006483,0.7439947701431047,CCONJ,"ADP: 0.79, CCONJ: 0.21",True,27784,0,10.232251585714021
affrontement,affrontements,NOUN,NOUN,,,,,True,9,0,2.302585092994046
survenir,survenus,VERB,VERB,0.6191001533894538,0.9586750773955692,ADJ,"VERB: 0.62, ADJ: 0.38",True,13,0,2.6390573296152584
dans,dans,ADP,ADP,1.0,0.0,,ADP: 1.00,True,2779,0,7.930206206684683
un,des,DET,DET,0.7741737557418163,1.1225809040946326,ADP,"DET: 0.77, ADP: 0.11, CCONJ: 0.09",True,8933,0,9.097619501912064
village,villages,NOUN,NOUN,1.0,0.0,,NOUN: 1.00,True,128,0,4.859812404361672
chiite,chiites,ADJ,ADJ,,,,,True,2,0,1.0986122886681098
de,de,ADP,ADP,0.7886818615006483,0.7439947701431047,CCONJ,"ADP: 0.79, CCONJ: 0.21",True,27784,0,10.232251585714021
le,les,DET,DET,0.8207496286735718,0.8327615029897053,ADP,"DET: 0.82, ADP: 0.15",True,38293,0,10.55304850493315
environs,environs,NOUN,NOUN,,,,,True,5,0,1.791759469228055
de,de,ADP,ADP,0.7886818615006483,0.7439947701431047,CCONJ,"ADP: 0.79, CCONJ: 0.21",True,27784,0,10.232251585714021
le,la,DET,DET,0.8207496286735718,0.8327615029897053,ADP,"DET: 0.82, ADP: 0.15",True,38293,0,10.55304850493315
capitale,capitale,NOUN,NOUN,1.0,0.0,,NOUN: 1.00,True,40,0,3.713572066704308
",",",",PUNCT,PUNCT,,,,,True,16599,0,9.717157974344635
Manama,Manama,PROPN,PROPN,,,,,False,0,0,0.0
",",",",PUNCT,PUNCT,,,,,True,16599,0,9.717157974344635
selon,selon,ADP,ADP,0.9563022953372076,0.25899642932812117,PRON,ADP: 0.96,True,194,0,5.272999558563747
ce,ces,DET,DET,0.8764141494570885,0.6891209831462356,ADP,"DET: 0.88, ADP: 0.08",True,1960,0,7.581209826196346
témoin,témoins,NOUN,NOUN,1.0,0.0,,NOUN: 1.00,True,11,0,2.4849066497880004
.,.,PUNCT,PUNCT,,,,,True,13366,0,9.500544261971474
puis,Puis,CCONJ,CCONJ,0.3559281423540778,1.2767857084188168,SCONJ,"SCONJ: 0.58, CCONJ: 0.36",True,232,0,5.4510384535657
",",",",PUNCT,PUNCT,,,,,True,16599,0,9.717157974344635
à,à,ADP,ADP,1.0,0.0,,ADP: 1.00,True,9366,0,9.14494815320913
le,l',DET,DET,0.8207496286735718,0.8327615029897053,ADP,"DET: 0.82, ADP: 0.15",True,38293,0,10.55304850493315
école,école,NOUN,NOUN,1.0,0.0,,NOUN: 1.00,True,104,0,4.653960350157523
",",",",PUNCT,PUNCT,,,,,True,16599,0,9.717157974344635
deux,deux,NUM,NUM,0.21554851351024185,0.7519555130200147,DET,"DET: 0.78, NUM: 0.22",True,568,0,6.343880434126331
autre,autres,ADJ,ADJ,0.5773464864136372,0.982668701467866,NUM,"ADJ: 0.58, NUM: 0.42",True,341,0,5.834810737062605
délégué,délégués,NOUN,NOUN,,,,,True,7,0,2.0794415416798357
être,sont,AUX,AUX,0.4687470215317024,1.7986756264740116,SCONJ,"AUX: 0.47, SCONJ: 0.23, ADV: 0.20, CCONJ: 0.10",True,8404,0,9.036582045842716
intervenir,intervenus,VERB,VERB,1.0,0.0,,VERB: 1.00,True,25,0,3.258096538021482
pour,pour,ADP,ADP,0.7890790430468303,0.7432394314397186,CCONJ,"ADP: 0.79, CCONJ: 0.21",True,2242,0,7.715569534520208
parler,parler,VERB,VERB,1.0,0.0,,VERB: 1.00,True,78,0,4.3694478524670215
à,à,ADP,ADP,1.0,0.0,,ADP: 1.00,True,9366,0,9.14494815320913
le,les,DET,DET,0.8207496286735718,0.8327615029897053,ADP,"DET: 0.82, ADP: 0.15",True,38293,0,10.55304850493315
élève,élèves,NOUN,NOUN,1.0,0.0,,NOUN: 1.00,True,36,0,3.6109179126442243
mais,mais,CCONJ,CCONJ,0.15469195513464806,1.2293580521348002,SCONJ,"SCONJ: 0.72, CCONJ: 0.15, PRON: 0.09",True,734,0,6.5998704992128365
aussi,aussi,ADV,ADV,1.0,0.0,,ADV: 1.00,True,349,0,5.857933154483459
parent,parents,NOUN,NOUN,1.0,0.0,,NOUN: 1.00,True,25,0,3.258096538021482
.,.,PUNCT,PUNCT,,,,,True,13366,0,9.500544261971474
sur,Sur,ADP,ADP,1.0,0.0,,ADP: 1.00,True,1482,0,7.301822342137932
place,place,NOUN,NOUN,1.0,0.0,,NOUN: 1.00,True,182,0,5.209486152841421
vente,vente,NOUN,NOUN,1.0,0.0,,NOUN: 1.00,True,44,0,3.8066624897703196
de,de,ADP,ADP,0.7886818615006483,0.7439947701431047,CCONJ,"ADP: 0.79, CCONJ: 0.21",True,27784,0,10.232251585714021
livre,livres,NOUN,NOUN,1.0,0.0,,NOUN: 1.00,True,78,0,4.3694478524670215
consacrer,consacrés,VERB,VERB,1.0,0.0,,VERB: 1.00,True,37,0,3.6375861597263857
à,à,ADP,ADP,1.0,0.0,,ADP: 1.00,True,9366,0,9.14494815320913
Jean,Jean,PROPN,PROPN,1.0,0.0,,PROPN: 1.00,True,77,0,4.356708826689592
Ferrat,Ferrat,PROPN,PROPN,,,,,True,1,0,0.6931471805599453
en,En,ADP,ADP,0.21695278762461512,1.4815638486393006,DET,"DET: 0.51, CCONJ: 0.27, ADP: 0.22",True,5233,0,8.562931083090092
tout,tout,PRON,PRON,0.616575045351158,0.9604250869735371,ADV,"PRON: 0.62, ADV: 0.38",True,147,0,4.997212273764115
",",",",PUNCT,PUNCT,,,,,True,16599,0,9.717157974344635
ce,ce,PRON,PRON,0.959635480454852,0.243961008701331,ADV,PRON: 0.96,True,855,0,6.752270376141742
être,sont,AUX,AUX,0.4687470215317024,1.7986756264740116,SCONJ,"AUX: 0.47, SCONJ: 0.23, ADV: 0.20, CCONJ: 0.10",True,8404,0,9.036582045842716
près,près,ADV,ADV,0.23500403024295097,1.3688935726557112,PRON,"PRON: 0.65, ADV: 0.24, VERB: 0.06, ADJ: 0.06",True,112,0,4.727387818712341
de,d',ADP,ADP,0.7886818615006483,0.7439947701431047,CCONJ,"ADP: 0.79, CCONJ: 0.21",True,27784,0,10.232251585714021
un,une,NUM,NUM,0.0,0.5718157531133617,DET,"DET: 0.90, ADP: 0.07",True,108,0,4.6913478822291435
centaine,centaine,NOUN,NOUN,1.0,0.0,,NOUN: 1.00,True,17,0,2.8903717578961645
de,de,ADP,ADP,0.7886818615006483,0.7439947701431047,CCONJ,"ADP: 0.79, CCONJ: 0.21",True,27784,0,10.232251585714021
conteneur,conteneurs,NOUN,NOUN,,,,,True,2,0,1.0986122886681098
qui,qui,PRON,PRON,0.8171669946022245,0.8424411100711472,CCONJ,"PRON: 0.82, CCONJ: 0.13, ADV: 0.05",True,1916,0,7.558516743045645
avoir,ont,AUX,AUX,0.7537049139623345,0.8053529913575782,ADV,"AUX: 0.75, ADV: 0.25",True,2935,0,7.984803389734406
être,été,AUX,AUX,0.4687470215317024,1.7986756264740116,SCONJ,"AUX: 0.47, SCONJ: 0.23, ADV: 0.20, CCONJ: 0.10",True,8404,0,9.036582045842716
utiliser,utilisés,VERB,VERB,1.0,0.0,,VERB: 1.00,True,220,0,5.3981627015177525
pour,pour,ADP,ADP,0.7890790430468303,0.7432394314397186,CCONJ,"ADP: 0.79, CCONJ: 0.21",True,2242,0,7.715569534520208
créer,créer,VERB,VERB,1.0,0.0,,VERB: 1.00,True,165,0,5.111987788356544
ce,ces,DET,DET,0.8764141494570885,0.6891209831462356,ADP,"DET: 0.88, ADP: 0.08",True,1960,0,7.581209826196346
logement,logements,NOUN,NOUN,1.0,0.0,,NOUN: 1.00,True,20,0,3.044522437723423
étudiant,étudiants,ADJ,ADJ,,,,,True,3,0,1.3862943611198906
.,.,PUNCT,PUNCT,,,,,True,13366,0,9.500544261971474
le,Le,DET,DET,0.8207496286735718,0.8327615029897053,ADP,"DET: 0.82, ADP: 0.15",True,38293,0,10.55304850493315
ton,ton,NOUN,NOUN,,,,,True,7,0,2.0794415416798357
avoir,a,AUX,AUX,0.7537049139623345,0.8053529913575782,ADV,"AUX: 0.75, ADV: 0.25",True,2935,0,7.984803389734406
de,d',ADP,ADP,0.7886818615006483,0.7439947701431047,CCONJ,"ADP: 0.79, CCONJ: 0.21",True,27784,0,10.232251585714021
ailleurs,ailleurs,ADV,ADV,0.7033367033987331,1.1047958076098205,PRON,"ADV: 0.70, PRON: 0.25",True,102,0,4.634728988229636
être,été,AUX,AUX,0.4687470215317024,1.7986756264740116,SCONJ,"AUX: 0.47, SCONJ: 0.23, ADV: 0.20, CCONJ: 0.10",True,8404,0,9.036582045842716
donner,donné,VERB,VERB,1.0,0.0,,VERB: 1.00,True,220,0,5.3981627015177525
hier,hier,ADV,ADV,0.6061547693706258,1.2975618491802465,PRON,"ADV: 0.61, PRON: 0.33",True,17,0,2.8903717578961645
par,par,ADP,ADP,1.0,0.0,,ADP: 1.00,True,2183,0,7.688913336864796
le,le,DET,DET,0.8207496286735718,0.8327615029897053,ADP,"DET: 0.82, ADP: 0.15",True,38293,0,10.55304850493315
général,général,NOUN,NOUN,1.0,0.0,,NOUN: 1.00,True,73,0,4.30406509320417
Michel,Michel,PROPN,PROPN,1.0,0.0,,PROPN: 1.00,True,40,0,3.713572066704308
Aoun,Aoun,PROPN,PROPN,,,,,False,0,0,0.0
à,à,ADP,ADP,1.0,0.0,,ADP: 1.00,True,9366,0,9.14494815320913
le,le,DET,DET,0.8207496286735718,0.8327615029897053,ADP,"DET: 0.82, ADP: 0.15",True,38293,0,10.55304850493315
cours,cours,NOUN,NOUN,1.0,0.0,,NOUN: 1.00,True,164,0,5.10594547390058
de,de,ADP,ADP,0.7886818615006483,0.7439947701431047,CCONJ,"ADP: 0.79, CCONJ: 0.21",True,27784,0,10.232251585714021
son,sa,DET,DET,0.8481722905876147,0.863954061477403,CCONJ,"DET: 0.85, CCONJ: 0.08",True,3876,0,8.262816937670928
conférence,conférence,NOUN,NOUN,1.0,0.0,,NOUN: 1.00,True,33,0,3.5263605246161616
de,de,ADP,ADP,0.7886818615006483,0.7439947701431047,CCONJ,"ADP: 0.79, CCONJ: 0.21",True,27784,0,10.232251585714021
presse,presse,NOUN,NOUN,0.31423178009069613,0.8979980791112208,PROPN,"PROPN: 0.69, NOUN: 0.31",True,40,0,3.713572066704308
hebdomadaire,hebdomadaire,ADJ,ADJ,,,,,True,7,0,2.0794415416798357
après,après,ADP,ADP,0.8490838848157983,0.7380994576350169,CCONJ,"ADP: 0.85, CCONJ: 0.11",True,403,0,6.0014148779611505
le,la,DET,DET,0.8207496286735718,0.8327615029897053,ADP,"DET: 0.82, ADP: 0.15",True,38293,0,10.55304850493315
réunion,réunion,NOUN,NOUN,1.0,0.0,,NOUN: 1.00,True,34,0,3.5553480614894135
de,de,ADP,ADP,0.7886818615006483,0.7439947701431047,CCONJ,"ADP: 0.79, CCONJ: 0.21",True,27784,0,10.232251585714021
le,le,DET,DET,0.8207496286735718,0.8327615029897053,ADP,"DET: 0.82, ADP: 0.15",True,38293,0,10.55304850493315
bloc,bloc,NOUN,NOUN,,,,,True,10,0,2.3978952727983707
parlementaire,parlementaire,ADJ,ADJ,,,,,True,10,0,2.3978952727983707
de,de,ADP,ADP,0.7886818615006483,0.7439947701431047,CCONJ,"ADP: 0.79, CCONJ: 0.21",True,27784,0,10.232251585714021
le,le,DET,DET,0.8207496286735718,0.8327615029897053,ADP,"DET: 0.82, ADP: 0.15",True,38293,0,10.55304850493315
changement,Changement,NOUN,NOUN,1.0,0.0,,NOUN: 1.00,True,37,0,3.6375861597263857
et,et,CCONJ,CCONJ,0.25644065667983523,1.7170903132548632,SCONJ,"SCONJ: 0.43, ADP: 0.28, CCONJ: 0.26",True,7215,0,8.88405606174246
de,de,ADP,ADP,0.7886818615006483,0.7439947701431047,CCONJ,"ADP: 0.79, CCONJ: 0.21",True,27784,0,10.232251585714021
le,la,DET,DET,0.8207496286735718,0.8327615029897053,ADP,"DET: 0.82, ADP: 0.15",True,38293,0,10.55304850493315
réforme,Réforme,NOUN,NOUN,1.0,0.0,,NOUN: 1.00,True,31,0,3.4657359027997265
",",",",PUNCT,PUNCT,,,,,True,16599,0,9.717157974344635
lorsque,lorsqu',SCONJ,SCONJ,0.6790372112424228,1.3482631291541505,CCONJ,"SCONJ: 0.68, CCONJ: 0.17, PRON: 0.11",True,103,0,4.6443908991413725
lui,il,PRON,PRON,0.7173975220804439,1.0427392110337699,CCONJ,"PRON: 0.72, CCONJ: 0.24",True,5436,0,8.600982717145921
avoir,a,AUX,AUX,0.7537049139623345,0.8053529913575782,ADV,"AUX: 0.75, ADV: 0.25",True,2935,0,7.984803389734406
affirmer,affirmé,VERB,VERB,1.0,0.0,,VERB: 1.00,True,42,0,3.7612001156935624
que,que,SCONJ,SCONJ,0.6915510664276248,1.397369454710615,CCONJ,"SCONJ: 0.69, CCONJ: 0.17, PRON: 0.06, ADV: 0.05",True,1979,0,7.590852123688581
nul,nul,PRON,PRON,,,,,True,4,0,1.6094379124341003
ne,n',ADV,ADV,0.03110691420199771,0.7244015123648279,PRON,"PRON: 0.85, CCONJ: 0.12",True,1435,0,7.269616749608169
avoir,a,AUX,AUX,0.7537049139623345,0.8053529913575782,ADV,"AUX: 0.75, ADV: 0.25",True,2935,0,7.984803389734406
parler,parlé,VERB,VERB,1.0,0.0,,VERB: 1.00,True,78,0,4.3694478524670215
de,de,ADP,ADP,0.7886818615006483,0.7439947701431047,CCONJ,"ADP: 0.79, CCONJ: 0.21",True,27784,0,10.232251585714021
démission,démission,NOUN,NOUN,,,,,True,5,0,1.791759469228055
.,.,PUNCT,PUNCT,,,,,True,13366,0,9.500544261971474
de,De,ADP,ADP,0.7886818615006483,0.7439947701431047,CCONJ,"ADP: 0.79, CCONJ: 0.21",True,27784,0,10.232251585714021
plus,plus,ADV,ADV,0.7196677710684014,0.8559031009192263,CCONJ,"ADV: 0.72, CCONJ: 0.28",True,1173,0,7.068172000388042
",",",",PUNCT,PUNCT,,,,,True,16599,0,9.717157974344635
on,on,PRON,PRON,0.5432191123278096,1.5995967780630704,SCONJ,"PRON: 0.54, SCONJ: 0.23, CCONJ: 0.19",True,554,0,6.318968113746434
pouvoir,pourra,VERB,VERB,0.9326172400615902,0.3560798311098319,ADJ,"VERB: 0.93, ADJ: 0.07",True,599,0,6.396929655216146
aussi,aussi,ADV,ADV,1.0,0.0,,ADV: 1.00,True,349,0,5.857933154483459
trouver,trouver,VERB,VERB,1.0,0.0,,VERB: 1.00,True,246,0,5.5093883366279774
un,une,DET,DET,0.7741737557418163,1.1225809040946326,ADP,"DET: 0.77, ADP: 0.11, CCONJ: 0.09",True,8933,0,9.097619501912064
nouveauté,nouveauté,NOUN,NOUN,,,,,True,2,0,1.0986122886681098
avec,avec,ADP,ADP,0.8893781797851439,0.5017887113029871,CCONJ,"ADP: 0.89, CCONJ: 0.11",True,1225,0,7.111512116496157
le,le,DET,DET,0.8207496286735718,0.8327615029897053,ADP,"DET: 0.82, ADP: 0.15",True,38293,0,10.55304850493315
salon,Salon,NOUN,PROPN,,,,,True,9,1,2.302585092994046
de,de,ADP,ADP,0.7886818615006483,0.7439947701431047,CCONJ,"ADP: 0.79, CCONJ: 0.21",True,27784,0,10.232251585714021
le,le,DET,DET,0.8207496286735718,0.8327615029897053,ADP,"DET: 0.82, ADP: 0.15",True,38293,0,10.55304850493315
jeu,jeu,NOUN,NOUN,1.0,0.0,,NOUN: 1.00,True,143,0,4.969813299576001
en,en,ADP,ADP,0.21695278762461512,1.4815638486393006,DET,"DET: 0.51, CCONJ: 0.27, ADP: 0.22",True,5233,0,8.562931083090092
bois,bois,NOUN,NOUN,0.3117828175916226,0.895220707340892,PROPN,"PROPN: 0.69, NOUN: 0.31",True,36,0,3.6109179126442243
.,.,PUNCT,PUNCT,,,,,True,13366,0,9.500544261971474
à,À,ADP,ADP,1.0,0.0,,ADP: 1.00,True,9366,0,9.14494815320913
son,son,DET,DET,0.8481722905876147,0.863954061477403,CCONJ,"DET: 0.85, CCONJ: 0.08",True,3876,0,8.262816937670928
bord,bord,NOUN,NOUN,1.0,0.0,,NOUN: 1.00,True,39,0,3.6888794541139363
",",",",PUNCT,PUNCT,,,,,True,16599,0,9.717157974344635
deux,deux,NUM,NUM,0.21554851351024185,0.7519555130200147,DET,"DET: 0.78, NUM: 0.22",True,568,0,6.343880434126331
frère,frères,NOUN,NOUN,1.0,0.0,,NOUN: 1.00,True,75,0,4.330733340286331
de,de,ADP,ADP,0.7886818615006483,0.7439947701431047,CCONJ,"ADP: 0.79, CCONJ: 0.21",True,27784,0,10.232251585714021
25,25,NUM,NUM,1.0,0.0,,NUM: 1.00,True,61,0,4.127134385045092
et,et,CCONJ,CCONJ,0.25644065667983523,1.7170903132548632,SCONJ,"SCONJ: 0.43, ADP: 0.28, CCONJ: 0.26",True,7215,0,8.88405606174246
23,23,NUM,NUM,1.0,0.0,,NUM: 1.00,True,40,0,3.713572066704308
an,ans,NOUN,NOUN,1.0,0.0,,NOUN: 1.00,True,385,0,5.955837369464831
demeurer,demeurant,VERB,VERB,1.0,0.0,,VERB: 1.00,True,22,0,3.1354942159291497
à,à,ADP,ADP,1.0,0.0,,ADP: 1.00,True,9366,0,9.14494815320913
Bourg-Argental,Bourg-Argental,PROPN,PROPN,,,,,False,0,0,0.0
(,(,PUNCT,PUNCT,,,,,True,2211,0,7.701652362642226
Loire,Loire,PROPN,PROPN,0.0,0.0,NOUN,NOUN: 1.00,True,16,0,2.833213344056216
),),PUNCT,PUNCT,,,,,True,2204,0,7.6984827878809465
.,.,PUNCT,PUNCT,,,,,True,13366,0,9.500544261971474
ça,Ça,PRON,PRON,0.7398737785831464,1.0820830987796926,CCONJ,"PRON: 0.74, CCONJ: 0.15, ADV: 0.11",True,36,0,3.6109179126442243
aller,va,VERB,VERB,1.0,0.0,,VERB: 1.00,True,221,0,5.402677381872279
forcément,forcément,ADV,ADV,,,,,True,9,0,2.302585092994046
moi,me,PRON,PRON,0.7120466284894749,1.0523675190710984,CCONJ,"PRON: 0.71, CCONJ: 0.24",True,621,0,6.432940092739179
rappeler,rappeler,VERB,VERB,1.0,0.0,,VERB: 1.00,True,31,0,3.4657359027997265
un,des,DET,DET,0.7741737557418163,1.1225809040946326,ADP,"DET: 0.77, ADP: 0.11, CCONJ: 0.09",True,8933,0,9.097619501912064
souvenir,souvenirs,NOUN,NOUN,1.0,0.0,,NOUN: 1.00,True,12,0,2.5649493574615367
.,.,PUNCT,PUNCT,,,,,True,13366,0,9.500544261971474
grâce,Grâce,NOUN,NOUN,,,,,True,91,0,4.5217885770490405
à,à,ADP,ADP,1.0,0.0,,ADP: 1.00,True,9366,0,9.14494815320913
un,une,DET,DET,0.7741737557418163,1.1225809040946326,ADP,"DET: 0.77, ADP: 0.11, CCONJ: 0.09",True,8933,0,9.097619501912064
plate-forme,plate-forme,NOUN,NOUN,,,,,True,8,0,2.1972245773362196
logiciel,logicielle,ADJ,ADJ,,,,,True,1,0,0.6931471805599453
intégré,intégrée,ADJ,VERB,,,,,True,5,1,1.791759469228055
à,à,ADP,ADP,1.0,0.0,,ADP: 1.00,True,9366,0,9.14494815320913
le,les,DET,DET,0.8207496286735718,0.8327615029897053,ADP,"DET: 0.82, ADP: 0.15",True,38293,0,10.55304850493315
capacité,capacités,NOUN,NOUN,1.0,0.0,,NOUN: 1.00,True,46,0,3.8501476017100584
reconnaître,reconnues,VERB,VERB,1.0,0.0,,VERB: 1.00,True,62,0,4.143134726391533
dans,dans,ADP,ADP,1.0,0.0,,ADP: 1.00,True,2779,0,7.930206206684683
le,la,DET,DET,0.8207496286735718,0.8327615029897053,ADP,"DET: 0.82, ADP: 0.15",True,38293,0,10.55304850493315
gestion,gestion,NOUN,NOUN,1.0,0.0,,NOUN: 1.00,True,35,0,3.58351893845611
de,de,ADP,ADP,0.7886818615006483,0.7439947701431047,CCONJ,"ADP: 0.79, CCONJ: 0.21",True,27784,0,10.232251585714021
le,les,DET,DET,0.8207496286735718,0.8327615029897053,ADP,"DET: 0.82, ADP: 0.15",True,38293,0,10.55304850493315
e-mail,emails,NOUN,NOUN,,,,,True,1,0,0.6931471805599453
et,et,CCONJ,CCONJ,0.25644065667983523,1.7170903132548632,SCONJ,"SCONJ: 0.43, ADP: 0.28, CCONJ: 0.26",True,7215,0,8.88405606174246
le,la,DET,DET,0.8207496286735718,0.8327615029897053,ADP,"DET: 0.82, ADP: 0.15",True,38293,0,10.55304850493315
fusion,fusion,NOUN,NOUN,1.0,0.0,,NOUN: 1.00,True,13,0,2.6390573296152584
entrant,entrant,NOUN,VERB,,,,,False,0,1,0.0
/,/,SYM,SYM,,,,,True,105,0,4.663439094112067
sortant,sortant,NOUN,ADJ,,,,,True,1,1,0.6931471805599453
",",",",PUNCT,PUNCT,,,,,True,16599,0,9.717157974344635
le,les,DET,DET,0.8207496286735718,0.8327615029897053,ADP,"DET: 0.82, ADP: 0.15",True,38293,0,10.55304850493315
équipe,équipes,NOUN,NOUN,1.0,0.0,,NOUN: 1.00,True,207,0,5.337538079701318
marketing,marketing,NOUN,NOUN,,,,,True,4,0,1.6094379124341003
accroître,accroissent,VERB,VERB,,,,,True,8,0,2.1972245773362196
rapidement,rapidement,ADV,ADV,1.0,0.0,,ADV: 1.00,True,46,0,3.8501476017100584
son,leur,DET,DET,0.8481722905876147,0.863954061477403,CCONJ,"DET: 0.85, CCONJ: 0.08",True,3876,0,8.262816937670928
efficacité,efficacité,NOUN,NOUN,1.0,0.0,,NOUN: 1.00,True,11,0,2.4849066497880004
et,et,CCONJ,CCONJ,0.25644065667983523,1.7170903132548632,SCONJ,"SCONJ: 0.43, ADP: 0.28, CCONJ: 0.26",True,7215,0,8.88405606174246
son,leur,DET,DET,0.8481722905876147,0.863954061477403,CCONJ,"DET: 0.85, CCONJ: 0.08",True,3876,0,8.262816937670928
impact,impact,NOUN,NOUN,1.0,0.0,,NOUN: 1.00,True,12,0,2.5649493574615367
sur,sur,ADP,ADP,1.0,0.0,,ADP: 1.00,True,1482,0,7.301822342137932
le,le,DET,DET,0.8207496286735718,0.8327615029897053,ADP,"DET: 0.82, ADP: 0.15",True,38293,0,10.55304850493315
chiffre,chiffre,NOUN,NOUN,1.0,0.0,,NOUN: 1.00,True,21,0,3.091042453358316
de,d',ADP,ADP,0.7886818615006483,0.7439947701431047,CCONJ,"ADP: 0.79, CCONJ: 0.21",True,27784,0,10.232251585714021
affaire,affaires,NOUN,NOUN,1.0,0.0,,NOUN: 1.00,True,106,0,4.672828834461906
.,.,PUNCT,PUNCT,,,,,True,13366,0,9.500544261971474
chaque,Chaque,DET,DET,0.8752800390928642,0.6935189399848112,ADP,"DET: 0.88, ADP: 0.08",True,122,0,4.812184355372417
site,site,NOUN,NOUN,1.0,0.0,,NOUN: 1.00,True,115,0,4.7535901911063645
proposer,propose,VERB,VERB,1.0,0.0,,VERB: 1.00,True,84,0,4.442651256490317
un,des,DET,DET,0.7741737557418163,1.1225809040946326,ADP,"DET: 0.77, ADP: 0.11, CCONJ: 0.09",True,8933,0,9.097619501912064
coupon,coupons,NOUN,NOUN,,,,,True,1,0,0.6931471805599453
de,de,ADP,ADP,0.7886818615006483,0.7439947701431047,CCONJ,"ADP: 0.79, CCONJ: 0.21",True,27784,0,10.232251585714021
réduction,réductions,NOUN,NOUN,1.0,0.0,,NOUN: 1.00,True,11,0,2.4849066497880004
(,(,PUNCT,PUNCT,,,,,True,2211,0,7.701652362642226
avec,avec,ADP,ADP,0.8893781797851439,0.5017887113029871,CCONJ,"ADP: 0.89, CCONJ: 0.11",True,1225,0,7.111512116496157
un,des,DET,DET,0.7741737557418163,1.1225809040946326,ADP,"DET: 0.77, ADP: 0.11, CCONJ: 0.09",True,8933,0,9.097619501912064
réduction,réductions,NOUN,NOUN,1.0,0.0,,NOUN: 1.00,True,11,0,2.4849066497880004
aller,allant,VERB,VERB,1.0,0.0,,VERB: 1.00,True,221,0,5.402677381872279
de,de,ADP,ADP,0.7886818615006483,0.7439947701431047,CCONJ,"ADP: 0.79, CCONJ: 0.21",True,27784,0,10.232251585714021
50,50,NUM,NUM,0.33718921978719896,0.9221035507283056,DET,"DET: 0.66, NUM: 0.34",True,33,0,3.5263605246161616
à,à,ADP,ADP,1.0,0.0,,ADP: 1.00,True,9366,0,9.14494815320913
90,90,NUM,NUM,,,,,True,9,0,2.302585092994046
%,%,SYM,SYM,,,,,True,249,0,5.521460917862246
en,en,ADP,ADP,0.21695278762461512,1.4815638486393006,DET,"DET: 0.51, CCONJ: 0.27, ADP: 0.22",True,5233,0,8.562931083090092
moyenne,moyenne,NOUN,NOUN,1.0,0.0,,NOUN: 1.00,True,32,0,3.4965075614664802
),),PUNCT,PUNCT,,,,,True,2204,0,7.6984827878809465
sur,sur,ADP,ADP,1.0,0.0,,ADP: 1.00,True,1482,0,7.301822342137932
plusieurs,plusieurs,DET,DET,0.7438889760186573,0.8208209660575686,NUM,"DET: 0.74, NUM: 0.26",True,233,0,5.455321115357702
sorte,sortes,NOUN,NOUN,1.0,0.0,,NOUN: 1.00,True,28,0,3.367295829986474
de,d',ADP,ADP,0.7886818615006483,0.7439947701431047,CCONJ,"ADP: 0.79, CCONJ: 0.21",True,27784,0,10.232251585714021
activité,activité,NOUN,NOUN,1.0,0.0,,NOUN: 1.00,True,94,0,4.553876891600541
.,.,PUNCT,PUNCT,,,,,True,13366,0,9.500544261971474
M.,M.,NOUN,NOUN,0.0058262554976267365,0.051630524938109136,PROPN,PROPN: 0.99,True,32,0,3.4965075614664802
Di,Di,PROPN,PROPN,,,,,False,0,0,0.0
Rupo,Rupo,PROPN,PROPN,,,,,False,0,0,0.0
",",",",PUNCT,PUNCT,,,,,True,16599,0,9.717157974344635
dont,dont,PRON,PRON,0.0,0.5067841712485793,ADP,"ADP: 0.89, CCONJ: 0.11",True,249,0,5.521460917862246
le,le,DET,DET,0.8207496286735718,0.8327615029897053,ADP,"DET: 0.82, ADP: 0.15",True,38293,0,10.55304850493315
parti,parti,NOUN,NOUN,1.0,0.0,,NOUN: 1.00,True,75,0,4.330733340286331
avoir,avait,AUX,AUX,0.7537049139623345,0.8053529913575782,ADV,"AUX: 0.75, ADV: 0.25",True,2935,0,7.984803389734406
remporter,remporté,VERB,VERB,1.0,0.0,,VERB: 1.00,True,116,0,4.762173934797756
le,les,DET,DET,0.8207496286735718,0.8327615029897053,ADP,"DET: 0.82, ADP: 0.15",True,38293,0,10.55304850493315
élection,élections,NOUN,NOUN,1.0,0.0,,NOUN: 1.00,True,56,0,4.04305126783455
de,de,ADP,ADP,0.7886818615006483,0.7439947701431047,CCONJ,"ADP: 0.79, CCONJ: 0.21",True,27784,0,10.232251585714021
juin,juin,NOUN,NOUN,1.0,0.0,,NOUN: 1.00,True,137,0,4.927253685157205
en,en,ADP,ADP,0.21695278762461512,1.4815638486393006,DET,"DET: 0.51, CCONJ: 0.27, ADP: 0.22",True,5233,0,8.562931083090092
Wallonie,Wallonie,PROPN,PROPN,,,,,True,5,0,1.791759469228055
francophone,francophone,ADJ,ADJ,1.0,0.0,,ADJ: 1.00,True,14,0,2.70805020110221
",",",",PUNCT,PUNCT,,,,,True,16599,0,9.717157974344635
avoir,a,AUX,AUX,0.7537049139623345,0.8053529913575782,ADV,"AUX: 0.75, ADV: 0.25",True,2935,0,7.984803389734406
émettre,émis,VERB,VERB,1.0,0.0,,VERB: 1.00,True,21,0,3.091042453358316
le,l',DET,DET,0.8207496286735718,0.8327615029897053,ADP,"DET: 0.82, ADP: 0.15",True,38293,0,10.55304850493315
espoir,espoir,NOUN,NOUN,1.0,0.0,,NOUN: 1.00,True,22,0,3.1354942159291497
lundi,lundi,NOUN,NOUN,1.0,0.0,,NOUN: 1.00,True,29,0,3.4011973816621555
"""","""",PUNCT,PUNCT,,,,,True,819,0,6.709304340258298
que,que,SCONJ,SCONJ,0.6915510664276248,1.397369454710615,CCONJ,"SCONJ: 0.69, CCONJ: 0.17, PRON: 0.06, ADV: 0.05",True,1979,0,7.590852123688581
le,la,DET,DET,0.8207496286735718,0.8327615029897053,ADP,"DET: 0.82, ADP: 0.15",True,38293,0,10.55304850493315
raison,raison,NOUN,NOUN,1.0,0.0,,NOUN: 1.00,True,88,0,4.48863636973214
finir,finira,VERB,VERB,1.0,0.0,,VERB: 1.00,True,45,0,3.828641396489095
par,par,ADP,ADP,1.0,0.0,,ADP: 1.00,True,2183,0,7.688913336864796
lui,l',PRON,PRON,0.7173975220804439,1.0427392110337699,CCONJ,"PRON: 0.72, CCONJ: 0.24",True,5436,0,8.600982717145921
emporter,emporter,VERB,VERB,1.0,0.0,,VERB: 1.00,True,15,0,2.772588722239781
"""","""",PUNCT,PUNCT,,,,,True,819,0,6.709304340258298
.,.,PUNCT,PUNCT,,,,,True,13366,0,9.500544261971474
le,Les,DET,DET,0.8207496286735718,0.8327615029897053,ADP,"DET: 0.82, ADP: 0.15",True,38293,0,10.55304850493315
problème,problèmes,NOUN,NOUN,1.0,0.0,,NOUN: 1.00,True,77,0,4.356708826689592
de,de,ADP,ADP,0.7886818615006483,0.7439947701431047,CCONJ,"ADP: 0.79, CCONJ: 0.21",True,27784,0,10.232251585714021
le,les,DET,DET,0.8207496286735718,0.8327615029897053,ADP,"DET: 0.82, ADP: 0.15",True,38293,0,10.55304850493315
état,Etats,NOUN,NOUN,1.0,0.0,,NOUN: 1.00,True,131,0,4.882801922586371
très,très,ADV,ADV,1.0,0.0,,ADV: 1.00,True,435,0,6.077642243349034
endetté,endettés,ADJ,ADJ,,,,,True,1,0,0.6931471805599453
être,sont,AUX,AUX,0.4687470215317024,1.7986756264740116,SCONJ,"AUX: 0.47, SCONJ: 0.23, ADV: 0.20, CCONJ: 0.10",True,8404,0,9.036582045842716
bien,bien,ADV,ADV,1.0,0.0,,ADV: 1.00,True,306,0,5.726847747587197
réel,réels,ADJ,ADJ,1.0,0.0,,ADJ: 1.00,True,19,0,2.995732273553991
",",",",PUNCT,PUNCT,,,,,True,16599,0,9.717157974344635
mais,mais,CCONJ,CCONJ,0.15469195513464806,1.2293580521348002,SCONJ,"SCONJ: 0.72, CCONJ: 0.15, PRON: 0.09",True,734,0,6.5998704992128365
lui,ils,PRON,PRON,0.7173975220804439,1.0427392110337699,CCONJ,"PRON: 0.72, CCONJ: 0.24",True,5436,0,8.600982717145921
soi,se,PRON,PRON,0.8260631963800735,0.8193543183609986,CCONJ,"PRON: 0.83, CCONJ: 0.12, ADV: 0.05",True,2063,0,7.6324011266014535
limiter,limitent,VERB,VERB,1.0,0.0,,VERB: 1.00,True,22,0,3.1354942159291497
selon,selon,ADP,ADP,0.9563022953372076,0.25899642932812117,PRON,ADP: 0.96,True,194,0,5.272999558563747
nous,nous,PRON,PRON,0.8226072026071004,0.8287662668321807,CCONJ,"PRON: 0.82, CCONJ: 0.13, ADV: 0.05",True,328,0,5.796057750765372
à,à,ADP,ADP,1.0,0.0,,ADP: 1.00,True,9366,0,9.14494815320913
le,les,DET,DET,0.8207496286735718,0.8327615029897053,ADP,"DET: 0.82, ADP: 0.15",True,38293,0,10.55304850493315
frontière,frontières,NOUN,NOUN,1.0,0.0,,NOUN: 1.00,True,39,0,3.6888794541139363
de,de,ADP,ADP,0.7886818615006483,0.7439947701431047,CCONJ,"ADP: 0.79, CCONJ: 0.21",True,27784,0,10.232251585714021
le,l',DET,DET,0.8207496286735718,0.8327615029897053,ADP,"DET: 0.82, ADP: 0.15",True,38293,0,10.55304850493315
Europe,Europe,PROPN,PROPN,0.9431808609821591,0.31468648375912217,NOUN,"PROPN: 0.94, NOUN: 0.06",True,109,0,4.700480365792417
",",",",PUNCT,PUNCT,,,,,True,16599,0,9.717157974344635
et,et,CCONJ,CCONJ,0.25644065667983523,1.7170903132548632,SCONJ,"SCONJ: 0.43, ADP: 0.28, CCONJ: 0.26",True,7215,0,8.88405606174246
concerner,concernent,VERB,VERB,1.0,0.0,,VERB: 1.00,True,35,0,3.58351893845611
moins,moins,ADV,ADV,1.0,0.0,,ADV: 1.00,True,149,0,5.0106352940962555
le,le,DET,DET,0.8207496286735718,0.8327615029897053,ADP,"DET: 0.82, ADP: 0.15",True,38293,0,10.55304850493315
reste,reste,NOUN,NOUN,1.0,0.0,,NOUN: 1.00,True,44,0,3.8066624897703196
de,de,ADP,ADP,0.7886818615006483,0.7439947701431047,CCONJ,"ADP: 0.79, CCONJ: 0.21",True,27784,0,10.232251585714021
le,le,DET,DET,0.8207496286735718,0.8327615029897053,ADP,"DET: 0.82, ADP: 0.15",True,38293,0,10.55304850493315
monde,monde,NOUN,NOUN,0.20873300431037542,0.7390539339094153,PROPN,"PROPN: 0.79, NOUN: 0.21",True,238,0,5.476463551931511
.,.,PUNCT,PUNCT,,,,,True,13366,0,9.500544261971474
"""","""",PUNCT,PUNCT,,,,,True,819,0,6.709304340258298
"""","""",PUNCT,PUNCT,,,,,True,819,0,6.709304340258298
ce,C',PRON,PRON,0.959635480454852,0.243961008701331,ADV,PRON: 0.96,True,855,0,6.752270376141742
être,est,AUX,AUX,0.4687470215317024,1.7986756264740116,SCONJ,"AUX: 0.47, SCONJ: 0.23, ADV: 0.20, CCONJ: 0.10",True,8404,0,9.036582045842716
le,la,DET,DET,0.8207496286735718,0.8327615029897053,ADP,"DET: 0.82, ADP: 0.15",True,38293,0,10.55304850493315
panique,panique,NOUN,NOUN,,,,,False,0,0,0.0
total,totale,ADJ,ADJ,1.0,0.0,,ADJ: 1.00,True,29,0,3.4011973816621555
sur,sur,ADP,ADP,1.0,0.0,,ADP: 1.00,True,1482,0,7.301822342137932
le,le,DET,DET,0.8207496286735718,0.8327615029897053,ADP,"DET: 0.82, ADP: 0.15",True,38293,0,10.55304850493315
marché,marché,NOUN,NOUN,1.0,0.0,,NOUN: 1.00,True,55,0,4.02535169073515
",",",",PUNCT,PUNCT,,,,,True,16599,0,9.717157974344635
et,et,CCONJ,CCONJ,0.25644065667983523,1.7170903132548632,SCONJ,"SCONJ: 0.43, ADP: 0.28, CCONJ: 0.26",True,7215,0,8.88405606174246
le,la,DET,DET,0.8207496286735718,0.8327615029897053,ADP,"DET: 0.82, ADP: 0.15",True,38293,0,10.55304850493315
chute,chute,NOUN,NOUN,1.0,0.0,,NOUN: 1.00,True,22,0,3.1354942159291497
de,de,ADP,ADP,0.7886818615006483,0.7439947701431047,CCONJ,"ADP: 0.79, CCONJ: 0.21",True,27784,0,10.232251585714021
le,le,DET,DET,0.8207496286735718,0.8327615029897053,ADP,"DET: 0.82, ADP: 0.15",True,38293,0,10.55304850493315
cours,cours,NOUN,NOUN,1.0,0.0,,NOUN: 1.00,True,164,0,5.10594547390058
suivre,suit,VERB,VERB,1.0,0.0,,VERB: 1.00,True,113,0,4.736198448394496
le,le,DET,DET,0.8207496286735718,0.8327615029897053,ADP,"DET: 0.82, ADP: 0.15",True,38293,0,10.55304850493315
risque,risque,NOUN,NOUN,1.0,0.0,,NOUN: 1.00,True,32,0,3.4965075614664802
souverain,souverain,NOUN,ADJ,,,,,True,10,1,2.3978952727983707
"""","""",PUNCT,PUNCT,,,,,True,819,0,6.709304340258298
",",",",PUNCT,PUNCT,,,,,True,16599,0,9.717157974344635
expliquer,explique,VERB,VERB,1.0,0.0,,VERB: 1.00,True,60,0,4.110873864173311
Nuria,Nuria,PROPN,PROPN,,,,,False,0,0,0.0
Alvarez,Alvarez,PROPN,PROPN,,,,,False,0,0,0.0
",",",",PUNCT,PUNCT,,,,,True,16599,0,9.717157974344635
analyste,analyste,NOUN,NOUN,,,,,True,7,0,2.0794415416798357
chez,chez,ADP,ADP,0.9950797823970186,0.044804496269571274,ADJ,ADP: 1.00,True,150,0,5.017279836814924
Renta,Renta,PROPN,PROPN,,,,,False,0,0,0.0
4,4,PROPN,NUM,,,,,True,1,1,0.6931471805599453
.,.,PUNCT,PUNCT,,,,,True,13366,0,9.500544261971474
quel,Quel,ADJ,ADJ,0.4737630472643028,0.9980128493172689,VERB,"VERB: 0.53, ADJ: 0.47",True,33,0,3.5263605246161616
être,est,AUX,AUX,0.4687470215317024,1.7986756264740116,SCONJ,"AUX: 0.47, SCONJ: 0.23, ADV: 0.20, CCONJ: 0.10",True,8404,0,9.036582045842716
le,le,DET,DET,0.8207496286735718,0.8327615029897053,ADP,"DET: 0.82, ADP: 0.15",True,38293,0,10.55304850493315
coût,coût,NOUN,NOUN,1.0,0.0,,NOUN: 1.00,True,25,0,3.258096538021482
de,d',ADP,ADP,0.7886818615006483,0.7439947701431047,CCONJ,"ADP: 0.79, CCONJ: 0.21",True,27784,0,10.232251585714021
un,un,DET,DET,0.7741737557418163,1.1225809040946326,ADP,"DET: 0.77, ADP: 0.11, CCONJ: 0.09",True,8933,0,9.097619501912064
tel,tel,ADJ,ADJ,1.0,0.0,,ADJ: 1.00,True,94,0,4.553876891600541
projet,projet,NOUN,NOUN,1.0,0.0,,NOUN: 1.00,True,118,0,4.77912349311153
?,?,PUNCT,PUNCT,,,,,True,270,0,5.602118820879701
ce,Cette,DET,DET,0.8764141494570885,0.6891209831462356,ADP,"DET: 0.88, ADP: 0.08",True,1960,0,7.581209826196346
loi,loi,NOUN,NOUN,1.0,0.0,,NOUN: 1.00,True,55,0,4.02535169073515
",",",",PUNCT,PUNCT,,,,,True,16599,0,9.717157974344635
qui,qui,PRON,PRON,0.8171669946022245,0.8424411100711472,CCONJ,"PRON: 0.82, CCONJ: 0.13, ADV: 0.05",True,1916,0,7.558516743045645
contrôler,contrôle,VERB,VERB,1.0,0.0,,VERB: 1.00,True,28,0,3.367295829986474
le,l',DET,DET,0.8207496286735718,0.8327615029897053,ADP,"DET: 0.82, ADP: 0.15",True,38293,0,10.55304850493315
établissement,établissement,NOUN,NOUN,1.0,0.0,,NOUN: 1.00,True,40,0,3.713572066704308
de,de,ADP,ADP,0.7886818615006483,0.7439947701431047,CCONJ,"ADP: 0.79, CCONJ: 0.21",True,27784,0,10.232251585714021
nouveau,nouvelles,ADJ,ADJ,1.0,0.0,,ADJ: 1.00,True,323,0,5.780743515792329
unité,unités,NOUN,NOUN,1.0,0.0,,NOUN: 1.00,True,43,0,3.784189633918261
de,de,ADP,ADP,0.7886818615006483,0.7439947701431047,CCONJ,"ADP: 0.79, CCONJ: 0.21",True,27784,0,10.232251585714021
production,production,NOUN,NOUN,1.0,0.0,,NOUN: 1.00,True,73,0,4.30406509320417
ou,ou,CCONJ,CCONJ,0.514848916000412,0.9993637059064465,ADP,"CCONJ: 0.51, ADP: 0.49",True,802,0,6.688354713946762
le,l',DET,DET,0.8207496286735718,0.8327615029897053,ADP,"DET: 0.82, ADP: 0.15",True,38293,0,10.55304850493315
agrandissement,agrandissement,NOUN,NOUN,,,,,True,2,0,1.0986122886681098
de,de,ADP,ADP,0.7886818615006483,0.7439947701431047,CCONJ,"ADP: 0.79, CCONJ: 0.21",True,27784,0,10.232251585714021
le,les,DET,DET,0.8207496286735718,0.8327615029897053,ADP,"DET: 0.82, ADP: 0.15",True,38293,0,10.55304850493315
site,sites,NOUN,NOUN,1.0,0.0,,NOUN: 1.00,True,115,0,4.7535901911063645
existant,existants,ADJ,ADJ,,,,,True,9,0,2.302585092994046
",",",",PUNCT,PUNCT,,,,,True,16599,0,9.717157974344635
avoir,a,AUX,AUX,0.7537049139623345,0.8053529913575782,ADV,"AUX: 0.75, ADV: 0.25",True,2935,0,7.984803389734406
ainsi,ainsi,ADV,ADV,1.0,0.0,,ADV: 1.00,True,330,0,5.802118375377063
faire,fait,AUX,AUX,,,,,True,238,0,5.476463551931511
tomber,tomber,VERB,VERB,1.0,0.0,,VERB: 1.00,True,43,0,3.784189633918261
le,le,DET,DET,0.8207496286735718,0.8327615029897053,ADP,"DET: 0.82, ADP: 0.15",True,38293,0,10.55304850493315
seuil,seuil,NOUN,NOUN,,,,,True,4,0,1.6094379124341003
de,de,ADP,ADP,0.7886818615006483,0.7439947701431047,CCONJ,"ADP: 0.79, CCONJ: 0.21",True,27784,0,10.232251585714021
250,250,NUM,NUM,,,,,True,4,0,1.6094379124341003
UA,UA,NOUN,NOUN,,,,,False,0,0,0.0
à,à,ADP,ADP,1.0,0.0,,ADP: 1.00,True,9366,0,9.14494815320913
75,75,NUM,NUM,,,,,True,10,0,2.3978952727983707
UA,UA,NOUN,NOUN,,,,,False,0,0,0.0
.,.,PUNCT,PUNCT,,,,,True,13366,0,9.500544261971474
pour,Pour,ADP,ADP,0.7890790430468303,0.7432394314397186,CCONJ,"ADP: 0.79, CCONJ: 0.21",True,2242,0,7.715569534520208
souligner,souligner,VERB,VERB,1.0,0.0,,VERB: 1.00,True,23,0,3.1780538303479458
le,les,DET,DET,0.8207496286735718,0.8327615029897053,ADP,"DET: 0.82, ADP: 0.15",True,38293,0,10.55304850493315
35,35,NUM,NUM,0.209923167773379,0.7413358522779963,DET,"DET: 0.79, NUM: 0.21",True,14,0,2.70805020110221
an,ans,NOUN,NOUN,1.0,0.0,,NOUN: 1.00,True,385,0,5.955837369464831
de,de,ADP,ADP,0.7886818615006483,0.7439947701431047,CCONJ,"ADP: 0.79, CCONJ: 0.21",True,27784,0,10.232251585714021
le,le,DET,DET,0.8207496286735718,0.8327615029897053,ADP,"DET: 0.82, ADP: 0.15",True,38293,0,10.55304850493315
théâtre,Théâtre,NOUN,NOUN,1.0,0.0,,NOUN: 1.00,True,40,0,3.713572066704308
de,de,ADP,ADP,0.7886818615006483,0.7439947701431047,CCONJ,"ADP: 0.79, CCONJ: 0.21",True,27784,0,10.232251585714021
le,le,DET,DET,0.8207496286735718,0.8327615029897053,ADP,"DET: 0.82, ADP: 0.15",True,38293,0,10.55304850493315
Trillium,Trillium,PROPN,PROPN,,,,,False,0,0,0.0
",",",",PUNCT,PUNCT,,,,,True,16599,0,9.717157974344635
le,la,DET,DET,0.8207496286735718,0.8327615029897053,ADP,"DET: 0.82, ADP: 0.15",True,38293,0,10.55304850493315
directrice,directrice,NOUN,NOUN,,,,,True,4,0,1.6094379124341003
artistique,artistique,ADJ,ADJ,1.0,0.0,,ADJ: 1.00,True,22,0,3.1354942159291497
Anne-Marie,Anne-Marie,PROPN,PROPN,,,,,True,2,0,1.0986122886681098
White,White,PROPN,PROPN,,,,,True,4,0,1.6094379124341003
avoir,a,AUX,AUX,0.7537049139623345,0.8053529913575782,ADV,"AUX: 0.75, ADV: 0.25",True,2935,0,7.984803389734406
décider,décidé,VERB,VERB,0.9298273399314894,0.3665676543367055,ADJ,"VERB: 0.93, ADJ: 0.07",True,101,0,4.624972813284271
de,de,ADP,ADP,0.7886818615006483,0.7439947701431047,CCONJ,"ADP: 0.79, CCONJ: 0.21",True,27784,0,10.232251585714021
faire,faire,AUX,AUX,,,,,True,238,0,5.476463551931511
éclater,éclater,VERB,VERB,,,,,True,6,0,1.9459101490553132
le,le,DET,DET,0.8207496286735718,0.8327615029897053,ADP,"DET: 0.82, ADP: 0.15",True,38293,0,10.55304850493315
quatrième,quatrième,ADJ,ADJ,1.0,0.0,,ADJ: 1.00,True,31,0,3.4657359027997265
mur,mur,NOUN,NOUN,1.0,0.0,,NOUN: 1.00,True,24,0,3.2188758248682006
entre,entre,ADP,ADP,0.9951404265427191,0.0443394212917744,ADJ,ADP: 1.00,True,403,0,6.0014148779611505
le,les,DET,DET,0.8207496286735718,0.8327615029897053,ADP,"DET: 0.82, ADP: 0.15",True,38293,0,10.55304850493315
artiste,artistes,NOUN,NOUN,1.0,0.0,,NOUN: 1.00,True,40,0,3.713572066704308
et,et,CCONJ,CCONJ,0.25644065667983523,1.7170903132548632,SCONJ,"SCONJ: 0.43, ADP: 0.28, CCONJ: 0.26",True,7215,0,8.88405606174246
le,le,DET,DET,0.8207496286735718,0.8327615029897053,ADP,"DET: 0.82, ADP: 0.15",True,38293,0,10.55304850493315
public,public,NOUN,NOUN,0.6842297166824649,0.8997223510519424,PROPN,"NOUN: 0.68, PROPN: 0.32",True,35,0,3.58351893845611
.,.,PUNCT,PUNCT,,,,,True,13366,0,9.500544261971474
mardi,Mardi,NOUN,NOUN,0.24656433119494486,1.5388477152587599,PRON,"PRON: 0.45, ADV: 0.30, NOUN: 0.25",True,19,0,2.995732273553991
midi,midi,NOUN,NOUN,,,,,True,6,0,1.9459101490553132
",",",",PUNCT,PUNCT,,,,,True,16599,0,9.717157974344635
le,l',DET,DET,0.8207496286735718,0.8327615029897053,ADP,"DET: 0.82, ADP: 0.15",True,38293,0,10.55304850493315
automobiliste,automobiliste,NOUN,NOUN,,,,,True,2,0,1.0986122886681098
être,était,AUX,AUX,0.4687470215317024,1.7986756264740116,SCONJ,"AUX: 0.47, SCONJ: 0.23, ADV: 0.20, CCONJ: 0.10",True,8404,0,9.036582045842716
toujours,toujours,ADV,ADV,1.0,0.0,,ADV: 1.00,True,120,0,4.795790545596741
en,en,ADP,ADP,0.21695278762461512,1.4815638486393006,DET,"DET: 0.51, CCONJ: 0.27, ADP: 0.22",True,5233,0,8.562931083090092
garde,garde,NOUN,NOUN,1.0,0.0,,NOUN: 1.00,True,28,0,3.367295829986474
à,à,ADP,ADP,1.0,0.0,,ADP: 1.00,True,9366,0,9.14494815320913
vue,vue,NOUN,NOUN,1.0,0.0,,NOUN: 1.00,True,50,0,3.9318256327243257
.,.,PUNCT,PUNCT,,,,,True,13366,0,9.500544261971474
en,En,ADP,ADP,0.21695278762461512,1.4815638486393006,DET,"DET: 0.51, CCONJ: 0.27, ADP: 0.22",True,5233,0,8.562931083090092
un,d',DET,DET,0.7741737557418163,1.1225809040946326,ADP,"DET: 0.77, ADP: 0.11, CCONJ: 0.09",True,8933,0,9.097619501912064
autre,autres,ADJ,ADJ,0.5773464864136372,0.982668701467866,NUM,"ADJ: 0.58, NUM: 0.42",True,341,0,5.834810737062605
mot,mots,NOUN,NOUN,1.0,0.0,,NOUN: 1.00,True,45,0,3.828641396489095
",",",",PUNCT,PUNCT,,,,,True,16599,0,9.717157974344635
le,la,DET,DET,0.8207496286735718,0.8327615029897053,ADP,"DET: 0.82, ADP: 0.15",True,38293,0,10.55304850493315
pandémie,pandémie,NOUN,NOUN,,,,,True,2,0,1.0986122886681098
avoir,a,AUX,AUX,0.7537049139623345,0.8053529913575782,ADV,"AUX: 0.75, ADV: 0.25",True,2935,0,7.984803389734406
être,été,AUX,AUX,0.4687470215317024,1.7986756264740116,SCONJ,"AUX: 0.47, SCONJ: 0.23, ADV: 0.20, CCONJ: 0.10",True,8404,0,9.036582045842716
un,un,DET,DET,0.7741737557418163,1.1225809040946326,ADP,"DET: 0.77, ADP: 0.11, CCONJ: 0.09",True,8933,0,9.097619501912064
peu,peu,NOUN,NOUN,,,,,True,61,0,4.127134385045092
moins,moins,ADV,ADV,1.0,0.0,,ADV: 1.00,True,149,0,5.0106352940962555
mortel,mortelle,ADJ,ADJ,,,,,True,2,0,1.0986122886681098
que,que,SCONJ,SCONJ,0.6915510664276248,1.397369454710615,CCONJ,"SCONJ: 0.69, CCONJ: 0.17, PRON: 0.06, ADV: 0.05",True,1979,0,7.590852123688581
le,les,DET,DET,0.8207496286735718,0.8327615029897053,ADP,"DET: 0.82, ADP: 0.15",True,38293,0,10.55304850493315
pire,pires,ADJ,ADJ,,,,,True,3,0,1.3862943611198906
saison,saisons,NOUN,NOUN,1.0,0.0,,NOUN: 1.00,True,150,0,5.017279836814924
grippal,grippales,ADJ,ADJ,,,,,False,0,0,0.0
.,.,PUNCT,PUNCT,,,,,True,13366,0,9.500544261971474
cependant,Cependant,ADV,ADV,1.0,0.0,,ADV: 1.00,True,102,0,4.634728988229636
",",",",PUNCT,PUNCT,,,,,True,16599,0,9.717157974344635
vous,vous,PRON,PRON,0.9418283110194323,0.32014404178062034,ADV,"PRON: 0.94, ADV: 0.06",True,252,0,5.53338948872752
être,êtes,AUX,AUX,0.4687470215317024,1.7986756264740116,SCONJ,"AUX: 0.47, SCONJ: 0.23, ADV: 0.20, CCONJ: 0.10",True,8404,0,9.036582045842716
inviter,invités,VERB,VERB,1.0,0.0,,VERB: 1.00,True,21,0,3.091042453358316
à,à,ADP,ADP,1.0,0.0,,ADP: 1.00,True,9366,0,9.14494815320913
respecter,respecter,VERB,VERB,1.0,0.0,,VERB: 1.00,True,20,0,3.044522437723423
un,un,DET,DET,0.7741737557418163,1.1225809040946326,ADP,"DET: 0.77, ADP: 0.11, CCONJ: 0.09",True,8933,0,9.097619501912064
certain,certain,ADJ,ADJ,1.0,0.0,,ADJ: 1.00,True,54,0,4.007333185232471
nombre,nombre,NOUN,NOUN,1.0,0.0,,NOUN: 1.00,True,126,0,4.844187086458591
de,de,ADP,ADP,0.7886818615006483,0.7439947701431047,CCONJ,"ADP: 0.79, CCONJ: 0.21",True,27784,0,10.232251585714021
critère,critères,NOUN,NOUN,1.0,0.0,,NOUN: 1.00,True,12,0,2.5649493574615367
.,.,PUNCT,PUNCT,,,,,True,13366,0,9.500544261971474
on,On,PRON,PRON,0.5432191123278096,1.5995967780630704,SCONJ,"PRON: 0.54, SCONJ: 0.23, CCONJ: 0.19",True,554,0,6.318968113746434
avoir,a,VERB,VERB,1.0,0.0,,VERB: 1.00,True,784,0,6.665683717782408
le,le,DET,DET,0.8207496286735718,0.8327615029897053,ADP,"DET: 0.82, ADP: 0.15",True,38293,0,10.55304850493315
droit,droit,NOUN,NOUN,1.0,0.0,,NOUN: 1.00,True,184,0,5.220355825078324
"""","""",PUNCT,PUNCT,,,,,True,819,0,6.709304340258298
de,d',ADP,ADP,0.7886818615006483,0.7439947701431047,CCONJ,"ADP: 0.79, CCONJ: 0.21",True,27784,0,10.232251585714021
être,être,AUX,AUX,0.4687470215317024,1.7986756264740116,SCONJ,"AUX: 0.47, SCONJ: 0.23, ADV: 0.20, CCONJ: 0.10",True,8404,0,9.036582045842716
contre,contre,ADP,ADV,1.0,0.0,,ADP: 1.00,True,239,1,5.480638923341991
"""","""",PUNCT,PUNCT,,,,,True,819,0,6.709304340258298
.,.,PUNCT,PUNCT,,,,,True,13366,0,9.500544261971474
selon,Selon,ADP,ADP,0.9563022953372076,0.25899642932812117,PRON,ADP: 0.96,True,194,0,5.272999558563747
People,People,PROPN,PROPN,,,,,False,0,0,0.0
",",",",PUNCT,PUNCT,,,,,True,16599,0,9.717157974344635
le,la,DET,DET,0.8207496286735718,0.8327615029897053,ADP,"DET: 0.82, ADP: 0.15",True,38293,0,10.55304850493315
jeune,jeune,ADJ,ADJ,1.0,0.0,,ADJ: 1.00,True,96,0,4.574710978503383
femme,femme,NOUN,NOUN,1.0,0.0,,NOUN: 1.00,True,87,0,4.477336814478207
avoir,a,AUX,AUX,0.7537049139623345,0.8053529913575782,ADV,"AUX: 0.75, ADV: 0.25",True,2935,0,7.984803389734406
très,très,ADV,ADV,1.0,0.0,,ADV: 1.00,True,435,0,6.077642243349034
rapidement,rapidement,ADV,ADV,1.0,0.0,,ADV: 1.00,True,46,0,3.8501476017100584
engager,engagé,VERB,VERB,1.0,0.0,,VERB: 1.00,True,42,0,3.7612001156935624
un,un,DET,DET,0.7741737557418163,1.1225809040946326,ADP,"DET: 0.77, ADP: 0.11, CCONJ: 0.09",True,8933,0,9.097619501912064
avocat,avocat,NOUN,NOUN,1.0,0.0,,NOUN: 1.00,True,17,0,2.8903717578961645
très,très,ADV,ADV,1.0,0.0,,ADV: 1.00,True,435,0,6.077642243349034
en,en,ADP,ADP,0.21695278762461512,1.4815638486393006,DET,"DET: 0.51, CCONJ: 0.27, ADP: 0.22",True,5233,0,8.562931083090092
vue,vue,NOUN,NOUN,1.0,0.0,,NOUN: 1.00,True,50,0,3.9318256327243257
de,de,ADP,ADP,0.7886818615006483,0.7439947701431047,CCONJ,"ADP: 0.79, CCONJ: 0.21",True,27784,0,10.232251585714021
Las,Las,PROPN,PROPN,,,,,True,1,0,0.6931471805599453
Vegas,Vegas,PROPN,PROPN,,,,,False,0,0,0.0
pour,pour,ADP,ADP,0.7890790430468303,0.7432394314397186,CCONJ,"ADP: 0.79, CCONJ: 0.21",True,2242,0,7.715569534520208
assurer,assurer,VERB,VERB,1.0,0.0,,VERB: 1.00,True,73,0,4.30406509320417
son,sa,DET,DET,0.8481722905876147,0.863954061477403,CCONJ,"DET: 0.85, CCONJ: 0.08",True,3876,0,8.262816937670928
défense,défense,NOUN,NOUN,1.0,0.0,,NOUN: 1.00,True,48,0,3.8918202981106265
.,.,PUNCT,PUNCT,,,,,True,13366,0,9.500544261971474
«,«,PUNCT,PUNCT,,,,,True,866,0,6.7650389767805414
le,Les,DET,DET,0.8207496286735718,0.8327615029897053,ADP,"DET: 0.82, ADP: 0.15",True,38293,0,10.55304850493315
changement,changements,NOUN,NOUN,1.0,0.0,,NOUN: 1.00,True,37,0,3.6375861597263857
de,d',ADP,ADP,0.7886818615006483,0.7439947701431047,CCONJ,"ADP: 0.79, CCONJ: 0.21",True,27784,0,10.232251585714021
horaire,horaire,NOUN,NOUN,,,,,True,8,0,2.1972245773362196
",",",",PUNCT,PUNCT,,,,,True,16599,0,9.717157974344635
ce,c',PRON,PRON,0.959635480454852,0.243961008701331,ADV,PRON: 0.96,True,855,0,6.752270376141742
être,est,AUX,AUX,0.4687470215317024,1.7986756264740116,SCONJ,"AUX: 0.47, SCONJ: 0.23, ADV: 0.20, CCONJ: 0.10",True,8404,0,9.036582045842716
plutôt,plutôt,ADV,ADV,1.0,0.0,,ADV: 1.00,True,41,0,3.7376696182833684
un,une,DET,DET,0.7741737557418163,1.1225809040946326,ADP,"DET: 0.77, ADP: 0.11, CCONJ: 0.09",True,8933,0,9.097619501912064
bon,bonne,ADJ,ADJ,1.0,0.0,,ADJ: 1.00,True,164,0,5.10594547390058
chose,chose,NOUN,NOUN,1.0,0.0,,NOUN: 1.00,True,44,0,3.8066624897703196
pour,pour,ADP,ADP,0.7890790430468303,0.7432394314397186,CCONJ,"ADP: 0.79, CCONJ: 0.21",True,2242,0,7.715569534520208
moi,moi,PRON,PRON,0.7120466284894749,1.0523675190710984,CCONJ,"PRON: 0.71, CCONJ: 0.24",True,621,0,6.432940092739179
",",",",PUNCT,PUNCT,,,,,True,16599,0,9.717157974344635
moi,je,PRON,PRON,0.7120466284894749,1.0523675190710984,CCONJ,"PRON: 0.71, CCONJ: 0.24",True,621,0,6.432940092739179
gagner,gagne,VERB,VERB,1.0,0.0,,VERB: 1.00,True,48,0,3.8918202981106265
deux,deux,NUM,NUM,0.21554851351024185,0.7519555130200147,DET,"DET: 0.78, NUM: 0.22",True,568,0,6.343880434126331
minute,minutes,NOUN,NOUN,1.0,0.0,,NOUN: 1.00,True,46,0,3.8501476017100584
sur,sur,ADP,ADP,1.0,0.0,,ADP: 1.00,True,1482,0,7.301822342137932
son,mon,DET,DET,0.8481722905876147,0.863954061477403,CCONJ,"DET: 0.85, CCONJ: 0.08",True,3876,0,8.262816937670928
temps,temps,NOUN,NOUN,1.0,0.0,,NOUN: 1.00,True,201,0,5.308267697401205
de,d',ADP,ADP,0.7886818615006483,0.7439947701431047,CCONJ,"ADP: 0.79, CCONJ: 0.21",True,27784,0,10.232251585714021
attente,attente,NOUN,NOUN,0.6846873167425134,0.8992111506855729,PROPN,"NOUN: 0.68, PROPN: 0.32",True,23,0,3.1780538303479458
",",",",PUNCT,PUNCT,,,,,True,16599,0,9.717157974344635
sourire,sourit,VERB,VERB,,,,,True,1,0,0.6931471805599453
lui,-elle,PRON,PRON,0.7173975220804439,1.0427392110337699,CCONJ,"PRON: 0.72, CCONJ: 0.24",True,5436,0,8.600982717145921
.,.,PUNCT,PUNCT,,,,,True,13366,0,9.500544261971474
annoncer,Annoncé,VERB,VERB,1.0,0.0,,VERB: 1.00,True,74,0,4.31748811353631
hier,hier,ADV,ADV,0.6061547693706258,1.2975618491802465,PRON,"ADV: 0.61, PRON: 0.33",True,17,0,2.8903717578961645
matin,matin,NOUN,NOUN,0.3929125780804597,0.9666534383055907,PROPN,"PROPN: 0.61, NOUN: 0.39",True,25,0,3.258096538021482
--,--,PUNCT,PUNCT,,,,,True,222,0,5.407171771460119
dans,dans,ADP,ADP,1.0,0.0,,ADP: 1.00,True,2779,0,7.930206206684683
le,les,DET,DET,0.8207496286735718,0.8327615029897053,ADP,"DET: 0.82, ADP: 0.15",True,38293,0,10.55304850493315
colonne,colonnes,NOUN,NOUN,1.0,0.0,,NOUN: 1.00,True,15,0,2.772588722239781
de,de,ADP,ADP,0.7886818615006483,0.7439947701431047,CCONJ,"ADP: 0.79, CCONJ: 0.21",True,27784,0,10.232251585714021
le,L',DET,DET,0.8207496286735718,0.8327615029897053,ADP,"DET: 0.82, ADP: 0.15",True,38293,0,10.55304850493315
Indépendant,Indépendant,PROPN,PROPN,,,,,False,0,0,0.0
--,--,PUNCT,PUNCT,,,,,True,222,0,5.407171771460119
comme,comme,ADP,ADP,0.884348973672223,0.5167293038082115,CCONJ,"ADP: 0.88, CCONJ: 0.12",True,472,0,6.159095388491933
un,un,DET,DET,0.7741737557418163,1.1225809040946326,ADP,"DET: 0.77, ADP: 0.11, CCONJ: 0.09",True,8933,0,9.097619501912064
postulant,postulant,NOUN,NOUN,,,,,False,0,0,0.0
sérieux,sérieux,ADJ,ADJ,1.0,0.0,,ADJ: 1.00,True,14,0,2.70805020110221
à,à,ADP,ADP,1.0,0.0,,ADP: 1.00,True,9366,0,9.14494815320913
le,la,DET,DET,0.8207496286735718,0.8327615029897053,ADP,"DET: 0.82, ADP: 0.15",True,38293,0,10.55304850493315
succession,succession,NOUN,NOUN,,,,,True,10,0,2.3978952727983707
de,de,ADP,ADP,0.7886818615006483,0.7439947701431047,CCONJ,"ADP: 0.79, CCONJ: 0.21",True,27784,0,10.232251585714021
Franck,Franck,PROPN,PROPN,,,,,True,3,0,1.3862943611198906
Azéma,Azéma,PROPN,PROPN,,,,,False,0,0,0.0
qui,qui,PRON,PRON,0.8171669946022245,0.8424411100711472,CCONJ,"PRON: 0.82, CCONJ: 0.13, ADV: 0.05",True,1916,0,7.558516743045645
soi,s',PRON,PRON,0.8260631963800735,0.8193543183609986,CCONJ,"PRON: 0.83, CCONJ: 0.12, ADV: 0.05",True,2063,0,7.6324011266014535
apprêter,apprête,VERB,VERB,,,,,False,0,0,0.0
à,à,ADP,ADP,1.0,0.0,,ADP: 1.00,True,9366,0,9.14494815320913
rejoindre,rejoindre,VERB,VERB,1.0,0.0,,VERB: 1.00,True,64,0,4.174387269895637
Clermont,Clermont,PROPN,PROPN,,,,,True,1,0,0.6931471805599453
à,à,ADP,ADP,1.0,0.0,,ADP: 1.00,True,9366,0,9.14494815320913
le,le,DET,DET,0.8207496286735718,0.8327615029897053,ADP,"DET: 0.82, ADP: 0.15",True,38293,0,10.55304850493315
terme,terme,NOUN,NOUN,1.0,0.0,,NOUN: 1.00,True,86,0,4.465908118654584
de,de,ADP,ADP,0.7886818615006483,0.7439947701431047,CCONJ,"ADP: 0.79, CCONJ: 0.21",True,27784,0,10.232251585714021
le,l',DET,DET,0.8207496286735718,0.8327615029897053,ADP,"DET: 0.82, ADP: 0.15",True,38293,0,10.55304850493315
exercice,exercice,NOUN,NOUN,1.0,0.0,,NOUN: 1.00,True,19,0,2.995732273553991
actuel,actuel,ADJ,ADJ,0.8865763038479116,0.5101572642861637,PROPN,"ADJ: 0.89, PROPN: 0.11",True,58,0,4.07753744390572
",",",",PUNCT,PUNCT,,,,,True,16599,0,9.717157974344635
lui,il,PRON,PRON,0.7173975220804439,1.0427392110337699,CCONJ,"PRON: 0.72, CCONJ: 0.24",True,5436,0,8.600982717145921
souligner,souligne,VERB,VERB,1.0,0.0,,VERB: 1.00,True,23,0,3.1780538303479458
dans,dans,ADP,ADP,1.0,0.0,,ADP: 1.00,True,2779,0,7.930206206684683
un,un,DET,DET,0.7741737557418163,1.1225809040946326,ADP,"DET: 0.77, ADP: 0.11, CCONJ: 0.09",True,8933,0,9.097619501912064
premier,premier,ADJ,ADJ,1.0,0.0,,ADJ: 1.00,True,675,0,6.516193076042964
temps,temps,NOUN,NOUN,1.0,0.0,,NOUN: 1.00,True,201,0,5.308267697401205
:,:,PUNCT,PUNCT,,,,,True,739,0,6.606650186198215
"""","""",PUNCT,PUNCT,,,,,True,819,0,6.709304340258298
lui,Il,PRON,PRON,0.7173975220804439,1.0427392110337699,CCONJ,"PRON: 0.72, CCONJ: 0.24",True,5436,0,8.600982717145921
y,y,PRON,PRON,0.8287336305823229,0.8120222571975413,CCONJ,"PRON: 0.83, CCONJ: 0.12, ADV: 0.05",True,464,0,6.142037405587356
avoir,a,VERB,VERB,1.0,0.0,,VERB: 1.00,True,784,0,6.665683717782408
bien,bien,ADV,ADV,1.0,0.0,,ADV: 1.00,True,306,0,5.726847747587197
de,de,ADP,ADP,0.7886818615006483,0.7439947701431047,CCONJ,"ADP: 0.79, CCONJ: 0.21",True,27784,0,10.232251585714021
le,la,DET,DET,0.8207496286735718,0.8327615029897053,ADP,"DET: 0.82, ADP: 0.15",True,38293,0,10.55304850493315
fumée,fumée,NOUN,NOUN,,,,,True,5,0,1.791759469228055
",",",",PUNCT,PUNCT,,,,,True,16599,0,9.717157974344635
mais,mais,CCONJ,CCONJ,0.15469195513464806,1.2293580521348002,SCONJ,"SCONJ: 0.72, CCONJ: 0.15, PRON: 0.09",True,734,0,6.5998704992128365
ce,c',PRON,PRON,0.959635480454852,0.243961008701331,ADV,PRON: 0.96,True,855,0,6.752270376141742
être,est,AUX,AUX,0.4687470215317024,1.7986756264740116,SCONJ,"AUX: 0.47, SCONJ: 0.23, ADV: 0.20, CCONJ: 0.10",True,8404,0,9.036582045842716
sans,sans,ADP,ADP,0.16755719533164298,1.4014374668614333,DET,"DET: 0.61, CCONJ: 0.21, ADP: 0.17",True,220,0,5.3981627015177525
feu,feu,NOUN,NOUN,1.0,0.0,,NOUN: 1.00,True,33,0,3.5263605246161616
!,!,PUNCT,PUNCT,,,,,True,306,0,5.726847747587197
Barack,Barack,PROPN,PROPN,,,,,True,5,0,1.791759469228055
Obama,Obama,PROPN,PROPN,,,,,True,7,0,2.0794415416798357
soi,s',PRON,PRON,0.8260631963800735,0.8193543183609986,CCONJ,"PRON: 0.83, CCONJ: 0.12, ADV: 0.05",True,2063,0,7.6324011266014535
être,est,AUX,AUX,0.4687470215317024,1.7986756264740116,SCONJ,"AUX: 0.47, SCONJ: 0.23, ADV: 0.20, CCONJ: 0.10",True,8404,0,9.036582045842716
baigner,baigné,VERB,VERB,,,,,False,0,0,0.0
samedi,samedi,NOUN,NOUN,1.0,0.0,,NOUN: 1.00,True,27,0,3.332204510175204
dans,dans,ADP,ADP,1.0,0.0,,ADP: 1.00,True,2779,0,7.930206206684683
un,une,DET,DET,0.7741737557418163,1.1225809040946326,ADP,"DET: 0.77, ADP: 0.11, CCONJ: 0.09",True,8933,0,9.097619501912064
station,station,NOUN,NOUN,1.0,0.0,,NOUN: 1.00,True,46,0,3.8501476017100584
balnéaire,balnéaire,ADJ,ADJ,,,,,True,3,0,1.3862943611198906
de,de,ADP,ADP,0.7886818615006483,0.7439947701431047,CCONJ,"ADP: 0.79, CCONJ: 0.21",True,27784,0,10.232251585714021
Floride,Floride,PROPN,PROPN,0.9807192446736452,0.13738292581549502,NOUN,PROPN: 0.98,True,15,0,2.772588722239781
affirmer,affirmant,VERB,VERB,1.0,0.0,,VERB: 1.00,True,42,0,3.7612001156935624
que,que,SCONJ,SCONJ,0.6915510664276248,1.397369454710615,CCONJ,"SCONJ: 0.69, CCONJ: 0.17, PRON: 0.06, ADV: 0.05",True,1979,0,7.590852123688581
tout,toutes,ADJ,ADJ,0.0,0.0,ADP,ADP: 1.00,True,401,0,5.996452088619021
le,les,DET,DET,0.8207496286735718,0.8327615029897053,ADP,"DET: 0.82, ADP: 0.15",True,38293,0,10.55304850493315
plage,plages,NOUN,NOUN,1.0,0.0,,NOUN: 1.00,True,15,0,2.772588722239781
de,de,ADP,ADP,0.7886818615006483,0.7439947701431047,CCONJ,"ADP: 0.79, CCONJ: 0.21",True,27784,0,10.232251585714021
le,le,DET,DET,0.8207496286735718,0.8327615029897053,ADP,"DET: 0.82, ADP: 0.15",True,38293,0,10.55304850493315
golfe,golfe,NOUN,NOUN,,,,,True,7,0,2.0794415416798357
de,de,ADP,ADP,0.7886818615006483,0.7439947701431047,CCONJ,"ADP: 0.79, CCONJ: 0.21",True,27784,0,10.232251585714021
le,le,DET,DET,0.8207496286735718,0.8327615029897053,ADP,"DET: 0.82, ADP: 0.15",True,38293,0,10.55304850493315
Mexique,Mexique,PROPN,PROPN,,,,,True,10,0,2.3978952727983707
être,sont,AUX,AUX,0.4687470215317024,1.7986756264740116,SCONJ,"AUX: 0.47, SCONJ: 0.23, ADV: 0.20, CCONJ: 0.10",True,8404,0,9.036582045842716
praticable,praticables,ADJ,ADJ,,,,,False,0,0,0.0
et,et,CCONJ,CCONJ,0.25644065667983523,1.7170903132548632,SCONJ,"SCONJ: 0.43, ADP: 0.28, CCONJ: 0.26",True,7215,0,8.88405606174246
essayer,essayant,VERB,VERB,0.9311494927720979,0.3616192533954664,ADJ,"VERB: 0.93, ADJ: 0.07",True,31,0,3.4657359027997265
de,de,ADP,ADP,0.7886818615006483,0.7439947701431047,CCONJ,"ADP: 0.79, CCONJ: 0.21",True,27784,0,10.232251585714021
montrer,montrer,VERB,VERB,1.0,0.0,,VERB: 1.00,True,56,0,4.04305126783455
le,l',DET,DET,0.8207496286735718,0.8327615029897053,ADP,"DET: 0.82, ADP: 0.15",True,38293,0,10.55304850493315
exemple,exemple,NOUN,NOUN,1.0,0.0,,NOUN: 1.00,True,96,0,4.574710978503383
après,après,ADP,ADP,0.8490838848157983,0.7380994576350169,CCONJ,"ADP: 0.85, CCONJ: 0.11",True,403,0,6.0014148779611505
le,la,DET,DET,0.8207496286735718,0.8327615029897053,ADP,"DET: 0.82, ADP: 0.15",True,38293,0,10.55304850493315
marée,marée,NOUN,NOUN,,,,,True,5,0,1.791759469228055
noir,noire,ADJ,ADJ,1.0,0.0,,ADJ: 1.00,True,41,0,3.7376696182833684
provoquer,provoquée,VERB,VERB,1.0,0.0,,VERB: 1.00,True,36,0,3.6109179126442243
par,par,ADP,ADP,1.0,0.0,,ADP: 1.00,True,2183,0,7.688913336864796
BP,BP,PROPN,PROPN,,,,,True,1,0,0.6931471805599453
.,.,PUNCT,PUNCT,,,,,True,13366,0,9.500544261971474
peut-être,Peut-être,ADV,ADV,0.3907701841927574,1.5030210771662444,SCONJ,"SCONJ: 0.43, ADV: 0.39, CCONJ: 0.18",True,23,0,3.1780538303479458
être,serait,AUX,AUX,0.4687470215317024,1.7986756264740116,SCONJ,"AUX: 0.47, SCONJ: 0.23, ADV: 0.20, CCONJ: 0.10",True,8404,0,9.036582045842716
lui,-il,PRON,PRON,0.7173975220804439,1.0427392110337699,CCONJ,"PRON: 0.72, CCONJ: 0.24",True,5436,0,8.600982717145921
plus,plus,ADV,ADV,0.7196677710684014,0.8559031009192263,CCONJ,"ADV: 0.72, CCONJ: 0.28",True,1173,0,7.068172000388042
libérateur,libérateur,ADJ,ADJ,,,,,False,0,0,0.0
de,de,ADP,ADP,0.7886818615006483,0.7439947701431047,CCONJ,"ADP: 0.79, CCONJ: 0.21",True,27784,0,10.232251585714021
crier,crier,VERB,VERB,,,,,True,6,0,1.9459101490553132
bien,bien,ADV,ADV,1.0,0.0,,ADV: 1.00,True,306,0,5.726847747587197
fort,fort,ADV,ADV,1.0,0.0,,ADV: 1.00,True,18,0,2.9444389791664403
:,:,PUNCT,PUNCT,,,,,True,739,0,6.606650186198215
ouache,OUACHE,INTJ,PROPN,,,,,False,0,1,0.0
!,!,PUNCT,PUNCT,,,,,True,306,0,5.726847747587197
...,...,PUNCT,PUNCT,,,,,True,158,0,5.0689042022202315
un,Une,DET,DET,0.7741737557418163,1.1225809040946326,ADP,"DET: 0.77, ADP: 0.11, CCONJ: 0.09",True,8933,0,9.097619501912064
marge,marge,NOUN,NOUN,,,,,True,7,0,2.0794415416798357
net,nette,ADJ,ADJ,,,,,True,7,0,2.0794415416798357
de,d',ADP,ADP,0.7886818615006483,0.7439947701431047,CCONJ,"ADP: 0.79, CCONJ: 0.21",True,27784,0,10.232251585714021
intérêt,intérêts,NOUN,NOUN,1.0,0.0,,NOUN: 1.00,True,49,0,3.912023005428146
solide,solide,ADJ,ADJ,,,,,True,7,0,2.0794415416798357
et,et,CCONJ,CCONJ,0.25644065667983523,1.7170903132548632,SCONJ,"SCONJ: 0.43, ADP: 0.28, CCONJ: 0.26",True,7215,0,8.88405606174246
le,le,DET,DET,0.8207496286735718,0.8327615029897053,ADP,"DET: 0.82, ADP: 0.15",True,38293,0,10.55304850493315
contrôle,contrôle,NOUN,NOUN,1.0,0.0,,NOUN: 1.00,True,43,0,3.784189633918261
de,de,ADP,ADP,0.7886818615006483,0.7439947701431047,CCONJ,"ADP: 0.79, CCONJ: 0.21",True,27784,0,10.232251585714021
le,les,DET,DET,0.8207496286735718,0.8327615029897053,ADP,"DET: 0.82, ADP: 0.15",True,38293,0,10.55304850493315
coût,coûts,NOUN,NOUN,1.0,0.0,,NOUN: 1.00,True,25,0,3.258096538021482
avoir,ont,AUX,AUX,0.7537049139623345,0.8053529913575782,ADV,"AUX: 0.75, ADV: 0.25",True,2935,0,7.984803389734406
permettre,permis,VERB,VERB,1.0,0.0,,VERB: 1.00,True,245,0,5.5053315359323625
à,à,ADP,ADP,1.0,0.0,,ADP: 1.00,True,9366,0,9.14494815320913
le,le,DET,DET,0.8207496286735718,0.8327615029897053,ADP,"DET: 0.82, ADP: 0.15",True,38293,0,10.55304850493315
groupe,groupe,NOUN,NOUN,1.0,0.0,,NOUN: 1.00,True,247,0,5.5134287461649825
",",",",PUNCT,PUNCT,,,,,True,16599,0,9.717157974344635
malgré,malgré,ADP,ADP,0.9558125994035037,0.26117235118140075,PRON,ADP: 0.96,True,74,0,4.31748811353631
le,la,DET,DET,0.8207496286735718,0.8327615029897053,ADP,"DET: 0.82, ADP: 0.15",True,38293,0,10.55304850493315
crise,crise,NOUN,NOUN,1.0,0.0,,NOUN: 1.00,True,29,0,3.4011973816621555
",",",",PUNCT,PUNCT,,,,,True,16599,0,9.717157974344635
de,de,ADP,ADP,0.7886818615006483,0.7439947701431047,CCONJ,"ADP: 0.79, CCONJ: 0.21",True,27784,0,10.232251585714021
faire,faire,AUX,AUX,,,,,True,238,0,5.476463551931511
croître,croître,VERB,VERB,,,,,True,3,0,1.3862943611198906
son,son,DET,DET,0.8481722905876147,0.863954061477403,CCONJ,"DET: 0.85, CCONJ: 0.08",True,3876,0,8.262816937670928
bénéfice,bénéfice,NOUN,NOUN,,,,,True,5,0,1.791759469228055
net,net,ADJ,ADJ,,,,,True,7,0,2.0794415416798357
de,de,ADP,ADP,0.7886818615006483,0.7439947701431047,CCONJ,"ADP: 0.79, CCONJ: 0.21",True,27784,0,10.232251585714021
"0,7","0,7",NUM,NUM,,,,,False,0,0,0.0
%,%,SYM,SYM,,,,,True,249,0,5.521460917862246
en,en,ADP,ADP,0.21695278762461512,1.4815638486393006,DET,"DET: 0.51, CCONJ: 0.27, ADP: 0.22",True,5233,0,8.562931083090092
2009,2009,NUM,NUM,1.0,0.0,,NUM: 1.00,True,107,0,4.68213122712422
à,à,ADP,ADP,1.0,0.0,,ADP: 1.00,True,9366,0,9.14494815320913
"8,943","8,943",NUM,NUM,,,,,False,0,0,0.0
milliard,milliards,NOUN,NOUN,1.0,0.0,,NOUN: 1.00,True,37,0,3.6375861597263857
de,d',ADP,ADP,0.7886818615006483,0.7439947701431047,CCONJ,"ADP: 0.79, CCONJ: 0.21",True,27784,0,10.232251585714021
euro,euros,NOUN,NOUN,0.1819055257705694,1.3686692798770292,PROPN,"PROPN: 0.60, NUM: 0.22, NOUN: 0.18",True,65,0,4.189654742026425
",",",",PUNCT,PUNCT,,,,,True,16599,0,9.717157974344635
malgré,malgré,ADP,ADP,0.9558125994035037,0.26117235118140075,PRON,ADP: 0.96,True,74,0,4.31748811353631
"9,484","9,484",NUM,NUM,,,,,False,0,0,0.0
milliard,milliards,NOUN,NOUN,1.0,0.0,,NOUN: 1.00,True,37,0,3.6375861597263857
de,de,ADP,ADP,0.7886818615006483,0.7439947701431047,CCONJ,"ADP: 0.79, CCONJ: 0.21",True,27784,0,10.232251585714021
provision,provisions,NOUN,NOUN,,,,,True,1,0,0.6931471805599453
pour,pour,ADP,ADP,0.7890790430468303,0.7432394314397186,CCONJ,"ADP: 0.79, CCONJ: 0.21",True,2242,0,7.715569534520208
créance,créances,NOUN,NOUN,,,,,False,0,0,0.0
douteux,douteuses,ADJ,ADJ,,,,,True,3,0,1.3862943611198906
.,.,PUNCT,PUNCT,,,,,True,13366,0,9.500544261971474
200,200,NUM,NUM,0.210463522971144,0.7423678133933559,DET,"DET: 0.79, NUM: 0.21",True,17,0,2.8903717578961645
vol,vols,NOUN,NOUN,1.0,0.0,,NOUN: 1.00,True,31,0,3.4657359027997265
avoir,ont,AUX,AUX,0.7537049139623345,0.8053529913575782,ADV,"AUX: 0.75, ADV: 0.25",True,2935,0,7.984803389734406
être,été,AUX,AUX,0.4687470215317024,1.7986756264740116,SCONJ,"AUX: 0.47, SCONJ: 0.23, ADV: 0.20, CCONJ: 0.10",True,8404,0,9.036582045842716
annuler,annulés,VERB,VERB,,,,,True,8,0,2.1972245773362196
samedi,samedi,NOUN,NOUN,1.0,0.0,,NOUN: 1.00,True,27,0,3.332204510175204
",",",",PUNCT,PUNCT,,,,,True,16599,0,9.717157974344635
et,et,CCONJ,CCONJ,0.25644065667983523,1.7170903132548632,SCONJ,"SCONJ: 0.43, ADP: 0.28, CCONJ: 0.26",True,7215,0,8.88405606174246
ce,ce,PRON,PRON,0.959635480454852,0.243961008701331,ADV,PRON: 0.96,True,855,0,6.752270376141742
malgré,malgré,ADP,ADP,0.9558125994035037,0.26117235118140075,PRON,ADP: 0.96,True,74,0,4.31748811353631
le,la,DET,DET,0.8207496286735718,0.8327615029897053,ADP,"DET: 0.82, ADP: 0.15",True,38293,0,10.55304850493315
déclaration,déclaration,NOUN,NOUN,1.0,0.0,,NOUN: 1.00,True,13,0,2.6390573296152584
de,de,ADP,ADP,0.7886818615006483,0.7439947701431047,CCONJ,"ADP: 0.79, CCONJ: 0.21",True,27784,0,10.232251585714021
le,le,DET,DET,0.8207496286735718,0.8327615029897053,ADP,"DET: 0.82, ADP: 0.15",True,38293,0,10.55304850493315
porte-parole,porte-parole,NOUN,NOUN,1.0,0.0,,NOUN: 1.00,True,15,0,2.772588722239781
de,de,ADP,ADP,0.7886818615006483,0.7439947701431047,CCONJ,"ADP: 0.79, CCONJ: 0.21",True,27784,0,10.232251585714021
le,la,DET,DET,0.8207496286735718,0.8327615029897053,ADP,"DET: 0.82, ADP: 0.15",True,38293,0,10.55304850493315
compagnie,compagnie,NOUN,NOUN,1.0,0.0,,NOUN: 1.00,True,74,0,4.31748811353631
à,à,ADP,ADP,1.0,0.0,,ADP: 1.00,True,9366,0,9.14494815320913
le,le,DET,DET,0.8207496286735718,0.8327615029897053,ADP,"DET: 0.82, ADP: 0.15",True,38293,0,10.55304850493315
premier,premier,ADJ,ADJ,1.0,0.0,,ADJ: 1.00,True,675,0,6.516193076042964
jour,jour,NOUN,NOUN,1.0,0.0,,NOUN: 1.00,True,200,0,5.303304908059076
de,de,ADP,ADP,0.7886818615006483,0.7439947701431047,CCONJ,"ADP: 0.79, CCONJ: 0.21",True,27784,0,10.232251585714021
le,la,DET,DET,0.8207496286735718,0.8327615029897053,ADP,"DET: 0.82, ADP: 0.15",True,38293,0,10.55304850493315
grève,gréve,NOUN,NOUN,,,,,True,9,0,2.302585092994046
.,.,PUNCT,PUNCT,,,,,True,13366,0,9.500544261971474
«,«,PUNCT,PUNCT,,,,,True,866,0,6.7650389767805414
lui,Il,PRON,PRON,0.7173975220804439,1.0427392110337699,CCONJ,"PRON: 0.72, CCONJ: 0.24",True,5436,0,8.600982717145921
ne,n',ADV,ADV,0.03110691420199771,0.7244015123648279,PRON,"PRON: 0.85, CCONJ: 0.12",True,1435,0,7.269616749608169
y,y,PRON,PRON,0.8287336305823229,0.8120222571975413,CCONJ,"PRON: 0.83, CCONJ: 0.12, ADV: 0.05",True,464,0,6.142037405587356
avoir,a,VERB,VERB,1.0,0.0,,VERB: 1.00,True,784,0,6.665683717782408
pas,pas,ADV,ADV,1.0,0.0,,ADV: 1.00,True,893,0,6.795705775173514
un,de,DET,DET,0.7741737557418163,1.1225809040946326,ADP,"DET: 0.77, ADP: 0.11, CCONJ: 0.09",True,8933,0,9.097619501912064
problème,problème,NOUN,NOUN,1.0,0.0,,NOUN: 1.00,True,77,0,4.356708826689592
de,de,ADP,ADP,0.7886818615006483,0.7439947701431047,CCONJ,"ADP: 0.79, CCONJ: 0.21",True,27784,0,10.232251585714021
banlieue,banlieue,NOUN,NOUN,,,,,True,7,0,2.0794415416798357
et,et,CCONJ,CCONJ,0.25644065667983523,1.7170903132548632,SCONJ,"SCONJ: 0.43, ADP: 0.28, CCONJ: 0.26",True,7215,0,8.88405606174246
le,la,DET,DET,0.8207496286735718,0.8327615029897053,ADP,"DET: 0.82, ADP: 0.15",True,38293,0,10.55304850493315
banlieue,banlieue,NOUN,NOUN,,,,,True,7,0,2.0794415416798357
",",",",PUNCT,PUNCT,,,,,True,16599,0,9.717157974344635
moi,je,PRON,PRON,0.7120466284894749,1.0523675190710984,CCONJ,"PRON: 0.71, CCONJ: 0.24",True,621,0,6.432940092739179
ne,ne,ADV,ADV,0.03110691420199771,0.7244015123648279,PRON,"PRON: 0.85, CCONJ: 0.12",True,1435,0,7.269616749608169
savoir,sais,VERB,VERB,1.0,0.0,,VERB: 1.00,True,91,0,4.5217885770490405
pas,pas,ADV,ADV,1.0,0.0,,ADV: 1.00,True,893,0,6.795705775173514
ce,ce,PRON,PRON,0.959635480454852,0.243961008701331,ADV,PRON: 0.96,True,855,0,6.752270376141742
que,que,PRON,PRON,0.11611059889321292,1.238361633076011,SCONJ,"SCONJ: 0.71, CCONJ: 0.15, PRON: 0.12",True,430,0,6.066108090103747
ce,c',PRON,PRON,0.959635480454852,0.243961008701331,ADV,PRON: 0.96,True,855,0,6.752270376141742
être,est,AUX,AUX,0.4687470215317024,1.7986756264740116,SCONJ,"AUX: 0.47, SCONJ: 0.23, ADV: 0.20, CCONJ: 0.10",True,8404,0,9.036582045842716
»,»,PUNCT,PUNCT,,,,,True,814,0,6.703188113240863
",",",",PUNCT,PUNCT,,,,,True,16599,0,9.717157974344635
ne,n',ADV,ADV,0.03110691420199771,0.7244015123648279,PRON,"PRON: 0.85, CCONJ: 0.12",True,1435,0,7.269616749608169
avoir,a,AUX,AUX,0.7537049139623345,0.8053529913575782,ADV,"AUX: 0.75, ADV: 0.25",True,2935,0,7.984803389734406
cesser,cessé,VERB,VERB,1.0,0.0,,VERB: 1.00,True,21,0,3.091042453358316
de,de,ADP,ADP,0.7886818615006483,0.7439947701431047,CCONJ,"ADP: 0.79, CCONJ: 0.21",True,27784,0,10.232251585714021
répéter,répéter,VERB,VERB,,,,,True,9,0,2.302585092994046
ce,cet,DET,DET,0.8764141494570885,0.6891209831462356,ADP,"DET: 0.88, ADP: 0.08",True,1960,0,7.581209826196346
animateur,animateur,NOUN,NOUN,,,,,True,6,0,1.9459101490553132
passer,passé,VERB,VERB,1.0,0.0,,VERB: 1.00,True,192,0,5.262690188904886
par,par,ADP,ADP,1.0,0.0,,ADP: 1.00,True,2183,0,7.688913336864796
Radio,Radio,PROPN,PROPN,,,,,True,4,0,1.6094379124341003
Nova,Nova,PROPN,PROPN,,,,,False,0,0,0.0
.,.,PUNCT,PUNCT,,,,,True,13366,0,9.500544261971474
Chicago,Chicago,PROPN,PROPN,0.8137281460617287,0.6936069910730496,NUM,"PROPN: 0.81, NUM: 0.19",True,17,0,2.8903717578961645
(,(,PUNCT,PUNCT,,,,,True,2211,0,7.701652362642226
41-41,41-41,NUM,NUM,,,,,False,0,0,0.0
),),PUNCT,PUNCT,,,,,True,2204,0,7.6984827878809465
coiffer,coiffe,VERB,VERB,,,,,True,2,0,1.0986122886681098
ainsi,ainsi,ADV,ADV,1.0,0.0,,ADV: 1.00,True,330,0,5.802118375377063
à,à,ADP,ADP,1.0,0.0,,ADP: 1.00,True,9366,0,9.14494815320913
le,le,DET,DET,0.8207496286735718,0.8327615029897053,ADP,"DET: 0.82, ADP: 0.15",True,38293,0,10.55304850493315
poteau,poteau,NOUN,NOUN,,,,,True,2,0,1.0986122886681098
Toronto,Toronto,PROPN,PROPN,,,,,True,9,0,2.302585092994046
(,(,PUNCT,PUNCT,,,,,True,2211,0,7.701652362642226
40-42,40-42,NUM,NUM,,,,,False,0,0,0.0
),),PUNCT,PUNCT,,,,,True,2204,0,7.6984827878809465
",",",",PUNCT,PUNCT,,,,,True,16599,0,9.717157974344635
dont,dont,PRON,PRON,0.0,0.5067841712485793,ADP,"ADP: 0.89, CCONJ: 0.11",True,249,0,5.521460917862246
le,la,DET,DET,0.8207496286735718,0.8327615029897053,ADP,"DET: 0.82, ADP: 0.15",True,38293,0,10.55304850493315
victoire,victoire,NOUN,NOUN,1.0,0.0,,NOUN: 1.00,True,72,0,4.290459441148391
à,à,ADP,ADP,1.0,0.0,,ADP: 1.00,True,9366,0,9.14494815320913
New,New,PROPN,PROPN,0.9940126016372871,0.052822160095885945,NOUN,PROPN: 0.99,True,54,0,4.007333185232471
York,York,PROPN,PROPN,,,,,True,52,0,3.970291913552122
(,(,PUNCT,PUNCT,,,,,True,2211,0,7.701652362642226
131-113,131-113,NUM,NUM,,,,,False,0,0,0.0
),),PUNCT,PUNCT,,,,,True,2204,0,7.6984827878809465
ne,n',ADV,ADV,0.03110691420199771,0.7244015123648279,PRON,"PRON: 0.85, CCONJ: 0.12",True,1435,0,7.269616749608169
avoir,a,AUX,AUX,0.7537049139623345,0.8053529913575782,ADV,"AUX: 0.75, ADV: 0.25",True,2935,0,7.984803389734406
servir,servi,VERB,VERB,1.0,0.0,,VERB: 1.00,True,86,0,4.465908118654584
à,à,ADP,ADP,1.0,0.0,,ADP: 1.00,True,9366,0,9.14494815320913
rien,rien,PRON,PRON,0.0,0.0,ADV,ADV: 1.00,True,69,0,4.248495242049359
.,.,PUNCT,PUNCT,,,,,True,13366,0,9.500544261971474
et,Et,CCONJ,CCONJ,0.25644065667983523,1.7170903132548632,SCONJ,"SCONJ: 0.43, ADP: 0.28, CCONJ: 0.26",True,7215,0,8.88405606174246
côté,côté,NOUN,NOUN,1.0,0.0,,NOUN: 1.00,True,106,0,4.672828834461906
coloration,coloration,NOUN,NOUN,,,,,True,3,0,1.3862943611198906
",",",",PUNCT,PUNCT,,,,,True,16599,0,9.717157974344635
Miss,Miss,PROPN,PROPN,,,,,True,2,0,1.0986122886681098
France,France,PROPN,PROPN,0.9804292393899958,0.13902365897177782,NOUN,PROPN: 0.98,True,267,0,5.5909869805108565
ne,n',ADV,ADV,0.03110691420199771,0.7244015123648279,PRON,"PRON: 0.85, CCONJ: 0.12",True,1435,0,7.269616749608169
être,est,AUX,AUX,0.4687470215317024,1.7986756264740116,SCONJ,"AUX: 0.47, SCONJ: 0.23, ADV: 0.20, CCONJ: 0.10",True,8404,0,9.036582045842716
pas,pas,ADV,ADV,1.0,0.0,,ADV: 1.00,True,893,0,6.795705775173514
à,à,ADP,ADP,1.0,0.0,,ADP: 1.00,True,9366,0,9.14494815320913
son,son,DET,DET,0.8481722905876147,0.863954061477403,CCONJ,"DET: 0.85, CCONJ: 0.08",True,3876,0,8.262816937670928
coup,coup,NOUN,NOUN,1.0,0.0,,NOUN: 1.00,True,54,0,4.007333185232471
de,d',ADP,ADP,0.7886818615006483,0.7439947701431047,CCONJ,"ADP: 0.79, CCONJ: 0.21",True,27784,0,10.232251585714021
essai,essai,NOUN,NOUN,1.0,0.0,,NOUN: 1.00,True,38,0,3.6635616461296463
.,.,PUNCT,PUNCT,,,,,True,13366,0,9.500544261971474
hormis,Hormis,ADP,ADP,,,,,True,2,0,1.0986122886681098
ce,ce,DET,DET,0.8764141494570885,0.6891209831462356,ADP,"DET: 0.88, ADP: 0.08",True,1960,0,7.581209826196346
professeur,professeur,NOUN,NOUN,1.0,0.0,,NOUN: 1.00,True,49,0,3.912023005428146
de,d',ADP,ADP,0.7886818615006483,0.7439947701431047,CCONJ,"ADP: 0.79, CCONJ: 0.21",True,27784,0,10.232251585714021
anglais,anglais,NOUN,NOUN,0.019216932192875465,0.13702098201105511,PROPN,PROPN: 0.98,True,49,0,3.912023005428146
",",",",PUNCT,PUNCT,,,,,True,16599,0,9.717157974344635
à,à,ADP,ADP,1.0,0.0,,ADP: 1.00,True,9366,0,9.14494815320913
le,le,DET,DET,0.8207496286735718,0.8327615029897053,ADP,"DET: 0.82, ADP: 0.15",True,38293,0,10.55304850493315
lycée,lycée,NOUN,NOUN,1.0,0.0,,NOUN: 1.00,True,26,0,3.295836866004329
",",",",PUNCT,PUNCT,,,,,True,16599,0,9.717157974344635
qui,qui,PRON,PRON,0.8171669946022245,0.8424411100711472,CCONJ,"PRON: 0.82, CCONJ: 0.13, ADV: 0.05",True,1916,0,7.558516743045645
",",",",PUNCT,PUNCT,,,,,True,16599,0,9.717157974344635
quand,quand,SCONJ,SCONJ,0.6770541920391413,1.3527925542757804,CCONJ,"SCONJ: 0.68, CCONJ: 0.17, PRON: 0.12",True,79,0,4.382026634673881
lui,elle,PRON,PRON,0.7173975220804439,1.0427392110337699,CCONJ,"PRON: 0.72, CCONJ: 0.24",True,5436,0,8.600982717145921
lui,le,PRON,PRON,0.7173975220804439,1.0427392110337699,CCONJ,"PRON: 0.72, CCONJ: 0.24",True,5436,0,8.600982717145921
voir,voyait,VERB,VERB,1.0,0.0,,VERB: 1.00,True,197,0,5.288267030694535
sourire,sourire,VERB,VERB,,,,,True,1,0,0.6931471805599453
",",",",PUNCT,PUNCT,,,,,True,16599,0,9.717157974344635
penser,pensait,VERB,VERB,1.0,0.0,,VERB: 1.00,True,57,0,4.060443010546419
que,qu',SCONJ,SCONJ,0.6915510664276248,1.397369454710615,CCONJ,"SCONJ: 0.69, CCONJ: 0.17, PRON: 0.06, ADV: 0.05",True,1979,0,7.590852123688581
lui,il,PRON,PRON,0.7173975220804439,1.0427392110337699,CCONJ,"PRON: 0.72, CCONJ: 0.24",True,5436,0,8.600982717145921
soi,se,PRON,PRON,0.8260631963800735,0.8193543183609986,CCONJ,"PRON: 0.83, CCONJ: 0.12, ADV: 0.05",True,2063,0,7.6324011266014535
moquer,moquait,VERB,VERB,,,,,True,3,0,1.3862943611198906
de,d',ADP,ADP,0.7886818615006483,0.7439947701431047,CCONJ,"ADP: 0.79, CCONJ: 0.21",True,27784,0,10.232251585714021
lui,elle,PRON,PRON,0.7173975220804439,1.0427392110337699,CCONJ,"PRON: 0.72, CCONJ: 0.24",True,5436,0,8.600982717145921
.,.,PUNCT,PUNCT,,,,,True,13366,0,9.500544261971474
pendant,Pendant,ADP,ADP,1.0,0.0,,ADP: 1.00,True,183,0,5.214935757608986
que,que,SCONJ,SCONJ,0.6915510664276248,1.397369454710615,CCONJ,"SCONJ: 0.69, CCONJ: 0.17, PRON: 0.06, ADV: 0.05",True,1979,0,7.590852123688581
le,le,DET,DET,0.8207496286735718,0.8327615029897053,ADP,"DET: 0.82, ADP: 0.15",True,38293,0,10.55304850493315
chef,Chef,NOUN,NOUN,1.0,0.0,,NOUN: 1.00,True,91,0,4.5217885770490405
de,d',ADP,ADP,0.7886818615006483,0.7439947701431047,CCONJ,"ADP: 0.79, CCONJ: 0.21",True,27784,0,10.232251585714021
état,Etat,NOUN,NOUN,1.0,0.0,,NOUN: 1.00,True,131,0,4.882801922586371
major,Major,NOUN,PROPN,,,,,True,7,1,2.0794415416798357
Soumaila,Soumaila,PROPN,PROPN,,,,,False,0,0,0.0
Bagayoko,Bagayoko,PROPN,PROPN,,,,,False,0,0,0.0
fustiger,fustigeait,VERB,VERB,,,,,False,0,0,0.0
le,le,DET,DET,0.8207496286735718,0.8327615029897053,ADP,"DET: 0.82, ADP: 0.15",True,38293,0,10.55304850493315
comportement,comportement,NOUN,NOUN,1.0,0.0,,NOUN: 1.00,True,22,0,3.1354942159291497
de,de,ADP,ADP,0.7886818615006483,0.7439947701431047,CCONJ,"ADP: 0.79, CCONJ: 0.21",True,27784,0,10.232251585714021
le,les,DET,DET,0.8207496286735718,0.8327615029897053,ADP,"DET: 0.82, ADP: 0.15",True,38293,0,10.55304850493315
élément,éléments,NOUN,NOUN,1.0,0.0,,NOUN: 1.00,True,45,0,3.828641396489095
incontrôlé,incontrôlés,ADJ,VERB,,,,,False,0,1,0.0
de,de,ADP,ADP,0.7886818615006483,0.7439947701431047,CCONJ,"ADP: 0.79, CCONJ: 0.21",True,27784,0,10.232251585714021
le,les,DET,DET,0.8207496286735718,0.8327615029897053,ADP,"DET: 0.82, ADP: 0.15",True,38293,0,10.55304850493315
Frci,Frci,PROPN,PROPN,,,,,False,0,0,0.0
dans,dans,ADP,ADP,1.0,0.0,,ADP: 1.00,True,2779,0,7.930206206684683
le,le,DET,DET,0.8207496286735718,0.8327615029897053,ADP,"DET: 0.82, ADP: 0.15",True,38293,0,10.55304850493315
camp,camp,NOUN,NOUN,1.0,0.0,,NOUN: 1.00,True,47,0,3.871201010907891
de,de,ADP,ADP,0.7886818615006483,0.7439947701431047,CCONJ,"ADP: 0.79, CCONJ: 0.21",True,27784,0,10.232251585714021
le,la,DET,DET,0.8207496286735718,0.8327615029897053,ADP,"DET: 0.82, ADP: 0.15",True,38293,0,10.55304850493315
garde,Garde,NOUN,NOUN,1.0,0.0,,NOUN: 1.00,True,28,0,3.367295829986474
républicain,Républicaine,ADJ,ADJ,,,,,True,9,0,2.302585092994046
de,de,ADP,ADP,0.7886818615006483,0.7439947701431047,CCONJ,"ADP: 0.79, CCONJ: 0.21",True,27784,0,10.232251585714021
Treichville,Treichville,PROPN,PROPN,,,,,False,0,0,0.0
",",",",PUNCT,PUNCT,,,,,True,16599,0,9.717157974344635
le,le,DET,DET,0.8207496286735718,0.8327615029897053,ADP,"DET: 0.82, ADP: 0.15",True,38293,0,10.55304850493315
jeudi,jeudi,NOUN,NOUN,0.14205878487925844,1.406077112650027,ADV,"ADV: 0.54, PRON: 0.32, NOUN: 0.14",True,28,0,3.367295829986474
dernier,dernier,ADJ,ADJ,1.0,0.0,,ADJ: 1.00,True,293,0,5.683579767338681
",",",",PUNCT,PUNCT,,,,,True,16599,0,9.717157974344635
Huit,Huit,NUM,NUM,,,,,False,0,0,0.0
(,(,PUNCT,PUNCT,,,,,True,2211,0,7.701652362642226
8,8,NUM,NUM,1.0,0.0,,NUM: 1.00,True,66,0,4.204692619390966
),),PUNCT,PUNCT,,,,,True,2204,0,7.6984827878809465
militaire,militaires,NOUN,ADJ,,,,,True,8,1,2.1972245773362196
armer,armés,VERB,VERB,,,,,True,10,0,2.3978952727983707
jusque,jusqu',ADP,ADP,0.045125702997240974,1.523668886477906,CCONJ,"CCONJ: 0.58, SCONJ: 0.25, ADV: 0.12",True,223,0,5.4116460518550396
à,à,ADP,ADP,1.0,0.0,,ADP: 1.00,True,9366,0,9.14494815320913
le,les,DET,DET,0.8207496286735718,0.8327615029897053,ADP,"DET: 0.82, ADP: 0.15",True,38293,0,10.55304850493315
dent,dents,NOUN,NOUN,,,,,True,5,0,1.791759469228055
attaquer,attaquaient,VERB,VERB,1.0,0.0,,VERB: 1.00,True,29,0,3.4011973816621555
un,un,DET,DET,0.7741737557418163,1.1225809040946326,ADP,"DET: 0.77, ADP: 0.11, CCONJ: 0.09",True,8933,0,9.097619501912064
bureau,bureau,NOUN,NOUN,1.0,0.0,,NOUN: 1.00,True,37,0,3.6375861597263857
de,de,ADP,ADP,0.7886818615006483,0.7439947701431047,CCONJ,"ADP: 0.79, CCONJ: 0.21",True,27784,0,10.232251585714021
change,change,NOUN,NOUN,,,,,True,3,0,1.3862943611198906
appartenir,appartenant,VERB,VERB,0.9313421598827324,0.36089489377902373,ADJ,"VERB: 0.93, ADJ: 0.07",True,56,0,4.04305126783455
à,à,ADP,ADP,1.0,0.0,,ADP: 1.00,True,9366,0,9.14494815320913
son,notre,DET,DET,0.8481722905876147,0.863954061477403,CCONJ,"DET: 0.85, CCONJ: 0.08",True,3876,0,8.262816937670928
compatriote,compatriote,NOUN,NOUN,,,,,True,9,0,2.302585092994046
Sacko,Sacko,PROPN,PROPN,,,,,False,0,0,0.0
Souleymane,Souleymane,PROPN,PROPN,,,,,False,0,0,0.0
",",",",PUNCT,PUNCT,,,,,True,16599,0,9.717157974344635
à,à,ADP,ADP,1.0,0.0,,ADP: 1.00,True,9366,0,9.14494815320913
quelque,quelques,DET,DET,0.7437180181147647,0.8210838430295273,NUM,"DET: 0.74, NUM: 0.26",True,160,0,5.081404364984463
centaine,centaines,NOUN,NOUN,1.0,0.0,,NOUN: 1.00,True,17,0,2.8903717578961645
de,de,ADP,ADP,0.7886818615006483,0.7439947701431047,CCONJ,"ADP: 0.79, CCONJ: 0.21",True,27784,0,10.232251585714021
mètre,mètres,NOUN,NOUN,1.0,0.0,,NOUN: 1.00,True,142,0,4.962844630259907
de,de,ADP,ADP,0.7886818615006483,0.7439947701431047,CCONJ,"ADP: 0.79, CCONJ: 0.21",True,27784,0,10.232251585714021
là,là,ADV,ADV,0.5845189881576047,1.286794175216724,PRON,"ADV: 0.58, PRON: 0.36",True,81,0,4.406719247264253
.,.,PUNCT,PUNCT,,,,,True,13366,0,9.500544261971474
«,«,PUNCT,PUNCT,,,,,True,866,0,6.7650389767805414
oui,Oui,INTJ,INTJ,,,,,True,6,0,1.9459101490553132
on,on,PRON,PRON,0.5432191123278096,1.5995967780630704,SCONJ,"PRON: 0.54, SCONJ: 0.23, CCONJ: 0.19",True,554,0,6.318968113746434
lui,le,PRON,PRON,0.7173975220804439,1.0427392110337699,CCONJ,"PRON: 0.72, CCONJ: 0.24",True,5436,0,8.600982717145921
savoir,sait,VERB,VERB,1.0,0.0,,VERB: 1.00,True,91,0,4.5217885770490405
",",",",PUNCT,PUNCT,,,,,True,16599,0,9.717157974344635
mais,mais,CCONJ,CCONJ,0.15469195513464806,1.2293580521348002,SCONJ,"SCONJ: 0.72, CCONJ: 0.15, PRON: 0.09",True,734,0,6.5998704992128365
moi,je,PRON,PRON,0.7120466284894749,1.0523675190710984,CCONJ,"PRON: 0.71, CCONJ: 0.24",True,621,0,6.432940092739179
dire,dirai,VERB,VERB,1.0,0.0,,VERB: 1.00,True,190,0,5.25227342804663
que,qu',SCONJ,SCONJ,0.6915510664276248,1.397369454710615,CCONJ,"SCONJ: 0.69, CCONJ: 0.17, PRON: 0.06, ADV: 0.05",True,1979,0,7.590852123688581
lui,il,PRON,PRON,0.7173975220804439,1.0427392110337699,CCONJ,"PRON: 0.72, CCONJ: 0.24",True,5436,0,8.600982717145921
lui,la,PRON,PRON,0.7173975220804439,1.0427392110337699,CCONJ,"PRON: 0.72, CCONJ: 0.24",True,5436,0,8.600982717145921
falloir,faut,VERB,VERB,1.0,0.0,,VERB: 1.00,True,108,0,4.6913478822291435
.,.,PUNCT,PUNCT,,,,,True,13366,0,9.500544261971474
le,La,DET,DET,0.8207496286735718,0.8327615029897053,ADP,"DET: 0.82, ADP: 0.15",True,38293,0,10.55304850493315
18e,18e,ADJ,ADJ,,,,,True,2,0,1.0986122886681098
édition,édition,NOUN,NOUN,1.0,0.0,,NOUN: 1.00,True,99,0,4.605170185988092
de,de,ADP,ADP,0.7886818615006483,0.7439947701431047,CCONJ,"ADP: 0.79, CCONJ: 0.21",True,27784,0,10.232251585714021
le,les,DET,DET,0.8207496286735718,0.8327615029897053,ADP,"DET: 0.82, ADP: 0.15",True,38293,0,10.55304850493315
victoire,Victoires,NOUN,NOUN,1.0,0.0,,NOUN: 1.00,True,72,0,4.290459441148391
de,de,ADP,ADP,0.7886818615006483,0.7439947701431047,CCONJ,"ADP: 0.79, CCONJ: 0.21",True,27784,0,10.232251585714021
le,la,DET,DET,0.8207496286735718,0.8327615029897053,ADP,"DET: 0.82, ADP: 0.15",True,38293,0,10.55304850493315
musique,musique,NOUN,NOUN,0.6837242534176349,0.9002853958189289,PROPN,"NOUN: 0.68, PROPN: 0.32",True,87,0,4.477336814478207
classique,classique,ADJ,ADJ,1.0,0.0,,ADJ: 1.00,True,23,0,3.1780538303479458
soi,se,PRON,PRON,0.8260631963800735,0.8193543183609986,CCONJ,"PRON: 0.83, CCONJ: 0.12, ADV: 0.05",True,2063,0,7.6324011266014535
tenir,tient,VERB,VERB,1.0,0.0,,VERB: 1.00,True,104,0,4.653960350157523
ce,cette,DET,DET,0.8764141494570885,0.6891209831462356,ADP,"DET: 0.88, ADP: 0.08",True,1960,0,7.581209826196346
année,année,NOUN,NOUN,1.0,0.0,,NOUN: 1.00,True,396,0,5.983936280687191
à,à,ADP,ADP,1.0,0.0,,ADP: 1.00,True,9366,0,9.14494815320913
Nantes,Nantes,PROPN,PROPN,0.8590857590406378,0.688061015465332,NUM,"PROPN: 0.86, NUM: 0.11",True,20,0,3.044522437723423
.,.,PUNCT,PUNCT,,,,,True,13366,0,9.500544261971474
-,-,PUNCT,PUNCT,,,,,True,66,0,4.204692619390966
le,Le,DET,DET,0.8207496286735718,0.8327615029897053,ADP,"DET: 0.82, ADP: 0.15",True,38293,0,10.55304850493315
tout,tout,PRON,PRON,0.616575045351158,0.9604250869735371,ADV,"PRON: 0.62, ADV: 0.38",True,147,0,4.997212273764115
saupoudrer,saupoudré,VERB,VERB,,,,,False,0,0,0.0
de,d',ADP,ADP,0.7886818615006483,0.7439947701431047,CCONJ,"ADP: 0.79, CCONJ: 0.21",True,27784,0,10.232251585714021
un,un,DET,DET,0.7741737557418163,1.1225809040946326,ADP,"DET: 0.77, ADP: 0.11, CCONJ: 0.09",True,8933,0,9.097619501912064
niveau,niveau,NOUN,NOUN,1.0,0.0,,NOUN: 1.00,True,115,0,4.7535901911063645
gustatif,gustatif,ADJ,ADJ,,,,,True,1,0,0.6931471805599453
plus,plus,ADV,ADV,0.7196677710684014,0.8559031009192263,CCONJ,"ADV: 0.72, CCONJ: 0.28",True,1173,0,7.068172000388042
que,que,SCONJ,SCONJ,0.6915510664276248,1.397369454710615,CCONJ,"SCONJ: 0.69, CCONJ: 0.17, PRON: 0.06, ADV: 0.05",True,1979,0,7.590852123688581
moyen,moyen,ADJ,ADJ,1.0,0.0,,ADJ: 1.00,True,52,0,3.970291913552122
en,En,ADP,ADP,0.21695278762461512,1.4815638486393006,DET,"DET: 0.51, CCONJ: 0.27, ADP: 0.22",True,5233,0,8.562931083090092
gros,gros,NOUN,NOUN,,,,,True,1,0,0.6931471805599453
",",",",PUNCT,PUNCT,,,,,True,16599,0,9.717157974344635
moi,je,PRON,PRON,0.7120466284894749,1.0523675190710984,CCONJ,"PRON: 0.71, CCONJ: 0.24",True,621,0,6.432940092739179
ne,ne,ADV,ADV,0.03110691420199771,0.7244015123648279,PRON,"PRON: 0.85, CCONJ: 0.12",True,1435,0,7.269616749608169
savoir,saurai,VERB,VERB,1.0,0.0,,VERB: 1.00,True,91,0,4.5217885770490405
que,que,ADV,ADV,0.12368826756838615,1.1282009501795338,ADP,"ADP: 0.72, CCONJ: 0.15, ADV: 0.12",True,218,0,5.389071729816501
déconseiller,déconseiller,VERB,VERB,,,,,True,5,0,1.791759469228055
en,en,ADP,ADP,0.21695278762461512,1.4815638486393006,DET,"DET: 0.51, CCONJ: 0.27, ADP: 0.22",True,5233,0,8.562931083090092
tout,tout,DET,DET,0.9418784902958206,0.4061753301469583,ADP,DET: 0.94,True,119,0,4.787491742782046
cas,cas,NOUN,NOUN,1.0,0.0,,NOUN: 1.00,True,91,0,4.5217885770490405
pour,pour,ADP,ADP,0.7890790430468303,0.7432394314397186,CCONJ,"ADP: 0.79, CCONJ: 0.21",True,2242,0,7.715569534520208
plus,plus,ADV,ADV,0.7196677710684014,0.8559031009192263,CCONJ,"ADV: 0.72, CCONJ: 0.28",True,1173,0,7.068172000388042
de,de,ADP,ADP,0.7886818615006483,0.7439947701431047,CCONJ,"ADP: 0.79, CCONJ: 0.21",True,27784,0,10.232251585714021
5,5,NUM,NUM,1.0,0.0,,NUM: 1.00,True,118,0,4.77912349311153
personne,personnes,NOUN,NOUN,1.0,0.0,,NOUN: 1.00,True,136,0,4.919980925828125
!,!,PUNCT,PUNCT,,,,,True,306,0,5.726847747587197
à,A,ADP,ADP,1.0,0.0,,ADP: 1.00,True,9366,0,9.14494815320913
5,5,NUM,NUM,1.0,0.0,,NUM: 1.00,True,118,0,4.77912349311153
minute,minutes,NOUN,NOUN,1.0,0.0,,NOUN: 1.00,True,46,0,3.8501476017100584
à,à,ADP,ADP,1.0,0.0,,ADP: 1.00,True,9366,0,9.14494815320913
pied,pieds,NOUN,NOUN,1.0,0.0,,NOUN: 1.00,True,46,0,3.8501476017100584
de,de,ADP,ADP,0.7886818615006483,0.7439947701431047,CCONJ,"ADP: 0.79, CCONJ: 0.21",True,27784,0,10.232251585714021
le,le,DET,DET,0.8207496286735718,0.8327615029897053,ADP,"DET: 0.82, ADP: 0.15",True,38293,0,10.55304850493315
métro,métro,NOUN,NOUN,0.5073138024589198,0.9998456500563033,PROPN,"NOUN: 0.51, PROPN: 0.49",True,11,0,2.4849066497880004
.,.,PUNCT,PUNCT,,,,,True,13366,0,9.500544261971474
accueil,Accueil,NOUN,NOUN,0.685759160901489,0.8980082783004998,PROPN,"NOUN: 0.69, PROPN: 0.31",True,57,0,4.060443010546419
amical,amical,ADJ,ADJ,,,,,True,6,0,1.9459101490553132
de,de,ADP,ADP,0.7886818615006483,0.7439947701431047,CCONJ,"ADP: 0.79, CCONJ: 0.21",True,27784,0,10.232251585714021
Benoit,Benoit,PROPN,PROPN,,,,,True,4,0,1.6094379124341003
qui,qui,PRON,PRON,0.8171669946022245,0.8424411100711472,CCONJ,"PRON: 0.82, CCONJ: 0.13, ADV: 0.05",True,1916,0,7.558516743045645
proposer,propose,VERB,VERB,1.0,0.0,,VERB: 1.00,True,84,0,4.442651256490317
un,de,DET,DET,0.7741737557418163,1.1225809040946326,ADP,"DET: 0.77, ADP: 0.11, CCONJ: 0.09",True,8933,0,9.097619501912064
très,très,ADV,ADV,1.0,0.0,,ADV: 1.00,True,435,0,6.077642243349034
bon,bonnes,ADJ,ADJ,1.0,0.0,,ADJ: 1.00,True,164,0,5.10594547390058
tapa,tapas,NOUN,NOUN,,,,,True,3,0,1.3862943611198906
et,et,CCONJ,CCONJ,0.25644065667983523,1.7170903132548632,SCONJ,"SCONJ: 0.43, ADP: 0.28, CCONJ: 0.26",True,7215,0,8.88405606174246
un,des,DET,DET,0.7741737557418163,1.1225809040946326,ADP,"DET: 0.77, ADP: 0.11, CCONJ: 0.09",True,8933,0,9.097619501912064
plat,plats,NOUN,NOUN,1.0,0.0,,NOUN: 1.00,True,50,0,3.9318256327243257
à,à,ADP,ADP,1.0,0.0,,ADP: 1.00,True,9366,0,9.14494815320913
tendance,tendance,NOUN,NOUN,0.3679006556803212,0.9490465110687537,PRON,"PRON: 0.63, NOUN: 0.37",True,24,0,3.2188758248682006
hispanique,hispanique,ADJ,ADJ,,,,,True,1,0,0.6931471805599453
accompagner,accompagnés,VERB,VERB,1.0,0.0,,VERB: 1.00,True,52,0,3.970291913552122
de,de,ADP,ADP,0.7886818615006483,0.7439947701431047,CCONJ,"ADP: 0.79, CCONJ: 0.21",True,27784,0,10.232251585714021
vin,vins,NOUN,NOUN,1.0,0.0,,NOUN: 1.00,True,31,0,3.4657359027997265
espagnol,espagnols,ADJ,ADJ,1.0,0.0,,ADJ: 1.00,True,58,0,4.07753744390572
",",",",PUNCT,PUNCT,,,,,True,16599,0,9.717157974344635
le,le,DET,DET,0.8207496286735718,0.8327615029897053,ADP,"DET: 0.82, ADP: 0.15",True,38293,0,10.55304850493315
tout,tout,PRON,PRON,0.616575045351158,0.9604250869735371,ADV,"PRON: 0.62, ADV: 0.38",True,147,0,4.997212273764115
sans,sans,ADP,ADP,0.16755719533164298,1.4014374668614333,DET,"DET: 0.61, CCONJ: 0.21, ADP: 0.17",True,220,0,5.3981627015177525
chichi,chichis,NOUN,NOUN,,,,,False,0,0,0.0
et,et,CCONJ,CCONJ,0.25644065667983523,1.7170903132548632,SCONJ,"SCONJ: 0.43, ADP: 0.28, CCONJ: 0.26",True,7215,0,8.88405606174246
à,à,ADP,ADP,1.0,0.0,,ADP: 1.00,True,9366,0,9.14494815320913
un,des,DET,DET,0.7741737557418163,1.1225809040946326,ADP,"DET: 0.77, ADP: 0.11, CCONJ: 0.09",True,8933,0,9.097619501912064
prix,prix,NOUN,NOUN,1.0,0.0,,NOUN: 1.00,True,149,0,5.0106352940962555
très,très,ADV,ADV,1.0,0.0,,ADV: 1.00,True,435,0,6.077642243349034
doux,doux,ADJ,ADJ,1.0,0.0,,ADJ: 1.00,True,15,0,2.772588722239781
.,.,PUNCT,PUNCT,,,,,True,13366,0,9.500544261971474
aller,Allez,VERB,VERB,1.0,0.0,,VERB: 1.00,True,221,0,5.402677381872279
y,-y,PRON,PRON,0.8287336305823229,0.8120222571975413,CCONJ,"PRON: 0.83, CCONJ: 0.12, ADV: 0.05",True,464,0,6.142037405587356
.,.,PUNCT,PUNCT,,,,,True,13366,0,9.500544261971474
alors,Alors,ADV,ADV,1.0,0.0,,ADV: 1.00,True,333,0,5.811140992976701
moi,je,PRON,PRON,0.7120466284894749,1.0523675190710984,CCONJ,"PRON: 0.71, CCONJ: 0.24",True,621,0,6.432940092739179
retourner,retournes,VERB,VERB,1.0,0.0,,VERB: 1.00,True,47,0,3.871201010907891
souvent,souvent,ADV,ADV,1.0,0.0,,ADV: 1.00,True,108,0,4.6913478822291435
à,à,ADP,ADP,1.0,0.0,,ADP: 1.00,True,9366,0,9.14494815320913
le,le,DET,DET,0.8207496286735718,0.8327615029897053,ADP,"DET: 0.82, ADP: 0.15",True,38293,0,10.55304850493315
Campuchea,Campuchea,PROPN,PROPN,,,,,False,0,0,0.0
",",",",PUNCT,PUNCT,,,,,True,16599,0,9.717157974344635
son,son,DET,DET,0.8481722905876147,0.863954061477403,CCONJ,"DET: 0.85, CCONJ: 0.08",True,3876,0,8.262816937670928
hôte,hote,NOUN,NOUN,,,,,True,9,0,2.302585092994046
être,est,VERB,VERB,1.0,0.0,,VERB: 1.00,True,139,0,4.941642422609304
toujours,toujours,ADV,ADV,1.0,0.0,,ADV: 1.00,True,120,0,4.795790545596741
là,là,ADV,ADV,0.5845189881576047,1.286794175216724,PRON,"ADV: 0.58, PRON: 0.36",True,81,0,4.406719247264253
pour,pour,ADP,ADP,0.7890790430468303,0.7432394314397186,CCONJ,"ADP: 0.79, CCONJ: 0.21",True,2242,0,7.715569534520208
vous,vous,PRON,PRON,0.9418283110194323,0.32014404178062034,ADV,"PRON: 0.94, ADV: 0.06",True,252,0,5.53338948872752
aider,aider,VERB,VERB,1.0,0.0,,VERB: 1.00,True,33,0,3.5263605246161616
à,à,ADP,ADP,1.0,0.0,,ADP: 1.00,True,9366,0,9.14494815320913
trouver,trouver,VERB,VERB,1.0,0.0,,VERB: 1.00,True,246,0,5.5093883366279774
son,votre,DET,DET,0.8481722905876147,0.863954061477403,CCONJ,"DET: 0.85, CCONJ: 0.08",True,3876,0,8.262816937670928
bonheur,bonheur,NOUN,NOUN,,,,,True,10,0,2.3978952727983707
",",",",PUNCT,PUNCT,,,,,True,16599,0,9.717157974344635
le,la,DET,DET,0.8207496286735718,0.8327615029897053,ADP,"DET: 0.82, ADP: 0.15",True,38293,0,10.55304850493315
cuisine,cuisine,NOUN,NOUN,1.0,0.0,,NOUN: 1.00,True,34,0,3.5553480614894135
être,est,AUX,AUX,0.4687470215317024,1.7986756264740116,SCONJ,"AUX: 0.47, SCONJ: 0.23, ADV: 0.20, CCONJ: 0.10",True,8404,0,9.036582045842716
vraiment,vraiment,ADV,ADV,1.0,0.0,,ADV: 1.00,True,61,0,4.127134385045092
excellent,excellente,ADJ,ADJ,1.0,0.0,,ADJ: 1.00,True,48,0,3.8918202981106265
et,et,CCONJ,CCONJ,0.25644065667983523,1.7170903132548632,SCONJ,"SCONJ: 0.43, ADP: 0.28, CCONJ: 0.26",True,7215,0,8.88405606174246
vous,vous,PRON,PRON,0.9418283110194323,0.32014404178062034,ADV,"PRON: 0.94, ADV: 0.06",True,252,0,5.53338948872752
passer,passez,VERB,VERB,1.0,0.0,,VERB: 1.00,True,192,0,5.262690188904886
toujours,toujours,ADV,ADV,1.0,0.0,,ADV: 1.00,True,120,0,4.795790545596741
un,un,DET,DET,0.7741737557418163,1.1225809040946326,ADP,"DET: 0.77, ADP: 0.11, CCONJ: 0.09",True,8933,0,9.097619501912064
bon,bon,ADJ,ADJ,1.0,0.0,,ADJ: 1.00,True,164,0,5.10594547390058
moment,moment,NOUN,NOUN,1.0,0.0,,NOUN: 1.00,True,77,0,4.356708826689592
",",",",PUNCT,PUNCT,,,,,True,16599,0,9.717157974344635
essayer,essayez,VERB,VERB,0.9311494927720979,0.3616192533954664,ADJ,"VERB: 0.93, ADJ: 0.07",True,31,0,3.4657359027997265
et,et,CCONJ,CCONJ,0.25644065667983523,1.7170903132548632,SCONJ,"SCONJ: 0.43, ADP: 0.28, CCONJ: 0.26",True,7215,0,8.88405606174246
vous,vous,PRON,PRON,0.9418283110194323,0.32014404178062034,ADV,"PRON: 0.94, ADV: 0.06",True,252,0,5.53338948872752
y,y,PRON,PRON,0.8287336305823229,0.8120222571975413,CCONJ,"PRON: 0.83, CCONJ: 0.12, ADV: 0.05",True,464,0,6.142037405587356
retourner,retournerez,VERB,VERB,1.0,0.0,,VERB: 1.00,True,47,0,3.871201010907891
...,...,PUNCT,PUNCT,,,,,True,158,0,5.0689042022202315
Anjou,Anjou,PROPN,PROPN,,,,,True,2,0,1.0986122886681098
Sol'Art,Sol'Art,PROPN,PROPN,,,,,False,0,0,0.0
",",",",PUNCT,PUNCT,,,,,True,16599,0,9.717157974344635
être,est,AUX,AUX,0.4687470215317024,1.7986756264740116,SCONJ,"AUX: 0.47, SCONJ: 0.23, ADV: 0.20, CCONJ: 0.10",True,8404,0,9.036582045842716
un,une,DET,DET,0.7741737557418163,1.1225809040946326,ADP,"DET: 0.77, ADP: 0.11, CCONJ: 0.09",True,8933,0,9.097619501912064
entreprise,entreprise,NOUN,NOUN,1.0,0.0,,NOUN: 1.00,True,102,0,4.634728988229636
dont,dont,PRON,PRON,0.0,0.5067841712485793,ADP,"ADP: 0.89, CCONJ: 0.11",True,249,0,5.521460917862246
le,les,DET,DET,0.8207496286735718,0.8327615029897053,ADP,"DET: 0.82, ADP: 0.15",True,38293,0,10.55304850493315
compétence,compétences,NOUN,NOUN,1.0,0.0,,NOUN: 1.00,True,22,0,3.1354942159291497
en,en,ADP,ADP,0.21695278762461512,1.4815638486393006,DET,"DET: 0.51, CCONJ: 0.27, ADP: 0.22",True,5233,0,8.562931083090092
matière,matière,NOUN,NOUN,0.6818329450978495,0.9023770493176063,PROPN,"NOUN: 0.68, PROPN: 0.32",True,38,0,3.6635616461296463
de,de,ADP,ADP,0.7886818615006483,0.7439947701431047,CCONJ,"ADP: 0.79, CCONJ: 0.21",True,27784,0,10.232251585714021
solaire,solaire,NOUN,NOUN,,,,,False,0,0,0.0
et,et,CCONJ,CCONJ,0.25644065667983523,1.7170903132548632,SCONJ,"SCONJ: 0.43, ADP: 0.28, CCONJ: 0.26",True,7215,0,8.88405606174246
solaire,solaire,NOUN,ADJ,,,,,False,0,1,0.0
photovoltaïque,photovoltaïque,ADJ,ADJ,,,,,False,0,0,0.0
ne,ne,ADV,ADV,0.03110691420199771,0.7244015123648279,PRON,"PRON: 0.85, CCONJ: 0.12",True,1435,0,7.269616749608169
être,sont,AUX,AUX,0.4687470215317024,1.7986756264740116,SCONJ,"AUX: 0.47, SCONJ: 0.23, ADV: 0.20, CCONJ: 0.10",True,8404,0,9.036582045842716
plus,plus,ADV,ADV,0.7196677710684014,0.8559031009192263,CCONJ,"ADV: 0.72, CCONJ: 0.28",True,1173,0,7.068172000388042
à,à,ADP,ADP,1.0,0.0,,ADP: 1.00,True,9366,0,9.14494815320913
prouver,prouver,VERB,VERB,,,,,True,10,0,2.3978952727983707
.,.,PUNCT,PUNCT,,,,,True,13366,0,9.500544261971474
après,Après,ADP,ADP,0.8490838848157983,0.7380994576350169,CCONJ,"ADP: 0.85, CCONJ: 0.11",True,403,0,6.0014148779611505
quelque,quelques,DET,DET,0.7437180181147647,0.8210838430295273,NUM,"DET: 0.74, NUM: 0.26",True,160,0,5.081404364984463
séance,séances,NOUN,NOUN,1.0,0.0,,NOUN: 1.00,True,15,0,2.772588722239781
de,de,ADP,ADP,0.7886818615006483,0.7439947701431047,CCONJ,"ADP: 0.79, CCONJ: 0.21",True,27784,0,10.232251585714021
massage,massage,NOUN,NOUN,,,,,True,2,0,1.0986122886681098
",",",",PUNCT,PUNCT,,,,,True,16599,0,9.717157974344635
moi,je,PRON,PRON,0.7120466284894749,1.0523675190710984,CCONJ,"PRON: 0.71, CCONJ: 0.24",True,621,0,6.432940092739179
être,suis,AUX,AUX,0.4687470215317024,1.7986756264740116,SCONJ,"AUX: 0.47, SCONJ: 0.23, ADV: 0.20, CCONJ: 0.10",True,8404,0,9.036582045842716
bien,bien,ADV,ADV,1.0,0.0,,ADV: 1.00,True,306,0,5.726847747587197
relaxer,relaxé,VERB,VERB,,,,,True,1,0,0.6931471805599453
et,et,CCONJ,CCONJ,0.25644065667983523,1.7170903132548632,SCONJ,"SCONJ: 0.43, ADP: 0.28, CCONJ: 0.26",True,7215,0,8.88405606174246
surtout,surtout,ADV,ADV,1.0,0.0,,ADV: 1.00,True,68,0,4.23410650459726
moi,je,PRON,PRON,0.7120466284894749,1.0523675190710984,CCONJ,"PRON: 0.71, CCONJ: 0.24",True,621,0,6.432940092739179
ne,n',ADV,ADV,0.03110691420199771,0.7244015123648279,PRON,"PRON: 0.85, CCONJ: 0.12",True,1435,0,7.269616749608169
avoir,ai,VERB,VERB,1.0,0.0,,VERB: 1.00,True,784,0,6.665683717782408
plus,plus,ADV,ADV,0.7196677710684014,0.8559031009192263,CCONJ,"ADV: 0.72, CCONJ: 0.28",True,1173,0,7.068172000388042
mal,mal,NOUN,NOUN,1.0,0.0,,NOUN: 1.00,True,23,0,3.1780538303479458
à,à,ADP,ADP,1.0,0.0,,ADP: 1.00,True,9366,0,9.14494815320913
son,mon,DET,DET,0.8481722905876147,0.863954061477403,CCONJ,"DET: 0.85, CCONJ: 0.08",True,3876,0,8.262816937670928
poignet,poignet,NOUN,NOUN,,,,,True,2,0,1.0986122886681098
anciennement,anciennement,ADV,ADV,,,,,True,5,0,1.791759469228055
fouler,foulé,VERB,VERB,,,,,False,0,0,0.0
.,.,PUNCT,PUNCT,,,,,True,13366,0,9.500544261971474
à,à,ADP,ADP,1.0,0.0,,ADP: 1.00,True,9366,0,9.14494815320913
le,le,DET,DET,0.8207496286735718,0.8327615029897053,ADP,"DET: 0.82, ADP: 0.15",True,38293,0,10.55304850493315
menu,menu,NOUN,NOUN,1.0,0.0,,NOUN: 1.00,True,15,0,2.772588722239781
",",",",PUNCT,PUNCT,,,,,True,16599,0,9.717157974344635
en,en,ADP,ADP,0.21695278762461512,1.4815638486393006,DET,"DET: 0.51, CCONJ: 0.27, ADP: 0.22",True,5233,0,8.562931083090092
entrée,entrée,NOUN,NOUN,1.0,0.0,,NOUN: 1.00,True,47,0,3.871201010907891
",",",",PUNCT,PUNCT,,,,,True,16599,0,9.717157974344635
du,du,DET,DET,0.7471406020260035,1.1824862213935765,ADP,"DET: 0.75, ADP: 0.14, CCONJ: 0.09",True,88,0,4.48863636973214
pas,pas,ADV,ADV,1.0,0.0,,ADV: 1.00,True,893,0,6.795705775173514
grand,grand,ADJ,ADJ,1.0,0.0,,ADJ: 1.00,True,401,0,5.996452088619021
chose,chose,NOUN,NOUN,1.0,0.0,,NOUN: 1.00,True,44,0,3.8066624897703196
",",",",PUNCT,PUNCT,,,,,True,16599,0,9.717157974344635
avec,avec,ADP,ADP,0.8893781797851439,0.5017887113029871,CCONJ,"ADP: 0.89, CCONJ: 0.11",True,1225,0,7.111512116496157
beaucoup,beaucoup,ADV,ADV,1.0,0.0,,ADV: 1.00,True,99,0,4.605170185988092
de,de,ADP,ADP,0.7886818615006483,0.7439947701431047,CCONJ,"ADP: 0.79, CCONJ: 0.21",True,27784,0,10.232251585714021
salade,salade,NOUN,NOUN,,,,,True,6,0,1.9459101490553132
autour,autour,ADV,ADV,0.23788039627963264,1.2325783380768334,PRON,"PRON: 0.68, ADV: 0.24",True,62,0,4.143134726391533
",",",",PUNCT,PUNCT,,,,,True,16599,0,9.717157974344635
et,et,CCONJ,CCONJ,0.25644065667983523,1.7170903132548632,SCONJ,"SCONJ: 0.43, ADP: 0.28, CCONJ: 0.26",True,7215,0,8.88405606174246
un,une,DET,DET,0.7741737557418163,1.1225809040946326,ADP,"DET: 0.77, ADP: 0.11, CCONJ: 0.09",True,8933,0,9.097619501912064
giclée,giclée,NOUN,NOUN,,,,,False,0,0,0.0
de,de,ADP,ADP,0.7886818615006483,0.7439947701431047,CCONJ,"ADP: 0.79, CCONJ: 0.21",True,27784,0,10.232251585714021
vinaigre,vinaigre,NOUN,NOUN,,,,,False,0,0,0.0
balsamique,balsamique,ADJ,ADJ,,,,,False,0,0,0.0
.,.,PUNCT,PUNCT,,,,,True,13366,0,9.500544261971474
à,à,ADP,ADP,1.0,0.0,,ADP: 1.00,True,9366,0,9.14494815320913
le,le,DET,DET,0.8207496286735718,0.8327615029897053,ADP,"DET: 0.82, ADP: 0.15",True,38293,0,10.55304850493315
sortir,sortir,NOUN,NOUN,,,,,True,2,0,1.0986122886681098
de,d',ADP,ADP,0.7886818615006483,0.7439947701431047,CCONJ,"ADP: 0.79, CCONJ: 0.21",True,27784,0,10.232251585714021
un,une,DET,DET,0.7741737557418163,1.1225809040946326,ADP,"DET: 0.77, ADP: 0.11, CCONJ: 0.09",True,8933,0,9.097619501912064
séance,séance,NOUN,NOUN,1.0,0.0,,NOUN: 1.00,True,15,0,2.772588722239781
de,de,ADP,ADP,0.7886818615006483,0.7439947701431047,CCONJ,"ADP: 0.79, CCONJ: 0.21",True,27784,0,10.232251585714021
cinéma,cinéma,NOUN,NOUN,0.5061595514825952,0.9998905253163486,PROPN,"NOUN: 0.51, PROPN: 0.49",True,47,0,3.871201010907891
",",",",PUNCT,PUNCT,,,,,True,16599,0,9.717157974344635
nous,nous,PRON,PRON,0.8226072026071004,0.8287662668321807,CCONJ,"PRON: 0.82, CCONJ: 0.13, ADV: 0.05",True,328,0,5.796057750765372
avoir,avons,AUX,AUX,0.7537049139623345,0.8053529913575782,ADV,"AUX: 0.75, ADV: 0.25",True,2935,0,7.984803389734406
découvrir,découvert,VERB,VERB,1.0,0.0,,VERB: 1.00,True,81,0,4.406719247264253
dans,dans,ADP,ADP,1.0,0.0,,ADP: 1.00,True,2779,0,7.930206206684683
un,un,DET,DET,0.7741737557418163,1.1225809040946326,ADP,"DET: 0.77, ADP: 0.11, CCONJ: 0.09",True,8933,0,9.097619501912064
quartier,quartier,NOUN,NOUN,1.0,0.0,,NOUN: 1.00,True,60,0,4.110873864173311
vivant,vivant,ADJ,ADJ,1.0,0.0,,ADJ: 1.00,True,11,0,2.4849066497880004
",",",",PUNCT,PUNCT,,,,,True,16599,0,9.717157974344635
un,une,DET,DET,0.7741737557418163,1.1225809040946326,ADP,"DET: 0.77, ADP: 0.11, CCONJ: 0.09",True,8933,0,9.097619501912064
adresse,adresse,NOUN,NOUN,1.0,0.0,,NOUN: 1.00,True,21,0,3.091042453358316
à,à,ADP,ADP,1.0,0.0,,ADP: 1.00,True,9366,0,9.14494815320913
retenir,retenir,VERB,VERB,1.0,0.0,,VERB: 1.00,True,27,0,3.332204510175204
.,.,PUNCT,PUNCT,,,,,True,13366,0,9.500544261971474
aussitôt,Aussitôt,ADV,ADV,,,,,True,9,0,2.302585092994046
après,après,ADP,ADP,0.8490838848157983,0.7380994576350169,CCONJ,"ADP: 0.85, CCONJ: 0.11",True,403,0,6.0014148779611505
le,le,DET,DET,0.8207496286735718,0.8327615029897053,ADP,"DET: 0.82, ADP: 0.15",True,38293,0,10.55304850493315
dessert,dessert,NOUN,NOUN,0.682529430262493,0.9016095570213007,PROPN,"NOUN: 0.68, PROPN: 0.32",True,14,0,2.70805020110221
on,on,PRON,PRON,0.5432191123278096,1.5995967780630704,SCONJ,"PRON: 0.54, SCONJ: 0.23, CCONJ: 0.19",True,554,0,6.318968113746434
nous,nous,PRON,PRON,0.8226072026071004,0.8287662668321807,CCONJ,"PRON: 0.82, CCONJ: 0.13, ADV: 0.05",True,328,0,5.796057750765372
passer,passe,VERB,VERB,1.0,0.0,,VERB: 1.00,True,192,0,5.262690188904886
le,la,DET,DET,0.8207496286735718,0.8327615029897053,ADP,"DET: 0.82, ADP: 0.15",True,38293,0,10.55304850493315
serpillère,serpillère,NOUN,NOUN,,,,,False,0,0,0.0
entre,entre,ADP,ADP,0.9951404265427191,0.0443394212917744,ADJ,ADP: 1.00,True,403,0,6.0014148779611505
le,les,DET,DET,0.8207496286735718,0.8327615029897053,ADP,"DET: 0.82, ADP: 0.15",True,38293,0,10.55304850493315
jambe,jambes,NOUN,NOUN,,,,,True,5,0,1.791759469228055
",",",",PUNCT,PUNCT,,,,,True,16599,0,9.717157974344635
pour,pour,ADP,ADP,0.7890790430468303,0.7432394314397186,CCONJ,"ADP: 0.79, CCONJ: 0.21",True,2242,0,7.715569534520208
nous,nous,PRON,PRON,0.8226072026071004,0.8287662668321807,CCONJ,"PRON: 0.82, CCONJ: 0.13, ADV: 0.05",True,328,0,5.796057750765372
faire,faire,AUX,AUX,,,,,True,238,0,5.476463551931511
comprendre,comprendre,VERB,VERB,1.0,0.0,,VERB: 1.00,True,108,0,4.6913478822291435
que,qu',SCONJ,SCONJ,0.6915510664276248,1.397369454710615,CCONJ,"SCONJ: 0.69, CCONJ: 0.17, PRON: 0.06, ADV: 0.05",True,1979,0,7.590852123688581
lui,il,PRON,PRON,0.7173975220804439,1.0427392110337699,CCONJ,"PRON: 0.72, CCONJ: 0.24",True,5436,0,8.600982717145921
être,était,AUX,AUX,0.4687470215317024,1.7986756264740116,SCONJ,"AUX: 0.47, SCONJ: 0.23, ADV: 0.20, CCONJ: 0.10",True,8404,0,9.036582045842716
temps,temps,NOUN,NOUN,1.0,0.0,,NOUN: 1.00,True,201,0,5.308267697401205
de,de,ADP,ADP,0.7886818615006483,0.7439947701431047,CCONJ,"ADP: 0.79, CCONJ: 0.21",True,27784,0,10.232251585714021
quitter,quitter,VERB,VERB,1.0,0.0,,VERB: 1.00,True,55,0,4.02535169073515
le,l',DET,DET,0.8207496286735718,0.8327615029897053,ADP,"DET: 0.82, ADP: 0.15",True,38293,0,10.55304850493315
endroit,endroit,NOUN,NOUN,1.0,0.0,,NOUN: 1.00,True,51,0,3.9512437185814275
.,.,PUNCT,PUNCT,,,,,True,13366,0,9.500544261971474
avec,Avec,ADP,ADP,0.8893781797851439,0.5017887113029871,CCONJ,"ADP: 0.89, CCONJ: 0.11",True,1225,0,7.111512116496157
plus,plus,ADV,ADV,0.7196677710684014,0.8559031009192263,CCONJ,"ADV: 0.72, CCONJ: 0.28",True,1173,0,7.068172000388042
de,de,ADP,ADP,0.7886818615006483,0.7439947701431047,CCONJ,"ADP: 0.79, CCONJ: 0.21",True,27784,0,10.232251585714021
40000,40000,NUM,NUM,,,,,False,0,0,0.0
référence,références,NOUN,NOUN,0.6860226549866252,0.8977113959676398,PROPN,"NOUN: 0.69, PROPN: 0.31",True,45,0,3.828641396489095
",",",",PUNCT,PUNCT,,,,,True,16599,0,9.717157974344635
on,on,PRON,PRON,0.5432191123278096,1.5995967780630704,SCONJ,"PRON: 0.54, SCONJ: 0.23, CCONJ: 0.19",True,554,0,6.318968113746434
être,est,AUX,AUX,0.4687470215317024,1.7986756264740116,SCONJ,"AUX: 0.47, SCONJ: 0.23, ADV: 0.20, CCONJ: 0.10",True,8404,0,9.036582045842716
assurer,assuré,VERB,VERB,1.0,0.0,,VERB: 1.00,True,73,0,4.30406509320417
de,d',ADP,ADP,0.7886818615006483,0.7439947701431047,CCONJ,"ADP: 0.79, CCONJ: 0.21",True,27784,0,10.232251585714021
un,une,DET,DET,0.7741737557418163,1.1225809040946326,ADP,"DET: 0.77, ADP: 0.11, CCONJ: 0.09",True,8933,0,9.097619501912064
livraison,livraison,NOUN,NOUN,,,,,True,5,0,1.791759469228055
rapide,rapide,ADJ,ADJ,1.0,0.0,,ADJ: 1.00,True,28,0,3.367295829986474
dans,dans,ADP,ADP,1.0,0.0,,ADP: 1.00,True,2779,0,7.930206206684683
tout,toute,ADJ,ADJ,0.0,0.0,ADP,ADP: 1.00,True,401,0,5.996452088619021
le,la,DET,DET,0.8207496286735718,0.8327615029897053,ADP,"DET: 0.82, ADP: 0.15",True,38293,0,10.55304850493315
France,France,PROPN,PROPN,0.9804292393899958,0.13902365897177782,NOUN,PROPN: 0.98,True,267,0,5.5909869805108565
.,.,PUNCT,PUNCT,,,,,True,13366,0,9.500544261971474
bon,Bon,INTJ,INTJ,,,,,False,0,0,0.0
",",",",PUNCT,PUNCT,,,,,True,16599,0,9.717157974344635
aller,allez,VERB,VERB,1.0,0.0,,VERB: 1.00,True,221,0,5.402677381872279
",",",",PUNCT,PUNCT,,,,,True,16599,0,9.717157974344635
moi,je,PRON,PRON,0.7120466284894749,1.0523675190710984,CCONJ,"PRON: 0.71, CCONJ: 0.24",True,621,0,6.432940092739179
être,suis,AUX,AUX,0.4687470215317024,1.7986756264740116,SCONJ,"AUX: 0.47, SCONJ: 0.23, ADV: 0.20, CCONJ: 0.10",True,8404,0,9.036582045842716
connaître,connue,VERB,VERB,1.0,0.0,,VERB: 1.00,True,212,0,5.3612921657094255
pour,pour,ADP,ADP,0.7890790430468303,0.7432394314397186,CCONJ,"ADP: 0.79, CCONJ: 0.21",True,2242,0,7.715569534520208
être,être,AUX,AUX,0.4687470215317024,1.7986756264740116,SCONJ,"AUX: 0.47, SCONJ: 0.23, ADV: 0.20, CCONJ: 0.10",True,8404,0,9.036582045842716
pinailleur,pinailleuse,ADJ,ADJ,,,,,False,0,0,0.0
et,et,CCONJ,CCONJ,0.25644065667983523,1.7170903132548632,SCONJ,"SCONJ: 0.43, ADP: 0.28, CCONJ: 0.26",True,7215,0,8.88405606174246
difficile,difficile,ADJ,ADJ,0.9656689421565444,0.21566715365981692,VERB,ADJ: 0.97,True,45,0,3.828641396489095
alors,alors,ADV,ADV,1.0,0.0,,ADV: 1.00,True,333,0,5.811140992976701
bonjour,Bonjour,INTJ,INTJ,,,,,True,2,0,1.0986122886681098
",",",",PUNCT,PUNCT,,,,,True,16599,0,9.717157974344635
nous,Nous,PRON,PRON,0.8226072026071004,0.8287662668321807,CCONJ,"PRON: 0.82, CCONJ: 0.13, ADV: 0.05",True,328,0,5.796057750765372
avoir,avons,AUX,AUX,0.7537049139623345,0.8053529913575782,ADV,"AUX: 0.75, ADV: 0.25",True,2935,0,7.984803389734406
faire,fait,VERB,VERB,1.0,0.0,,VERB: 1.00,True,655,0,6.486160788944089
le,l',DET,DET,0.8207496286735718,0.8327615029897053,ADP,"DET: 0.82, ADP: 0.15",True,38293,0,10.55304850493315
acquisition,acquisition,NOUN,NOUN,,,,,True,9,0,2.302585092994046
de,d',ADP,ADP,0.7886818615006483,0.7439947701431047,CCONJ,"ADP: 0.79, CCONJ: 0.21",True,27784,0,10.232251585714021
un,un,DET,DET,0.7741737557418163,1.1225809040946326,ADP,"DET: 0.77, ADP: 0.11, CCONJ: 0.09",True,8933,0,9.097619501912064
O'Hara,O'Hara,PROPN,PROPN,,,,,False,0,0,0.0
modèle,modèle,NOUN,NOUN,1.0,0.0,,NOUN: 1.00,True,46,0,3.8501476017100584
2010,2010,NUM,NUM,1.0,0.0,,NUM: 1.00,True,107,0,4.68213122712422
.,.,PUNCT,PUNCT,,,,,True,13366,0,9.500544261971474
boutique,Boutique,NOUN,NOUN,1.0,0.0,,NOUN: 1.00,True,23,0,3.1780538303479458
bobo,bobo,NOUN,NOUN,,,,,False,0,0,0.0
chic,chic,ADJ,ADJ,,,,,True,2,0,1.0986122886681098
mais,mais,CCONJ,CCONJ,0.15469195513464806,1.2293580521348002,SCONJ,"SCONJ: 0.72, CCONJ: 0.15, PRON: 0.09",True,734,0,6.5998704992128365
lui,il,PRON,PRON,0.7173975220804439,1.0427392110337699,CCONJ,"PRON: 0.72, CCONJ: 0.24",True,5436,0,8.600982717145921
manquer,manque,VERB,VERB,1.0,0.0,,VERB: 1.00,True,26,0,3.295836866004329
le,l',DET,DET,0.8207496286735718,0.8327615029897053,ADP,"DET: 0.82, ADP: 0.15",True,38293,0,10.55304850493315
essentiel,essentiel,NOUN,NOUN,1.0,0.0,,NOUN: 1.00,True,13,0,2.6390573296152584
:,:,PUNCT,PUNCT,,,,,True,739,0,6.606650186198215
le,le,DET,DET,0.8207496286735718,0.8327615029897053,ADP,"DET: 0.82, ADP: 0.15",True,38293,0,10.55304850493315
professionnalisme,professionnalisme,NOUN,NOUN,1.0,0.0,,NOUN: 1.00,True,14,0,2.70805020110221
!,!,PUNCT,PUNCT,,,,,True,306,0,5.726847747587197
bref,Bref,INTJ,INTJ,,,,,True,10,0,2.3978952727983707
",",",",PUNCT,PUNCT,,,,,True,16599,0,9.717157974344635
le,la,DET,DET,0.8207496286735718,0.8327615029897053,ADP,"DET: 0.82, ADP: 0.15",True,38293,0,10.55304850493315
rue,rue,NOUN,NOUN,1.0,0.0,,NOUN: 1.00,True,78,0,4.3694478524670215
de,de,ADP,ADP,0.7886818615006483,0.7439947701431047,CCONJ,"ADP: 0.79, CCONJ: 0.21",True,27784,0,10.232251585714021
le,les,DET,DET,0.8207496286735718,0.8327615029897053,ADP,"DET: 0.82, ADP: 0.15",True,38293,0,10.55304850493315
maréchal,maréchaux,NOUN,NOUN,1.0,0.0,,NOUN: 1.00,True,11,0,2.4849066497880004
de,de,ADP,ADP,0.7886818615006483,0.7439947701431047,CCONJ,"ADP: 0.79, CCONJ: 0.21",True,27784,0,10.232251585714021
Nancy,nancy,PROPN,NOUN,,,,,True,8,1,2.1972245773362196
vous,vous,PRON,PRON,0.9418283110194323,0.32014404178062034,ADV,"PRON: 0.94, ADV: 0.06",True,252,0,5.53338948872752
permettre,permettra,VERB,VERB,1.0,0.0,,VERB: 1.00,True,245,0,5.5053315359323625
sans,sans,ADP,ADP,0.16755719533164298,1.4014374668614333,DET,"DET: 0.61, CCONJ: 0.21, ADP: 0.17",True,220,0,5.3981627015177525
doute,doute,NOUN,NOUN,1.0,0.0,,NOUN: 1.00,True,25,0,3.258096538021482
de,de,ADP,ADP,0.7886818615006483,0.7439947701431047,CCONJ,"ADP: 0.79, CCONJ: 0.21",True,27784,0,10.232251585714021
trouver,trouver,VERB,VERB,1.0,0.0,,VERB: 1.00,True,246,0,5.5093883366279774
bien,bien,ADV,ADV,1.0,0.0,,ADV: 1.00,True,306,0,5.726847747587197
mieux,mieux,ADV,ADV,1.0,0.0,,ADV: 1.00,True,45,0,3.828641396489095
!,!,PUNCT,PUNCT,,,,,True,306,0,5.726847747587197
bref,Bref,INTJ,INTJ,,,,,True,10,0,2.3978952727983707
",",",",PUNCT,PUNCT,,,,,True,16599,0,9.717157974344635
à,à,ADP,ADP,1.0,0.0,,ADP: 1.00,True,9366,0,9.14494815320913
déconseiller,déconseiller,VERB,VERB,,,,,True,5,0,1.791759469228055
!,!,PUNCT,PUNCT,,,,,True,306,0,5.726847747587197
bémol,Bémol,NOUN,PROPN,,,,,True,1,1,0.6931471805599453
:,:,PUNCT,PUNCT,,,,,True,739,0,6.606650186198215
le,le,DET,DET,0.8207496286735718,0.8327615029897053,ADP,"DET: 0.82, ADP: 0.15",True,38293,0,10.55304850493315
refus,refus,NOUN,NOUN,,,,,True,9,0,2.302585092994046
de,de,ADP,ADP,0.7886818615006483,0.7439947701431047,CCONJ,"ADP: 0.79, CCONJ: 0.21",True,27784,0,10.232251585714021
le,les,DET,DET,0.8207496286735718,0.8327615029897053,ADP,"DET: 0.82, ADP: 0.15",True,38293,0,10.55304850493315
carte,cartes,NOUN,NOUN,1.0,0.0,,NOUN: 1.00,True,49,0,3.912023005428146
de,de,ADP,ADP,0.7886818615006483,0.7439947701431047,CCONJ,"ADP: 0.79, CCONJ: 0.21",True,27784,0,10.232251585714021
paiement,paiement,NOUN,NOUN,,,,,True,7,0,2.0794415416798357
!,!,PUNCT,PUNCT,,,,,True,306,0,5.726847747587197
ce,C',PRON,PRON,0.959635480454852,0.243961008701331,ADV,PRON: 0.96,True,855,0,6.752270376141742
être,est,AUX,AUX,0.4687470215317024,1.7986756264740116,SCONJ,"AUX: 0.47, SCONJ: 0.23, ADV: 0.20, CCONJ: 0.10",True,8404,0,9.036582045842716
le,l',DET,DET,0.8207496286735718,0.8327615029897053,ADP,"DET: 0.82, ADP: 0.15",True,38293,0,10.55304850493315
adresse,adresse,NOUN,NOUN,1.0,0.0,,NOUN: 1.00,True,21,0,3.091042453358316
de,de,ADP,ADP,0.7886818615006483,0.7439947701431047,CCONJ,"ADP: 0.79, CCONJ: 0.21",True,27784,0,10.232251585714021
le,l',DET,DET,0.8207496286735718,0.8327615029897053,ADP,"DET: 0.82, ADP: 0.15",True,38293,0,10.55304850493315
hôtel,hôtel,NOUN,NOUN,1.0,0.0,,NOUN: 1.00,True,58,0,4.07753744390572
de,de,ADP,ADP,0.7886818615006483,0.7439947701431047,CCONJ,"ADP: 0.79, CCONJ: 0.21",True,27784,0,10.232251585714021
ville,ville,NOUN,NOUN,1.0,0.0,,NOUN: 1.00,True,288,0,5.666426688112432
de,de,ADP,ADP,0.7886818615006483,0.7439947701431047,CCONJ,"ADP: 0.79, CCONJ: 0.21",True,27784,0,10.232251585714021
Faches,Faches,PROPN,PROPN,,,,,False,0,0,0.0
Thumesnil,Thumesnil,PROPN,PROPN,,,,,False,0,0,0.0
ce,C',PRON,PRON,0.959635480454852,0.243961008701331,ADV,PRON: 0.96,True,855,0,6.752270376141742
être,est,AUX,AUX,0.4687470215317024,1.7986756264740116,SCONJ,"AUX: 0.47, SCONJ: 0.23, ADV: 0.20, CCONJ: 0.10",True,8404,0,9.036582045842716
tellement,tellement,ADV,ADV,,,,,True,5,0,1.791759469228055
rare,rare,ADJ,ADJ,1.0,0.0,,ADJ: 1.00,True,25,0,3.258096538021482
de,de,ADP,ADP,0.7886818615006483,0.7439947701431047,CCONJ,"ADP: 0.79, CCONJ: 0.21",True,27784,0,10.232251585714021
pouvoir,pouvoir,VERB,VERB,0.9326172400615902,0.3560798311098319,ADJ,"VERB: 0.93, ADJ: 0.07",True,599,0,6.396929655216146
dîner,dîner,VERB,VERB,,,,,True,1,0,0.6931471805599453
à,à,ADP,ADP,1.0,0.0,,ADP: 1.00,True,9366,0,9.14494815320913
le,le,DET,DET,0.8207496286735718,0.8327615029897053,ADP,"DET: 0.82, ADP: 0.15",True,38293,0,10.55304850493315
coin,coin,NOUN,NOUN,1.0,0.0,,NOUN: 1.00,True,11,0,2.4849066497880004
de,de,ADP,ADP,0.7886818615006483,0.7439947701431047,CCONJ,"ADP: 0.79, CCONJ: 0.21",True,27784,0,10.232251585714021
le,le,DET,DET,0.8207496286735718,0.8327615029897053,ADP,"DET: 0.82, ADP: 0.15",True,38293,0,10.55304850493315
feu,feu,NOUN,NOUN,1.0,0.0,,NOUN: 1.00,True,33,0,3.5263605246161616
!,!,PUNCT,PUNCT,,,,,True,306,0,5.726847747587197
ce,C',PRON,PRON,0.959635480454852,0.243961008701331,ADV,PRON: 0.96,True,855,0,6.752270376141742
être,est,AUX,AUX,0.4687470215317024,1.7986756264740116,SCONJ,"AUX: 0.47, SCONJ: 0.23, ADV: 0.20, CCONJ: 0.10",True,8404,0,9.036582045842716
un,un,DET,DET,0.7741737557418163,1.1225809040946326,ADP,"DET: 0.77, ADP: 0.11, CCONJ: 0.09",True,8933,0,9.097619501912064
lieu,lieu,NOUN,NOUN,1.0,0.0,,NOUN: 1.00,True,179,0,5.19295685089021
incontournable,incontournable,ADJ,ADJ,,,,,True,6,0,1.9459101490553132
",",",",PUNCT,PUNCT,,,,,True,16599,0,9.717157974344635
car,car,CCONJ,CCONJ,0.14413257226628412,1.2157072304655134,SCONJ,"SCONJ: 0.73, CCONJ: 0.14, PRON: 0.10",True,114,0,4.74493212836325
lui,il,PRON,PRON,0.7173975220804439,1.0427392110337699,CCONJ,"PRON: 0.72, CCONJ: 0.24",True,5436,0,8.600982717145921
permettre,permet,VERB,VERB,1.0,0.0,,VERB: 1.00,True,245,0,5.5053315359323625
de,de,ADP,ADP,0.7886818615006483,0.7439947701431047,CCONJ,"ADP: 0.79, CCONJ: 0.21",True,27784,0,10.232251585714021
sentir,sentir,VERB,VERB,1.0,0.0,,VERB: 1.00,True,27,0,3.332204510175204
le,la,DET,DET,0.8207496286735718,0.8327615029897053,ADP,"DET: 0.82, ADP: 0.15",True,38293,0,10.55304850493315
vie,vie,NOUN,NOUN,1.0,0.0,,NOUN: 1.00,True,133,0,4.897839799950911
de,d',ADP,ADP,0.7886818615006483,0.7439947701431047,CCONJ,"ADP: 0.79, CCONJ: 0.21",True,27784,0,10.232251585714021
un,une,DET,DET,0.7741737557418163,1.1225809040946326,ADP,"DET: 0.77, ADP: 0.11, CCONJ: 0.09",True,8933,0,9.097619501912064
famille,famille,NOUN,NOUN,1.0,0.0,,NOUN: 1.00,True,225,0,5.420534999272286
qui,qui,PRON,PRON,0.8171669946022245,0.8424411100711472,CCONJ,"PRON: 0.82, CCONJ: 0.13, ADV: 0.05",True,1916,0,7.558516743045645
respirer,respirait,VERB,VERB,,,,,True,2,0,1.0986122886681098
le,la,DET,DET,0.8207496286735718,0.8327615029897053,ADP,"DET: 0.82, ADP: 0.15",True,38293,0,10.55304850493315
sainteté,sainteté,NOUN,NOUN,,,,,True,3,0,1.3862943611198906
.,.,PUNCT,PUNCT,,,,,True,13366,0,9.500544261971474
ça,Cà,PRON,PRON,0.7398737785831464,1.0820830987796926,CCONJ,"PRON: 0.74, CCONJ: 0.15, ADV: 0.11",True,36,0,3.6109179126442243
oui,oui,INTJ,INTJ,,,,,True,6,0,1.9459101490553132
",",",",PUNCT,PUNCT,,,,,True,16599,0,9.717157974344635
on,on,PRON,PRON,0.5432191123278096,1.5995967780630704,SCONJ,"PRON: 0.54, SCONJ: 0.23, CCONJ: 0.19",True,554,0,6.318968113746434
pouvoir,peut,VERB,VERB,0.9326172400615902,0.3560798311098319,ADJ,"VERB: 0.93, ADJ: 0.07",True,599,0,6.396929655216146
dire,dire,VERB,VERB,1.0,0.0,,VERB: 1.00,True,190,0,5.25227342804663
que,que,SCONJ,SCONJ,0.6915510664276248,1.397369454710615,CCONJ,"SCONJ: 0.69, CCONJ: 0.17, PRON: 0.06, ADV: 0.05",True,1979,0,7.590852123688581
ce,c',PRON,PRON,0.959635480454852,0.243961008701331,ADV,PRON: 0.96,True,855,0,6.752270376141742
être,était,AUX,AUX,0.4687470215317024,1.7986756264740116,SCONJ,"AUX: 0.47, SCONJ: 0.23, ADV: 0.20, CCONJ: 0.10",True,8404,0,9.036582045842716
à,à,ADP,ADP,1.0,0.0,,ADP: 1.00,True,9366,0,9.14494815320913
le,la,DET,DET,0.8207496286735718,0.8327615029897053,ADP,"DET: 0.82, ADP: 0.15",True,38293,0,10.55304850493315
fois,fois,NOUN,NOUN,1.0,0.0,,NOUN: 1.00,True,211,0,5.356586274672012
futuriste,futuriste,ADJ,ADJ,,,,,False,0,0,0.0
et,et,CCONJ,CCONJ,0.25644065667983523,1.7170903132548632,SCONJ,"SCONJ: 0.43, ADP: 0.28, CCONJ: 0.26",True,7215,0,8.88405606174246
romantique,romantique,ADJ,ADJ,,,,,True,6,0,1.9459101490553132
",",",",PUNCT,PUNCT,,,,,True,16599,0,9.717157974344635
comme,comme,SCONJ,ADP,0.5807636285615381,1.3800520188671654,CCONJ,"SCONJ: 0.58, CCONJ: 0.32, ADV: 0.07",True,144,1,4.976733742420574
diner,diner,VERB,VERB,,,,,True,3,0,1.3862943611198906
avec,avec,ADP,ADP,0.8893781797851439,0.5017887113029871,CCONJ,"ADP: 0.89, CCONJ: 0.11",True,1225,0,7.111512116496157
son,ma,DET,DET,0.8481722905876147,0.863954061477403,CCONJ,"DET: 0.85, CCONJ: 0.08",True,3876,0,8.262816937670928
moitié,moitié,NOUN,NOUN,1.0,0.0,,NOUN: 1.00,True,34,0,3.5553480614894135
.,.,PUNCT,PUNCT,,,,,True,13366,0,9.500544261971474
car,Car,CCONJ,CCONJ,0.14413257226628412,1.2157072304655134,SCONJ,"SCONJ: 0.73, CCONJ: 0.14, PRON: 0.10",True,114,0,4.74493212836325
on,l'on,PRON,PRON,0.5432191123278096,1.5995967780630704,SCONJ,"PRON: 0.54, SCONJ: 0.23, CCONJ: 0.19",True,554,0,6.318968113746434
pouvoir,peut,VERB,VERB,0.9326172400615902,0.3560798311098319,ADJ,"VERB: 0.93, ADJ: 0.07",True,599,0,6.396929655216146
trouver,trouver,VERB,VERB,1.0,0.0,,VERB: 1.00,True,246,0,5.5093883366279774
très,très,ADV,ADV,1.0,0.0,,ADV: 1.00,True,435,0,6.077642243349034
aisément,aisément,ADV,ADV,,,,,True,3,0,1.3862943611198906
un,des,DET,DET,0.7741737557418163,1.1225809040946326,ADP,"DET: 0.77, ADP: 0.11, CCONJ: 0.09",True,8933,0,9.097619501912064
préservatif,préservatifs,NOUN,NOUN,,,,,True,1,0,0.6931471805599453
usagé,usagés,ADJ,ADJ,,,,,False,0,0,0.0
sur,sur,ADP,ADP,1.0,0.0,,ADP: 1.00,True,1482,0,7.301822342137932
le,les,DET,DET,0.8207496286735718,0.8327615029897053,ADP,"DET: 0.82, ADP: 0.15",True,38293,0,10.55304850493315
matelas,matelas,NOUN,NOUN,,,,,True,1,0,0.6931471805599453
.,.,PUNCT,PUNCT,,,,,True,13366,0,9.500544261971474
cela,Cela,PRON,PRON,0.5959383786851953,1.512379250098247,SCONJ,"PRON: 0.60, SCONJ: 0.24, CCONJ: 0.11, ADV: 0.05",True,122,0,4.812184355372417
faire,fait,VERB,VERB,1.0,0.0,,VERB: 1.00,True,655,0,6.486160788944089
10,10,NUM,NUM,1.0,0.0,,NUM: 1.00,True,93,0,4.543294782270004
an,ans,NOUN,NOUN,1.0,0.0,,NOUN: 1.00,True,385,0,5.955837369464831
que,que,SCONJ,SCONJ,0.6915510664276248,1.397369454710615,CCONJ,"SCONJ: 0.69, CCONJ: 0.17, PRON: 0.06, ADV: 0.05",True,1979,0,7.590852123688581
moi,je,PRON,PRON,0.7120466284894749,1.0523675190710984,CCONJ,"PRON: 0.71, CCONJ: 0.24",True,621,0,6.432940092739179
faire,fais,VERB,VERB,1.0,0.0,,VERB: 1.00,True,655,0,6.486160788944089
du,du,DET,DET,0.7471406020260035,1.1824862213935765,ADP,"DET: 0.75, ADP: 0.14, CCONJ: 0.09",True,88,0,4.48863636973214
déplacement,déplacement,NOUN,NOUN,1.0,0.0,,NOUN: 1.00,True,17,0,2.8903717578961645
professionnel,professionnel,ADJ,ADJ,1.0,0.0,,ADJ: 1.00,True,67,0,4.219507705176107
et,et,CCONJ,CCONJ,0.25644065667983523,1.7170903132548632,SCONJ,"SCONJ: 0.43, ADP: 0.28, CCONJ: 0.26",True,7215,0,8.88405606174246
ce,c',PRON,PRON,0.959635480454852,0.243961008701331,ADV,PRON: 0.96,True,855,0,6.752270376141742
être,est,AUX,AUX,0.4687470215317024,1.7986756264740116,SCONJ,"AUX: 0.47, SCONJ: 0.23, ADV: 0.20, CCONJ: 0.10",True,8404,0,9.036582045842716
le,la,DET,DET,0.8207496286735718,0.8327615029897053,ADP,"DET: 0.82, ADP: 0.15",True,38293,0,10.55304850493315
1ère,1ère,ADJ,ADJ,,,,,True,2,0,1.0986122886681098
fois,fois,NOUN,NOUN,1.0,0.0,,NOUN: 1.00,True,211,0,5.356586274672012
que,que,SCONJ,SCONJ,0.6915510664276248,1.397369454710615,CCONJ,"SCONJ: 0.69, CCONJ: 0.17, PRON: 0.06, ADV: 0.05",True,1979,0,7.590852123688581
moi,je,PRON,PRON,0.7120466284894749,1.0523675190710984,CCONJ,"PRON: 0.71, CCONJ: 0.24",True,621,0,6.432940092739179
tomber,tombe,VERB,VERB,1.0,0.0,,VERB: 1.00,True,43,0,3.784189633918261
sur,sur,ADP,ADP,1.0,0.0,,ADP: 1.00,True,1482,0,7.301822342137932
un,un,DET,DET,0.7741737557418163,1.1225809040946326,ADP,"DET: 0.77, ADP: 0.11, CCONJ: 0.09",True,8933,0,9.097619501912064
hôtel,hôtel,NOUN,NOUN,1.0,0.0,,NOUN: 1.00,True,58,0,4.07753744390572
aussi,aussi,ADV,ADV,1.0,0.0,,ADV: 1.00,True,349,0,5.857933154483459
pourri,pourri,ADJ,ADJ,,,,,True,2,0,1.0986122886681098
.,.,PUNCT,PUNCT,,,,,True,13366,0,9.500544261971474
ce,Cette,DET,DET,0.8764141494570885,0.6891209831462356,ADP,"DET: 0.88, ADP: 0.08",True,1960,0,7.581209826196346
école,école,NOUN,NOUN,1.0,0.0,,NOUN: 1.00,True,104,0,4.653960350157523
être,est,AUX,AUX,0.4687470215317024,1.7986756264740116,SCONJ,"AUX: 0.47, SCONJ: 0.23, ADV: 0.20, CCONJ: 0.10",True,8404,0,9.036582045842716
très,très,ADV,ADV,1.0,0.0,,ADV: 1.00,True,435,0,6.077642243349034
bien,bien,ADV,ADV,1.0,0.0,,ADV: 1.00,True,306,0,5.726847747587197
sérieux,sérieuse,ADJ,ADJ,1.0,0.0,,ADJ: 1.00,True,14,0,2.70805020110221
et,et,CCONJ,CCONJ,0.25644065667983523,1.7170903132548632,SCONJ,"SCONJ: 0.43, ADP: 0.28, CCONJ: 0.26",True,7215,0,8.88405606174246
aider,aide,VERB,VERB,1.0,0.0,,VERB: 1.00,True,33,0,3.5263605246161616
beaucoup,beaucoup,ADV,ADV,1.0,0.0,,ADV: 1.00,True,99,0,4.605170185988092
eux,Elles,PRON,PRON,0.9444374542892673,0.30957200047813255,ADV,"PRON: 0.94, ADV: 0.06",True,467,0,6.148468295917647
donner,donnent,VERB,VERB,1.0,0.0,,VERB: 1.00,True,220,0,5.3981627015177525
à,à,ADP,ADP,1.0,0.0,,ADP: 1.00,True,9366,0,9.14494815320913
toucher,toucher,VERB,VERB,1.0,0.0,,VERB: 1.00,True,28,0,3.367295829986474
",",",",PUNCT,PUNCT,,,,,True,16599,0,9.717157974344635
fabriquer,fabriquer,VERB,VERB,1.0,0.0,,VERB: 1.00,True,13,0,2.6390573296152584
",",",",PUNCT,PUNCT,,,,,True,16599,0,9.717157974344635
débattre,débattre,VERB,VERB,,,,,True,2,0,1.0986122886681098
",",",",PUNCT,PUNCT,,,,,True,16599,0,9.717157974344635
inventer,inventer,VERB,VERB,,,,,True,6,0,1.9459101490553132
",",",",PUNCT,PUNCT,,,,,True,16599,0,9.717157974344635
grâce,grâce,NOUN,NOUN,,,,,True,91,0,4.5217885770490405
à,à,ADP,ADP,1.0,0.0,,ADP: 1.00,True,9366,0,9.14494815320913
un,un,DET,DET,0.7741737557418163,1.1225809040946326,ADP,"DET: 0.77, ADP: 0.11, CCONJ: 0.09",True,8933,0,9.097619501912064
matériel,matériel,NOUN,NOUN,1.0,0.0,,NOUN: 1.00,True,19,0,2.995732273553991
pédagogique,pédagogique,ADJ,ADJ,,,,,True,2,0,1.0986122886681098
spécifique,spécifique,ADJ,ADJ,1.0,0.0,,ADJ: 1.00,True,14,0,2.70805020110221
.,.,PUNCT,PUNCT,,,,,True,13366,0,9.500544261971474
emplacement,Emplacement,NOUN,NOUN,1.0,0.0,,NOUN: 1.00,True,15,0,2.772588722239781
génial,génial,ADJ,ADJ,,,,,True,7,0,2.0794415416798357
pour,pour,ADP,ADP,0.7890790430468303,0.7432394314397186,CCONJ,"ADP: 0.79, CCONJ: 0.21",True,2242,0,7.715569534520208
qui,qui,PRON,PRON,0.8171669946022245,0.8424411100711472,CCONJ,"PRON: 0.82, CCONJ: 0.13, ADV: 0.05",True,1916,0,7.558516743045645
vouloir,veut,VERB,VERB,1.0,0.0,,VERB: 1.00,True,99,0,4.605170185988092
aller,aller,VERB,VERB,1.0,0.0,,VERB: 1.00,True,221,0,5.402677381872279
chercher,chercher,VERB,VERB,1.0,0.0,,VERB: 1.00,True,37,0,3.6375861597263857
quelqu'un,quelqu'un,PRON,PRON,0.8011285031120878,1.0293032303137066,NOUN,"PRON: 0.80, NOUN: 0.08, ADV: 0.06, PROPN: 0.05",True,14,0,2.70805020110221
à,à,ADP,ADP,1.0,0.0,,ADP: 1.00,True,9366,0,9.14494815320913
le,la,DET,DET,0.8207496286735718,0.8327615029897053,ADP,"DET: 0.82, ADP: 0.15",True,38293,0,10.55304850493315
gare,Gare,NOUN,NOUN,1.0,0.0,,NOUN: 1.00,True,52,0,3.970291913552122
!,!,PUNCT,PUNCT,,,,,True,306,0,5.726847747587197
en,En,ADP,ADP,0.21695278762461512,1.4815638486393006,DET,"DET: 0.51, CCONJ: 0.27, ADP: 0.22",True,5233,0,8.562931083090092
2,2,NUM,NUM,1.0,0.0,,NUM: 1.00,True,132,0,4.890349128221754
séance,séances,NOUN,NOUN,1.0,0.0,,NOUN: 1.00,True,15,0,2.772588722239781
(,(,PUNCT,PUNCT,,,,,True,2211,0,7.701652362642226
maillot,maillot,NOUN,NOUN,1.0,0.0,,NOUN: 1.00,True,16,0,2.833213344056216
et,et,CCONJ,CCONJ,0.25644065667983523,1.7170903132548632,SCONJ,"SCONJ: 0.43, ADP: 0.28, CCONJ: 0.26",True,7215,0,8.88405606174246
aisselle,aisselles,NOUN,NOUN,,,,,False,0,0,0.0
),),PUNCT,PUNCT,,,,,True,2204,0,7.6984827878809465
moi,je,PRON,PRON,0.7120466284894749,1.0523675190710984,CCONJ,"PRON: 0.71, CCONJ: 0.24",True,621,0,6.432940092739179
voir,vois,VERB,VERB,1.0,0.0,,VERB: 1.00,True,197,0,5.288267030694535
déjà,déjà,ADV,ADV,1.0,0.0,,ADV: 1.00,True,86,0,4.465908118654584
le,la,DET,DET,0.8207496286735718,0.8327615029897053,ADP,"DET: 0.82, ADP: 0.15",True,38293,0,10.55304850493315
différence,différence,NOUN,NOUN,1.0,0.0,,NOUN: 1.00,True,19,0,2.995732273553991
.,.,PUNCT,PUNCT,,,,,True,13366,0,9.500544261971474
en,En,ADP,ADP,0.21695278762461512,1.4815638486393006,DET,"DET: 0.51, CCONJ: 0.27, ADP: 0.22",True,5233,0,8.562931083090092
espérer,espérant,VERB,VERB,1.0,0.0,,VERB: 1.00,True,20,0,3.044522437723423
que,que,SCONJ,SCONJ,0.6915510664276248,1.397369454710615,CCONJ,"SCONJ: 0.69, CCONJ: 0.17, PRON: 0.06, ADV: 0.05",True,1979,0,7.590852123688581
ce,ce,DET,DET,0.8764141494570885,0.6891209831462356,ADP,"DET: 0.88, ADP: 0.08",True,1960,0,7.581209826196346
genre,genre,NOUN,NOUN,1.0,0.0,,NOUN: 1.00,True,74,0,4.31748811353631
de,de,ADP,ADP,0.7886818615006483,0.7439947701431047,CCONJ,"ADP: 0.79, CCONJ: 0.21",True,27784,0,10.232251585714021
salon,salon,NOUN,NOUN,,,,,True,9,0,2.302585092994046
sérieux,sérieux,ADJ,ADJ,1.0,0.0,,ADJ: 1.00,True,14,0,2.70805020110221
et,et,CCONJ,CCONJ,0.25644065667983523,1.7170903132548632,SCONJ,"SCONJ: 0.43, ADP: 0.28, CCONJ: 0.26",True,7215,0,8.88405606174246
professionnel,pro,ADJ,ADJ,1.0,0.0,,ADJ: 1.00,True,67,0,4.219507705176107
survivre,survivra,VERB,VERB,1.0,0.0,,VERB: 1.00,True,12,0,2.5649493574615367
face,face,NOUN,NOUN,1.0,0.0,,NOUN: 1.00,True,90,0,4.51085950651685
à,à,ADP,ADP,1.0,0.0,,ADP: 1.00,True,9366,0,9.14494815320913
le,les,DET,DET,0.8207496286735718,0.8327615029897053,ADP,"DET: 0.82, ADP: 0.15",True,38293,0,10.55304850493315
autre,autres,PRON,PRON,0.0,0.0,NOUN,NOUN: 1.00,True,140,0,4.948759890378168
qui,qui,PRON,PRON,0.8171669946022245,0.8424411100711472,CCONJ,"PRON: 0.82, CCONJ: 0.13, ADV: 0.05",True,1916,0,7.558516743045645
fleurir,fleurissent,VERB,VERB,,,,,True,2,0,1.0986122886681098
à,à,ADP,ADP,1.0,0.0,,ADP: 1.00,True,9366,0,9.14494815320913
chaque,chaque,DET,DET,0.8752800390928642,0.6935189399848112,ADP,"DET: 0.88, ADP: 0.08",True,122,0,4.812184355372417
coin,coin,NOUN,NOUN,1.0,0.0,,NOUN: 1.00,True,11,0,2.4849066497880004
de,de,ADP,ADP,0.7886818615006483,0.7439947701431047,CCONJ,"ADP: 0.79, CCONJ: 0.21",True,27784,0,10.232251585714021
rue,rue,NOUN,NOUN,1.0,0.0,,NOUN: 1.00,True,78,0,4.3694478524670215
en,en,ADP,ADP,0.21695278762461512,1.4815638486393006,DET,"DET: 0.51, CCONJ: 0.27, ADP: 0.22",True,5233,0,8.562931083090092
ce,cette,DET,DET,0.8764141494570885,0.6891209831462356,ADP,"DET: 0.88, ADP: 0.08",True,1960,0,7.581209826196346
période,période,NOUN,NOUN,1.0,0.0,,NOUN: 1.00,True,85,0,4.454347296253507
.,.,PUNCT,PUNCT,,,,,True,13366,0,9.500544261971474
en,En,ADP,ADP,0.21695278762461512,1.4815638486393006,DET,"DET: 0.51, CCONJ: 0.27, ADP: 0.22",True,5233,0,8.562931083090092
plus,plus,ADV,ADV,0.7196677710684014,0.8559031009192263,CCONJ,"ADV: 0.72, CCONJ: 0.28",True,1173,0,7.068172000388042
lui,il,PRON,PRON,0.7173975220804439,1.0427392110337699,CCONJ,"PRON: 0.72, CCONJ: 0.24",True,5436,0,8.600982717145921
être,est,AUX,AUX,0.4687470215317024,1.7986756264740116,SCONJ,"AUX: 0.47, SCONJ: 0.23, ADV: 0.20, CCONJ: 0.10",True,8404,0,9.036582045842716
gentil,gentil,ADJ,ADJ,,,,,True,5,0,1.791759469228055
",",",",PUNCT,PUNCT,,,,,True,16599,0,9.717157974344635
à,à,ADP,ADP,1.0,0.0,,ADP: 1.00,True,9366,0,9.14494815320913
le,l',DET,DET,0.8207496286735718,0.8327615029897053,ADP,"DET: 0.82, ADP: 0.15",True,38293,0,10.55304850493315
écoute,écoute,NOUN,NOUN,1.0,0.0,,NOUN: 1.00,True,13,0,2.6390573296152584
et,et,CCONJ,CCONJ,0.25644065667983523,1.7170903132548632,SCONJ,"SCONJ: 0.43, ADP: 0.28, CCONJ: 0.26",True,7215,0,8.88405606174246
on,on,PRON,PRON,0.5432191123278096,1.5995967780630704,SCONJ,"PRON: 0.54, SCONJ: 0.23, CCONJ: 0.19",True,554,0,6.318968113746434
voir,voit,VERB,VERB,1.0,0.0,,VERB: 1.00,True,197,0,5.288267030694535
que,qu',SCONJ,SCONJ,0.6915510664276248,1.397369454710615,CCONJ,"SCONJ: 0.69, CCONJ: 0.17, PRON: 0.06, ADV: 0.05",True,1979,0,7.590852123688581
lui,il,PRON,PRON,0.7173975220804439,1.0427392110337699,CCONJ,"PRON: 0.72, CCONJ: 0.24",True,5436,0,8.600982717145921
aimer,aime,VERB,VERB,1.0,0.0,,VERB: 1.00,True,44,0,3.8066624897703196
vraiment,vraiment,ADV,ADV,1.0,0.0,,ADV: 1.00,True,61,0,4.127134385045092
le,les,DET,DET,0.8207496286735718,0.8327615029897053,ADP,"DET: 0.82, ADP: 0.15",True,38293,0,10.55304850493315
animal,animaux,NOUN,NOUN,1.0,0.0,,NOUN: 1.00,True,41,0,3.7376696182833684
.,.,PUNCT,PUNCT,,,,,True,13366,0,9.500544261971474
enfin,Enfin,ADV,ADV,0.46005064336919277,1.304281849810429,SCONJ,"SCONJ: 0.47, ADV: 0.46, PRON: 0.07",True,47,0,3.871201010907891
",",",",PUNCT,PUNCT,,,,,True,16599,0,9.717157974344635
arriver,arrive,VERB,VERB,1.0,0.0,,VERB: 1.00,True,98,0,4.59511985013459
le,la,DET,DET,0.8207496286735718,0.8327615029897053,ADP,"DET: 0.82, ADP: 0.15",True,38293,0,10.55304850493315
douloureuse,douloureuse,NOUN,NOUN,,,,,False,0,0,0.0
qui,qui,PRON,PRON,0.8171669946022245,0.8424411100711472,CCONJ,"PRON: 0.82, CCONJ: 0.13, ADV: 0.05",True,1916,0,7.558516743045645
être,est,AUX,AUX,0.4687470215317024,1.7986756264740116,SCONJ,"AUX: 0.47, SCONJ: 0.23, ADV: 0.20, CCONJ: 0.10",True,8404,0,9.036582045842716
parfaitement,parfaitement,ADV,ADV,1.0,0.0,,ADV: 1.00,True,20,0,3.044522437723423
justifier,justifiée,VERB,VERB,,,,,True,8,0,2.1972245773362196
par,par,ADP,ADP,1.0,0.0,,ADP: 1.00,True,2183,0,7.688913336864796
le,la,DET,DET,0.8207496286735718,0.8327615029897053,ADP,"DET: 0.82, ADP: 0.15",True,38293,0,10.55304850493315
qualité,qualité,NOUN,NOUN,1.0,0.0,,NOUN: 1.00,True,110,0,4.709530201312334
de,de,ADP,ADP,0.7886818615006483,0.7439947701431047,CCONJ,"ADP: 0.79, CCONJ: 0.21",True,27784,0,10.232251585714021
le,les,DET,DET,0.8207496286735718,0.8327615029897053,ADP,"DET: 0.82, ADP: 0.15",True,38293,0,10.55304850493315
prestation,prestations,NOUN,NOUN,1.0,0.0,,NOUN: 1.00,True,15,0,2.772588722239781
servir,servies,VERB,VERB,1.0,0.0,,VERB: 1.00,True,86,0,4.465908118654584
.,.,PUNCT,PUNCT,,,,,True,13366,0,9.500544261971474
enfin,Enfin,ADV,ADV,0.46005064336919277,1.304281849810429,SCONJ,"SCONJ: 0.47, ADV: 0.46, PRON: 0.07",True,47,0,3.871201010907891
un,un,DET,DET,0.7741737557418163,1.1225809040946326,ADP,"DET: 0.77, ADP: 0.11, CCONJ: 0.09",True,8933,0,9.097619501912064
bar,bar,NOUN,NOUN,1.0,0.0,,NOUN: 1.00,True,16,0,2.833213344056216
à,à,ADP,ADP,1.0,0.0,,ADP: 1.00,True,9366,0,9.14494815320913
Paris,Paris,PROPN,PROPN,0.7649956115066336,0.7866335826154016,NUM,"PROPN: 0.76, NUM: 0.24",True,188,0,5.241747015059643
où,où,PRON,PRON,0.0947775400927949,1.2584185696703833,SCONJ,"SCONJ: 0.70, CCONJ: 0.19, PRON: 0.09",True,365,0,5.902633333401366
on,l'on,PRON,PRON,0.5432191123278096,1.5995967780630704,SCONJ,"PRON: 0.54, SCONJ: 0.23, CCONJ: 0.19",True,554,0,6.318968113746434
pouvoir,peut,VERB,VERB,0.9326172400615902,0.3560798311098319,ADJ,"VERB: 0.93, ADJ: 0.07",True,599,0,6.396929655216146
trouver,trouver,VERB,VERB,1.0,0.0,,VERB: 1.00,True,246,0,5.5093883366279774
du,du,DET,DET,0.7471406020260035,1.1824862213935765,ADP,"DET: 0.75, ADP: 0.14, CCONJ: 0.09",True,88,0,4.48863636973214
mezcal,mezcal,NOUN,NOUN,,,,,False,0,0,0.0
et,et,CCONJ,CCONJ,0.25644065667983523,1.7170903132548632,SCONJ,"SCONJ: 0.43, ADP: 0.28, CCONJ: 0.26",True,7215,0,8.88405606174246
un,des,DET,DET,0.7741737557418163,1.1225809040946326,ADP,"DET: 0.77, ADP: 0.11, CCONJ: 0.09",True,8933,0,9.097619501912064
bière,bières,NOUN,NOUN,,,,,True,6,0,1.9459101490553132
mexicain,mexicaines,ADJ,ADJ,,,,,True,7,0,2.0794415416798357
qui,qui,PRON,PRON,0.8171669946022245,0.8424411100711472,CCONJ,"PRON: 0.82, CCONJ: 0.13, ADV: 0.05",True,1916,0,7.558516743045645
ne,ne,ADV,ADV,0.03110691420199771,0.7244015123648279,PRON,"PRON: 0.85, CCONJ: 0.12",True,1435,0,7.269616749608169
être,sont,AUX,AUX,0.4687470215317024,1.7986756264740116,SCONJ,"AUX: 0.47, SCONJ: 0.23, ADV: 0.20, CCONJ: 0.10",True,8404,0,9.036582045842716
pas,pas,ADV,ADV,1.0,0.0,,ADV: 1.00,True,893,0,6.795705775173514
hors,hors,ADV,ADV,0.6126705050502992,1.2060720268289438,VERB,"ADV: 0.61, VERB: 0.34",True,19,0,2.995732273553991
de,de,ADP,ADP,0.7886818615006483,0.7439947701431047,CCONJ,"ADP: 0.79, CCONJ: 0.21",True,27784,0,10.232251585714021
prix,prix,NOUN,NOUN,1.0,0.0,,NOUN: 1.00,True,149,0,5.0106352940962555
.,.,PUNCT,PUNCT,,,,,True,13366,0,9.500544261971474
et,Et,CCONJ,CCONJ,0.25644065667983523,1.7170903132548632,SCONJ,"SCONJ: 0.43, ADP: 0.28, CCONJ: 0.26",True,7215,0,8.88405606174246
le,la,DET,DET,0.8207496286735718,0.8327615029897053,ADP,"DET: 0.82, ADP: 0.15",True,38293,0,10.55304850493315
qualité,qualité,NOUN,NOUN,1.0,0.0,,NOUN: 1.00,True,110,0,4.709530201312334
de,de,ADP,ADP,0.7886818615006483,0.7439947701431047,CCONJ,"ADP: 0.79, CCONJ: 0.21",True,27784,0,10.232251585714021
le,le,DET,DET,0.8207496286735718,0.8327615029897053,ADP,"DET: 0.82, ADP: 0.15",True,38293,0,10.55304850493315
service,service,NOUN,NOUN,1.0,0.0,,NOUN: 1.00,True,168,0,5.1298987149230735
être,est,AUX,AUX,0.4687470215317024,1.7986756264740116,SCONJ,"AUX: 0.47, SCONJ: 0.23, ADV: 0.20, CCONJ: 0.10",True,8404,0,9.036582045842716
très,trés,ADV,ADV,1.0,0.0,,ADV: 1.00,True,435,0,6.077642243349034
très,trés,ADV,ADV,1.0,0.0,,ADV: 1.00,True,435,0,6.077642243349034
très,trés,ADV,ADV,1.0,0.0,,ADV: 1.00,True,435,0,6.077642243349034
...,...,PUNCT,PUNCT,,,,,True,158,0,5.0689042022202315
bon,bonne,ADJ,ADJ,1.0,0.0,,ADJ: 1.00,True,164,0,5.10594547390058
.,.,PUNCT,PUNCT,,,,,True,13366,0,9.500544261971474
et,Et,CCONJ,CCONJ,0.25644065667983523,1.7170903132548632,SCONJ,"SCONJ: 0.43, ADP: 0.28, CCONJ: 0.26",True,7215,0,8.88405606174246
un,un,DET,DET,0.7741737557418163,1.1225809040946326,ADP,"DET: 0.77, ADP: 0.11, CCONJ: 0.09",True,8933,0,9.097619501912064
jacuzzi,jacuzzi,NOUN,NOUN,,,,,True,2,0,1.0986122886681098
minuscule,minuscule,ADJ,ADJ,,,,,True,1,0,0.6931471805599453
.,.,PUNCT,PUNCT,,,,,True,13366,0,9.500544261971474
finir,Fini,VERB,VERB,1.0,0.0,,VERB: 1.00,True,45,0,3.828641396489095
le,les,DET,DET,0.8207496286735718,0.8327615029897053,ADP,"DET: 0.82, ADP: 0.15",True,38293,0,10.55304850493315
plat,plats,NOUN,NOUN,1.0,0.0,,NOUN: 1.00,True,50,0,3.9318256327243257
décevant,décevants,ADJ,ADJ,,,,,True,4,0,1.6094379124341003
!,!,PUNCT,PUNCT,,,,,True,306,0,5.726847747587197
génial,Génial,ADJ,ADJ,,,,,True,7,0,2.0794415416798357
",",",",PUNCT,PUNCT,,,,,True,16599,0,9.717157974344635
et,et,CCONJ,CCONJ,0.25644065667983523,1.7170903132548632,SCONJ,"SCONJ: 0.43, ADP: 0.28, CCONJ: 0.26",True,7215,0,8.88405606174246
en,en,ADP,ADP,0.21695278762461512,1.4815638486393006,DET,"DET: 0.51, CCONJ: 0.27, ADP: 0.22",True,5233,0,8.562931083090092
plus,plus,ADV,ADV,0.7196677710684014,0.8559031009192263,CCONJ,"ADV: 0.72, CCONJ: 0.28",True,1173,0,7.068172000388042
ce,c',PRON,PRON,0.959635480454852,0.243961008701331,ADV,PRON: 0.96,True,855,0,6.752270376141742
être,est,AUX,AUX,0.4687470215317024,1.7986756264740116,SCONJ,"AUX: 0.47, SCONJ: 0.23, ADV: 0.20, CCONJ: 0.10",True,8404,0,9.036582045842716
rapide,rapide,ADJ,ADJ,1.0,0.0,,ADJ: 1.00,True,28,0,3.367295829986474
.,.,PUNCT,PUNCT,,,,,True,13366,0,9.500544261971474
ici,Ici,ADV,ADV,0.7506399296879138,0.8102622835417095,PRON,"ADV: 0.75, PRON: 0.25",True,42,0,3.7612001156935624
ce,c',PRON,PRON,0.959635480454852,0.243961008701331,ADV,PRON: 0.96,True,855,0,6.752270376141742
être,est,AUX,AUX,0.4687470215317024,1.7986756264740116,SCONJ,"AUX: 0.47, SCONJ: 0.23, ADV: 0.20, CCONJ: 0.10",True,8404,0,9.036582045842716
très,très,ADV,ADV,1.0,0.0,,ADV: 1.00,True,435,0,6.077642243349034
professionnel,professionnelle,ADJ,ADJ,1.0,0.0,,ADJ: 1.00,True,67,0,4.219507705176107
.,.,PUNCT,PUNCT,,,,,True,13366,0,9.500544261971474
lui,Il,PRON,PRON,0.7173975220804439,1.0427392110337699,CCONJ,"PRON: 0.72, CCONJ: 0.24",True,5436,0,8.600982717145921
être,sont,AUX,AUX,0.4687470215317024,1.7986756264740116,SCONJ,"AUX: 0.47, SCONJ: 0.23, ADV: 0.20, CCONJ: 0.10",True,8404,0,9.036582045842716
former,formés,VERB,VERB,1.0,0.0,,VERB: 1.00,True,86,0,4.465908118654584
à,à,ADP,ADP,1.0,0.0,,ADP: 1.00,True,9366,0,9.14494815320913
vous,vous,PRON,PRON,0.9418283110194323,0.32014404178062034,ADV,"PRON: 0.94, ADV: 0.06",True,252,0,5.53338948872752
arnaquer,arnaquer,VERB,VERB,,,,,False,0,0,0.0
.,.,PUNCT,PUNCT,,,,,True,13366,0,9.500544261971474
lui,Il,PRON,PRON,0.7173975220804439,1.0427392110337699,CCONJ,"PRON: 0.72, CCONJ: 0.24",True,5436,0,8.600982717145921
valoir,vaut,VERB,VERB,1.0,0.0,,VERB: 1.00,True,32,0,3.4965075614664802
mieux,mieux,ADV,ADV,1.0,0.0,,ADV: 1.00,True,45,0,3.828641396489095
réserver,réserver,VERB,VERB,1.0,0.0,,VERB: 1.00,True,31,0,3.4657359027997265
car,car,CCONJ,CCONJ,0.14413257226628412,1.2157072304655134,SCONJ,"SCONJ: 0.73, CCONJ: 0.14, PRON: 0.10",True,114,0,4.74493212836325
ce,ce,DET,DET,0.8764141494570885,0.6891209831462356,ADP,"DET: 0.88, ADP: 0.08",True,1960,0,7.581209826196346
petit,petit,ADJ,ADJ,1.0,0.0,,ADJ: 1.00,True,195,0,5.278114659230517
coin,coin,NOUN,NOUN,1.0,0.0,,NOUN: 1.00,True,11,0,2.4849066497880004
de,de,ADP,ADP,0.7886818615006483,0.7439947701431047,CCONJ,"ADP: 0.79, CCONJ: 0.21",True,27784,0,10.232251585714021
Naples,Naples,PROPN,PROPN,,,,,True,4,0,1.6094379124341003
être,est,AUX,AUX,0.4687470215317024,1.7986756264740116,SCONJ,"AUX: 0.47, SCONJ: 0.23, ADV: 0.20, CCONJ: 0.10",True,8404,0,9.036582045842716
bien,bien,ADV,ADV,1.0,0.0,,ADV: 1.00,True,306,0,5.726847747587197
connu,connu,ADJ,VERB,,,,,True,9,1,2.302585092994046
.,.,PUNCT,PUNCT,,,,,True,13366,0,9.500544261971474
lui,Il,PRON,PRON,0.7173975220804439,1.0427392110337699,CCONJ,"PRON: 0.72, CCONJ: 0.24",True,5436,0,8.600982717145921
y,y,PRON,PRON,0.8287336305823229,0.8120222571975413,CCONJ,"PRON: 0.83, CCONJ: 0.12, ADV: 0.05",True,464,0,6.142037405587356
avoir,a,VERB,VERB,1.0,0.0,,VERB: 1.00,True,784,0,6.665683717782408
même,même,ADV,ADV,0.18926026316764635,1.4827926229322652,SCONJ,"SCONJ: 0.49, CCONJ: 0.32, ADV: 0.19",True,205,0,5.327876168789581
un,un,DET,DET,0.7741737557418163,1.1225809040946326,ADP,"DET: 0.77, ADP: 0.11, CCONJ: 0.09",True,8933,0,9.097619501912064
café,café,NOUN,NOUN,1.0,0.0,,NOUN: 1.00,True,25,0,3.258096538021482
avec,avec,ADP,ADP,0.8893781797851439,0.5017887113029871,CCONJ,"ADP: 0.89, CCONJ: 0.11",True,1225,0,7.111512116496157
un,des,DET,DET,0.7741737557418163,1.1225809040946326,ADP,"DET: 0.77, ADP: 0.11, CCONJ: 0.09",True,8933,0,9.097619501912064
pingouin,pingouins,NOUN,NOUN,,,,,False,0,0,0.0
!,!,PUNCT,PUNCT,,,,,True,306,0,5.726847747587197
eux,Ils,PRON,PRON,0.9444374542892673,0.30957200047813255,ADV,"PRON: 0.94, ADV: 0.06",True,467,0,6.148468295917647
enregistrer,enregistrent,VERB,VERB,1.0,0.0,,VERB: 1.00,True,48,0,3.8918202981106265
son,ma,DET,DET,0.8481722905876147,0.863954061477403,CCONJ,"DET: 0.85, CCONJ: 0.08",True,3876,0,8.262816937670928
demande,demande,NOUN,NOUN,1.0,0.0,,NOUN: 1.00,True,41,0,3.7376696182833684
de,d',ADP,ADP,0.7886818615006483,0.7439947701431047,CCONJ,"ADP: 0.79, CCONJ: 0.21",True,27784,0,10.232251585714021
annulation,annulation,NOUN,NOUN,,,,,True,3,0,1.3862943611198906
",",",",PUNCT,PUNCT,,,,,True,16599,0,9.717157974344635
et,et,CCONJ,CCONJ,0.25644065667983523,1.7170903132548632,SCONJ,"SCONJ: 0.43, ADP: 0.28, CCONJ: 0.26",True,7215,0,8.88405606174246
communiquer,communiquent,VERB,VERB,,,,,True,9,0,2.302585092994046
le,l',DET,DET,0.8207496286735718,0.8327615029897053,ADP,"DET: 0.82, ADP: 0.15",True,38293,0,10.55304850493315
annulation,annulation,NOUN,NOUN,,,,,True,3,0,1.3862943611198906
à,à,ADP,ADP,1.0,0.0,,ADP: 1.00,True,9366,0,9.14494815320913
son,leur,DET,DET,0.8481722905876147,0.863954061477403,CCONJ,"DET: 0.85, CCONJ: 0.08",True,3876,0,8.262816937670928
fournisseur,fournisseur,NOUN,NOUN,,,,,True,5,0,1.791759469228055
.,.,PUNCT,PUNCT,,,,,True,13366,0,9.500544261971474
eux,Ils,PRON,PRON,0.9444374542892673,0.30957200047813255,ADV,"PRON: 0.94, ADV: 0.06",True,467,0,6.148468295917647
moi,m',PRON,PRON,0.7120466284894749,1.0523675190710984,CCONJ,"PRON: 0.71, CCONJ: 0.24",True,621,0,6.432940092739179
avoir,ont,AUX,AUX,0.7537049139623345,0.8053529913575782,ADV,"AUX: 0.75, ADV: 0.25",True,2935,0,7.984803389734406
dire,dit,VERB,VERB,1.0,0.0,,VERB: 1.00,True,190,0,5.25227342804663
que,que,SCONJ,SCONJ,0.6915510664276248,1.397369454710615,CCONJ,"SCONJ: 0.69, CCONJ: 0.17, PRON: 0.06, ADV: 0.05",True,1979,0,7.590852123688581
ce,c',PRON,PRON,0.959635480454852,0.243961008701331,ADV,PRON: 0.96,True,855,0,6.752270376141742
être,est,AUX,AUX,0.4687470215317024,1.7986756264740116,SCONJ,"AUX: 0.47, SCONJ: 0.23, ADV: 0.20, CCONJ: 0.10",True,8404,0,9.036582045842716
un,un,DET,DET,0.7741737557418163,1.1225809040946326,ADP,"DET: 0.77, ADP: 0.11, CCONJ: 0.09",True,8933,0,9.097619501912064
système,système,NOUN,NOUN,1.0,0.0,,NOUN: 1.00,True,102,0,4.634728988229636
de,de,ADP,ADP,0.7886818615006483,0.7439947701431047,CCONJ,"ADP: 0.79, CCONJ: 0.21",True,27784,0,10.232251585714021
sécurité,sécurité,NOUN,NOUN,0.5052247925977241,0.9999212318674002,PROPN,"NOUN: 0.51, PROPN: 0.49",True,59,0,4.0943445622221
quand,quand,SCONJ,SCONJ,0.6770541920391413,1.3527925542757804,CCONJ,"SCONJ: 0.68, CCONJ: 0.17, PRON: 0.12",True,79,0,4.382026634673881
toi,tu,PRON,PRON,0.7692249084517204,1.000838428590945,CCONJ,"PRON: 0.77, CCONJ: 0.14, ADV: 0.09",True,29,0,3.4011973816621555
tourner,tournes,VERB,VERB,1.0,0.0,,VERB: 1.00,True,38,0,3.6635616461296463
le,le,DET,DET,0.8207496286735718,0.8327615029897053,ADP,"DET: 0.82, ADP: 0.15",True,38293,0,10.55304850493315
volant,volant,NOUN,NOUN,,,,,True,5,0,1.791759469228055
à,à,ADP,ADP,1.0,0.0,,ADP: 1.00,True,9366,0,9.14494815320913
le,le,DET,DET,0.8207496286735718,0.8327615029897053,ADP,"DET: 0.82, ADP: 0.15",True,38293,0,10.55304850493315
maximum,maximum,NOUN,NOUN,,,,,True,8,0,2.1972245773362196
....,....,PUNCT,PUNCT,,,,,True,6,0,1.9459101490553132
ne,N',ADV,ADV,0.03110691420199771,0.7244015123648279,PRON,"PRON: 0.85, CCONJ: 0.12",True,1435,0,7.269616749608169
importer,importe,VERB,VERB,,,,,True,16,0,2.833213344056216
quoi,quoi,PRON,PRON,0.8650669151190521,0.7748692329820673,PROPN,"PRON: 0.87, PROPN: 0.07",True,18,0,2.9444389791664403
...,...,PUNCT,PUNCT,,,,,True,158,0,5.0689042022202315
par,Par,ADP,ADP,1.0,0.0,,ADP: 1.00,True,2183,0,7.688913336864796
contre,contre,NOUN,NOUN,,,,,True,19,0,2.995732273553991
",",",",PUNCT,PUNCT,,,,,True,16599,0,9.717157974344635
lui,ils,PRON,PRON,0.7173975220804439,1.0427392110337699,CCONJ,"PRON: 0.72, CCONJ: 0.24",True,5436,0,8.600982717145921
être,sont,AUX,AUX,0.4687470215317024,1.7986756264740116,SCONJ,"AUX: 0.47, SCONJ: 0.23, ADV: 0.20, CCONJ: 0.10",True,8404,0,9.036582045842716
excellent,excellent,ADJ,ADJ,1.0,0.0,,ADJ: 1.00,True,48,0,3.8918202981106265
pour,pour,ADP,ADP,0.7890790430468303,0.7432394314397186,CCONJ,"ADP: 0.79, CCONJ: 0.21",True,2242,0,7.715569534520208
',',PUNCT,PUNCT,,,,,True,27,0,3.332204510175204
bullshitter,bullshitter,VERB,NOUN,,,,,False,0,1,0.0
',',PUNCT,PUNCT,,,,,True,27,0,3.332204510175204
.,.,PUNCT,PUNCT,,,,,True,13366,0,9.500544261971474
eux,Ils,PRON,PRON,0.9444374542892673,0.30957200047813255,ADV,"PRON: 0.94, ADV: 0.06",True,467,0,6.148468295917647
avoir,ont,AUX,AUX,0.7537049139623345,0.8053529913575782,ADV,"AUX: 0.75, ADV: 0.25",True,2935,0,7.984803389734406
réaliser,réalisé,VERB,VERB,1.0,0.0,,VERB: 1.00,True,127,0,4.852030263919617
un,un,DET,DET,0.7741737557418163,1.1225809040946326,ADP,"DET: 0.77, ADP: 0.11, CCONJ: 0.09",True,8933,0,9.097619501912064
excellent,excellent,ADJ,ADJ,1.0,0.0,,ADJ: 1.00,True,48,0,3.8918202981106265
travail,travail,NOUN,NOUN,1.0,0.0,,NOUN: 1.00,True,140,0,4.948759890378168
eux,Ils,PRON,PRON,0.9444374542892673,0.30957200047813255,ADV,"PRON: 0.94, ADV: 0.06",True,467,0,6.148468295917647
être,sont,VERB,AUX,1.0,0.0,,VERB: 1.00,True,139,1,4.941642422609304
sur,sur,ADP,ADP,1.0,0.0,,ADP: 1.00,True,1482,0,7.301822342137932
Cherbourg,Cherbourg,PROPN,PROPN,,,,,True,4,0,1.6094379124341003
depuis,depuis,ADP,ADP,0.8904909671962399,0.49843327450209446,CCONJ,"ADP: 0.89, CCONJ: 0.11",True,283,0,5.648974238161206
2007,2007,NUM,NUM,1.0,0.0,,NUM: 1.00,True,83,0,4.430816798843313
.,.,PUNCT,PUNCT,,,,,True,13366,0,9.500544261971474
moi,J',PRON,PRON,0.7120466284894749,1.0523675190710984,CCONJ,"PRON: 0.71, CCONJ: 0.24",True,621,0,6.432940092739179
y,y,PRON,PRON,0.8287336305823229,0.8120222571975413,CCONJ,"PRON: 0.83, CCONJ: 0.12, ADV: 0.05",True,464,0,6.142037405587356
aller,vais,VERB,VERB,1.0,0.0,,VERB: 1.00,True,221,0,5.402677381872279
très,très,ADV,ADV,1.0,0.0,,ADV: 1.00,True,435,0,6.077642243349034
souvent,souvent,ADV,ADV,1.0,0.0,,ADV: 1.00,True,108,0,4.6913478822291435
",",",",PUNCT,PUNCT,,,,,True,16599,0,9.717157974344635
car,car,CCONJ,CCONJ,0.14413257226628412,1.2157072304655134,SCONJ,"SCONJ: 0.73, CCONJ: 0.14, PRON: 0.10",True,114,0,4.74493212836325
comme,comme,SCONJ,SCONJ,0.5807636285615381,1.3800520188671654,CCONJ,"SCONJ: 0.58, CCONJ: 0.32, ADV: 0.07",True,144,0,4.976733742420574
on,on,PRON,PRON,0.5432191123278096,1.5995967780630704,SCONJ,"PRON: 0.54, SCONJ: 0.23, CCONJ: 0.19",True,554,0,6.318968113746434
dire,dit,VERB,VERB,1.0,0.0,,VERB: 1.00,True,190,0,5.25227342804663
on,on,PRON,PRON,0.5432191123278096,1.5995967780630704,SCONJ,"PRON: 0.54, SCONJ: 0.23, CCONJ: 0.19",True,554,0,6.318968113746434
changer,change,VERB,VERB,1.0,0.0,,VERB: 1.00,True,47,0,3.871201010907891
pas,pas,ADV,ADV,1.0,0.0,,ADV: 1.00,True,893,0,6.795705775173514
un,une,DET,DET,0.7741737557418163,1.1225809040946326,ADP,"DET: 0.77, ADP: 0.11, CCONJ: 0.09",True,8933,0,9.097619501912064
équipe,équipe,NOUN,NOUN,1.0,0.0,,NOUN: 1.00,True,207,0,5.337538079701318
qui,qui,PRON,PRON,0.8171669946022245,0.8424411100711472,CCONJ,"PRON: 0.82, CCONJ: 0.13, ADV: 0.05",True,1916,0,7.558516743045645
gagner,gagne,VERB,VERB,1.0,0.0,,VERB: 1.00,True,48,0,3.8918202981106265
.,.,PUNCT,PUNCT,,,,,True,13366,0,9.500544261971474
moi,J',PRON,PRON,0.7120466284894749,1.0523675190710984,CCONJ,"PRON: 0.71, CCONJ: 0.24",True,621,0,6.432940092739179
adorer,adore,VERB,VERB,1.0,0.0,,VERB: 1.00,True,12,0,2.5649493574615367
le,la,DET,DET,0.8207496286735718,0.8327615029897053,ADP,"DET: 0.82, ADP: 0.15",True,38293,0,10.55304850493315
bouffe,bouffe,NOUN,NOUN,,,,,False,0,0,0.0
et,et,CCONJ,CCONJ,0.25644065667983523,1.7170903132548632,SCONJ,"SCONJ: 0.43, ADP: 0.28, CCONJ: 0.26",True,7215,0,8.88405606174246
le,le,DET,DET,0.8207496286735718,0.8327615029897053,ADP,"DET: 0.82, ADP: 0.15",True,38293,0,10.55304850493315
style,style,NOUN,NOUN,1.0,0.0,,NOUN: 1.00,True,48,0,3.8918202981106265
.,.,PUNCT,PUNCT,,,,,True,13366,0,9.500544261971474
moi,J',PRON,PRON,0.7120466284894749,1.0523675190710984,CCONJ,"PRON: 0.71, CCONJ: 0.24",True,621,0,6.432940092739179
avoir,ai,AUX,AUX,0.7537049139623345,0.8053529913575782,ADV,"AUX: 0.75, ADV: 0.25",True,2935,0,7.984803389734406
donc,donc,ADV,ADV,1.0,0.0,,ADV: 1.00,True,155,0,5.049856007249537
choisir,choisi,VERB,VERB,1.0,0.0,,VERB: 1.00,True,54,0,4.007333185232471
de,de,ADP,ADP,0.7886818615006483,0.7439947701431047,CCONJ,"ADP: 0.79, CCONJ: 0.21",True,27784,0,10.232251585714021
ne,ne,ADV,ADV,0.03110691420199771,0.7244015123648279,PRON,"PRON: 0.85, CCONJ: 0.12",True,1435,0,7.269616749608169
faire,faire,VERB,VERB,1.0,0.0,,VERB: 1.00,True,655,0,6.486160788944089
que,qu',ADV,ADV,0.12368826756838615,1.1282009501795338,ADP,"ADP: 0.72, CCONJ: 0.15, ADV: 0.12",True,218,0,5.389071729816501
un,une,DET,DET,0.7741737557418163,1.1225809040946326,ADP,"DET: 0.77, ADP: 0.11, CCONJ: 0.09",True,8933,0,9.097619501912064
coupe,coupe,NOUN,NOUN,1.0,0.0,,NOUN: 1.00,True,85,0,4.454347296253507
+,+,SYM,SYM,,,,,True,15,0,2.772588722239781
balayage,balayage,NOUN,NOUN,,,,,False,0,0,0.0
.,.,PUNCT,PUNCT,,,,,True,13366,0,9.500544261971474
moi,J',PRON,PRON,0.7120466284894749,1.0523675190710984,CCONJ,"PRON: 0.71, CCONJ: 0.24",True,621,0,6.432940092739179
avoir,ai,AUX,AUX,0.7537049139623345,0.8053529913575782,ADV,"AUX: 0.75, ADV: 0.25",True,2935,0,7.984803389734406
installer,installé,VERB,VERB,1.0,0.0,,VERB: 1.00,True,58,0,4.07753744390572
un,une,DET,DET,0.7741737557418163,1.1225809040946326,ADP,"DET: 0.77, ADP: 0.11, CCONJ: 0.09",True,8933,0,9.097619501912064
chaudière,chaudière,NOUN,NOUN,,,,,True,2,0,1.0986122886681098
à,à,ADP,ADP,1.0,0.0,,ADP: 1.00,True,9366,0,9.14494815320913
condensation,condensation,NOUN,NOUN,,,,,False,0,0,0.0
dans,dans,ADP,ADP,1.0,0.0,,ADP: 1.00,True,2779,0,7.930206206684683
son,ma,DET,DET,0.8481722905876147,0.863954061477403,CCONJ,"DET: 0.85, CCONJ: 0.08",True,3876,0,8.262816937670928
maison,maison,NOUN,NOUN,1.0,0.0,,NOUN: 1.00,True,83,0,4.430816798843313
",",",",PUNCT,PUNCT,,,,,True,16599,0,9.717157974344635
initialement,initialement,ADV,ADV,0.32775118070802345,0.9126122468010431,AUX,"AUX: 0.67, ADV: 0.33",True,23,0,3.1780538303479458
chauffer,chauffée,VERB,VERB,1.0,0.0,,VERB: 1.00,True,11,0,2.4849066497880004
par,par,ADP,ADP,1.0,0.0,,ADP: 1.00,True,2183,0,7.688913336864796
un,des,DET,DET,0.7741737557418163,1.1225809040946326,ADP,"DET: 0.77, ADP: 0.11, CCONJ: 0.09",True,8933,0,9.097619501912064
radiateur,radiateurs,NOUN,NOUN,,,,,True,1,0,0.6931471805599453
électrique,électriques,ADJ,ADJ,1.0,0.0,,ADJ: 1.00,True,25,0,3.258096538021482
.,.,PUNCT,PUNCT,,,,,True,13366,0,9.500544261971474
moi,J',PRON,PRON,0.7120466284894749,1.0523675190710984,CCONJ,"PRON: 0.71, CCONJ: 0.24",True,621,0,6.432940092739179
avoir,ai,AUX,AUX,0.7537049139623345,0.8053529913575782,ADV,"AUX: 0.75, ADV: 0.25",True,2935,0,7.984803389734406
rencontrer,rencontré,VERB,VERB,1.0,0.0,,VERB: 1.00,True,81,0,4.406719247264253
par,par,ADP,ADP,1.0,0.0,,ADP: 1.00,True,2183,0,7.688913336864796
hasard,hasard,NOUN,NOUN,1.0,0.0,,NOUN: 1.00,True,12,0,2.5649493574615367
Lionel,Lionel,PROPN,PROPN,,,,,True,3,0,1.3862943611198906
en,en,ADP,ADP,0.21695278762461512,1.4815638486393006,DET,"DET: 0.51, CCONJ: 0.27, ADP: 0.22",True,5233,0,8.562931083090092
chercher,cherchant,VERB,VERB,1.0,0.0,,VERB: 1.00,True,37,0,3.6375861597263857
sur,sur,ADP,ADP,1.0,0.0,,ADP: 1.00,True,1482,0,7.301822342137932
Google,Google,PROPN,PROPN,,,,,True,7,0,2.0794415416798357
un,un,DET,DET,0.7741737557418163,1.1225809040946326,ADP,"DET: 0.77, ADP: 0.11, CCONJ: 0.09",True,8933,0,9.097619501912064
coiffeur,coiffeur,NOUN,NOUN,,,,,True,4,0,1.6094379124341003
à,à,ADP,ADP,1.0,0.0,,ADP: 1.00,True,9366,0,9.14494815320913
domicile,domicile,NOUN,NOUN,0.1745899347064907,0.6680976622504889,PROPN,"PROPN: 0.83, NOUN: 0.17",True,18,0,2.9444389791664403
...,...,PUNCT,PUNCT,,,,,True,158,0,5.0689042022202315
le,le,DET,DET,0.8207496286735718,0.8327615029897053,ADP,"DET: 0.82, ADP: 0.15",True,38293,0,10.55304850493315
hasard,hasard,NOUN,NOUN,1.0,0.0,,NOUN: 1.00,True,12,0,2.5649493574615367
faire,fait,VERB,VERB,1.0,0.0,,VERB: 1.00,True,655,0,6.486160788944089
bien,bien,ADV,ADV,1.0,0.0,,ADV: 1.00,True,306,0,5.726847747587197
le,les,DET,DET,0.8207496286735718,0.8327615029897053,ADP,"DET: 0.82, ADP: 0.15",True,38293,0,10.55304850493315
chose,choses,NOUN,NOUN,1.0,0.0,,NOUN: 1.00,True,44,0,3.8066624897703196
!,!,PUNCT,PUNCT,,,,,True,306,0,5.726847747587197
moi,J',PRON,PRON,0.7120466284894749,1.0523675190710984,CCONJ,"PRON: 0.71, CCONJ: 0.24",True,621,0,6.432940092739179
y,y,PRON,PRON,0.8287336305823229,0.8120222571975413,CCONJ,"PRON: 0.83, CCONJ: 0.12, ADV: 0.05",True,464,0,6.142037405587356
être,suis,AUX,AUX,0.4687470215317024,1.7986756264740116,SCONJ,"AUX: 0.47, SCONJ: 0.23, ADV: 0.20, CCONJ: 0.10",True,8404,0,9.036582045842716
aller,allé,VERB,VERB,1.0,0.0,,VERB: 1.00,True,221,0,5.402677381872279
2,2,NUM,NUM,1.0,0.0,,NUM: 1.00,True,132,0,4.890349128221754
fois,fois,NOUN,NOUN,1.0,0.0,,NOUN: 1.00,True,211,0,5.356586274672012
à,à,ADP,ADP,1.0,0.0,,ADP: 1.00,True,9366,0,9.14494815320913
un,une,DET,DET,0.7741737557418163,1.1225809040946326,ADP,"DET: 0.77, ADP: 0.11, CCONJ: 0.09",True,8933,0,9.097619501912064
semaine,semaine,NOUN,NOUN,1.0,0.0,,NOUN: 1.00,True,70,0,4.2626798770413155
de,d',ADP,ADP,0.7886818615006483,0.7439947701431047,CCONJ,"ADP: 0.79, CCONJ: 0.21",True,27784,0,10.232251585714021
intervalle,intervalle,NOUN,NOUN,,,,,True,3,0,1.3862943611198906
et,et,CCONJ,CCONJ,0.25644065667983523,1.7170903132548632,SCONJ,"SCONJ: 0.43, ADP: 0.28, CCONJ: 0.26",True,7215,0,8.88405606174246
moi,je,PRON,PRON,0.7120466284894749,1.0523675190710984,CCONJ,"PRON: 0.71, CCONJ: 0.24",True,621,0,6.432940092739179
ne,n',ADV,ADV,0.03110691420199771,0.7244015123648279,PRON,"PRON: 0.85, CCONJ: 0.12",True,1435,0,7.269616749608169
avoir,ai,AUX,AUX,0.7537049139623345,0.8053529913575782,ADV,"AUX: 0.75, ADV: 0.25",True,2935,0,7.984803389734406
pas,pas,ADV,ADV,1.0,0.0,,ADV: 1.00,True,893,0,6.795705775173514
être,été,AUX,AUX,0.4687470215317024,1.7986756264740116,SCONJ,"AUX: 0.47, SCONJ: 0.23, ADV: 0.20, CCONJ: 0.10",True,8404,0,9.036582045842716
décevoir,déçu,VERB,VERB,,,,,True,8,0,2.1972245773362196
.,.,PUNCT,PUNCT,,,,,True,13366,0,9.500544261971474
moi,Je,PRON,PRON,0.7120466284894749,1.0523675190710984,CCONJ,"PRON: 0.71, CCONJ: 0.24",True,621,0,6.432940092739179
recommander,recommande,VERB,VERB,1.0,0.0,,VERB: 1.00,True,43,0,3.784189633918261
vivement,vivement,ADV,ADV,0.8657746134329473,0.568913484407576,PRON,"ADV: 0.87, PRON: 0.13",True,13,0,2.6390573296152584
ce,ce,DET,DET,0.8764141494570885,0.6891209831462356,ADP,"DET: 0.88, ADP: 0.08",True,1960,0,7.581209826196346
magasin,magasin,NOUN,NOUN,1.0,0.0,,NOUN: 1.00,True,27,0,3.332204510175204
à,à,ADP,ADP,1.0,0.0,,ADP: 1.00,True,9366,0,9.14494815320913
tout,tous,ADJ,ADJ,0.0,0.0,ADP,ADP: 1.00,True,401,0,5.996452088619021
celui,ceux,PRON,PRON,0.5172312419604586,1.7291498109731305,NOUN,"PRON: 0.52, NOUN: 0.23, PROPN: 0.14, VERB: 0.11",True,278,0,5.631211781821365
qui,qui,PRON,PRON,0.8171669946022245,0.8424411100711472,CCONJ,"PRON: 0.82, CCONJ: 0.13, ADV: 0.05",True,1916,0,7.558516743045645
vouloir,veulent,VERB,VERB,1.0,0.0,,VERB: 1.00,True,99,0,4.605170185988092
faire,faire,VERB,VERB,1.0,0.0,,VERB: 1.00,True,655,0,6.486160788944089
un,de,DET,DET,0.7741737557418163,1.1225809040946326,ADP,"DET: 0.77, ADP: 0.11, CCONJ: 0.09",True,8933,0,9.097619501912064
réel,réelles,ADJ,ADJ,1.0,0.0,,ADJ: 1.00,True,19,0,2.995732273553991
économie,économies,NOUN,NOUN,1.0,0.0,,NOUN: 1.00,True,46,0,3.8501476017100584
!,!,PUNCT,PUNCT,,,,,True,306,0,5.726847747587197
moi,Je,PRON,PRON,0.7120466284894749,1.0523675190710984,CCONJ,"PRON: 0.71, CCONJ: 0.24",True,621,0,6.432940092739179
être,suis,AUX,AUX,0.4687470215317024,1.7986756264740116,SCONJ,"AUX: 0.47, SCONJ: 0.23, ADV: 0.20, CCONJ: 0.10",True,8404,0,9.036582045842716
élève,élève,NOUN,NOUN,1.0,0.0,,NOUN: 1.00,True,36,0,3.6109179126442243
de,de,ADP,ADP,0.7886818615006483,0.7439947701431047,CCONJ,"ADP: 0.79, CCONJ: 0.21",True,27784,0,10.232251585714021
Sreemati,Sreemati,PROPN,PROPN,,,,,False,0,0,0.0
depuis,depuis,ADP,ADP,0.8904909671962399,0.49843327450209446,CCONJ,"ADP: 0.89, CCONJ: 0.11",True,283,0,5.648974238161206
5,5,NUM,NUM,1.0,0.0,,NUM: 1.00,True,118,0,4.77912349311153
an,ans,NOUN,NOUN,1.0,0.0,,NOUN: 1.00,True,385,0,5.955837369464831
",",",",PUNCT,PUNCT,,,,,True,16599,0,9.717157974344635
et,et,CCONJ,CCONJ,0.25644065667983523,1.7170903132548632,SCONJ,"SCONJ: 0.43, ADP: 0.28, CCONJ: 0.26",True,7215,0,8.88405606174246
dès,dès,ADP,ADP,0.8907467680784398,0.4976593631052658,CCONJ,"ADP: 0.89, CCONJ: 0.11",True,112,0,4.727387818712341
que,qu',SCONJ,SCONJ,0.6915510664276248,1.397369454710615,CCONJ,"SCONJ: 0.69, CCONJ: 0.17, PRON: 0.06, ADV: 0.05",True,1979,0,7.590852123688581
lui,elle,PRON,PRON,0.7173975220804439,1.0427392110337699,CCONJ,"PRON: 0.72, CCONJ: 0.24",True,5436,0,8.600982717145921
moi,m',PRON,PRON,0.7120466284894749,1.0523675190710984,CCONJ,"PRON: 0.71, CCONJ: 0.24",True,621,0,6.432940092739179
avoir,a,AUX,AUX,0.7537049139623345,0.8053529913575782,ADV,"AUX: 0.75, ADV: 0.25",True,2935,0,7.984803389734406
parler,parlé,VERB,VERB,1.0,0.0,,VERB: 1.00,True,78,0,4.3694478524670215
de,d',ADP,ADP,0.7886818615006483,0.7439947701431047,CCONJ,"ADP: 0.79, CCONJ: 0.21",True,27784,0,10.232251585714021
ouvrir,ouvrir,VERB,VERB,1.0,0.0,,VERB: 1.00,True,68,0,4.23410650459726
un,un,DET,DET,0.7741737557418163,1.1225809040946326,ADP,"DET: 0.77, ADP: 0.11, CCONJ: 0.09",True,8933,0,9.097619501912064
centre,centre,NOUN,NOUN,1.0,0.0,,NOUN: 1.00,True,136,0,4.919980925828125
consacrer,consacré,VERB,VERB,1.0,0.0,,VERB: 1.00,True,37,0,3.6375861597263857
à,à,ADP,ADP,1.0,0.0,,ADP: 1.00,True,9366,0,9.14494815320913
le,le,DET,DET,0.8207496286735718,0.8327615029897053,ADP,"DET: 0.82, ADP: 0.15",True,38293,0,10.55304850493315
yoga,Yoga,NOUN,PROPN,,,,,True,3,1,1.3862943611198906
authentique,authentique,ADJ,ADJ,,,,,True,4,0,1.6094379124341003
et,et,CCONJ,CCONJ,0.25644065667983523,1.7170903132548632,SCONJ,"SCONJ: 0.43, ADP: 0.28, CCONJ: 0.26",True,7215,0,8.88405606174246
à,à,ADP,ADP,1.0,0.0,,ADP: 1.00,True,9366,0,9.14494815320913
le,les,DET,DET,0.8207496286735718,0.8327615029897053,ADP,"DET: 0.82, ADP: 0.15",True,38293,0,10.55304850493315
technique,techniques,NOUN,NOUN,1.0,0.0,,NOUN: 1.00,True,37,0,3.6375861597263857
corporel,corporelles,ADJ,ADJ,,,,,True,4,0,1.6094379124341003
(,(,PUNCT,PUNCT,,,,,True,2211,0,7.701652362642226
ayurvéda,ayurvéda,X,NOUN,,,,,False,0,1,0.0
",",",",PUNCT,PUNCT,,,,,True,16599,0,9.717157974344635
danse,rdanse,NOUN,NOUN,1.0,0.0,,NOUN: 1.00,True,14,0,2.70805020110221
indien,indienne,ADJ,ADJ,1.0,0.0,,ADJ: 1.00,True,16,0,2.833213344056216
",",",",PUNCT,PUNCT,,,,,True,16599,0,9.717157974344635
kalaripayat,kalaripayat,X,NOUN,,,,,False,0,1,0.0
),),PUNCT,PUNCT,,,,,True,2204,0,7.6984827878809465
",",",",PUNCT,PUNCT,,,,,True,16599,0,9.717157974344635
moi,j',PRON,PRON,0.7120466284894749,1.0523675190710984,CCONJ,"PRON: 0.71, CCONJ: 0.24",True,621,0,6.432940092739179
avoir,ai,AUX,AUX,0.7537049139623345,0.8053529913575782,ADV,"AUX: 0.75, ADV: 0.25",True,2935,0,7.984803389734406
vouloir,voulu,VERB,VERB,1.0,0.0,,VERB: 1.00,True,99,0,4.605170185988092
lui,l',PRON,PRON,0.7173975220804439,1.0427392110337699,CCONJ,"PRON: 0.72, CCONJ: 0.24",True,5436,0,8.600982717145921
aider,aider,VERB,VERB,1.0,0.0,,VERB: 1.00,True,33,0,3.5263605246161616
.,.,PUNCT,PUNCT,,,,,True,13366,0,9.500544261971474
moi,Je,PRON,PRON,0.7120466284894749,1.0523675190710984,CCONJ,"PRON: 0.71, CCONJ: 0.24",True,621,0,6.432940092739179
vouloir,veux,VERB,VERB,1.0,0.0,,VERB: 1.00,True,99,0,4.605170185988092
bien,bien,ADV,ADV,1.0,0.0,,ADV: 1.00,True,306,0,5.726847747587197
que,que,SCONJ,SCONJ,0.6915510664276248,1.397369454710615,CCONJ,"SCONJ: 0.69, CCONJ: 0.17, PRON: 0.06, ADV: 0.05",True,1979,0,7.590852123688581
cela,cela,PRON,PRON,0.5959383786851953,1.512379250098247,SCONJ,"PRON: 0.60, SCONJ: 0.24, CCONJ: 0.11, ADV: 0.05",True,122,0,4.812184355372417
être,soit,AUX,AUX,0.4687470215317024,1.7986756264740116,SCONJ,"AUX: 0.47, SCONJ: 0.23, ADV: 0.20, CCONJ: 0.10",True,8404,0,9.036582045842716
un,une,DET,DET,0.7741737557418163,1.1225809040946326,ADP,"DET: 0.77, ADP: 0.11, CCONJ: 0.09",True,8933,0,9.097619501912064
chambre,chambre,NOUN,NOUN,1.0,0.0,,NOUN: 1.00,True,72,0,4.290459441148391
économique,économique,ADJ,ADJ,1.0,0.0,,ADJ: 1.00,True,66,0,4.204692619390966
(,(,PUNCT,PUNCT,,,,,True,2211,0,7.701652362642226
50,50,NUM,NUM,0.33718921978719896,0.9221035507283056,DET,"DET: 0.66, NUM: 0.34",True,33,0,3.5263605246161616
euro,euro,NOUN,NOUN,0.1819055257705694,1.3686692798770292,PROPN,"PROPN: 0.60, NUM: 0.22, NOUN: 0.18",True,65,0,4.189654742026425
le,la,DET,DET,0.8207496286735718,0.8327615029897053,ADP,"DET: 0.82, ADP: 0.15",True,38293,0,10.55304850493315
nuitée,nuitée,NOUN,NOUN,,,,,True,1,0,0.6931471805599453
tout,tout,PRON,ADV,0.616575045351158,0.9604250869735371,ADV,"PRON: 0.62, ADV: 0.38",True,147,1,4.997212273764115
de,de,ADP,ADP,0.7886818615006483,0.7439947701431047,CCONJ,"ADP: 0.79, CCONJ: 0.21",True,27784,0,10.232251585714021
même,même,ADV,ADV,0.18926026316764635,1.4827926229322652,SCONJ,"SCONJ: 0.49, CCONJ: 0.32, ADV: 0.19",True,205,0,5.327876168789581
),),PUNCT,PUNCT,,,,,True,2204,0,7.6984827878809465
mais,mais,CCONJ,CCONJ,0.15469195513464806,1.2293580521348002,SCONJ,"SCONJ: 0.72, CCONJ: 0.15, PRON: 0.09",True,734,0,6.5998704992128365
moi,je,PRON,PRON,0.7120466284894749,1.0523675190710984,CCONJ,"PRON: 0.71, CCONJ: 0.24",True,621,0,6.432940092739179
penser,pense,VERB,VERB,1.0,0.0,,VERB: 1.00,True,57,0,4.060443010546419
que,que,SCONJ,SCONJ,0.6915510664276248,1.397369454710615,CCONJ,"SCONJ: 0.69, CCONJ: 0.17, PRON: 0.06, ADV: 0.05",True,1979,0,7.590852123688581
le,les,DET,DET,0.8207496286735718,0.8327615029897053,ADP,"DET: 0.82, ADP: 0.15",True,38293,0,10.55304850493315
économie,économies,NOUN,NOUN,1.0,0.0,,NOUN: 1.00,True,46,0,3.8501476017100584
ne,ne,ADV,ADV,0.03110691420199771,0.7244015123648279,PRON,"PRON: 0.85, CCONJ: 0.12",True,1435,0,7.269616749608169
devoir,doivent,VERB,VERB,0.9326805365068354,0.3558398388117804,ADJ,"VERB: 0.93, ADJ: 0.07",True,314,0,5.752572638825633
pas,pas,ADV,ADV,1.0,0.0,,ADV: 1.00,True,893,0,6.795705775173514
être,être,AUX,AUX,0.4687470215317024,1.7986756264740116,SCONJ,"AUX: 0.47, SCONJ: 0.23, ADV: 0.20, CCONJ: 0.10",True,8404,0,9.036582045842716
faire,faites,VERB,VERB,1.0,0.0,,VERB: 1.00,True,655,0,6.486160788944089
sur,sur,ADP,ADP,1.0,0.0,,ADP: 1.00,True,1482,0,7.301822342137932
le,l',DET,DET,0.8207496286735718,0.8327615029897053,ADP,"DET: 0.82, ADP: 0.15",True,38293,0,10.55304850493315
hygiène,hygiène,NOUN,NOUN,,,,,True,4,0,1.6094379124341003
(,(,PUNCT,PUNCT,,,,,True,2211,0,7.701652362642226
le,l',DET,DET,0.8207496286735718,0.8327615029897053,ADP,"DET: 0.82, ADP: 0.15",True,38293,0,10.55304850493315
aspirateur,aspirateur,NOUN,NOUN,,,,,False,0,0,0.0
ne,n',ADV,ADV,0.03110691420199771,0.7244015123648279,PRON,"PRON: 0.85, CCONJ: 0.12",True,1435,0,7.269616749608169
avoir,avait,AUX,AUX,0.7537049139623345,0.8053529913575782,ADV,"AUX: 0.75, ADV: 0.25",True,2935,0,7.984803389734406
même,même,ADV,ADV,0.18926026316764635,1.4827926229322652,SCONJ,"SCONJ: 0.49, CCONJ: 0.32, ADV: 0.19",True,205,0,5.327876168789581
pas,pas,ADV,ADV,1.0,0.0,,ADV: 1.00,True,893,0,6.795705775173514
être,été,AUX,AUX,0.4687470215317024,1.7986756264740116,SCONJ,"AUX: 0.47, SCONJ: 0.23, ADV: 0.20, CCONJ: 0.10",True,8404,0,9.036582045842716
passer,passé,VERB,VERB,1.0,0.0,,VERB: 1.00,True,192,0,5.262690188904886
derrière,derrière,ADP,ADP,0.8894607357893045,0.5015404021235119,CCONJ,"ADP: 0.89, CCONJ: 0.11",True,28,0,3.367295829986474
le,la,DET,DET,0.8207496286735718,0.8327615029897053,ADP,"DET: 0.82, ADP: 0.15",True,38293,0,10.55304850493315
porte,porte,NOUN,NOUN,1.0,0.0,,NOUN: 1.00,True,36,0,3.6109179126442243
.,.,PUNCT,PUNCT,,,,,True,13366,0,9.500544261971474
le,La,DET,DET,0.8207496286735718,0.8327615029897053,ADP,"DET: 0.82, ADP: 0.15",True,38293,0,10.55304850493315
carte,carte,NOUN,NOUN,1.0,0.0,,NOUN: 1.00,True,49,0,3.912023005428146
regorger,regorge,VERB,VERB,,,,,True,1,0,0.6931471805599453
de,de,ADP,ADP,0.7886818615006483,0.7439947701431047,CCONJ,"ADP: 0.79, CCONJ: 0.21",True,27784,0,10.232251585714021
trésor,trésors,NOUN,NOUN,,,,,True,10,0,2.3978952727983707
tant,tant,ADV,ADV,0.0734316143125899,2.0459672475873987,CCONJ,"CCONJ: 0.31, SCONJ: 0.29, AUX: 0.28, ADV: 0.07",True,100,0,4.61512051684126
en,en,ADP,ADP,0.21695278762461512,1.4815638486393006,DET,"DET: 0.51, CCONJ: 0.27, ADP: 0.22",True,5233,0,8.562931083090092
crêpe,crêpes,NOUN,NOUN,,,,,True,3,0,1.3862943611198906
que,qu',SCONJ,SCONJ,0.6915510664276248,1.397369454710615,CCONJ,"SCONJ: 0.69, CCONJ: 0.17, PRON: 0.06, ADV: 0.05",True,1979,0,7.590852123688581
en,en,ADP,ADP,0.21695278762461512,1.4815638486393006,DET,"DET: 0.51, CCONJ: 0.27, ADP: 0.22",True,5233,0,8.562931083090092
galette,galettes,NOUN,NOUN,,,,,True,4,0,1.6094379124341003
.,.,PUNCT,PUNCT,,,,,True,13366,0,9.500544261971474
le,La,DET,DET,0.8207496286735718,0.8327615029897053,ADP,"DET: 0.82, ADP: 0.15",True,38293,0,10.55304850493315
différence,différence,NOUN,NOUN,1.0,0.0,,NOUN: 1.00,True,19,0,2.995732273553991
entre,entre,ADP,ADP,0.9951404265427191,0.0443394212917744,ADJ,ADP: 1.00,True,403,0,6.0014148779611505
le,les,DET,DET,0.8207496286735718,0.8327615029897053,ADP,"DET: 0.82, ADP: 0.15",True,38293,0,10.55304850493315
grand,grandes,ADJ,ADJ,1.0,0.0,,ADJ: 1.00,True,401,0,5.996452088619021
et,et,CCONJ,CCONJ,0.25644065667983523,1.7170903132548632,SCONJ,"SCONJ: 0.43, ADP: 0.28, CCONJ: 0.26",True,7215,0,8.88405606174246
le,les,DET,DET,0.8207496286735718,0.8327615029897053,ADP,"DET: 0.82, ADP: 0.15",True,38293,0,10.55304850493315
petit,petites,ADJ,NOUN,1.0,0.0,,ADJ: 1.00,True,195,1,5.278114659230517
devoir,doivent,VERB,VERB,0.9326805365068354,0.3558398388117804,ADJ,"VERB: 0.93, ADJ: 0.07",True,314,0,5.752572638825633
être,être,AUX,AUX,0.4687470215317024,1.7986756264740116,SCONJ,"AUX: 0.47, SCONJ: 0.23, ADV: 0.20, CCONJ: 0.10",True,8404,0,9.036582045842716
de,d',ADP,ADP,0.7886818615006483,0.7439947701431047,CCONJ,"ADP: 0.79, CCONJ: 0.21",True,27784,0,10.232251585714021
environs,environs,ADV,NOUN,,,,,False,0,1,0.0
2cm,2cm,NOUN,NOUN,,,,,False,0,0,0.0
de,de,ADP,ADP,0.7886818615006483,0.7439947701431047,CCONJ,"ADP: 0.79, CCONJ: 0.21",True,27784,0,10.232251585714021
plus,plus,ADV,ADV,0.7196677710684014,0.8559031009192263,CCONJ,"ADV: 0.72, CCONJ: 0.28",True,1173,0,7.068172000388042
sur,sur,ADP,ADP,1.0,0.0,,ADP: 1.00,True,1482,0,7.301822342137932
le,le,DET,DET,0.8207496286735718,0.8327615029897053,ADP,"DET: 0.82, ADP: 0.15",True,38293,0,10.55304850493315
diamètre,diamètre,NOUN,NOUN,,,,,True,7,0,2.0794415416798357
",",",",PUNCT,PUNCT,,,,,True,16599,0,9.717157974344635
ce,ce,PRON,PRON,0.959635480454852,0.243961008701331,ADV,PRON: 0.96,True,855,0,6.752270376141742
qui,qui,PRON,PRON,0.8171669946022245,0.8424411100711472,CCONJ,"PRON: 0.82, CCONJ: 0.13, ADV: 0.05",True,1916,0,7.558516743045645
ne,ne,ADV,ADV,0.03110691420199771,0.7244015123648279,PRON,"PRON: 0.85, CCONJ: 0.12",True,1435,0,7.269616749608169
valoir,vaut,VERB,VERB,1.0,0.0,,VERB: 1.00,True,32,0,3.4965075614664802
pas,pas,ADV,ADV,1.0,0.0,,ADV: 1.00,True,893,0,6.795705775173514
le,les,DET,DET,0.8207496286735718,0.8327615029897053,ADP,"DET: 0.82, ADP: 0.15",True,38293,0,10.55304850493315
2,2,NUM,NUM,1.0,0.0,,NUM: 1.00,True,132,0,4.890349128221754
€,€,SYM,SYM,,,,,True,39,0,3.6888794541139363
plus,plus,ADV,ADV,0.7196677710684014,0.8559031009192263,CCONJ,"ADV: 0.72, CCONJ: 0.28",True,1173,0,7.068172000388042
cher,cher,ADJ,ADJ,0.9670101130236267,0.20917119501579692,VERB,ADJ: 0.97,True,31,0,3.4657359027997265
de,d',ADP,ADP,0.7886818615006483,0.7439947701431047,CCONJ,"ADP: 0.79, CCONJ: 0.21",True,27784,0,10.232251585714021
ailleurs,ailleurs,ADV,ADV,0.7033367033987331,1.1047958076098205,PRON,"ADV: 0.70, PRON: 0.25",True,102,0,4.634728988229636
.,.,PUNCT,PUNCT,,,,,True,13366,0,9.500544261971474
le,La,DET,DET,0.8207496286735718,0.8327615029897053,ADP,"DET: 0.82, ADP: 0.15",True,38293,0,10.55304850493315
paroisse,paroisse,NOUN,NOUN,1.0,0.0,,NOUN: 1.00,True,16,0,2.833213344056216
Marie-Reine-des-Coeurs,Marie-Reine-des-Coeurs,PROPN,PROPN,,,,,False,0,0,0.0
être,est,AUX,AUX,0.4687470215317024,1.7986756264740116,SCONJ,"AUX: 0.47, SCONJ: 0.23, ADV: 0.20, CCONJ: 0.10",True,8404,0,9.036582045842716
situer,située,VERB,VERB,0.793990500654531,0.7337854795581993,ADJ,"VERB: 0.79, ADJ: 0.21",True,383,0,5.950642552587727
à,à,ADP,ADP,1.0,0.0,,ADP: 1.00,True,9366,0,9.14494815320913
le,le,DET,DET,0.8207496286735718,0.8327615029897053,ADP,"DET: 0.82, ADP: 0.15",True,38293,0,10.55304850493315
:,:,PUNCT,PUNCT,,,,,True,739,0,6.606650186198215
5905,5905,NUM,NUM,,,,,False,0,0,0.0
",",",",PUNCT,PUNCT,,,,,True,16599,0,9.717157974344635
rue,rue,NOUN,NOUN,1.0,0.0,,NOUN: 1.00,True,78,0,4.3694478524670215
Turenne,Turenne,PROPN,PROPN,,,,,True,4,0,1.6094379124341003
Montréal,Montréal,PROPN,PROPN,1.0,0.0,,PROPN: 1.00,True,23,0,3.1780538303479458
(,(,PUNCT,PUNCT,,,,,True,2211,0,7.701652362642226
Québec,Québec,PROPN,PROPN,0.8563138079921246,0.5938117970358255,NOUN,"PROPN: 0.86, NOUN: 0.14",True,36,0,3.6109179126442243
),),PUNCT,PUNCT,,,,,True,2204,0,7.6984827878809465
H1M,H1M,X,PROPN,,,,,False,0,1,0.0
1N4,1N4,X,X,,,,,False,0,0,0.0
le,Le,DET,DET,0.8207496286735718,0.8327615029897053,ADP,"DET: 0.82, ADP: 0.15",True,38293,0,10.55304850493315
cadre,cadre,NOUN,NOUN,1.0,0.0,,NOUN: 1.00,True,72,0,4.290459441148391
être,est,AUX,AUX,0.4687470215317024,1.7986756264740116,SCONJ,"AUX: 0.47, SCONJ: 0.23, ADV: 0.20, CCONJ: 0.10",True,8404,0,9.036582045842716
très,très,ADV,ADV,1.0,0.0,,ADV: 1.00,True,435,0,6.077642243349034
joli,joli,ADJ,ADJ,,,,,True,5,0,1.791759469228055
",",",",PUNCT,PUNCT,,,,,True,16599,0,9.717157974344635
mais,mais,CCONJ,CCONJ,0.15469195513464806,1.2293580521348002,SCONJ,"SCONJ: 0.72, CCONJ: 0.15, PRON: 0.09",True,734,0,6.5998704992128365
le,l',DET,DET,0.8207496286735718,0.8327615029897053,ADP,"DET: 0.82, ADP: 0.15",True,38293,0,10.55304850493315
ambiance,ambiance,NOUN,NOUN,1.0,0.0,,NOUN: 1.00,True,28,0,3.367295829986474
ne,n',ADV,ADV,0.03110691420199771,0.7244015123648279,PRON,"PRON: 0.85, CCONJ: 0.12",True,1435,0,7.269616749608169
être,est,AUX,AUX,0.4687470215317024,1.7986756264740116,SCONJ,"AUX: 0.47, SCONJ: 0.23, ADV: 0.20, CCONJ: 0.10",True,8404,0,9.036582045842716
pas,pas,ADV,ADV,1.0,0.0,,ADV: 1.00,True,893,0,6.795705775173514
à,à,ADP,ADP,1.0,0.0,,ADP: 1.00,True,9366,0,9.14494815320913
le,la,DET,DET,0.8207496286735718,0.8327615029897053,ADP,"DET: 0.82, ADP: 0.15",True,38293,0,10.55304850493315
hauteur,hauteur,NOUN,NOUN,1.0,0.0,,NOUN: 1.00,True,31,0,3.4657359027997265
de,de,ADP,ADP,0.7886818615006483,0.7439947701431047,CCONJ,"ADP: 0.79, CCONJ: 0.21",True,27784,0,10.232251585714021
celui,celle,PRON,PRON,0.5172312419604586,1.7291498109731305,NOUN,"PRON: 0.52, NOUN: 0.23, PROPN: 0.14, VERB: 0.11",True,278,0,5.631211781821365
de,d',ADP,ADP,0.7886818615006483,0.7439947701431047,CCONJ,"ADP: 0.79, CCONJ: 0.21",True,27784,0,10.232251585714021
un,un,DET,DET,0.7741737557418163,1.1225809040946326,ADP,"DET: 0.77, ADP: 0.11, CCONJ: 0.09",True,8933,0,9.097619501912064
pub,Pub,NOUN,PROPN,,,,,True,2,1,1.0986122886681098
anglais,anglais,ADJ,ADJ,1.0,0.0,,ADJ: 1.00,True,44,0,3.8066624897703196
",",",",PUNCT,PUNCT,,,,,True,16599,0,9.717157974344635
par,par,ADP,ADP,1.0,0.0,,ADP: 1.00,True,2183,0,7.688913336864796
manque,manque,NOUN,NOUN,1.0,0.0,,NOUN: 1.00,True,16,0,2.833213344056216
de,de,ADP,ADP,0.7886818615006483,0.7439947701431047,CCONJ,"ADP: 0.79, CCONJ: 0.21",True,27784,0,10.232251585714021
musique,musique,NOUN,NOUN,0.6837242534176349,0.9002853958189289,PROPN,"NOUN: 0.68, PROPN: 0.32",True,87,0,4.477336814478207
adapté,adaptée,ADJ,ADJ,,,,,True,8,0,2.1972245773362196
.,.,PUNCT,PUNCT,,,,,True,13366,0,9.500544261971474
le,Le,DET,DET,0.8207496286735718,0.8327615029897053,ADP,"DET: 0.82, ADP: 0.15",True,38293,0,10.55304850493315
patron,patron,NOUN,NOUN,1.0,0.0,,NOUN: 1.00,True,14,0,2.70805020110221
sembler,semble,VERB,VERB,1.0,0.0,,VERB: 1.00,True,81,0,4.406719247264253
avoir,avoir,VERB,VERB,1.0,0.0,,VERB: 1.00,True,784,0,6.665683717782408
à,à,ADP,ADP,1.0,0.0,,ADP: 1.00,True,9366,0,9.14494815320913
cœur,cœur,NOUN,NOUN,1.0,0.0,,NOUN: 1.00,True,43,0,3.784189633918261
de,de,ADP,ADP,0.7886818615006483,0.7439947701431047,CCONJ,"ADP: 0.79, CCONJ: 0.21",True,27784,0,10.232251585714021
ne,ne,ADV,ADV,0.03110691420199771,0.7244015123648279,PRON,"PRON: 0.85, CCONJ: 0.12",True,1435,0,7.269616749608169
pas,pas,ADV,ADV,1.0,0.0,,ADV: 1.00,True,893,0,6.795705775173514
négliger,négliger,VERB,VERB,,,,,True,1,0,0.6931471805599453
le,les,DET,DET,0.8207496286735718,0.8327615029897053,ADP,"DET: 0.82, ADP: 0.15",True,38293,0,10.55304850493315
plat,plats,NOUN,NOUN,1.0,0.0,,NOUN: 1.00,True,50,0,3.9318256327243257
à,à,ADP,ADP,1.0,0.0,,ADP: 1.00,True,9366,0,9.14494815320913
le,le,DET,DET,0.8207496286735718,0.8327615029897053,ADP,"DET: 0.82, ADP: 0.15",True,38293,0,10.55304850493315
profit,profit,NOUN,NOUN,1.0,0.0,,NOUN: 1.00,True,21,0,3.091042453358316
de,de,ADP,ADP,0.7886818615006483,0.7439947701431047,CCONJ,"ADP: 0.79, CCONJ: 0.21",True,27784,0,10.232251585714021
le,les,DET,DET,0.8207496286735718,0.8327615029897053,ADP,"DET: 0.82, ADP: 0.15",True,38293,0,10.55304850493315
vin,vins,NOUN,NOUN,1.0,0.0,,NOUN: 1.00,True,31,0,3.4657359027997265
.,.,PUNCT,PUNCT,,,,,True,13366,0,9.500544261971474
le,Le,DET,DET,0.8207496286735718,0.8327615029897053,ADP,"DET: 0.82, ADP: 0.15",True,38293,0,10.55304850493315
signe,signe,NOUN,NOUN,1.0,0.0,,NOUN: 1.00,True,20,0,3.044522437723423
qui,qui,PRON,PRON,0.8171669946022245,0.8424411100711472,CCONJ,"PRON: 0.82, CCONJ: 0.13, ADV: 0.05",True,1916,0,7.558516743045645
ne,ne,ADV,ADV,0.03110691420199771,0.7244015123648279,PRON,"PRON: 0.85, CCONJ: 0.12",True,1435,0,7.269616749608169
tromper,trompe,VERB,VERB,,,,,True,5,0,1.791759469228055
pas,pas,ADV,ADV,1.0,0.0,,ADV: 1.00,True,893,0,6.795705775173514
",",",",PUNCT,PUNCT,,,,,True,16599,0,9.717157974344635
ce,ce,DET,DET,0.8764141494570885,0.6891209831462356,ADP,"DET: 0.88, ADP: 0.08",True,1960,0,7.581209826196346
midi,midi,NOUN,NOUN,,,,,True,6,0,1.9459101490553132
là,là,ADV,ADV,0.5845189881576047,1.286794175216724,PRON,"ADV: 0.58, PRON: 0.36",True,81,0,4.406719247264253
...,...,PUNCT,PUNCT,,,,,True,158,0,5.0689042022202315
le,les,DET,DET,0.8207496286735718,0.8327615029897053,ADP,"DET: 0.82, ADP: 0.15",True,38293,0,10.55304850493315
client,clients,NOUN,NOUN,1.0,0.0,,NOUN: 1.00,True,44,0,3.8066624897703196
à,à,ADP,ADP,1.0,0.0,,ADP: 1.00,True,9366,0,9.14494815320913
table,table,NOUN,NOUN,1.0,0.0,,NOUN: 1.00,True,22,0,3.1354942159291497
ne,n',ADV,ADV,0.03110691420199771,0.7244015123648279,PRON,"PRON: 0.85, CCONJ: 0.12",True,1435,0,7.269616749608169
être,étaient,AUX,AUX,0.4687470215317024,1.7986756264740116,SCONJ,"AUX: 0.47, SCONJ: 0.23, ADV: 0.20, CCONJ: 0.10",True,8404,0,9.036582045842716
que,que,ADV,ADV,0.12368826756838615,1.1282009501795338,ADP,"ADP: 0.72, CCONJ: 0.15, ADV: 0.12",True,218,0,5.389071729816501
un,des,DET,DET,0.7741737557418163,1.1225809040946326,ADP,"DET: 0.77, ADP: 0.11, CCONJ: 0.09",True,8933,0,9.097619501912064
habitué,habitués,NOUN,NOUN,,,,,True,3,0,1.3862943611198906
",",",",PUNCT,PUNCT,,,,,True,16599,0,9.717157974344635
et,et,CCONJ,CCONJ,0.25644065667983523,1.7170903132548632,SCONJ,"SCONJ: 0.43, ADP: 0.28, CCONJ: 0.26",True,7215,0,8.88405606174246
le,la,DET,DET,0.8207496286735718,0.8327615029897053,ADP,"DET: 0.82, ADP: 0.15",True,38293,0,10.55304850493315
salle,salle,NOUN,NOUN,1.0,0.0,,NOUN: 1.00,True,62,0,4.143134726391533
être,était,AUX,AUX,0.4687470215317024,1.7986756264740116,SCONJ,"AUX: 0.47, SCONJ: 0.23, ADV: 0.20, CCONJ: 0.10",True,8404,0,9.036582045842716
plein,pleine,ADJ,ADJ,0.0400698981436272,0.321275513391467,DET,DET: 0.95,True,44,0,3.8066624897703196
.,.,PUNCT,PUNCT,,,,,True,13366,0,9.500544261971474
le,Les,DET,DET,0.8207496286735718,0.8327615029897053,ADP,"DET: 0.82, ADP: 0.15",True,38293,0,10.55304850493315
patient,patientes,NOUN,NOUN,1.0,0.0,,NOUN: 1.00,True,14,0,2.70805020110221
habitué,habituées,ADJ,VERB,,,,,False,0,1,0.0
savoir,savent,VERB,VERB,1.0,0.0,,VERB: 1.00,True,91,0,4.5217885770490405
que,qu',SCONJ,SCONJ,0.6915510664276248,1.397369454710615,CCONJ,"SCONJ: 0.69, CCONJ: 0.17, PRON: 0.06, ADV: 0.05",True,1979,0,7.590852123688581
lui,il,PRON,PRON,0.7173975220804439,1.0427392110337699,CCONJ,"PRON: 0.72, CCONJ: 0.24",True,5436,0,8.600982717145921
avoir,a,VERB,VERB,1.0,0.0,,VERB: 1.00,True,784,0,6.665683717782408
beaucoup,beaucoup,ADV,ADV,1.0,0.0,,ADV: 1.00,True,99,0,4.605170185988092
de,de,ADP,ADP,0.7886818615006483,0.7439947701431047,CCONJ,"ADP: 0.79, CCONJ: 0.21",True,27784,0,10.232251585714021
retard,retard,NOUN,NOUN,,,,,True,9,0,2.302585092994046
et,et,CCONJ,CCONJ,0.25644065667983523,1.7170903132548632,SCONJ,"SCONJ: 0.43, ADP: 0.28, CCONJ: 0.26",True,7215,0,8.88405606174246
prendre,prennent,VERB,VERB,1.0,0.0,,VERB: 1.00,True,287,0,5.662960480135946
son,leurs,DET,DET,0.8481722905876147,0.863954061477403,CCONJ,"DET: 0.85, CCONJ: 0.08",True,3876,0,8.262816937670928
précaution,precautions,NOUN,NOUN,,,,,True,2,0,1.0986122886681098
.,.,PUNCT,PUNCT,,,,,True,13366,0,9.500544261971474
le,Les,DET,DET,0.8207496286735718,0.8327615029897053,ADP,"DET: 0.82, ADP: 0.15",True,38293,0,10.55304850493315
prix,prix,NOUN,NOUN,1.0,0.0,,NOUN: 1.00,True,149,0,5.0106352940962555
être,sont,AUX,AUX,0.4687470215317024,1.7986756264740116,SCONJ,"AUX: 0.47, SCONJ: 0.23, ADV: 0.20, CCONJ: 0.10",True,8404,0,9.036582045842716
abordable,abordables,ADJ,ADJ,,,,,True,9,0,2.302585092994046
pour,pour,ADP,ADP,0.7890790430468303,0.7432394314397186,CCONJ,"ADP: 0.79, CCONJ: 0.21",True,2242,0,7.715569534520208
le,la,DET,DET,0.8207496286735718,0.8327615029897053,ADP,"DET: 0.82, ADP: 0.15",True,38293,0,10.55304850493315
qualité,qualité,NOUN,NOUN,1.0,0.0,,NOUN: 1.00,True,110,0,4.709530201312334
de,de,ADP,ADP,0.7886818615006483,0.7439947701431047,CCONJ,"ADP: 0.79, CCONJ: 0.21",True,27784,0,10.232251585714021
le,les,DET,DET,0.8207496286735718,0.8327615029897053,ADP,"DET: 0.82, ADP: 0.15",True,38293,0,10.55304850493315
produit,produits,NOUN,NOUN,1.0,0.0,,NOUN: 1.00,True,77,0,4.356708826689592
et,et,CCONJ,CCONJ,0.25644065667983523,1.7170903132548632,SCONJ,"SCONJ: 0.43, ADP: 0.28, CCONJ: 0.26",True,7215,0,8.88405606174246
le,le,DET,DET,0.8207496286735718,0.8327615029897053,ADP,"DET: 0.82, ADP: 0.15",True,38293,0,10.55304850493315
service,service,NOUN,NOUN,1.0,0.0,,NOUN: 1.00,True,168,0,5.1298987149230735
en,en,ADP,ADP,0.21695278762461512,1.4815638486393006,DET,"DET: 0.51, CCONJ: 0.27, ADP: 0.22",True,5233,0,8.562931083090092
salle,salle,NOUN,NOUN,1.0,0.0,,NOUN: 1.00,True,62,0,4.143134726391533
.,.,PUNCT,PUNCT,,,,,True,13366,0,9.500544261971474
le,Les,DET,DET,0.8207496286735718,0.8327615029897053,ADP,"DET: 0.82, ADP: 0.15",True,38293,0,10.55304850493315
prix,prix,NOUN,NOUN,1.0,0.0,,NOUN: 1.00,True,149,0,5.0106352940962555
être,sont,AUX,AUX,0.4687470215317024,1.7986756264740116,SCONJ,"AUX: 0.47, SCONJ: 0.23, ADV: 0.20, CCONJ: 0.10",True,8404,0,9.036582045842716
beaucoup,beaucoup,ADV,ADV,1.0,0.0,,ADV: 1.00,True,99,0,4.605170185988092
plus,plus,ADV,ADV,0.7196677710684014,0.8559031009192263,CCONJ,"ADV: 0.72, CCONJ: 0.28",True,1173,0,7.068172000388042
élevé,élevés,ADJ,ADJ,1.0,0.0,,ADJ: 1.00,True,27,0,3.332204510175204
que,que,SCONJ,SCONJ,0.6915510664276248,1.397369454710615,CCONJ,"SCONJ: 0.69, CCONJ: 0.17, PRON: 0.06, ADV: 0.05",True,1979,0,7.590852123688581
dans,dans,ADP,ADP,1.0,0.0,,ADP: 1.00,True,2779,0,7.930206206684683
un,d',DET,DET,0.7741737557418163,1.1225809040946326,ADP,"DET: 0.77, ADP: 0.11, CCONJ: 0.09",True,8933,0,9.097619501912064
autre,autres,ADJ,ADJ,0.5773464864136372,0.982668701467866,NUM,"ADJ: 0.58, NUM: 0.42",True,341,0,5.834810737062605
boutique,boutiques,NOUN,NOUN,1.0,0.0,,NOUN: 1.00,True,23,0,3.1780538303479458
mais,mais,CCONJ,CCONJ,0.15469195513464806,1.2293580521348002,SCONJ,"SCONJ: 0.72, CCONJ: 0.15, PRON: 0.09",True,734,0,6.5998704992128365
ce,c',PRON,PRON,0.959635480454852,0.243961008701331,ADV,PRON: 0.96,True,855,0,6.752270376141742
être,est,AUX,AUX,0.4687470215317024,1.7986756264740116,SCONJ,"AUX: 0.47, SCONJ: 0.23, ADV: 0.20, CCONJ: 0.10",True,8404,0,9.036582045842716
le,la,DET,DET,0.8207496286735718,0.8327615029897053,ADP,"DET: 0.82, ADP: 0.15",True,38293,0,10.55304850493315
seul,seule,ADJ,ADJ,1.0,0.0,,ADJ: 1.00,True,200,0,5.303304908059076
ouvrir,ouverte,VERB,NOUN,1.0,0.0,,VERB: 1.00,True,68,1,4.23410650459726
le,le,DET,DET,0.8207496286735718,0.8327615029897053,ADP,"DET: 0.82, ADP: 0.15",True,38293,0,10.55304850493315
lundi,lundi,NOUN,NOUN,1.0,0.0,,NOUN: 1.00,True,29,0,3.4011973816621555
.,.,PUNCT,PUNCT,,,,,True,13366,0,9.500544261971474
le,Les,DET,DET,0.8207496286735718,0.8327615029897053,ADP,"DET: 0.82, ADP: 0.15",True,38293,0,10.55304850493315
terrain,terrains,NOUN,NOUN,1.0,0.0,,NOUN: 1.00,True,33,0,3.5263605246161616
de,de,ADP,ADP,0.7886818615006483,0.7439947701431047,CCONJ,"ADP: 0.79, CCONJ: 0.21",True,27784,0,10.232251585714021
tennis,tennis,NOUN,NOUN,0.3163466725201072,0.9003642651134798,PROPN,"PROPN: 0.68, NOUN: 0.32",True,15,0,2.772588722239781
fermer,ferment,VERB,VERB,1.0,0.0,,VERB: 1.00,True,35,0,3.58351893845611
à,à,ADP,ADP,1.0,0.0,,ADP: 1.00,True,9366,0,9.14494815320913
18,18,NUM,NUM,1.0,0.0,,NUM: 1.00,True,68,0,4.23410650459726
h,h,NOUN,NOUN,1.0,0.0,,NOUN: 1.00,True,72,0,4.290459441148391
!,!,PUNCT,PUNCT,,,,,True,306,0,5.726847747587197
son,Leur,DET,DET,0.8481722905876147,0.863954061477403,CCONJ,"DET: 0.85, CCONJ: 0.08",True,3876,0,8.262816937670928
chocolat,chocolat,NOUN,NOUN,,,,,True,6,0,1.9459101490553132
chaud,chaud,ADJ,ADJ,1.0,0.0,,ADJ: 1.00,True,14,0,2.70805020110221
être,est,AUX,AUX,0.4687470215317024,1.7986756264740116,SCONJ,"AUX: 0.47, SCONJ: 0.23, ADV: 0.20, CCONJ: 0.10",True,8404,0,9.036582045842716
divin,divin,ADJ,ADJ,,,,,True,7,0,2.0794415416798357
!,!,PUNCT,PUNCT,,,,,True,306,0,5.726847747587197
madame,Madame,NOUN,NOUN,0.0,0.0,PROPN,PROPN: 1.00,True,12,0,2.5649493574615367
Tellier,Tellier,PROPN,PROPN,,,,,False,0,0,0.0
être,est,AUX,AUX,0.4687470215317024,1.7986756264740116,SCONJ,"AUX: 0.47, SCONJ: 0.23, ADV: 0.20, CCONJ: 0.10",True,8404,0,9.036582045842716
un,une,DET,DET,0.7741737557418163,1.1225809040946326,ADP,"DET: 0.77, ADP: 0.11, CCONJ: 0.09",True,8933,0,9.097619501912064
excellent,excellente,ADJ,ADJ,1.0,0.0,,ADJ: 1.00,True,48,0,3.8918202981106265
comptable,comptable,NOUN,NOUN,,,,,False,0,0,0.0
que,que,PRON,PRON,0.11611059889321292,1.238361633076011,SCONJ,"SCONJ: 0.71, CCONJ: 0.15, PRON: 0.12",True,430,0,6.066108090103747
moi,je,PRON,PRON,0.7120466284894749,1.0523675190710984,CCONJ,"PRON: 0.71, CCONJ: 0.24",True,621,0,6.432940092739179
recommander,recommande,VERB,VERB,1.0,0.0,,VERB: 1.00,True,43,0,3.784189633918261
vivement,vivement,ADV,ADV,0.8657746134329473,0.568913484407576,PRON,"ADV: 0.87, PRON: 0.13",True,13,0,2.6390573296152584
!,!,PUNCT,PUNCT,,,,,True,306,0,5.726847747587197
magasin,Magasin,NOUN,NOUN,1.0,0.0,,NOUN: 1.00,True,27,0,3.332204510175204
de,de,ADP,ADP,0.7886818615006483,0.7439947701431047,CCONJ,"ADP: 0.79, CCONJ: 0.21",True,27784,0,10.232251585714021
chaussure,chaussures,NOUN,NOUN,,,,,True,7,0,2.0794415416798357
pour,pour,ADP,ADP,0.7890790430468303,0.7432394314397186,CCONJ,"ADP: 0.79, CCONJ: 0.21",True,2242,0,7.715569534520208
enfant,enfants,NOUN,NOUN,1.0,0.0,,NOUN: 1.00,True,134,0,4.90527477843843
/,/,SYM,SYM,,,,,True,105,0,4.663439094112067
adolescent,adolescents,NOUN,NOUN,,,,,True,8,0,2.1972245773362196
très,très,ADV,ADV,1.0,0.0,,ADV: 1.00,True,435,0,6.077642243349034
convivial,convivial,ADJ,ADJ,,,,,True,10,0,2.3978952727983707
.,.,PUNCT,PUNCT,,,,,True,13366,0,9.500544261971474
mais,Mais,CCONJ,CCONJ,0.15469195513464806,1.2293580521348002,SCONJ,"SCONJ: 0.72, CCONJ: 0.15, PRON: 0.09",True,734,0,6.5998704992128365
à,à,ADP,ADP,1.0,0.0,,ADP: 1.00,True,9366,0,9.14494815320913
souligner,souligner,VERB,VERB,1.0,0.0,,VERB: 1.00,True,23,0,3.1780538303479458
que,que,SCONJ,SCONJ,0.6915510664276248,1.397369454710615,CCONJ,"SCONJ: 0.69, CCONJ: 0.17, PRON: 0.06, ADV: 0.05",True,1979,0,7.590852123688581
jamais,jamais,ADV,ADV,1.0,0.0,,ADV: 1.00,True,83,0,4.430816798843313
le,la,DET,DET,0.8207496286735718,0.8327615029897053,ADP,"DET: 0.82, ADP: 0.15",True,38293,0,10.55304850493315
musique,musique,NOUN,NOUN,0.6837242534176349,0.9002853958189289,PROPN,"NOUN: 0.68, PROPN: 0.32",True,87,0,4.477336814478207
ne,ne,ADV,ADV,0.03110691420199771,0.7244015123648279,PRON,"PRON: 0.85, CCONJ: 0.12",True,1435,0,7.269616749608169
prendre,prend,VERB,VERB,1.0,0.0,,VERB: 1.00,True,287,0,5.662960480135946
le,le,DET,DET,0.8207496286735718,0.8327615029897053,ADP,"DET: 0.82, ADP: 0.15",True,38293,0,10.55304850493315
pas,pas,NOUN,NOUN,,,,,True,7,0,2.0794415416798357
sur,sur,ADP,ADP,1.0,0.0,,ADP: 1.00,True,1482,0,7.301822342137932
son,nos,DET,DET,0.8481722905876147,0.863954061477403,CCONJ,"DET: 0.85, CCONJ: 0.08",True,3876,0,8.262816937670928
conversation,conversations,NOUN,NOUN,,,,,True,5,0,1.791759469228055
.,.,PUNCT,PUNCT,,,,,True,13366,0,9.500544261971474
merci,Merci,INTJ,INTJ,0.0,0.0,VERB,VERB: 1.00,True,16,0,2.833213344056216
beaucoup,beaucoup,ADV,ADV,1.0,0.0,,ADV: 1.00,True,99,0,4.605170185988092
à,à,ADP,ADP,1.0,0.0,,ADP: 1.00,True,9366,0,9.14494815320913
lui,lui,PRON,PRON,0.7173975220804439,1.0427392110337699,CCONJ,"PRON: 0.72, CCONJ: 0.24",True,5436,0,8.600982717145921
!,!,PUNCT,PUNCT,,,,,True,306,0,5.726847747587197
son,Nos,DET,DET,0.8481722905876147,0.863954061477403,CCONJ,"DET: 0.85, CCONJ: 0.08",True,3876,0,8.262816937670928
plat,plats,NOUN,NOUN,1.0,0.0,,NOUN: 1.00,True,50,0,3.9318256327243257
être,étaient,AUX,AUX,0.4687470215317024,1.7986756264740116,SCONJ,"AUX: 0.47, SCONJ: 0.23, ADV: 0.20, CCONJ: 0.10",True,8404,0,9.036582045842716
globalement,globalement,ADV,ADV,,,,,True,3,0,1.3862943611198906
bon,bons,ADJ,ADJ,1.0,0.0,,ADJ: 1.00,True,164,0,5.10594547390058
(,(,PUNCT,PUNCT,,,,,True,2211,0,7.701652362642226
saumon,saumon,NOUN,NOUN,,,,,False,0,0,0.0
vapeur,vapeur,NOUN,NOUN,,,,,True,8,0,2.1972245773362196
/,/,SYM,SYM,,,,,True,105,0,4.663439094112067
tagliatelle,tagliatelles,NOUN,NOUN,,,,,False,0,0,0.0
et,et,CCONJ,CCONJ,0.25644065667983523,1.7170903132548632,SCONJ,"SCONJ: 0.43, ADP: 0.28, CCONJ: 0.26",True,7215,0,8.88405606174246
filet,filet,NOUN,NOUN,,,,,True,3,0,1.3862943611198906
de,de,ADP,ADP,0.7886818615006483,0.7439947701431047,CCONJ,"ADP: 0.79, CCONJ: 0.21",True,27784,0,10.232251585714021
rouget,rouget,NOUN,NOUN,,,,,False,0,0,0.0
),),PUNCT,PUNCT,,,,,True,2204,0,7.6984827878809465
mais,mais,CCONJ,CCONJ,0.15469195513464806,1.2293580521348002,SCONJ,"SCONJ: 0.72, CCONJ: 0.15, PRON: 0.09",True,734,0,6.5998704992128365
rester,restaient,VERB,VERB,1.0,0.0,,VERB: 1.00,True,168,0,5.1298987149230735
simple,simples,ADJ,ADJ,1.0,0.0,,ADJ: 1.00,True,40,0,3.713572066704308
dans,dans,ADP,ADP,1.0,0.0,,ADP: 1.00,True,2779,0,7.930206206684683
le,la,DET,DET,0.8207496286735718,0.8327615029897053,ADP,"DET: 0.82, ADP: 0.15",True,38293,0,10.55304850493315
présentation,présentation,NOUN,NOUN,,,,,True,11,0,2.4849066497880004
et,et,CCONJ,CCONJ,0.25644065667983523,1.7170903132548632,SCONJ,"SCONJ: 0.43, ADP: 0.28, CCONJ: 0.26",True,7215,0,8.88405606174246
le,le,DET,DET,0.8207496286735718,0.8327615029897053,ADP,"DET: 0.82, ADP: 0.15",True,38293,0,10.55304850493315
raffinement,raffinement,NOUN,NOUN,,,,,True,1,0,0.6931471805599453
.,.,PUNCT,PUNCT,,,,,True,13366,0,9.500544261971474
son,Notre,DET,DET,0.8481722905876147,0.863954061477403,CCONJ,"DET: 0.85, CCONJ: 0.08",True,3876,0,8.262816937670928
expérience,expérience,NOUN,NOUN,1.0,0.0,,NOUN: 1.00,True,50,0,3.9318256327243257
dans,dans,ADP,ADP,1.0,0.0,,ADP: 1.00,True,2779,0,7.930206206684683
le,le,DET,DET,0.8207496286735718,0.8327615029897053,ADP,"DET: 0.82, ADP: 0.15",True,38293,0,10.55304850493315
domaine,domaine,NOUN,NOUN,1.0,0.0,,NOUN: 1.00,True,68,0,4.23410650459726
de,de,ADP,ADP,0.7886818615006483,0.7439947701431047,CCONJ,"ADP: 0.79, CCONJ: 0.21",True,27784,0,10.232251585714021
le,le,DET,DET,0.8207496286735718,0.8327615029897053,ADP,"DET: 0.82, ADP: 0.15",True,38293,0,10.55304850493315
destockage,destockage,NOUN,NOUN,,,,,False,0,0,0.0
vous,vous,PRON,PRON,0.9418283110194323,0.32014404178062034,ADV,"PRON: 0.94, ADV: 0.06",True,252,0,5.53338948872752
assurer,assure,VERB,VERB,1.0,0.0,,VERB: 1.00,True,73,0,4.30406509320417
le,la,DET,DET,0.8207496286735718,0.8327615029897053,ADP,"DET: 0.82, ADP: 0.15",True,38293,0,10.55304850493315
réalisation,réalisation,NOUN,NOUN,1.0,0.0,,NOUN: 1.00,True,23,0,3.1780538303479458
de,de,ADP,ADP,0.7886818615006483,0.7439947701431047,CCONJ,"ADP: 0.79, CCONJ: 0.21",True,27784,0,10.232251585714021
son,vos,DET,DET,0.8481722905876147,0.863954061477403,CCONJ,"DET: 0.85, CCONJ: 0.08",True,3876,0,8.262816937670928
invendu,invendus,NOUN,NOUN,,,,,False,0,0,0.0
dans,dans,ADP,ADP,1.0,0.0,,ADP: 1.00,True,2779,0,7.930206206684683
le,les,DET,DET,0.8207496286735718,0.8327615029897053,ADP,"DET: 0.82, ADP: 0.15",True,38293,0,10.55304850493315
meilleur,meilleures,ADJ,ADJ,1.0,0.0,,ADJ: 1.00,True,115,0,4.7535901911063645
condition,conditions,NOUN,NOUN,1.0,0.0,,NOUN: 1.00,True,45,0,3.828641396489095
financier,financières,ADJ,ADJ,1.0,0.0,,ADJ: 1.00,True,41,0,3.7376696182833684
tout,tout,ADV,ADV,0.35475278980975966,1.76530081984423,SCONJ,"SCONJ: 0.40, ADV: 0.35, CCONJ: 0.17, ADP: 0.07",True,125,0,4.836281906951478
en,en,ADP,ADP,0.21695278762461512,1.4815638486393006,DET,"DET: 0.51, CCONJ: 0.27, ADP: 0.22",True,5233,0,8.562931083090092
préserver,préservant,VERB,VERB,1.0,0.0,,VERB: 1.00,True,13,0,2.6390573296152584
son,votre,DET,DET,0.8481722905876147,0.863954061477403,CCONJ,"DET: 0.85, CCONJ: 0.08",True,3876,0,8.262816937670928
image,image,NOUN,NOUN,1.0,0.0,,NOUN: 1.00,True,53,0,3.9889840465642745
et,et,CCONJ,CCONJ,0.25644065667983523,1.7170903132548632,SCONJ,"SCONJ: 0.43, ADP: 0.28, CCONJ: 0.26",True,7215,0,8.88405606174246
son,votre,DET,DET,0.8481722905876147,0.863954061477403,CCONJ,"DET: 0.85, CCONJ: 0.08",True,3876,0,8.262816937670928
réseau,réseau,NOUN,NOUN,1.0,0.0,,NOUN: 1.00,True,60,0,4.110873864173311
de,de,ADP,ADP,0.7886818615006483,0.7439947701431047,CCONJ,"ADP: 0.79, CCONJ: 0.21",True,27784,0,10.232251585714021
distribution,distribution,NOUN,NOUN,1.0,0.0,,NOUN: 1.00,True,22,0,3.1354942159291497
.,.,PUNCT,PUNCT,,,,,True,13366,0,9.500544261971474
nous,Nous,PRON,PRON,0.8226072026071004,0.8287662668321807,CCONJ,"PRON: 0.82, CCONJ: 0.13, ADV: 0.05",True,328,0,5.796057750765372
avoir,avons,AUX,AUX,0.7537049139623345,0.8053529913575782,ADV,"AUX: 0.75, ADV: 0.25",True,2935,0,7.984803389734406
dépenser,dépensé,VERB,VERB,,,,,True,4,0,1.6094379124341003
avec,avec,ADP,ADP,0.8893781797851439,0.5017887113029871,CCONJ,"ADP: 0.89, CCONJ: 0.11",True,1225,0,7.111512116496157
son,ma,DET,DET,0.8481722905876147,0.863954061477403,CCONJ,"DET: 0.85, CCONJ: 0.08",True,3876,0,8.262816937670928
femme,femme,NOUN,NOUN,1.0,0.0,,NOUN: 1.00,True,87,0,4.477336814478207
145,145,NUM,NUM,,,,,True,1,0,0.6931471805599453
€,€,SYM,SYM,,,,,True,39,0,3.6888794541139363
pour,pour,ADP,ADP,0.7890790430468303,0.7432394314397186,CCONJ,"ADP: 0.79, CCONJ: 0.21",True,2242,0,7.715569534520208
un,une,DET,DET,0.7741737557418163,1.1225809040946326,ADP,"DET: 0.77, ADP: 0.11, CCONJ: 0.09",True,8933,0,9.097619501912064
entrée,entrée,NOUN,NOUN,1.0,0.0,,NOUN: 1.00,True,47,0,3.871201010907891
",",",",PUNCT,PUNCT,,,,,True,16599,0,9.717157974344635
un,un,DET,DET,0.7741737557418163,1.1225809040946326,ADP,"DET: 0.77, ADP: 0.11, CCONJ: 0.09",True,8933,0,9.097619501912064
plat,plat,NOUN,NOUN,1.0,0.0,,NOUN: 1.00,True,50,0,3.9318256327243257
et,et,CCONJ,CCONJ,0.25644065667983523,1.7170903132548632,SCONJ,"SCONJ: 0.43, ADP: 0.28, CCONJ: 0.26",True,7215,0,8.88405606174246
un,un,DET,DET,0.7741737557418163,1.1225809040946326,ADP,"DET: 0.77, ADP: 0.11, CCONJ: 0.09",True,8933,0,9.097619501912064
dessert,dessert,NOUN,NOUN,0.682529430262493,0.9016095570213007,PROPN,"NOUN: 0.68, PROPN: 0.32",True,14,0,2.70805020110221
(,(,PUNCT,PUNCT,,,,,True,2211,0,7.701652362642226
sans,sans,ADP,ADP,0.16755719533164298,1.4014374668614333,DET,"DET: 0.61, CCONJ: 0.21, ADP: 0.17",True,220,0,5.3981627015177525
alcool,alcool,NOUN,NOUN,,,,,True,9,0,2.302585092994046
),),PUNCT,PUNCT,,,,,True,2204,0,7.6984827878809465
!,!,PUNCT,PUNCT,,,,,True,306,0,5.726847747587197
nous,Nous,PRON,PRON,0.8226072026071004,0.8287662668321807,CCONJ,"PRON: 0.82, CCONJ: 0.13, ADV: 0.05",True,328,0,5.796057750765372
avoir,avons,AUX,AUX,0.7537049139623345,0.8053529913575782,ADV,"AUX: 0.75, ADV: 0.25",True,2935,0,7.984803389734406
prendre,pris,VERB,VERB,1.0,0.0,,VERB: 1.00,True,287,0,5.662960480135946
possession,possesion,NOUN,NOUN,1.0,0.0,,NOUN: 1.00,True,19,0,2.995732273553991
de,de,ADP,ADP,0.7886818615006483,0.7439947701431047,CCONJ,"ADP: 0.79, CCONJ: 0.21",True,27784,0,10.232251585714021
2,2,NUM,NUM,1.0,0.0,,NUM: 1.00,True,132,0,4.890349128221754
chambre,chambres,NOUN,NOUN,1.0,0.0,,NOUN: 1.00,True,72,0,4.290459441148391
cabine,cabines,NOUN,NOUN,,,,,True,6,0,1.9459101490553132
avoir,ayant,VERB,VERB,1.0,0.0,,VERB: 1.00,True,784,0,6.665683717782408
le,les,DET,DET,0.8207496286735718,0.8327615029897053,ADP,"DET: 0.82, ADP: 0.15",True,38293,0,10.55304850493315
toilette,toilettes,NOUN,NOUN,,,,,True,10,0,2.3978952727983707
en,en,ADP,ADP,0.21695278762461512,1.4815638486393006,DET,"DET: 0.51, CCONJ: 0.27, ADP: 0.22",True,5233,0,8.562931083090092
commun,commun,ADJ,ADJ,1.0,0.0,,ADJ: 1.00,True,25,0,3.258096538021482
:,:,PUNCT,PUNCT,,,,,True,739,0,6.606650186198215
poussière,poussière,NOUN,NOUN,,,,,False,0,0,0.0
et,et,CCONJ,CCONJ,0.25644065667983523,1.7170903132548632,SCONJ,"SCONJ: 0.43, ADP: 0.28, CCONJ: 0.26",True,7215,0,8.88405606174246
saleté,saleté,NOUN,NOUN,,,,,False,0,0,0.0
être,étaient,VERB,AUX,1.0,0.0,,VERB: 1.00,True,139,1,4.941642422609304
à,à,ADP,ADP,1.0,0.0,,ADP: 1.00,True,9366,0,9.14494815320913
le,le,DET,DET,0.8207496286735718,0.8327615029897053,ADP,"DET: 0.82, ADP: 0.15",True,38293,0,10.55304850493315
rendez-vous,rendez-vous,NOUN,NOUN,0.6830935082438958,0.9009856039472953,PROPN,"NOUN: 0.68, PROPN: 0.32",True,14,0,2.70805020110221
!,!,PUNCT,PUNCT,,,,,True,306,0,5.726847747587197
on,On,PRON,PRON,0.5432191123278096,1.5995967780630704,SCONJ,"PRON: 0.54, SCONJ: 0.23, CCONJ: 0.19",True,554,0,6.318968113746434
y,y,PRON,PRON,0.8287336305823229,0.8120222571975413,CCONJ,"PRON: 0.83, CCONJ: 0.12, ADV: 0.05",True,464,0,6.142037405587356
retourner,retourne,VERB,VERB,1.0,0.0,,VERB: 1.00,True,47,0,3.871201010907891
ce,cet,DET,DET,0.8764141494570885,0.6891209831462356,ADP,"DET: 0.88, ADP: 0.08",True,1960,0,7.581209826196346
été,été,NOUN,NOUN,0.6829806503618076,0.9011106109606802,PROPN,"NOUN: 0.68, PROPN: 0.32",True,51,0,3.9512437185814275
!,!,PUNCT,PUNCT,,,,,True,306,0,5.726847747587197
par,Par,ADP,ADP,1.0,0.0,,ADP: 1.00,True,2183,0,7.688913336864796
contre,contre,NOUN,NOUN,,,,,True,19,0,2.995732273553991
",",",",PUNCT,PUNCT,,,,,True,16599,0,9.717157974344635
si,si,SCONJ,SCONJ,0.6874457760699145,1.332794651946429,CCONJ,"SCONJ: 0.69, CCONJ: 0.17, PRON: 0.10",True,251,0,5.529429087511423
vous,vous,PRON,PRON,0.9418283110194323,0.32014404178062034,ADV,"PRON: 0.94, ADV: 0.06",True,252,0,5.53338948872752
être,êtes,AUX,AUX,0.4687470215317024,1.7986756264740116,SCONJ,"AUX: 0.47, SCONJ: 0.23, ADV: 0.20, CCONJ: 0.10",True,8404,0,9.036582045842716
nombreux,nombreux,ADJ,ADJ,0.2268184753433239,0.7724238287751712,NUM,"NUM: 0.77, ADJ: 0.23",True,183,0,5.214935757608986
passer,passez,VERB,VERB,1.0,0.0,,VERB: 1.00,True,192,0,5.262690188904886
son,votre,DET,DET,0.8481722905876147,0.863954061477403,CCONJ,"DET: 0.85, CCONJ: 0.08",True,3876,0,8.262816937670928
chemin,chemin,NOUN,NOUN,1.0,0.0,,NOUN: 1.00,True,44,0,3.8066624897703196
ce,c',PRON,PRON,0.959635480454852,0.243961008701331,ADV,PRON: 0.96,True,855,0,6.752270376141742
être,est,AUX,AUX,0.4687470215317024,1.7986756264740116,SCONJ,"AUX: 0.47, SCONJ: 0.23, ADV: 0.20, CCONJ: 0.10",True,8404,0,9.036582045842716
relativement,relativement,ADV,ADV,1.0,0.0,,ADV: 1.00,True,20,0,3.044522437723423
étroit,étroit,ADJ,ADJ,,,,,True,6,0,1.9459101490553132
!,!,PUNCT,PUNCT,,,,,True,306,0,5.726847747587197
par,Par,ADP,ADP,1.0,0.0,,ADP: 1.00,True,2183,0,7.688913336864796
contre,contre,NOUN,NOUN,,,,,True,19,0,2.995732273553991
le,l',DET,DET,0.8207496286735718,0.8327615029897053,ADP,"DET: 0.82, ADP: 0.15",True,38293,0,10.55304850493315
accueil,accueil,NOUN,NOUN,0.685759160901489,0.8980082783004998,PROPN,"NOUN: 0.69, PROPN: 0.31",True,57,0,4.060443010546419
être,est,AUX,AUX,0.4687470215317024,1.7986756264740116,SCONJ,"AUX: 0.47, SCONJ: 0.23, ADV: 0.20, CCONJ: 0.10",True,8404,0,9.036582045842716
impeccable,impeccable,ADJ,ADJ,,,,,True,6,0,1.9459101490553132
et,et,CCONJ,CCONJ,0.25644065667983523,1.7170903132548632,SCONJ,"SCONJ: 0.43, ADP: 0.28, CCONJ: 0.26",True,7215,0,8.88405606174246
très,très,ADV,ADV,1.0,0.0,,ADV: 1.00,True,435,0,6.077642243349034
chaleureux,chaleureux,ADJ,ADJ,1.0,0.0,,ADJ: 1.00,True,22,0,3.1354942159291497
",",",",PUNCT,PUNCT,,,,,True,16599,0,9.717157974344635
le,la,DET,DET,0.8207496286735718,0.8327615029897053,ADP,"DET: 0.82, ADP: 0.15",True,38293,0,10.55304850493315
propreté,propreté,NOUN,NOUN,,,,,True,5,0,1.791759469228055
parfait,parfaite,ADJ,ADJ,1.0,0.0,,ADJ: 1.00,True,27,0,3.332204510175204
et,et,CCONJ,CCONJ,0.25644065667983523,1.7170903132548632,SCONJ,"SCONJ: 0.43, ADP: 0.28, CCONJ: 0.26",True,7215,0,8.88405606174246
le,le,DET,DET,0.8207496286735718,0.8327615029897053,ADP,"DET: 0.82, ADP: 0.15",True,38293,0,10.55304850493315
petit,petit,ADJ,ADJ,1.0,0.0,,ADJ: 1.00,True,195,0,5.278114659230517
jardin,jardin,NOUN,NOUN,1.0,0.0,,NOUN: 1.00,True,22,0,3.1354942159291497
très,très,ADV,ADV,1.0,0.0,,ADV: 1.00,True,435,0,6.077642243349034
reposant,reposant,ADJ,ADJ,,,,,True,1,0,0.6931471805599453
...,...,PUNCT,PUNCT,,,,,True,158,0,5.0689042022202315
petit,Petits,ADJ,ADJ,1.0,0.0,,ADJ: 1.00,True,195,0,5.278114659230517
coup,coups,NOUN,NOUN,1.0,0.0,,NOUN: 1.00,True,54,0,4.007333185232471
de,de,ADP,ADP,0.7886818615006483,0.7439947701431047,CCONJ,"ADP: 0.79, CCONJ: 0.21",True,27784,0,10.232251585714021
vin,vin,NOUN,NOUN,1.0,0.0,,NOUN: 1.00,True,31,0,3.4657359027997265
à,à,ADP,ADP,1.0,0.0,,ADP: 1.00,True,9366,0,9.14494815320913
boire,boire,VERB,VERB,,,,,True,4,0,1.6094379124341003
à,à,ADP,ADP,1.0,0.0,,ADP: 1.00,True,9366,0,9.14494815320913
le,le,DET,DET,0.8207496286735718,0.8327615029897053,ADP,"DET: 0.82, ADP: 0.15",True,38293,0,10.55304850493315
verre,verre,NOUN,NOUN,1.0,0.0,,NOUN: 1.00,True,14,0,2.70805020110221
",",",",PUNCT,PUNCT,,,,,True,16599,0,9.717157974344635
pour,pour,ADP,ADP,0.7890790430468303,0.7432394314397186,CCONJ,"ADP: 0.79, CCONJ: 0.21",True,2242,0,7.715569534520208
2-4,2-4,NUM,NUM,,,,,False,0,0,0.0
€,€,SYM,SYM,,,,,True,39,0,3.6888794541139363
",",",",PUNCT,PUNCT,,,,,True,16599,0,9.717157974344635
bière,bière,NOUN,NOUN,,,,,True,6,0,1.9459101490553132
de,de,ADP,ADP,0.7886818615006483,0.7439947701431047,CCONJ,"ADP: 0.79, CCONJ: 0.21",True,27784,0,10.232251585714021
le,le,DET,DET,0.8207496286735718,0.8327615029897053,ADP,"DET: 0.82, ADP: 0.15",True,38293,0,10.55304850493315
Montblanc,Montblanc,PROPN,PROPN,,,,,False,0,0,0.0
accompagner,accompagne,VERB,VERB,1.0,0.0,,VERB: 1.00,True,52,0,3.970291913552122
un,un,DET,DET,0.7741737557418163,1.1225809040946326,ADP,"DET: 0.77, ADP: 0.11, CCONJ: 0.09",True,8933,0,9.097619501912064
repas,repas,NOUN,NOUN,1.0,0.0,,NOUN: 1.00,True,17,0,2.8903717578961645
succulent,succulent,ADJ,ADJ,,,,,True,4,0,1.6094379124341003
qui,qui,PRON,PRON,0.8171669946022245,0.8424411100711472,CCONJ,"PRON: 0.82, CCONJ: 0.13, ADV: 0.05",True,1916,0,7.558516743045645
soi,se,PRON,PRON,0.8260631963800735,0.8193543183609986,CCONJ,"PRON: 0.83, CCONJ: 0.12, ADV: 0.05",True,2063,0,7.6324011266014535
déguster,déguste,VERB,VERB,,,,,True,9,0,2.302585092994046
aussi,aussi,ADV,ADV,1.0,0.0,,ADV: 1.00,True,349,0,5.857933154483459
à,à,ADP,ADP,1.0,0.0,,ADP: 1.00,True,9366,0,9.14494815320913
le,la,DET,DET,0.8207496286735718,0.8327615029897053,ADP,"DET: 0.82, ADP: 0.15",True,38293,0,10.55304850493315
carte,carte,NOUN,NOUN,1.0,0.0,,NOUN: 1.00,True,49,0,3.912023005428146
.,.,PUNCT,PUNCT,,,,,True,13366,0,9.500544261971474
pour,Pour,ADP,ADP,0.7890790430468303,0.7432394314397186,CCONJ,"ADP: 0.79, CCONJ: 0.21",True,2242,0,7.715569534520208
couronner,couronner,VERB,VERB,,,,,True,10,0,2.3978952727983707
le,le,DET,DET,0.8207496286735718,0.8327615029897053,ADP,"DET: 0.82, ADP: 0.15",True,38293,0,10.55304850493315
tout,tout,PRON,PRON,0.616575045351158,0.9604250869735371,ADV,"PRON: 0.62, ADV: 0.38",True,147,0,4.997212273764115
",",",",PUNCT,PUNCT,,,,,True,16599,0,9.717157974344635
le,les,DET,DET,0.8207496286735718,0.8327615029897053,ADP,"DET: 0.82, ADP: 0.15",True,38293,0,10.55304850493315
personne,personnes,NOUN,NOUN,1.0,0.0,,NOUN: 1.00,True,136,0,4.919980925828125
de,de,ADP,ADP,0.7886818615006483,0.7439947701431047,CCONJ,"ADP: 0.79, CCONJ: 0.21",True,27784,0,10.232251585714021
le,la,DET,DET,0.8207496286735718,0.8327615029897053,ADP,"DET: 0.82, ADP: 0.15",True,38293,0,10.55304850493315
réception,réception,NOUN,NOUN,,,,,True,8,0,2.1972245773362196
ne,ne,ADV,ADV,0.03110691420199771,0.7244015123648279,PRON,"PRON: 0.85, CCONJ: 0.12",True,1435,0,7.269616749608169
être,sont,AUX,AUX,0.4687470215317024,1.7986756264740116,SCONJ,"AUX: 0.47, SCONJ: 0.23, ADV: 0.20, CCONJ: 0.10",True,8404,0,9.036582045842716
pas,pas,ADV,ADV,1.0,0.0,,ADV: 1.00,True,893,0,6.795705775173514
aimable,aimable,ADJ,ADJ,,,,,True,2,0,1.0986122886681098
",",",",PUNCT,PUNCT,,,,,True,16599,0,9.717157974344635
ni,ni,CCONJ,CCONJ,0.11440208553074514,0.5130528290569868,ADP,"ADP: 0.89, CCONJ: 0.11",True,58,0,4.07753744390572
compétent,compétent,ADJ,ADJ,0.9656829085885973,0.21559991581472665,VERB,ADJ: 0.97,True,12,0,2.5649493574615367
...,...,PUNCT,PUNCT,,,,,True,158,0,5.0689042022202315
moi,je,PRON,PRON,0.7120466284894749,1.0523675190710984,CCONJ,"PRON: 0.71, CCONJ: 0.24",True,621,0,6.432940092739179
dire,dirais,VERB,VERB,1.0,0.0,,VERB: 1.00,True,190,0,5.25227342804663
même,même,ADV,ADV,0.18926026316764635,1.4827926229322652,SCONJ,"SCONJ: 0.49, CCONJ: 0.32, ADV: 0.19",True,205,0,5.327876168789581
totalement,totalement,ADV,ADV,1.0,0.0,,ADV: 1.00,True,23,0,3.1780538303479458
antipathique,antipathiques,ADJ,ADJ,,,,,False,0,0,0.0
.,.,PUNCT,PUNCT,,,,,True,13366,0,9.500544261971474
pour,Pour,ADP,ADP,0.7890790430468303,0.7432394314397186,CCONJ,"ADP: 0.79, CCONJ: 0.21",True,2242,0,7.715569534520208
le,la,DET,DET,0.8207496286735718,0.8327615029897053,ADP,"DET: 0.82, ADP: 0.15",True,38293,0,10.55304850493315
premier,première,ADJ,ADJ,1.0,0.0,,ADJ: 1.00,True,675,0,6.516193076042964
fois,fois,NOUN,NOUN,1.0,0.0,,NOUN: 1.00,True,211,0,5.356586274672012
",",",",PUNCT,PUNCT,,,,,True,16599,0,9.717157974344635
moi,j',PRON,PRON,0.7120466284894749,1.0523675190710984,CCONJ,"PRON: 0.71, CCONJ: 0.24",True,621,0,6.432940092739179
avoir,avais,VERB,VERB,1.0,0.0,,VERB: 1.00,True,784,0,6.665683717782408
besoin,besoin,NOUN,NOUN,1.0,0.0,,NOUN: 1.00,True,47,0,3.871201010907891
de,d',ADP,ADP,0.7886818615006483,0.7439947701431047,CCONJ,"ADP: 0.79, CCONJ: 0.21",True,27784,0,10.232251585714021
un,une,DET,DET,0.7741737557418163,1.1225809040946326,ADP,"DET: 0.77, ADP: 0.11, CCONJ: 0.09",True,8933,0,9.097619501912064
paire,paire,NOUN,NOUN,,,,,True,9,0,2.302585092994046
de,de,ADP,ADP,0.7886818615006483,0.7439947701431047,CCONJ,"ADP: 0.79, CCONJ: 0.21",True,27784,0,10.232251585714021
lunette,lunette,NOUN,NOUN,,,,,True,8,0,2.1972245773362196
et,et,CCONJ,CCONJ,0.25644065667983523,1.7170903132548632,SCONJ,"SCONJ: 0.43, ADP: 0.28, CCONJ: 0.26",True,7215,0,8.88405606174246
moi,j',PRON,PRON,0.7120466284894749,1.0523675190710984,CCONJ,"PRON: 0.71, CCONJ: 0.24",True,621,0,6.432940092739179
avoir,ai,AUX,AUX,0.7537049139623345,0.8053529913575782,ADV,"AUX: 0.75, ADV: 0.25",True,2935,0,7.984803389734406
être,été,AUX,AUX,0.4687470215317024,1.7986756264740116,SCONJ,"AUX: 0.47, SCONJ: 0.23, ADV: 0.20, CCONJ: 0.10",True,8404,0,9.036582045842716
ainsi,ainsi,ADV,ADV,1.0,0.0,,ADV: 1.00,True,330,0,5.802118375377063
que,que,SCONJ,SCONJ,0.6915510664276248,1.397369454710615,CCONJ,"SCONJ: 0.69, CCONJ: 0.17, PRON: 0.06, ADV: 0.05",True,1979,0,7.590852123688581
son,mon,DET,DET,0.8481722905876147,0.863954061477403,CCONJ,"DET: 0.85, CCONJ: 0.08",True,3876,0,8.262816937670928
ami,ami,NOUN,NOUN,1.0,0.0,,NOUN: 1.00,True,60,0,4.110873864173311
ravi,ravi,ADJ,ADJ,,,,,True,4,0,1.6094379124341003
de,de,ADP,ADP,0.7886818615006483,0.7439947701431047,CCONJ,"ADP: 0.79, CCONJ: 0.21",True,27784,0,10.232251585714021
trouver,trouver,VERB,VERB,1.0,0.0,,VERB: 1.00,True,246,0,5.5093883366279774
dans,dans,ADP,ADP,1.0,0.0,,ADP: 1.00,True,2779,0,7.930206206684683
un,une,DET,DET,0.7741737557418163,1.1225809040946326,ADP,"DET: 0.77, ADP: 0.11, CCONJ: 0.09",True,8933,0,9.097619501912064
seul,seule,ADJ,ADJ,1.0,0.0,,ADJ: 1.00,True,200,0,5.303304908059076
et,et,CCONJ,CCONJ,0.25644065667983523,1.7170903132548632,SCONJ,"SCONJ: 0.43, ADP: 0.28, CCONJ: 0.26",True,7215,0,8.88405606174246
même,même,ADJ,ADJ,1.0,0.0,,ADJ: 1.00,True,226,0,5.424950017481403
boutique,boutique,NOUN,NOUN,1.0,0.0,,NOUN: 1.00,True,23,0,3.1780538303479458
un,des,DET,DET,0.7741737557418163,1.1225809040946326,ADP,"DET: 0.77, ADP: 0.11, CCONJ: 0.09",True,8933,0,9.097619501912064
monture,montures,NOUN,NOUN,,,,,True,1,0,0.6931471805599453
tendance,tendance,NOUN,NOUN,0.3679006556803212,0.9490465110687537,PRON,"PRON: 0.63, NOUN: 0.37",True,24,0,3.2188758248682006
dans,dans,ADP,ADP,1.0,0.0,,ADP: 1.00,True,2779,0,7.930206206684683
le,les,DET,DET,0.8207496286735718,0.8327615029897053,ADP,"DET: 0.82, ADP: 0.15",True,38293,0,10.55304850493315
plus,plus,ADV,ADV,0.7196677710684014,0.8559031009192263,CCONJ,"ADV: 0.72, CCONJ: 0.28",True,1173,0,7.068172000388042
grand,grandes,ADJ,ADJ,1.0,0.0,,ADJ: 1.00,True,401,0,5.996452088619021
marque,marque,NOUN,NOUN,1.0,0.0,,NOUN: 1.00,True,36,0,3.6109179126442243
ou,ou,CCONJ,CCONJ,0.514848916000412,0.9993637059064465,ADP,"CCONJ: 0.51, ADP: 0.49",True,802,0,6.688354713946762
de,de,ADP,ADP,0.7886818615006483,0.7439947701431047,CCONJ,"ADP: 0.79, CCONJ: 0.21",True,27784,0,10.232251585714021
petit,petits,ADJ,ADJ,1.0,0.0,,ADJ: 1.00,True,195,0,5.278114659230517
créateur,créateurs,NOUN,NOUN,1.0,0.0,,NOUN: 1.00,True,13,0,2.6390573296152584
moins,moins,ADV,ADV,1.0,0.0,,ADV: 1.00,True,149,0,5.0106352940962555
connu,connu,ADJ,VERB,,,,,True,9,1,2.302585092994046
mais,mais,CCONJ,CCONJ,0.15469195513464806,1.2293580521348002,SCONJ,"SCONJ: 0.72, CCONJ: 0.15, PRON: 0.09",True,734,0,6.5998704992128365
très,très,ADV,ADV,1.0,0.0,,ADV: 1.00,True,435,0,6.077642243349034
fashion,fashion,NOUN,ADJ,,,,,False,0,1,0.0
et,et,CCONJ,CCONJ,0.25644065667983523,1.7170903132548632,SCONJ,"SCONJ: 0.43, ADP: 0.28, CCONJ: 0.26",True,7215,0,8.88405606174246
aussi,aussi,ADV,ADV,1.0,0.0,,ADV: 1.00,True,349,0,5.857933154483459
pour,pour,ADP,ADP,0.7890790430468303,0.7432394314397186,CCONJ,"ADP: 0.79, CCONJ: 0.21",True,2242,0,7.715569534520208
son,mon,DET,DET,0.8481722905876147,0.863954061477403,CCONJ,"DET: 0.85, CCONJ: 0.08",True,3876,0,8.262816937670928
ami,ami,NOUN,NOUN,1.0,0.0,,NOUN: 1.00,True,60,0,4.110873864173311
quelque,quelque,DET,DET,0.7437180181147647,0.8210838430295273,NUM,"DET: 0.74, NUM: 0.26",True,160,0,5.081404364984463
chose,chose,NOUN,NOUN,1.0,0.0,,NOUN: 1.00,True,44,0,3.8066624897703196
de,d',ADP,ADP,0.7886818615006483,0.7439947701431047,CCONJ,"ADP: 0.79, CCONJ: 0.21",True,27784,0,10.232251585714021
un,un,DET,DET,0.7741737557418163,1.1225809040946326,ADP,"DET: 0.77, ADP: 0.11, CCONJ: 0.09",True,8933,0,9.097619501912064
peu,peu,NOUN,NOUN,,,,,True,61,0,4.127134385045092
plus,plus,ADV,ADV,0.7196677710684014,0.8559031009192263,CCONJ,"ADV: 0.72, CCONJ: 0.28",True,1173,0,7.068172000388042
classique,classique,ADJ,ADJ,1.0,0.0,,ADJ: 1.00,True,23,0,3.1780538303479458
.,.,PUNCT,PUNCT,,,,,True,13366,0,9.500544261971474
pour,Pour,ADP,ADP,0.7890790430468303,0.7432394314397186,CCONJ,"ADP: 0.79, CCONJ: 0.21",True,2242,0,7.715569534520208
terminer,terminer,VERB,VERB,1.0,0.0,,VERB: 1.00,True,63,0,4.1588830833596715
lui,ils,PRON,PRON,0.7173975220804439,1.0427392110337699,CCONJ,"PRON: 0.72, CCONJ: 0.24",True,5436,0,8.600982717145921
dire,disent,VERB,VERB,1.0,0.0,,VERB: 1.00,True,190,0,5.25227342804663
que,qu',SCONJ,SCONJ,0.6915510664276248,1.397369454710615,CCONJ,"SCONJ: 0.69, CCONJ: 0.17, PRON: 0.06, ADV: 0.05",True,1979,0,7.590852123688581
lui,ils,PRON,PRON,0.7173975220804439,1.0427392110337699,CCONJ,"PRON: 0.72, CCONJ: 0.24",True,5436,0,8.600982717145921
avoir,ont,VERB,VERB,1.0,0.0,,VERB: 1.00,True,784,0,6.665683717782408
internet,internet,NOUN,NOUN,0.0,0.0,ADJ,ADJ: 1.00,True,16,0,2.833213344056216
gratuit,gratuit,ADJ,ADJ,1.0,0.0,,ADJ: 1.00,True,13,0,2.6390573296152584
",",",",PUNCT,PUNCT,,,,,True,16599,0,9.717157974344635
mais,mais,CCONJ,CCONJ,0.15469195513464806,1.2293580521348002,SCONJ,"SCONJ: 0.72, CCONJ: 0.15, PRON: 0.09",True,734,0,6.5998704992128365
lui,il,PRON,PRON,0.7173975220804439,1.0427392110337699,CCONJ,"PRON: 0.72, CCONJ: 0.24",True,5436,0,8.600982717145921
ne,ne,ADV,ADV,0.03110691420199771,0.7244015123648279,PRON,"PRON: 0.85, CCONJ: 0.12",True,1435,0,7.269616749608169
marcher,marche,VERB,VERB,,,,,True,7,0,2.0794415416798357
pratiquement,pratiquement,ADV,ADV,1.0,0.0,,ADV: 1.00,True,11,0,2.4849066497880004
jamais,jamais,ADV,ADV,1.0,0.0,,ADV: 1.00,True,83,0,4.430816798843313
.,.,PUNCT,PUNCT,,,,,True,13366,0,9.500544261971474
produit,Produits,NOUN,NOUN,1.0,0.0,,NOUN: 1.00,True,77,0,4.356708826689592
super,super,ADV,ADV,,,,,True,7,0,2.0794415416798357
sympa,sympa,ADJ,ADJ,1.0,0.0,,ADJ: 1.00,True,21,0,3.091042453358316
et,et,CCONJ,CCONJ,0.25644065667983523,1.7170903132548632,SCONJ,"SCONJ: 0.43, ADP: 0.28, CCONJ: 0.26",True,7215,0,8.88405606174246
qui,qui,PRON,PRON,0.8171669946022245,0.8424411100711472,CCONJ,"PRON: 0.82, CCONJ: 0.13, ADV: 0.05",True,1916,0,7.558516743045645
rendre,rendent,VERB,VERB,1.0,0.0,,VERB: 1.00,True,127,0,4.852030263919617
bien,bien,ADV,ADV,1.0,0.0,,ADV: 1.00,True,306,0,5.726847747587197
sur,sur,ADP,ADP,1.0,0.0,,ADP: 1.00,True,1482,0,7.301822342137932
son,mon,DET,DET,0.8481722905876147,0.863954061477403,CCONJ,"DET: 0.85, CCONJ: 0.08",True,3876,0,8.262816937670928
mur,mur,NOUN,NOUN,1.0,0.0,,NOUN: 1.00,True,24,0,3.2188758248682006
.,.,PUNCT,PUNCT,,,,,True,13366,0,9.500544261971474
ps,Ps,NOUN,PROPN,,,,,False,0,1,0.0
:,:,PUNCT,PUNCT,,,,,True,739,0,6.606650186198215
le,l',DET,DET,0.8207496286735718,0.8327615029897053,ADP,"DET: 0.82, ADP: 0.15",True,38293,0,10.55304850493315
année,année,NOUN,NOUN,1.0,0.0,,NOUN: 1.00,True,396,0,5.983936280687191
prochain,prochaine,ADJ,ADJ,1.0,0.0,,ADJ: 1.00,True,43,0,3.784189633918261
on,on,PRON,PRON,0.5432191123278096,1.5995967780630704,SCONJ,"PRON: 0.54, SCONJ: 0.23, CCONJ: 0.19",True,554,0,6.318968113746434
y,y,PRON,PRON,0.8287336305823229,0.8120222571975413,CCONJ,"PRON: 0.83, CCONJ: 0.12, ADV: 0.05",True,464,0,6.142037405587356
retourner,retourne,VERB,VERB,1.0,0.0,,VERB: 1.00,True,47,0,3.871201010907891
de,d',ADP,ADP,0.7886818615006483,0.7439947701431047,CCONJ,"ADP: 0.79, CCONJ: 0.21",True,27784,0,10.232251585714021
office,office,NOUN,NOUN,1.0,0.0,,NOUN: 1.00,True,16,0,2.833213344056216
....,....,PUNCT,PUNCT,,,,,True,6,0,1.9459101490553132
que,Qu',SCONJ,SCONJ,0.6915510664276248,1.397369454710615,CCONJ,"SCONJ: 0.69, CCONJ: 0.17, PRON: 0.06, ADV: 0.05",True,1979,0,7.590852123688581
on,on,PRON,PRON,0.5432191123278096,1.5995967780630704,SCONJ,"PRON: 0.54, SCONJ: 0.23, CCONJ: 0.19",True,554,0,6.318968113746434
soi,se,PRON,PRON,0.8260631963800735,0.8193543183609986,CCONJ,"PRON: 0.83, CCONJ: 0.12, ADV: 0.05",True,2063,0,7.6324011266014535
lui,le,PRON,PRON,0.7173975220804439,1.0427392110337699,CCONJ,"PRON: 0.72, CCONJ: 0.24",True,5436,0,8.600982717145921
dire,dise,VERB,VERB,1.0,0.0,,VERB: 1.00,True,190,0,5.25227342804663
!,!,PUNCT,PUNCT,,,,,True,306,0,5.726847747587197
que,Que,PRON,PRON,0.11611059889321292,1.238361633076011,SCONJ,"SCONJ: 0.71, CCONJ: 0.15, PRON: 0.12",True,430,0,6.066108090103747
rechercher,rechercher,VERB,VERB,1.0,0.0,,VERB: 1.00,True,25,0,3.258096538021482
de,de,ADP,ADP,0.7886818615006483,0.7439947701431047,CCONJ,"ADP: 0.79, CCONJ: 0.21",True,27784,0,10.232251585714021
plus,plus,ADV,ADV,0.7196677710684014,0.8559031009192263,CCONJ,"ADV: 0.72, CCONJ: 0.28",True,1173,0,7.068172000388042
lorsque,lorsqu',SCONJ,SCONJ,0.6790372112424228,1.3482631291541505,CCONJ,"SCONJ: 0.68, CCONJ: 0.17, PRON: 0.11",True,103,0,4.6443908991413725
on,on,PRON,PRON,0.5432191123278096,1.5995967780630704,SCONJ,"PRON: 0.54, SCONJ: 0.23, CCONJ: 0.19",True,554,0,6.318968113746434
avoir,a,AUX,AUX,0.7537049139623345,0.8053529913575782,ADV,"AUX: 0.75, ADV: 0.25",True,2935,0,7.984803389734406
paisiblement,paisiblement,ADV,ADV,,,,,False,0,0,0.0
séjourner,séjourné,VERB,VERB,,,,,True,2,0,1.0986122886681098
dans,dans,ADP,ADP,1.0,0.0,,ADP: 1.00,True,2779,0,7.930206206684683
un,une,DET,DET,0.7741737557418163,1.1225809040946326,ADP,"DET: 0.77, ADP: 0.11, CCONJ: 0.09",True,8933,0,9.097619501912064
chambre,chambre,NOUN,NOUN,1.0,0.0,,NOUN: 1.00,True,72,0,4.290459441148391
aussi,aussi,ADV,ADV,1.0,0.0,,ADV: 1.00,True,349,0,5.857933154483459
confortable,confortable,ADJ,ADJ,,,,,True,6,0,1.9459101490553132
et,et,CCONJ,CCONJ,0.25644065667983523,1.7170903132548632,SCONJ,"SCONJ: 0.43, ADP: 0.28, CCONJ: 0.26",True,7215,0,8.88405606174246
bien,bien,ADV,ADV,1.0,0.0,,ADV: 1.00,True,306,0,5.726847747587197
décoré,décorée,ADJ,VERB,,,,,True,2,1,1.0986122886681098
...,...,PUNCT,PUNCT,,,,,True,158,0,5.0689042022202315
!,!,PUNCT,PUNCT,,,,,True,306,0,5.726847747587197
que,Que,SCONJ,SCONJ,0.6915510664276248,1.397369454710615,CCONJ,"SCONJ: 0.69, CCONJ: 0.17, PRON: 0.06, ADV: 0.05",True,1979,0,7.590852123688581
ce,ce,PRON,PRON,0.959635480454852,0.243961008701331,ADV,PRON: 0.96,True,855,0,6.752270376141742
être,soit,AUX,AUX,0.4687470215317024,1.7986756264740116,SCONJ,"AUX: 0.47, SCONJ: 0.23, ADV: 0.20, CCONJ: 0.10",True,8404,0,9.036582045842716
à,à,ADP,ADP,1.0,0.0,,ADP: 1.00,True,9366,0,9.14494815320913
titre,titre,NOUN,NOUN,1.0,0.0,,NOUN: 1.00,True,164,0,5.10594547390058
professionnel,professionnel,ADJ,ADJ,1.0,0.0,,ADJ: 1.00,True,67,0,4.219507705176107
(,(,PUNCT,PUNCT,,,,,True,2211,0,7.701652362642226
pour,pour,ADP,ADP,0.7890790430468303,0.7432394314397186,CCONJ,"ADP: 0.79, CCONJ: 0.21",True,2242,0,7.715569534520208
son,ma,DET,DET,0.8481722905876147,0.863954061477403,CCONJ,"DET: 0.85, CCONJ: 0.08",True,3876,0,8.262816937670928
société,société,NOUN,NOUN,1.0,0.0,,NOUN: 1.00,True,142,0,4.962844630259907
),),PUNCT,PUNCT,,,,,True,2204,0,7.6984827878809465
ou,ou,CCONJ,CCONJ,0.514848916000412,0.9993637059064465,ADP,"CCONJ: 0.51, ADP: 0.49",True,802,0,6.688354713946762
à,à,ADP,ADP,1.0,0.0,,ADP: 1.00,True,9366,0,9.14494815320913
titre,titre,NOUN,NOUN,1.0,0.0,,NOUN: 1.00,True,164,0,5.10594547390058
personnel,personnel,ADJ,ADJ,1.0,0.0,,ADJ: 1.00,True,30,0,3.4339872044851463
pour,pour,ADP,ADP,0.7890790430468303,0.7432394314397186,CCONJ,"ADP: 0.79, CCONJ: 0.21",True,2242,0,7.715569534520208
moi,moi,PRON,PRON,0.7120466284894749,1.0523675190710984,CCONJ,"PRON: 0.71, CCONJ: 0.24",True,621,0,6.432940092739179
",",",",PUNCT,PUNCT,,,,,True,16599,0,9.717157974344635
moi,je,PRON,PRON,0.7120466284894749,1.0523675190710984,CCONJ,"PRON: 0.71, CCONJ: 0.24",True,621,0,6.432940092739179
aller,vais,VERB,VERB,1.0,0.0,,VERB: 1.00,True,221,0,5.402677381872279
chez,chez,ADP,ADP,0.9950797823970186,0.044804496269571274,ADJ,ADP: 1.00,True,150,0,5.017279836814924
Bureau,Bureau,PROPN,PROPN,,,,,True,3,0,1.3862943611198906
Vallée,Vallée,PROPN,NOUN,,,,,False,0,1,0.0
Toulouse,Toulouse,PROPN,PROPN,0.9539226115388101,0.2694942903312344,NUM,PROPN: 0.95,True,16,0,2.833213344056216
Montaudran,Montaudran,PROPN,PROPN,,,,,False,0,0,0.0
.,.,PUNCT,PUNCT,,,,,True,13366,0,9.500544261971474
si,Si,SCONJ,SCONJ,0.6874457760699145,1.332794651946429,CCONJ,"SCONJ: 0.69, CCONJ: 0.17, PRON: 0.10",True,251,0,5.529429087511423
vous,vous,PRON,PRON,0.9418283110194323,0.32014404178062034,ADV,"PRON: 0.94, ADV: 0.06",True,252,0,5.53338948872752
avoir,avez,VERB,VERB,1.0,0.0,,VERB: 1.00,True,784,0,6.665683717782408
le,le,DET,DET,0.8207496286735718,0.8327615029897053,ADP,"DET: 0.82, ADP: 0.15",True,38293,0,10.55304850493315
malheur,malheur,NOUN,NOUN,,,,,True,1,0,0.6931471805599453
de,d',ADP,ADP,0.7886818615006483,0.7439947701431047,CCONJ,"ADP: 0.79, CCONJ: 0.21",True,27784,0,10.232251585714021
y,y,PRON,PRON,0.8287336305823229,0.8120222571975413,CCONJ,"PRON: 0.83, CCONJ: 0.12, ADV: 0.05",True,464,0,6.142037405587356
déjeuner,déjeuner,VERB,VERB,,,,,True,2,0,1.0986122886681098
lorsque,lorsque,SCONJ,SCONJ,0.6790372112424228,1.3482631291541505,CCONJ,"SCONJ: 0.68, CCONJ: 0.17, PRON: 0.11",True,103,0,4.6443908991413725
le,les,DET,DET,0.8207496286735718,0.8327615029897053,ADP,"DET: 0.82, ADP: 0.15",True,38293,0,10.55304850493315
patron,patrons,NOUN,NOUN,1.0,0.0,,NOUN: 1.00,True,14,0,2.70805020110221
être,sont,AUX,AUX,0.4687470215317024,1.7986756264740116,SCONJ,"AUX: 0.47, SCONJ: 0.23, ADV: 0.20, CCONJ: 0.10",True,8404,0,9.036582045842716
absent,absents,ADJ,ADJ,,,,,True,7,0,2.0794415416798357
vous,vous,PRON,PRON,0.9418283110194323,0.32014404178062034,ADV,"PRON: 0.94, ADV: 0.06",True,252,0,5.53338948872752
avoir,aurez,VERB,VERB,1.0,0.0,,VERB: 1.00,True,784,0,6.665683717782408
droit,droit,NOUN,NOUN,1.0,0.0,,NOUN: 1.00,True,184,0,5.220355825078324
à,à,ADP,ADP,1.0,0.0,,ADP: 1.00,True,9366,0,9.14494815320913
le,le,DET,DET,0.8207496286735718,0.8327615029897053,ADP,"DET: 0.82, ADP: 0.15",True,38293,0,10.55304850493315
pire,pire,NOUN,NOUN,,,,,True,2,0,1.0986122886681098
de,de,ADP,ADP,0.7886818615006483,0.7439947701431047,CCONJ,"ADP: 0.79, CCONJ: 0.21",True,27784,0,10.232251585714021
le,le,DET,DET,0.8207496286735718,0.8327615029897053,ADP,"DET: 0.82, ADP: 0.15",True,38293,0,10.55304850493315
pire,pire,NOUN,NOUN,,,,,True,2,0,1.0986122886681098
.,.,PUNCT,PUNCT,,,,,True,13366,0,9.500544261971474
si,Si,SCONJ,SCONJ,0.6874457760699145,1.332794651946429,CCONJ,"SCONJ: 0.69, CCONJ: 0.17, PRON: 0.10",True,251,0,5.529429087511423
vous,vous,PRON,PRON,0.9418283110194323,0.32014404178062034,ADV,"PRON: 0.94, ADV: 0.06",True,252,0,5.53338948872752
souhaiter,souhaitez,VERB,VERB,1.0,0.0,,VERB: 1.00,True,38,0,3.6635616461296463
régaler,régaler,VERB,VERB,,,,,True,3,0,1.3862943611198906
"""","""",PUNCT,PUNCT,,,,,True,819,0,6.709304340258298
son,vos,DET,DET,0.8481722905876147,0.863954061477403,CCONJ,"DET: 0.85, CCONJ: 0.08",True,3876,0,8.262816937670928
papille,papilles,NOUN,NOUN,,,,,True,1,0,0.6931471805599453
"""","""",PUNCT,PUNCT,,,,,True,819,0,6.709304340258298
ne,n',ADV,ADV,0.03110691420199771,0.7244015123648279,PRON,"PRON: 0.85, CCONJ: 0.12",True,1435,0,7.269616749608169
hésiter,hésitez,VERB,VERB,0.6788384772980243,0.9056401009552704,ADJ,"VERB: 0.68, ADJ: 0.32",True,18,0,2.9444389791664403
surtout,surtout,ADV,ADV,1.0,0.0,,ADV: 1.00,True,68,0,4.23410650459726
pas,pas,ADV,ADV,1.0,0.0,,ADV: 1.00,True,893,0,6.795705775173514
!,!,PUNCT,PUNCT,,,,,True,306,0,5.726847747587197
son,Son,DET,DET,0.8481722905876147,0.863954061477403,CCONJ,"DET: 0.85, CCONJ: 0.08",True,3876,0,8.262816937670928
dirigeant,dirigeant,NOUN,NOUN,1.0,0.0,,NOUN: 1.00,True,26,0,3.295836866004329
être,est,AUX,AUX,0.4687470215317024,1.7986756264740116,SCONJ,"AUX: 0.47, SCONJ: 0.23, ADV: 0.20, CCONJ: 0.10",True,8404,0,9.036582045842716
disponible,disponible,ADJ,ADJ,0.594491623790434,0.9740817283006502,VERB,"ADJ: 0.59, VERB: 0.41",True,30,0,3.4339872044851463
et,et,CCONJ,CCONJ,0.25644065667983523,1.7170903132548632,SCONJ,"SCONJ: 0.43, ADP: 0.28, CCONJ: 0.26",True,7215,0,8.88405606174246
à,à,ADP,ADP,1.0,0.0,,ADP: 1.00,True,9366,0,9.14494815320913
le,l',DET,DET,0.8207496286735718,0.8327615029897053,ADP,"DET: 0.82, ADP: 0.15",True,38293,0,10.55304850493315
écoute,écoute,NOUN,NOUN,1.0,0.0,,NOUN: 1.00,True,13,0,2.6390573296152584
de,de,ADP,ADP,0.7886818615006483,0.7439947701431047,CCONJ,"ADP: 0.79, CCONJ: 0.21",True,27784,0,10.232251585714021
son,ses,DET,DET,0.8481722905876147,0.863954061477403,CCONJ,"DET: 0.85, CCONJ: 0.08",True,3876,0,8.262816937670928
client,clients,NOUN,NOUN,1.0,0.0,,NOUN: 1.00,True,44,0,3.8066624897703196
.,.,PUNCT,PUNCT,,,,,True,13366,0,9.500544261971474
temps,Temps,NOUN,NOUN,1.0,0.0,,NOUN: 1.00,True,201,0,5.308267697401205
de,d',ADP,ADP,0.7886818615006483,0.7439947701431047,CCONJ,"ADP: 0.79, CCONJ: 0.21",True,27784,0,10.232251585714021
attente,attente,NOUN,NOUN,0.6846873167425134,0.8992111506855729,PROPN,"NOUN: 0.68, PROPN: 0.32",True,23,0,3.1780538303479458
un,un,DET,DET,0.7741737557418163,1.1225809040946326,ADP,"DET: 0.77, ADP: 0.11, CCONJ: 0.09",True,8933,0,9.097619501912064
peu,peu,NOUN,NOUN,,,,,True,61,0,4.127134385045092
long,long,ADJ,ADJ,1.0,0.0,,ADJ: 1.00,True,68,0,4.23410650459726
mais,mais,CCONJ,CCONJ,0.15469195513464806,1.2293580521348002,SCONJ,"SCONJ: 0.72, CCONJ: 0.15, PRON: 0.09",True,734,0,6.5998704992128365
peut-être,peut-être,ADV,ADV,0.3907701841927574,1.5030210771662444,SCONJ,"SCONJ: 0.43, ADV: 0.39, CCONJ: 0.18",True,23,0,3.1780538303479458
que,qu',SCONJ,SCONJ,0.6915510664276248,1.397369454710615,CCONJ,"SCONJ: 0.69, CCONJ: 0.17, PRON: 0.06, ADV: 0.05",True,1979,0,7.590852123688581
avec,avec,ADP,ADP,0.8893781797851439,0.5017887113029871,CCONJ,"ADP: 0.89, CCONJ: 0.11",True,1225,0,7.111512116496157
le,les,DET,DET,0.8207496286735718,0.8327615029897053,ADP,"DET: 0.82, ADP: 0.15",True,38293,0,10.55304850493315
nouveau,nouveaux,ADJ,ADJ,1.0,0.0,,ADJ: 1.00,True,323,0,5.780743515792329
travail,travaux,NOUN,NOUN,1.0,0.0,,NOUN: 1.00,True,140,0,4.948759890378168
cela,cela,PRON,PRON,0.5959383786851953,1.512379250098247,SCONJ,"PRON: 0.60, SCONJ: 0.24, CCONJ: 0.11, ADV: 0.05",True,122,0,4.812184355372417
aller,va,VERB,VERB,1.0,0.0,,VERB: 1.00,True,221,0,5.402677381872279
soi,s',PRON,PRON,0.8260631963800735,0.8193543183609986,CCONJ,"PRON: 0.83, CCONJ: 0.12, ADV: 0.05",True,2063,0,7.6324011266014535
arranger,arranger,VERB,VERB,,,,,True,6,0,1.9459101490553132
trop,Trop,ADV,ADV,1.0,0.0,,ADV: 1.00,True,69,0,4.248495242049359
cher,cher,ADJ,ADJ,0.9670101130236267,0.20917119501579692,VERB,ADJ: 0.97,True,31,0,3.4657359027997265
",",",",PUNCT,PUNCT,,,,,True,16599,0,9.717157974344635
lui,il,PRON,PRON,0.7173975220804439,1.0427392110337699,CCONJ,"PRON: 0.72, CCONJ: 0.24",True,5436,0,8.600982717145921
y,y,PRON,PRON,0.8287336305823229,0.8120222571975413,CCONJ,"PRON: 0.83, CCONJ: 0.12, ADV: 0.05",True,464,0,6.142037405587356
avoir,a,VERB,VERB,1.0,0.0,,VERB: 1.00,True,784,0,6.665683717782408
un,des,DET,DET,0.7741737557418163,1.1225809040946326,ADP,"DET: 0.77, ADP: 0.11, CCONJ: 0.09",True,8933,0,9.097619501912064
pizzeria,pizzeria,NOUN,NOUN,,,,,False,0,0,0.0
meilleur,meilleure,ADJ,ADJ,1.0,0.0,,ADJ: 1.00,True,115,0,4.7535901911063645
et,et,CCONJ,CCONJ,0.25644065667983523,1.7170903132548632,SCONJ,"SCONJ: 0.43, ADP: 0.28, CCONJ: 0.26",True,7215,0,8.88405606174246
moins,moins,ADV,ADV,1.0,0.0,,ADV: 1.00,True,149,0,5.0106352940962555
cher,cher,ADJ,ADJ,0.9670101130236267,0.20917119501579692,VERB,ADJ: 0.97,True,31,0,3.4657359027997265
;),;),SYM,SYM,,,,,True,2,0,1.0986122886681098
un,Un,DET,DET,0.7741737557418163,1.1225809040946326,ADP,"DET: 0.77, ADP: 0.11, CCONJ: 0.09",True,8933,0,9.097619501912064
endroit,endroit,NOUN,NOUN,1.0,0.0,,NOUN: 1.00,True,51,0,3.9512437185814275
simple,simple,ADJ,ADJ,1.0,0.0,,ADJ: 1.00,True,40,0,3.713572066704308
",",",",PUNCT,PUNCT,,,,,True,16599,0,9.717157974344635
propre,propre,ADJ,ADJ,1.0,0.0,,ADJ: 1.00,True,82,0,4.418840607796598
et,et,CCONJ,CCONJ,0.25644065667983523,1.7170903132548632,SCONJ,"SCONJ: 0.43, ADP: 0.28, CCONJ: 0.26",True,7215,0,8.88405606174246
bien,bien,ADV,ADV,1.0,0.0,,ADV: 1.00,True,306,0,5.726847747587197
entretenu,entretenu,ADJ,VERB,,,,,True,2,1,1.0986122886681098
",",",",PUNCT,PUNCT,,,,,True,16599,0,9.717157974344635
un,une,DET,DET,0.7741737557418163,1.1225809040946326,ADP,"DET: 0.77, ADP: 0.11, CCONJ: 0.09",True,8933,0,9.097619501912064
équipe,équipe,NOUN,NOUN,1.0,0.0,,NOUN: 1.00,True,207,0,5.337538079701318
sympa,sympa,ADJ,ADJ,1.0,0.0,,ADJ: 1.00,True,21,0,3.091042453358316
",",",",PUNCT,PUNCT,,,,,True,16599,0,9.717157974344635
un,un,DET,DET,0.7741737557418163,1.1225809040946326,ADP,"DET: 0.77, ADP: 0.11, CCONJ: 0.09",True,8933,0,9.097619501912064
cocktail,cocktail,NOUN,NOUN,,,,,True,2,0,1.0986122886681098
idéal,idéal,ADJ,ADJ,1.0,0.0,,ADJ: 1.00,True,12,0,2.5649493574615367
pour,pour,ADP,ADP,0.7890790430468303,0.7432394314397186,CCONJ,"ADP: 0.79, CCONJ: 0.21",True,2242,0,7.715569534520208
un,des,DET,DET,0.7741737557418163,1.1225809040946326,ADP,"DET: 0.77, ADP: 0.11, CCONJ: 0.09",True,8933,0,9.097619501912064
vacance,vacances,NOUN,NOUN,1.0,0.0,,NOUN: 1.00,True,19,0,2.995732273553991
en,en,ADP,ADP,0.21695278762461512,1.4815638486393006,DET,"DET: 0.51, CCONJ: 0.27, ADP: 0.22",True,5233,0,8.562931083090092
famille,famille,NOUN,NOUN,1.0,0.0,,NOUN: 1.00,True,225,0,5.420534999272286
.,.,PUNCT,PUNCT,,,,,True,13366,0,9.500544261971474
voilà,Voila,VERB,INTJ,1.0,0.0,,VERB: 1.00,True,18,1,2.9444389791664403
",",",",PUNCT,PUNCT,,,,,True,16599,0,9.717157974344635
moi,j',PRON,PRON,0.7120466284894749,1.0523675190710984,CCONJ,"PRON: 0.71, CCONJ: 0.24",True,621,0,6.432940092739179
espérer,espère,VERB,VERB,1.0,0.0,,VERB: 1.00,True,20,0,3.044522437723423
que,que,SCONJ,SCONJ,0.6915510664276248,1.397369454710615,CCONJ,"SCONJ: 0.69, CCONJ: 0.17, PRON: 0.06, ADV: 0.05",True,1979,0,7.590852123688581
ce,ce,DET,DET,0.8764141494570885,0.6891209831462356,ADP,"DET: 0.88, ADP: 0.08",True,1960,0,7.581209826196346
commentaire,commentaire,NOUN,NOUN,1.0,0.0,,NOUN: 1.00,True,16,0,2.833213344056216
pouvoir,pourra,VERB,VERB,0.9326172400615902,0.3560798311098319,ADJ,"VERB: 0.93, ADJ: 0.07",True,599,0,6.396929655216146
prouver,prouver,VERB,VERB,,,,,True,10,0,2.3978952727983707
un,un,DET,DET,0.7741737557418163,1.1225809040946326,ADP,"DET: 0.77, ADP: 0.11, CCONJ: 0.09",True,8933,0,9.097619501912064
peu,peu,NOUN,NOUN,,,,,True,61,0,4.127134385045092
que,que,SCONJ,SCONJ,0.6915510664276248,1.397369454710615,CCONJ,"SCONJ: 0.69, CCONJ: 0.17, PRON: 0.06, ADV: 0.05",True,1979,0,7.590852123688581
Mendes,Mendes,PROPN,PROPN,,,,,False,0,0,0.0
être,est,AUX,AUX,0.4687470215317024,1.7986756264740116,SCONJ,"AUX: 0.47, SCONJ: 0.23, ADV: 0.20, CCONJ: 0.10",True,8404,0,9.036582045842716
un,un,DET,DET,0.7741737557418163,1.1225809040946326,ADP,"DET: 0.77, ADP: 0.11, CCONJ: 0.09",True,8933,0,9.097619501912064
lycée,lycée,NOUN,NOUN,1.0,0.0,,NOUN: 1.00,True,26,0,3.295836866004329
où,où,PRON,PRON,0.0947775400927949,1.2584185696703833,SCONJ,"SCONJ: 0.70, CCONJ: 0.19, PRON: 0.09",True,365,0,5.902633333401366
on,on,PRON,PRON,0.5432191123278096,1.5995967780630704,SCONJ,"PRON: 0.54, SCONJ: 0.23, CCONJ: 0.19",True,554,0,6.318968113746434
travailler,travaille,VERB,VERB,1.0,0.0,,VERB: 1.00,True,82,0,4.418840607796598
",",",",PUNCT,PUNCT,,,,,True,16599,0,9.717157974344635
où,où,PRON,PRON,0.0947775400927949,1.2584185696703833,SCONJ,"SCONJ: 0.70, CCONJ: 0.19, PRON: 0.09",True,365,0,5.902633333401366
on,on,PRON,PRON,0.5432191123278096,1.5995967780630704,SCONJ,"PRON: 0.54, SCONJ: 0.23, CCONJ: 0.19",True,554,0,6.318968113746434
apprendre,apprend,VERB,VERB,1.0,0.0,,VERB: 1.00,True,36,0,3.6109179126442243
mais,mais,CCONJ,CCONJ,0.15469195513464806,1.2293580521348002,SCONJ,"SCONJ: 0.72, CCONJ: 0.15, PRON: 0.09",True,734,0,6.5998704992128365
surtout,surtout,ADV,ADV,1.0,0.0,,ADV: 1.00,True,68,0,4.23410650459726
un,un,DET,DET,0.7741737557418163,1.1225809040946326,ADP,"DET: 0.77, ADP: 0.11, CCONJ: 0.09",True,8933,0,9.097619501912064
lycée,lycée,NOUN,NOUN,1.0,0.0,,NOUN: 1.00,True,26,0,3.295836866004329
où,où,PRON,PRON,0.0947775400927949,1.2584185696703833,SCONJ,"SCONJ: 0.70, CCONJ: 0.19, PRON: 0.09",True,365,0,5.902633333401366
on,on,PRON,PRON,0.5432191123278096,1.5995967780630704,SCONJ,"PRON: 0.54, SCONJ: 0.23, CCONJ: 0.19",True,554,0,6.318968113746434
découvrir,découvre,VERB,VERB,1.0,0.0,,VERB: 1.00,True,81,0,4.406719247264253
.,.,PUNCT,PUNCT,,,,,True,13366,0,9.500544261971474
vous,Vous,PRON,PRON,0.9418283110194323,0.32014404178062034,ADV,"PRON: 0.94, ADV: 0.06",True,252,0,5.53338948872752
repartir,repartirez,VERB,VERB,,,,,True,8,0,2.1972245773362196
très,très,ADV,ADV,1.0,0.0,,ADV: 1.00,True,435,0,6.077642243349034
déçu,déçu,ADJ,ADJ,,,,,True,4,0,1.6094379124341003
...,...,PUNCT,PUNCT,,,,,True,158,0,5.0689042022202315
moi,j',PRON,PRON,0.7120466284894749,1.0523675190710984,CCONJ,"PRON: 0.71, CCONJ: 0.24",True,621,0,6.432940092739179
avoir,ai,AUX,AUX,0.7537049139623345,0.8053529913575782,ADV,"AUX: 0.75, ADV: 0.25",True,2935,0,7.984803389734406
appeler,appelé,VERB,VERB,1.0,0.0,,VERB: 1.00,True,154,0,5.043425116919247
",",",",PUNCT,PUNCT,,,,,True,16599,0,9.717157974344635
croire,croyant,VERB,VERB,1.0,0.0,,VERB: 1.00,True,29,0,3.4011973816621555
dans,dans,ADP,ADP,1.0,0.0,,ADP: 1.00,True,2779,0,7.930206206684683
son,ma,DET,DET,0.8481722905876147,0.863954061477403,CCONJ,"DET: 0.85, CCONJ: 0.08",True,3876,0,8.262816937670928
grand,grande,ADJ,ADJ,1.0,0.0,,ADJ: 1.00,True,401,0,5.996452088619021
naïveté,naîveté,NOUN,NOUN,,,,,True,1,0,0.6931471805599453
que,qu',SCONJ,SCONJ,0.6915510664276248,1.397369454710615,CCONJ,"SCONJ: 0.69, CCONJ: 0.17, PRON: 0.06, ADV: 0.05",True,1979,0,7.590852123688581
un,un,DET,DET,0.7741737557418163,1.1225809040946326,ADP,"DET: 0.77, ADP: 0.11, CCONJ: 0.09",True,8933,0,9.097619501912064
service,service,NOUN,NOUN,1.0,0.0,,NOUN: 1.00,True,168,0,5.1298987149230735
être,serait,AUX,AUX,0.4687470215317024,1.7986756264740116,SCONJ,"AUX: 0.47, SCONJ: 0.23, ADV: 0.20, CCONJ: 0.10",True,8404,0,9.036582045842716
proposer,proposé,VERB,VERB,1.0,0.0,,VERB: 1.00,True,84,0,4.442651256490317
.,.,PUNCT,PUNCT,,,,,True,13366,0,9.500544261971474
moi,j',PRON,PRON,0.7120466284894749,1.0523675190710984,CCONJ,"PRON: 0.71, CCONJ: 0.24",True,621,0,6.432940092739179
avoir,ai,AUX,AUX,0.7537049139623345,0.8053529913575782,ADV,"AUX: 0.75, ADV: 0.25",True,2935,0,7.984803389734406
avoir,eu,VERB,VERB,1.0,0.0,,VERB: 1.00,True,784,0,6.665683717782408
besoin,besoin,NOUN,NOUN,1.0,0.0,,NOUN: 1.00,True,47,0,3.871201010907891
de,de,ADP,ADP,0.7886818615006483,0.7439947701431047,CCONJ,"ADP: 0.79, CCONJ: 0.21",True,27784,0,10.232251585714021
faire,faire,AUX,AUX,,,,,True,238,0,5.476463551931511
rénover,rénover,VERB,VERB,,,,,True,8,0,2.1972245773362196
son,mes,DET,DET,0.8481722905876147,0.863954061477403,CCONJ,"DET: 0.85, CCONJ: 0.08",True,3876,0,8.262816937670928
serrure,serrures,NOUN,NOUN,,,,,False,0,0,0.0
à,à,ADP,ADP,1.0,0.0,,ADP: 1.00,True,9366,0,9.14494815320913
le,la,DET,DET,0.8207496286735718,0.8327615029897053,ADP,"DET: 0.82, ADP: 0.15",True,38293,0,10.55304850493315
fois,fois,NOUN,NOUN,1.0,0.0,,NOUN: 1.00,True,211,0,5.356586274672012
à,à,ADP,ADP,1.0,0.0,,ADP: 1.00,True,9366,0,9.14494815320913
titre,titre,NOUN,NOUN,1.0,0.0,,NOUN: 1.00,True,164,0,5.10594547390058
particulier,particulier,ADJ,ADJ,1.0,0.0,,ADJ: 1.00,True,43,0,3.784189633918261
et,et,CCONJ,CCONJ,0.25644065667983523,1.7170903132548632,SCONJ,"SCONJ: 0.43, ADP: 0.28, CCONJ: 0.26",True,7215,0,8.88405606174246
professionnel,professionel,ADJ,ADJ,1.0,0.0,,ADJ: 1.00,True,67,0,4.219507705176107
",",",",PUNCT,PUNCT,,,,,True,16599,0,9.717157974344635
et,et,CCONJ,CCONJ,0.25644065667983523,1.7170903132548632,SCONJ,"SCONJ: 0.43, ADP: 0.28, CCONJ: 0.26",True,7215,0,8.88405606174246
"""","""",PUNCT,PUNCT,,,,,True,819,0,6.709304340258298
Actif,Actif,PROPN,ADJ,,,,,False,0,1,0.0
Dépannage,Dépannage,PROPN,NOUN,,,,,False,0,1,0.0
"""","""",PUNCT,PUNCT,,,,,True,819,0,6.709304340258298
avoir,a,AUX,VERB,0.7537049139623345,0.8053529913575782,ADV,"AUX: 0.75, ADV: 0.25",True,2935,1,7.984803389734406
",",",",PUNCT,PUNCT,,,,,True,16599,0,9.717157974344635
dans,dans,ADP,ADP,1.0,0.0,,ADP: 1.00,True,2779,0,7.930206206684683
le,les,DET,DET,0.8207496286735718,0.8327615029897053,ADP,"DET: 0.82, ADP: 0.15",True,38293,0,10.55304850493315
deux,deux,NUM,NUM,0.21554851351024185,0.7519555130200147,DET,"DET: 0.78, NUM: 0.22",True,568,0,6.343880434126331
cas,cas,NOUN,NOUN,1.0,0.0,,NOUN: 1.00,True,91,0,4.5217885770490405
être,été,AUX,AUX,0.4687470215317024,1.7986756264740116,SCONJ,"AUX: 0.47, SCONJ: 0.23, ADV: 0.20, CCONJ: 0.10",True,8404,0,9.036582045842716
à,à,ADP,ADP,1.0,0.0,,ADP: 1.00,True,9366,0,9.14494815320913
le,la,DET,DET,0.8207496286735718,0.8327615029897053,ADP,"DET: 0.82, ADP: 0.15",True,38293,0,10.55304850493315
hauteur,hauteur,NOUN,NOUN,1.0,0.0,,NOUN: 1.00,True,31,0,3.4657359027997265
.,.,PUNCT,PUNCT,,,,,True,13366,0,9.500544261971474
moi,je,PRON,PRON,0.7120466284894749,1.0523675190710984,CCONJ,"PRON: 0.71, CCONJ: 0.24",True,621,0,6.432940092739179
ne,ne,ADV,ADV,0.03110691420199771,0.7244015123648279,PRON,"PRON: 0.85, CCONJ: 0.12",True,1435,0,7.269616749608169
aller,vais,VERB,VERB,1.0,0.0,,VERB: 1.00,True,221,0,5.402677381872279
rien,rien,PRON,PRON,0.0,0.0,ADV,ADV: 1.00,True,69,0,4.248495242049359
oublier,oublier,VERB,VERB,1.0,0.0,,VERB: 1.00,True,19,0,2.995732273553991
de,de,ADP,ADP,0.7886818615006483,0.7439947701431047,CCONJ,"ADP: 0.79, CCONJ: 0.21",True,27784,0,10.232251585714021
ce,cette,DET,DET,0.8764141494570885,0.6891209831462356,ADP,"DET: 0.88, ADP: 0.08",True,1960,0,7.581209826196346
soirée,soirée,NOUN,NOUN,1.0,0.0,,NOUN: 1.00,True,20,0,3.044522437723423
à,à,ADP,ADP,1.0,0.0,,ADP: 1.00,True,9366,0,9.14494815320913
le,le,DET,DET,0.8207496286735718,0.8327615029897053,ADP,"DET: 0.82, ADP: 0.15",True,38293,0,10.55304850493315
MH,MH,PROPN,PROPN,,,,,False,0,0,0.0
.,.,PUNCT,PUNCT,,,,,True,13366,0,9.500544261971474
plus,plus,ADV,ADV,0.7196677710684014,0.8559031009192263,CCONJ,"ADV: 0.72, CCONJ: 0.28",True,1173,0,7.068172000388042
de,de,ADP,ADP,0.7886818615006483,0.7439947701431047,CCONJ,"ADP: 0.79, CCONJ: 0.21",True,27784,0,10.232251585714021
80,80,NUM,NUM,0.3503295753118704,0.9343620497181333,DET,"DET: 0.65, NUM: 0.35",True,23,0,3.1780538303479458
euro,euros,NOUN,NOUN,0.1819055257705694,1.3686692798770292,PROPN,"PROPN: 0.60, NUM: 0.22, NOUN: 0.18",True,65,0,4.189654742026425
2,2,NUM,NUM,1.0,0.0,,NUM: 1.00,True,132,0,4.890349128221754
menu,menus,NOUN,NOUN,1.0,0.0,,NOUN: 1.00,True,15,0,2.772588722239781
à,à,ADP,ADP,1.0,0.0,,ADP: 1.00,True,9366,0,9.14494815320913
pas,pas,ADV,ADV,1.0,0.0,,ADV: 1.00,True,893,0,6.795705775173514
cher,cher,ADJ,ADJ,0.9670101130236267,0.20917119501579692,VERB,ADJ: 0.97,True,31,0,3.4657359027997265
deux,deux,NUM,NUM,0.21554851351024185,0.7519555130200147,DET,"DET: 0.78, NUM: 0.22",True,568,0,6.343880434126331
kir,kirs,NOUN,NOUN,,,,,False,0,0,0.0
un,une,NUM,DET,0.0,0.5718157531133617,DET,"DET: 0.90, ADP: 0.07",True,108,1,4.6913478822291435
bouteille,bouteille,NOUN,NOUN,,,,,True,7,0,2.0794415416798357
.,.,PUNCT,PUNCT,,,,,True,13366,0,9.500544261971474
pour,pour,ADP,ADP,0.7890790430468303,0.7432394314397186,CCONJ,"ADP: 0.79, CCONJ: 0.21",True,2242,0,7.715569534520208
mettre,mettre,VERB,VERB,1.0,0.0,,VERB: 1.00,True,223,0,5.4116460518550396
à,à,ADP,ADP,1.0,0.0,,ADP: 1.00,True,9366,0,9.14494815320913
le,les,DET,DET,0.8207496286735718,0.8327615029897053,ADP,"DET: 0.82, ADP: 0.15",True,38293,0,10.55304850493315
norme,normes,NOUN,NOUN,1.0,0.0,,NOUN: 1.00,True,16,0,2.833213344056216
le,l',DET,DET,0.8207496286735718,0.8327615029897053,ADP,"DET: 0.82, ADP: 0.15",True,38293,0,10.55304850493315
installation,installation,NOUN,NOUN,1.0,0.0,,NOUN: 1.00,True,23,0,3.1780538303479458
électrique,électrique,ADJ,ADJ,1.0,0.0,,ADJ: 1.00,True,25,0,3.258096538021482
de,de,ADP,ADP,0.7886818615006483,0.7439947701431047,CCONJ,"ADP: 0.79, CCONJ: 0.21",True,27784,0,10.232251585714021
son,mon,DET,DET,0.8481722905876147,0.863954061477403,CCONJ,"DET: 0.85, CCONJ: 0.08",True,3876,0,8.262816937670928
appart,appart,NOUN,NOUN,,,,,False,0,0,0.0
",",",",PUNCT,PUNCT,,,,,True,16599,0,9.717157974344635
moi,j',PRON,PRON,0.7120466284894749,1.0523675190710984,CCONJ,"PRON: 0.71, CCONJ: 0.24",True,621,0,6.432940092739179
avoir,ai,AUX,AUX,0.7537049139623345,0.8053529913575782,ADV,"AUX: 0.75, ADV: 0.25",True,2935,0,7.984803389734406
faire,fait,VERB,VERB,1.0,0.0,,VERB: 1.00,True,655,0,6.486160788944089
appel,appel,NOUN,NOUN,1.0,0.0,,NOUN: 1.00,True,58,0,4.07753744390572
à,à,ADP,ADP,1.0,0.0,,ADP: 1.00,True,9366,0,9.14494815320913
eux,eux,PRON,PRON,0.9444374542892673,0.30957200047813255,ADV,"PRON: 0.94, ADV: 0.06",True,467,0,6.148468295917647
car,car,CCONJ,CCONJ,0.14413257226628412,1.2157072304655134,SCONJ,"SCONJ: 0.73, CCONJ: 0.14, PRON: 0.10",True,114,0,4.74493212836325
le,les,DET,DET,0.8207496286735718,0.8327615029897053,ADP,"DET: 0.82, ADP: 0.15",True,38293,0,10.55304850493315
avis,avis,NOUN,NOUN,1.0,0.0,,NOUN: 1.00,True,31,0,3.4657359027997265
sembler,semblaient,VERB,VERB,1.0,0.0,,VERB: 1.00,True,81,0,4.406719247264253
bon,bons,ADJ,ADJ,1.0,0.0,,ADJ: 1.00,True,164,0,5.10594547390058
.,.,PUNCT,PUNCT,,,,,True,13366,0,9.500544261971474
très,très,ADV,ADV,1.0,0.0,,ADV: 1.00,True,435,0,6.077642243349034
bon,bon,ADJ,ADJ,1.0,0.0,,ADJ: 1.00,True,164,0,5.10594547390058
accueil,accueil,NOUN,NOUN,0.685759160901489,0.8980082783004998,PROPN,"NOUN: 0.69, PROPN: 0.31",True,57,0,4.060443010546419
le,les,DET,DET,0.8207496286735718,0.8327615029897053,ADP,"DET: 0.82, ADP: 0.15",True,38293,0,10.55304850493315
chambre,chambres,NOUN,NOUN,1.0,0.0,,NOUN: 1.00,True,72,0,4.290459441148391
être,sont,AUX,AUX,0.4687470215317024,1.7986756264740116,SCONJ,"AUX: 0.47, SCONJ: 0.23, ADV: 0.20, CCONJ: 0.10",True,8404,0,9.036582045842716
très,très,ADV,ADV,1.0,0.0,,ADV: 1.00,True,435,0,6.077642243349034
agréable,agréables,ADJ,ADJ,1.0,0.0,,ADJ: 1.00,True,41,0,3.7376696182833684
et,et,CCONJ,CCONJ,0.25644065667983523,1.7170903132548632,SCONJ,"SCONJ: 0.43, ADP: 0.28, CCONJ: 0.26",True,7215,0,8.88405606174246
spacieux,spacieuses,ADJ,ADJ,,,,,True,8,0,2.1972245773362196
bon,bon,ADJ,ADJ,1.0,0.0,,ADJ: 1.00,True,164,0,5.10594547390058
rapport,rapport,NOUN,NOUN,1.0,0.0,,NOUN: 1.00,True,81,0,4.406719247264253
qualité,qualité,NOUN,NOUN,1.0,0.0,,NOUN: 1.00,True,110,0,4.709530201312334
prix,prix,NOUN,NOUN,1.0,0.0,,NOUN: 1.00,True,149,0,5.0106352940962555
un,un,DET,DET,0.7741737557418163,1.1225809040946326,ADP,"DET: 0.77, ADP: 0.11, CCONJ: 0.09",True,8933,0,9.097619501912064
café,café,NOUN,NOUN,1.0,0.0,,NOUN: 1.00,True,25,0,3.258096538021482
17,17,NUM,NUM,1.0,0.0,,NUM: 1.00,True,54,0,4.007333185232471
euro,euros,NOUN,NOUN,0.1819055257705694,1.3686692798770292,PROPN,"PROPN: 0.60, NUM: 0.22, NOUN: 0.18",True,65,0,4.189654742026425
!,!,PUNCT,PUNCT,,,,,True,306,0,5.726847747587197
ça,Ça,PRON,PRON,0.7398737785831464,1.0820830987796926,CCONJ,"PRON: 0.74, CCONJ: 0.15, ADV: 0.11",True,36,0,3.6109179126442243
donner,donne,VERB,VERB,1.0,0.0,,VERB: 1.00,True,220,0,5.3981627015177525
le,le,DET,DET,0.8207496286735718,0.8327615029897053,ADP,"DET: 0.82, ADP: 0.15",True,38293,0,10.55304850493315
goût,goût,NOUN,NOUN,1.0,0.0,,NOUN: 1.00,True,16,0,2.833213344056216
de,d',ADP,ADP,0.7886818615006483,0.7439947701431047,CCONJ,"ADP: 0.79, CCONJ: 0.21",True,27784,0,10.232251585714021
avoir,avoir,VERB,VERB,1.0,0.0,,VERB: 1.00,True,784,0,6.665683717782408
un,une,DET,DET,0.7741737557418163,1.1225809040946326,ADP,"DET: 0.77, ADP: 0.11, CCONJ: 0.09",True,8933,0,9.097619501912064
"""","""",PUNCT,PUNCT,,,,,True,819,0,6.709304340258298
bedaine,bedaine,NOUN,NOUN,,,,,False,0,0,0.0
"""","""",PUNCT,PUNCT,,,,,True,819,0,6.709304340258298
..,..,PUNCT,PUNCT,,,,,True,15,0,2.772588722239781
lui,Il,PRON,PRON,0.7173975220804439,1.0427392110337699,CCONJ,"PRON: 0.72, CCONJ: 0.24",True,5436,0,8.600982717145921
avoir,a,AUX,AUX,0.7537049139623345,0.8053529913575782,ADV,"AUX: 0.75, ADV: 0.25",True,2935,0,7.984803389734406
notamment,notamment,ADV,ADV,0.40015985283632743,1.4989950066247564,SCONJ,"SCONJ: 0.42, ADV: 0.40, CCONJ: 0.18",True,166,0,5.117993812416755
gagner,gagné,VERB,VERB,1.0,0.0,,VERB: 1.00,True,48,0,3.8918202981106265
un,une,DET,DET,0.7741737557418163,1.1225809040946326,ADP,"DET: 0.77, ADP: 0.11, CCONJ: 0.09",True,8933,0,9.097619501912064
étape,étape,NOUN,NOUN,1.0,0.0,,NOUN: 1.00,True,23,0,3.1780538303479458
de,de,ADP,ADP,0.7886818615006483,0.7439947701431047,CCONJ,"ADP: 0.79, CCONJ: 0.21",True,27784,0,10.232251585714021
le,le,DET,DET,0.8207496286735718,0.8327615029897053,ADP,"DET: 0.82, ADP: 0.15",True,38293,0,10.55304850493315
Tour,Tour,PROPN,NOUN,,,,,True,3,1,1.3862943611198906
de,d',ADP,ADP,0.7886818615006483,0.7439947701431047,CCONJ,"ADP: 0.79, CCONJ: 0.21",True,27784,0,10.232251585714021
Italie,Italie,PROPN,PROPN,0.9876255436318503,0.09615228241543668,NOUN,PROPN: 0.99,True,53,0,3.9889840465642745
2010,2010,NUM,NUM,1.0,0.0,,NUM: 1.00,True,107,0,4.68213122712422
",",",",PUNCT,PUNCT,,,,,True,16599,0,9.717157974344635
un,une,DET,DET,0.7741737557418163,1.1225809040946326,ADP,"DET: 0.77, ADP: 0.11, CCONJ: 0.09",True,8933,0,9.097619501912064
étape,étape,NOUN,NOUN,1.0,0.0,,NOUN: 1.00,True,23,0,3.1780538303479458
de,de,ADP,ADP,0.7886818615006483,0.7439947701431047,CCONJ,"ADP: 0.79, CCONJ: 0.21",True,27784,0,10.232251585714021
le,le,DET,DET,0.8207496286735718,0.8327615029897053,ADP,"DET: 0.82, ADP: 0.15",True,38293,0,10.55304850493315
Tour,Tour,PROPN,NOUN,,,,,True,3,1,1.3862943611198906
de,d',ADP,ADP,0.7886818615006483,0.7439947701431047,CCONJ,"ADP: 0.79, CCONJ: 0.21",True,27784,0,10.232251585714021
Espagne,Espagne,PROPN,PROPN,0.9729077573830254,0.17959311006131262,NOUN,PROPN: 0.97,True,61,0,4.127134385045092
2008,2008,NUM,NUM,1.0,0.0,,NUM: 1.00,True,96,0,4.574710978503383
et,et,CCONJ,CCONJ,0.25644065667983523,1.7170903132548632,SCONJ,"SCONJ: 0.43, ADP: 0.28, CCONJ: 0.26",True,7215,0,8.88405606174246
terminer,terminé,VERB,VERB,1.0,0.0,,VERB: 1.00,True,63,0,4.1588830833596715
troisième,troisième,ADJ,ADJ,1.0,0.0,,ADJ: 1.00,True,77,0,4.356708826689592
de,de,ADP,ADP,0.7886818615006483,0.7439947701431047,CCONJ,"ADP: 0.79, CCONJ: 0.21",True,27784,0,10.232251585714021
Gand-Wevelgem,Gand-Wevelgem,PROPN,PROPN,,,,,False,0,0,0.0
le,la,DET,DET,0.8207496286735718,0.8327615029897053,ADP,"DET: 0.82, ADP: 0.15",True,38293,0,10.55304850493315
même,même,ADJ,ADJ,1.0,0.0,,ADJ: 1.00,True,226,0,5.424950017481403
année,année,NOUN,NOUN,1.0,0.0,,NOUN: 1.00,True,396,0,5.983936280687191
.,.,PUNCT,PUNCT,,,,,True,13366,0,9.500544261971474
le,Les,DET,DET,0.8207496286735718,0.8327615029897053,ADP,"DET: 0.82, ADP: 0.15",True,38293,0,10.55304850493315
autre,autres,ADJ,ADJ,0.5773464864136372,0.982668701467866,NUM,"ADJ: 0.58, NUM: 0.42",True,341,0,5.834810737062605
principal,principaux,ADJ,ADJ,1.0,0.0,,ADJ: 1.00,True,104,0,4.653960350157523
représentant,représentants,NOUN,NOUN,1.0,0.0,,NOUN: 1.00,True,29,0,3.4011973816621555
de,de,ADP,ADP,0.7886818615006483,0.7439947701431047,CCONJ,"ADP: 0.79, CCONJ: 0.21",True,27784,0,10.232251585714021
ce,ce,DET,DET,0.8764141494570885,0.6891209831462356,ADP,"DET: 0.88, ADP: 0.08",True,1960,0,7.581209826196346
mouvement,mouvement,NOUN,NOUN,1.0,0.0,,NOUN: 1.00,True,79,0,4.382026634673881
être,sont,AUX,AUX,0.4687470215317024,1.7986756264740116,SCONJ,"AUX: 0.47, SCONJ: 0.23, ADV: 0.20, CCONJ: 0.10",True,8404,0,9.036582045842716
Guido,Guido,PROPN,PROPN,,,,,True,1,0,0.6931471805599453
Gozzano,Gozzano,PROPN,PROPN,,,,,False,0,0,0.0
et,et,CCONJ,CCONJ,0.25644065667983523,1.7170903132548632,SCONJ,"SCONJ: 0.43, ADP: 0.28, CCONJ: 0.26",True,7215,0,8.88405606174246
Aldo,Aldo,PROPN,PROPN,,,,,False,0,0,0.0
Palazzeschi,Palazzeschi,PROPN,PROPN,,,,,False,0,0,0.0
.,.,PUNCT,PUNCT,,,,,True,13366,0,9.500544261971474
Bud,Bud,PROPN,PROPN,,,,,False,0,0,0.0
Collyer,Collyer,PROPN,PROPN,,,,,True,1,0,0.6931471805599453
être,est,AUX,AUX,0.4687470215317024,1.7986756264740116,SCONJ,"AUX: 0.47, SCONJ: 0.23, ADV: 0.20, CCONJ: 0.10",True,8404,0,9.036582045842716
un,un,DET,DET,0.7741737557418163,1.1225809040946326,ADP,"DET: 0.77, ADP: 0.11, CCONJ: 0.09",True,8933,0,9.097619501912064
acteur,acteur,NOUN,NOUN,1.0,0.0,,NOUN: 1.00,True,54,0,4.007333185232471
américain,américain,ADJ,ADJ,1.0,0.0,,ADJ: 1.00,True,155,0,5.049856007249537
naître,né,VERB,VERB,0.9307008365025946,0.36330280715123003,ADJ,"VERB: 0.93, ADJ: 0.07",True,347,0,5.8522024797744745
le,le,DET,DET,0.8207496286735718,0.8327615029897053,ADP,"DET: 0.82, ADP: 0.15",True,38293,0,10.55304850493315
18,18,NUM,NUM,1.0,0.0,,NUM: 1.00,True,68,0,4.23410650459726
juin,juin,NOUN,NOUN,1.0,0.0,,NOUN: 1.00,True,137,0,4.927253685157205
1908,1908,NUM,NUM,1.0,0.0,,NUM: 1.00,True,15,0,2.772588722239781
à,à,ADP,ADP,1.0,0.0,,ADP: 1.00,True,9366,0,9.14494815320913
New,New,PROPN,PROPN,0.9940126016372871,0.052822160095885945,NOUN,PROPN: 0.99,True,54,0,4.007333185232471
York,York,PROPN,PROPN,,,,,True,52,0,3.970291913552122
",",",",PUNCT,PUNCT,,,,,True,16599,0,9.717157974344635
New,New,PROPN,PROPN,0.9940126016372871,0.052822160095885945,NOUN,PROPN: 0.99,True,54,0,4.007333185232471
York,York,PROPN,PROPN,,,,,True,52,0,3.970291913552122
(,(,PUNCT,PUNCT,,,,,True,2211,0,7.701652362642226
États-Unis,États-Unis,PROPN,PROPN,0.470472854556799,1.3476494791147204,NOUN,"PROPN: 0.47, NOUN: 0.44, ADJ: 0.09",True,115,0,4.7535901911063645
),),PUNCT,PUNCT,,,,,True,2204,0,7.6984827878809465
",",",",PUNCT,PUNCT,,,,,True,16599,0,9.717157974344635
décéder,décédé,VERB,VERB,0.8180078296215957,0.6844158310114467,ADV,"VERB: 0.82, ADV: 0.18",True,36,0,3.6109179126442243
le,le,DET,DET,0.8207496286735718,0.8327615029897053,ADP,"DET: 0.82, ADP: 0.15",True,38293,0,10.55304850493315
8,8,NUM,NUM,1.0,0.0,,NUM: 1.00,True,66,0,4.204692619390966
septembre,septembre,NOUN,NOUN,1.0,0.0,,NOUN: 1.00,True,106,0,4.672828834461906
1969,1969,NUM,NUM,1.0,0.0,,NUM: 1.00,True,13,0,2.6390573296152584
à,à,ADP,ADP,1.0,0.0,,ADP: 1.00,True,9366,0,9.14494815320913
Greenwich,Greenwich,PROPN,PROPN,,,,,False,0,0,0.0
(,(,PUNCT,PUNCT,,,,,True,2211,0,7.701652362642226
Connecticut,Connecticut,PROPN,PROPN,,,,,True,2,0,1.0986122886681098
),),PUNCT,PUNCT,,,,,True,2204,0,7.6984827878809465
.,.,PUNCT,PUNCT,,,,,True,13366,0,9.500544261971474
le,La,DET,DET,0.8207496286735718,0.8327615029897053,ADP,"DET: 0.82, ADP: 0.15",True,38293,0,10.55304850493315
colonisation,colonisation,NOUN,NOUN,,,,,True,3,0,1.3862943611198906
de,d',ADP,ADP,0.7886818615006483,0.7439947701431047,CCONJ,"ADP: 0.79, CCONJ: 0.21",True,27784,0,10.232251585714021
un,un,DET,DET,0.7741737557418163,1.1225809040946326,ADP,"DET: 0.77, ADP: 0.11, CCONJ: 0.09",True,8933,0,9.097619501912064
territoire,territoire,NOUN,NOUN,1.0,0.0,,NOUN: 1.00,True,98,0,4.59511985013459
immense,immense,ADJ,ADJ,,,,,True,9,0,2.302585092994046
à,à,ADP,ADP,1.0,0.0,,ADP: 1.00,True,9366,0,9.14494815320913
partir,partir,VERB,VERB,1.0,0.0,,VERB: 1.00,True,169,0,5.135798437050262
de,de,ADP,ADP,0.7886818615006483,0.7439947701431047,CCONJ,"ADP: 0.79, CCONJ: 0.21",True,27784,0,10.232251585714021
le,les,DET,DET,0.8207496286735718,0.8327615029897053,ADP,"DET: 0.82, ADP: 0.15",True,38293,0,10.55304850493315
côte,côtes,NOUN,NOUN,1.0,0.0,,NOUN: 1.00,True,29,0,3.4011973816621555
expliquer,explique,VERB,VERB,1.0,0.0,,VERB: 1.00,True,60,0,4.110873864173311
également,également,ADV,ADV,1.0,0.0,,ADV: 1.00,True,282,0,5.645446897643238
ce,cette,DET,DET,0.8764141494570885,0.6891209831462356,ADP,"DET: 0.88, ADP: 0.08",True,1960,0,7.581209826196346
structure,structure,NOUN,NOUN,1.0,0.0,,NOUN: 1.00,True,35,0,3.58351893845611
:,:,PUNCT,PUNCT,,,,,True,739,0,6.606650186198215
ce,c',PRON,PRON,0.959635480454852,0.243961008701331,ADV,PRON: 0.96,True,855,0,6.752270376141742
être,est,AUX,AUX,0.4687470215317024,1.7986756264740116,SCONJ,"AUX: 0.47, SCONJ: 0.23, ADV: 0.20, CCONJ: 0.10",True,8404,0,9.036582045842716
bien,bien,ADV,ADV,1.0,0.0,,ADV: 1.00,True,306,0,5.726847747587197
sûr,sûr,ADJ,ADV,0.8935199348670746,0.4892066130136477,VERB,"ADJ: 0.89, VERB: 0.11",True,35,1,3.58351893845611
le,le,DET,DET,0.8207496286735718,0.8327615029897053,ADP,"DET: 0.82, ADP: 0.15",True,38293,0,10.55304850493315
cas,cas,NOUN,NOUN,1.0,0.0,,NOUN: 1.00,True,91,0,4.5217885770490405
de,de,ADP,ADP,0.7886818615006483,0.7439947701431047,CCONJ,"ADP: 0.79, CCONJ: 0.21",True,27784,0,10.232251585714021
le,les,DET,DET,0.8207496286735718,0.8327615029897053,ADP,"DET: 0.82, ADP: 0.15",True,38293,0,10.55304850493315
États-Unis,États-Unis,PROPN,PROPN,0.470472854556799,1.3476494791147204,NOUN,"PROPN: 0.47, NOUN: 0.44, ADJ: 0.09",True,115,0,4.7535901911063645
de,d',ADP,ADP,0.7886818615006483,0.7439947701431047,CCONJ,"ADP: 0.79, CCONJ: 0.21",True,27784,0,10.232251585714021
Amérique,Amérique,PROPN,PROPN,0.6112034238514021,0.9640185439551698,NOUN,"PROPN: 0.61, NOUN: 0.39",True,35,0,3.58351893845611
",",",",PUNCT,PUNCT,,,,,True,16599,0,9.717157974344635
mais,mais,CCONJ,CCONJ,0.15469195513464806,1.2293580521348002,SCONJ,"SCONJ: 0.72, CCONJ: 0.15, PRON: 0.09",True,734,0,6.5998704992128365
aussi,aussi,ADV,ADV,1.0,0.0,,ADV: 1.00,True,349,0,5.857933154483459
de,de,ADP,ADP,0.7886818615006483,0.7439947701431047,CCONJ,"ADP: 0.79, CCONJ: 0.21",True,27784,0,10.232251585714021
le,le,DET,DET,0.8207496286735718,0.8327615029897053,ADP,"DET: 0.82, ADP: 0.15",True,38293,0,10.55304850493315
Brésil,Brésil,PROPN,PROPN,0.8283582705529255,0.6614466165920055,NOUN,"PROPN: 0.83, NOUN: 0.17",True,22,0,3.1354942159291497
et,et,CCONJ,CCONJ,0.25644065667983523,1.7170903132548632,SCONJ,"SCONJ: 0.43, ADP: 0.28, CCONJ: 0.26",True,7215,0,8.88405606174246
de,de,ADP,ADP,0.7886818615006483,0.7439947701431047,CCONJ,"ADP: 0.79, CCONJ: 0.21",True,27784,0,10.232251585714021
le,l',DET,DET,0.8207496286735718,0.8327615029897053,ADP,"DET: 0.82, ADP: 0.15",True,38293,0,10.55304850493315
Australie,Australie,PROPN,PROPN,0.9876305291776162,0.09612077964214581,NOUN,PROPN: 0.99,True,30,0,3.4339872044851463
.,.,PUNCT,PUNCT,,,,,True,13366,0,9.500544261971474
RADSL,RADSL,NOUN,PROPN,,,,,False,0,1,0.0
signifier,signifie,VERB,VERB,1.0,0.0,,VERB: 1.00,True,46,0,3.8501476017100584
«,«,PUNCT,PUNCT,,,,,True,866,0,6.7650389767805414
Rate-Adaptive,Rate-Adaptive,X,PROPN,,,,,False,0,1,0.0
Digital,Digital,X,PROPN,,,,,True,1,1,0.6931471805599453
Subscriber,Subscriber,X,PROPN,,,,,False,0,1,0.0
Line,Line,X,PROPN,,,,,False,0,1,0.0
»,»,PUNCT,PUNCT,,,,,True,814,0,6.703188113240863
soit,soit,CCONJ,CCONJ,0.5642721409642251,1.565246122376167,ADP,"CCONJ: 0.56, ADP: 0.25, SCONJ: 0.15",True,64,0,4.174387269895637
en,en,ADP,ADP,0.21695278762461512,1.4815638486393006,DET,"DET: 0.51, CCONJ: 0.27, ADP: 0.22",True,5233,0,8.562931083090092
français,français,NOUN,NOUN,0.36512151447948177,0.9468524768028488,PRON,"PRON: 0.63, NOUN: 0.37",True,71,0,4.276666119016055
:,:,PUNCT,PUNCT,,,,,True,739,0,6.606650186198215
«,«,PUNCT,PUNCT,,,,,True,866,0,6.7650389767805414
ligne,ligne,NOUN,NOUN,1.0,0.0,,NOUN: 1.00,True,119,0,4.787491742782046
de,d',ADP,ADP,0.7886818615006483,0.7439947701431047,CCONJ,"ADP: 0.79, CCONJ: 0.21",True,27784,0,10.232251585714021
abonné,abonné,NOUN,NOUN,,,,,True,4,0,1.6094379124341003
numérique,numérique,ADJ,ADJ,1.0,0.0,,ADJ: 1.00,True,15,0,2.772588722239781
à,à,ADP,ADP,1.0,0.0,,ADP: 1.00,True,9366,0,9.14494815320913
débit,débit,NOUN,NOUN,1.0,0.0,,NOUN: 1.00,True,21,0,3.091042453358316
adaptable,adaptable,ADJ,ADJ,,,,,False,0,0,0.0
»,»,PUNCT,PUNCT,,,,,True,814,0,6.703188113240863
.,.,PUNCT,PUNCT,,,,,True,13366,0,9.500544261971474
dans,Dans,ADP,ADP,1.0,0.0,,ADP: 1.00,True,2779,0,7.930206206684683
ce,cette,DET,DET,0.8764141494570885,0.6891209831462356,ADP,"DET: 0.88, ADP: 0.08",True,1960,0,7.581209826196346
même,même,ADJ,ADJ,1.0,0.0,,ADJ: 1.00,True,226,0,5.424950017481403
perspective,perspective,NOUN,NOUN,,,,,True,8,0,2.1972245773362196
et,et,CCONJ,CCONJ,0.25644065667983523,1.7170903132548632,SCONJ,"SCONJ: 0.43, ADP: 0.28, CCONJ: 0.26",True,7215,0,8.88405606174246
pour,pour,ADP,ADP,0.7890790430468303,0.7432394314397186,CCONJ,"ADP: 0.79, CCONJ: 0.21",True,2242,0,7.715569534520208
accélérer,accélérer,VERB,VERB,,,,,True,6,0,1.9459101490553132
le,la,DET,DET,0.8207496286735718,0.8327615029897053,ADP,"DET: 0.82, ADP: 0.15",True,38293,0,10.55304850493315
diffusion,diffusion,NOUN,NOUN,1.0,0.0,,NOUN: 1.00,True,17,0,2.8903717578961645
de,de,ADP,ADP,0.7886818615006483,0.7439947701431047,CCONJ,"ADP: 0.79, CCONJ: 0.21",True,27784,0,10.232251585714021
le,les,DET,DET,0.8207496286735718,0.8327615029897053,ADP,"DET: 0.82, ADP: 0.15",True,38293,0,10.55304850493315
connaissance,connaissances,NOUN,NOUN,1.0,0.0,,NOUN: 1.00,True,13,0,2.6390573296152584
dans,dans,ADP,ADP,1.0,0.0,,ADP: 1.00,True,2779,0,7.930206206684683
le,le,DET,DET,0.8207496286735718,0.8327615029897053,ADP,"DET: 0.82, ADP: 0.15",True,38293,0,10.55304850493315
pays,pays,NOUN,NOUN,1.0,0.0,,NOUN: 1.00,True,251,0,5.529429087511423
",",",",PUNCT,PUNCT,,,,,True,16599,0,9.717157974344635
le,les,DET,DET,0.8207496286735718,0.8327615029897053,ADP,"DET: 0.82, ADP: 0.15",True,38293,0,10.55304850493315
pouvoir,pouvoirs,NOUN,NOUN,1.0,0.0,,NOUN: 1.00,True,82,0,4.418840607796598
public,publics,ADJ,ADJ,1.0,0.0,,ADJ: 1.00,True,93,0,4.543294782270004
ivoirien,ivoiriens,ADJ,ADJ,,,,,True,5,0,1.791759469228055
avoir,ont,AUX,AUX,0.7537049139623345,0.8053529913575782,ADV,"AUX: 0.75, ADV: 0.25",True,2935,0,7.984803389734406
introduire,introduit,VERB,VERB,1.0,0.0,,VERB: 1.00,True,21,0,3.091042453358316
dans,dans,ADP,ADP,1.0,0.0,,ADP: 1.00,True,2779,0,7.930206206684683
le,les,DET,DET,0.8207496286735718,0.8327615029897053,ADP,"DET: 0.82, ADP: 0.15",True,38293,0,10.55304850493315
année,années,NOUN,NOUN,1.0,0.0,,NOUN: 1.00,True,396,0,5.983936280687191
70,70,NUM,NUM,0.6323748708036744,0.948831134821803,DET,"NUM: 0.63, DET: 0.37",True,14,0,2.70805020110221
le,la,DET,DET,0.8207496286735718,0.8327615029897053,ADP,"DET: 0.82, ADP: 0.15",True,38293,0,10.55304850493315
télévision,télévision,NOUN,NOUN,0.5047243214058094,0.9999355994066443,PROPN,"NOUN: 0.50, PROPN: 0.50",True,41,0,3.7376696182833684
éducatif,éducative,ADJ,ADJ,,,,,True,8,0,2.1972245773362196
dans,dans,ADP,ADP,1.0,0.0,,ADP: 1.00,True,2779,0,7.930206206684683
le,l',DET,DET,0.8207496286735718,0.8327615029897053,ADP,"DET: 0.82, ADP: 0.15",True,38293,0,10.55304850493315
enseignement,enseignement,NOUN,NOUN,1.0,0.0,,NOUN: 1.00,True,28,0,3.367295829986474
primaire,primaire,ADJ,ADJ,1.0,0.0,,ADJ: 1.00,True,11,0,2.4849066497880004
.,.,PUNCT,PUNCT,,,,,True,13366,0,9.500544261971474
le,Les,DET,DET,0.8207496286735718,0.8327615029897053,ADP,"DET: 0.82, ADP: 0.15",True,38293,0,10.55304850493315
produit,produits,NOUN,NOUN,1.0,0.0,,NOUN: 1.00,True,77,0,4.356708826689592
échanger,échangés,VERB,VERB,,,,,True,8,0,2.1972245773362196
être,sont,AUX,AUX,0.4687470215317024,1.7986756264740116,SCONJ,"AUX: 0.47, SCONJ: 0.23, ADV: 0.20, CCONJ: 0.10",True,8404,0,9.036582045842716
essentiellement,essentiellement,ADV,ADV,1.0,0.0,,ADV: 1.00,True,28,0,3.367295829986474
du,du,DET,DET,0.7471406020260035,1.1824862213935765,ADP,"DET: 0.75, ADP: 0.14, CCONJ: 0.09",True,88,0,4.48863636973214
sel,sel,NOUN,NOUN,,,,,True,5,0,1.791759469228055
",",",",PUNCT,PUNCT,,,,,True,16599,0,9.717157974344635
de,de,ADP,ADP,0.7886818615006483,0.7439947701431047,CCONJ,"ADP: 0.79, CCONJ: 0.21",True,27784,0,10.232251585714021
le,l',DET,DET,0.8207496286735718,0.8327615029897053,ADP,"DET: 0.82, ADP: 0.15",True,38293,0,10.55304850493315
ambre,ambre,NOUN,NOUN,,,,,False,0,0,0.0
",",",",PUNCT,PUNCT,,,,,True,16599,0,9.717157974344635
de,de,ADP,ADP,0.7886818615006483,0.7439947701431047,CCONJ,"ADP: 0.79, CCONJ: 0.21",True,27784,0,10.232251585714021
le,l',DET,DET,0.8207496286735718,0.8327615029897053,ADP,"DET: 0.82, ADP: 0.15",True,38293,0,10.55304850493315
huile,huile,NOUN,NOUN,1.0,0.0,,NOUN: 1.00,True,18,0,2.9444389791664403
",",",",PUNCT,PUNCT,,,,,True,16599,0,9.717157974344635
un,des,DET,DET,0.7741737557418163,1.1225809040946326,ADP,"DET: 0.77, ADP: 0.11, CCONJ: 0.09",True,8933,0,9.097619501912064
céréale,céréales,NOUN,NOUN,,,,,True,4,0,1.6094379124341003
",",",",PUNCT,PUNCT,,,,,True,16599,0,9.717157974344635
du,du,DET,DET,0.7471406020260035,1.1824862213935765,ADP,"DET: 0.75, ADP: 0.14, CCONJ: 0.09",True,88,0,4.48863636973214
vin,vin,NOUN,NOUN,1.0,0.0,,NOUN: 1.00,True,31,0,3.4657359027997265
et,et,CCONJ,CCONJ,0.25644065667983523,1.7170903132548632,SCONJ,"SCONJ: 0.43, ADP: 0.28, CCONJ: 0.26",True,7215,0,8.88405606174246
de,de,ADP,ADP,0.7886818615006483,0.7439947701431047,CCONJ,"ADP: 0.79, CCONJ: 0.21",True,27784,0,10.232251585714021
le,la,DET,DET,0.8207496286735718,0.8327615029897053,ADP,"DET: 0.82, ADP: 0.15",True,38293,0,10.55304850493315
viande,viande,NOUN,NOUN,0.6832704527196255,0.9007894405509763,PROPN,"NOUN: 0.68, PROPN: 0.32",True,15,0,2.772588722239781
saler,salée,VERB,ADJ,,,,,True,1,1,0.6931471805599453
.,.,PUNCT,PUNCT,,,,,True,13366,0,9.500544261971474
ce,Cet,DET,DET,0.8764141494570885,0.6891209831462356,ADP,"DET: 0.88, ADP: 0.08",True,1960,0,7.581209826196346
article,article,NOUN,NOUN,1.0,0.0,,NOUN: 1.00,True,43,0,3.784189633918261
décrire,décrit,VERB,VERB,1.0,0.0,,VERB: 1.00,True,39,0,3.6888794541139363
le,les,DET,DET,0.8207496286735718,0.8327615029897053,ADP,"DET: 0.82, ADP: 0.15",True,38293,0,10.55304850493315
critère,critères,NOUN,NOUN,1.0,0.0,,NOUN: 1.00,True,12,0,2.5649493574615367
administratif,administratifs,ADJ,ADJ,1.0,0.0,,ADJ: 1.00,True,50,0,3.9318256327243257
pour,pour,ADP,ADP,0.7890790430468303,0.7432394314397186,CCONJ,"ADP: 0.79, CCONJ: 0.21",True,2242,0,7.715569534520208
que,qu',SCONJ,SCONJ,0.6915510664276248,1.397369454710615,CCONJ,"SCONJ: 0.69, CCONJ: 0.17, PRON: 0.06, ADV: 0.05",True,1979,0,7.590852123688581
un,une,DET,DET,0.7741737557418163,1.1225809040946326,ADP,"DET: 0.77, ADP: 0.11, CCONJ: 0.09",True,8933,0,9.097619501912064
otite,otite,NOUN,NOUN,,,,,True,2,0,1.0986122886681098
consécutif,consécutive,ADJ,ADJ,1.0,0.0,,ADJ: 1.00,True,21,0,3.091042453358316
à,à,ADP,ADP,1.0,0.0,,ADP: 1.00,True,9366,0,9.14494815320913
un,un,DET,DET,0.7741737557418163,1.1225809040946326,ADP,"DET: 0.77, ADP: 0.11, CCONJ: 0.09",True,8933,0,9.097619501912064
barotraumatisme,barotraumatisme,NOUN,NOUN,,,,,False,0,0,0.0
être,soit,AUX,AUX,0.4687470215317024,1.7986756264740116,SCONJ,"AUX: 0.47, SCONJ: 0.23, ADV: 0.20, CCONJ: 0.10",True,8404,0,9.036582045842716
reconnaître,reconnue,VERB,VERB,1.0,0.0,,VERB: 1.00,True,62,0,4.143134726391533
comme,comme,ADP,ADP,0.884348973672223,0.5167293038082115,CCONJ,"ADP: 0.88, CCONJ: 0.12",True,472,0,6.159095388491933
maladie,maladie,NOUN,NOUN,1.0,0.0,,NOUN: 1.00,True,37,0,3.6375861597263857
professionnel,professionnelle,ADJ,ADJ,1.0,0.0,,ADJ: 1.00,True,67,0,4.219507705176107
en,en,ADP,ADP,0.21695278762461512,1.4815638486393006,DET,"DET: 0.51, CCONJ: 0.27, ADP: 0.22",True,5233,0,8.562931083090092
France,France,PROPN,PROPN,0.9804292393899958,0.13902365897177782,NOUN,PROPN: 0.98,True,267,0,5.5909869805108565
.,.,PUNCT,PUNCT,,,,,True,13366,0,9.500544261971474
cela,Cela,PRON,PRON,0.5959383786851953,1.512379250098247,SCONJ,"PRON: 0.60, SCONJ: 0.24, CCONJ: 0.11, ADV: 0.05",True,122,0,4.812184355372417
être,fut,AUX,AUX,0.4687470215317024,1.7986756264740116,SCONJ,"AUX: 0.47, SCONJ: 0.23, ADV: 0.20, CCONJ: 0.10",True,8404,0,9.036582045842716
nécessaire,nécessaire,ADJ,ADJ,0.8930759569693155,0.49056765146544845,VERB,"ADJ: 0.89, VERB: 0.11",True,29,0,3.4011973816621555
jusque,jusqu',ADP,ADP,0.045125702997240974,1.523668886477906,CCONJ,"CCONJ: 0.58, SCONJ: 0.25, ADV: 0.12",True,223,0,5.4116460518550396
à,à,ADP,ADP,1.0,0.0,,ADP: 1.00,True,9366,0,9.14494815320913
le,l',DET,DET,0.8207496286735718,0.8327615029897053,ADP,"DET: 0.82, ADP: 0.15",True,38293,0,10.55304850493315
arrivée,arrivée,NOUN,NOUN,1.0,0.0,,NOUN: 1.00,True,37,0,3.6375861597263857
de,de,ADP,ADP,0.7886818615006483,0.7439947701431047,CCONJ,"ADP: 0.79, CCONJ: 0.21",True,27784,0,10.232251585714021
le,l',DET,DET,0.8207496286735718,0.8327615029897053,ADP,"DET: 0.82, ADP: 0.15",True,38293,0,10.55304850493315
Open,Open,PROPN,PROPN,,,,,True,5,0,1.791759469228055
Firmware,Firmware,PROPN,PROPN,,,,,False,0,0,0.0
.,.,PUNCT,PUNCT,,,,,True,13366,0,9.500544261971474
le,Le,DET,DET,0.8207496286735718,0.8327615029897053,ADP,"DET: 0.82, ADP: 0.15",True,38293,0,10.55304850493315
6,6,NUM,NUM,1.0,0.0,,NUM: 1.00,True,88,0,4.48863636973214
mai,mai,NOUN,NOUN,1.0,0.0,,NOUN: 1.00,True,99,0,4.605170185988092
2011,2011,NUM,NUM,1.0,0.0,,NUM: 1.00,True,98,0,4.59511985013459
",",",",PUNCT,PUNCT,,,,,True,16599,0,9.717157974344635
lui,il,PRON,PRON,0.7173975220804439,1.0427392110337699,CCONJ,"PRON: 0.72, CCONJ: 0.24",True,5436,0,8.600982717145921
mettre,met,VERB,VERB,1.0,0.0,,VERB: 1.00,True,223,0,5.4116460518550396
un,un,DET,DET,0.7741737557418163,1.1225809040946326,ADP,"DET: 0.77, ADP: 0.11, CCONJ: 0.09",True,8933,0,9.097619501912064
terme,terme,NOUN,NOUN,1.0,0.0,,NOUN: 1.00,True,86,0,4.465908118654584
à,à,ADP,ADP,1.0,0.0,,ADP: 1.00,True,9366,0,9.14494815320913
son,sa,DET,DET,0.8481722905876147,0.863954061477403,CCONJ,"DET: 0.85, CCONJ: 0.08",True,3876,0,8.262816937670928
carrière,carrière,NOUN,NOUN,1.0,0.0,,NOUN: 1.00,True,76,0,4.343805421853684
sportif,sportive,ADJ,ADJ,1.0,0.0,,ADJ: 1.00,True,27,0,3.332204510175204
.,.,PUNCT,PUNCT,,,,,True,13366,0,9.500544261971474
aller,Aller,VERB,VERB,1.0,0.0,,VERB: 1.00,True,221,0,5.402677381872279
dans,dans,ADP,ADP,1.0,0.0,,ADP: 1.00,True,2779,0,7.930206206684683
ce,ce,DET,DET,0.8764141494570885,0.6891209831462356,ADP,"DET: 0.88, ADP: 0.08",True,1960,0,7.581209826196346
restaurant,restaurant,NOUN,NOUN,1.0,0.0,,NOUN: 1.00,True,57,0,4.060443010546419
être,est,AUX,AUX,0.4687470215317024,1.7986756264740116,SCONJ,"AUX: 0.47, SCONJ: 0.23, ADV: 0.20, CCONJ: 0.10",True,8404,0,9.036582045842716
tout,tout,ADV,ADV,0.35475278980975966,1.76530081984423,SCONJ,"SCONJ: 0.40, ADV: 0.35, CCONJ: 0.17, ADP: 0.07",True,125,0,4.836281906951478
simplement,simplement,ADV,ADV,1.0,0.0,,ADV: 1.00,True,32,0,3.4965075614664802
un,un,DET,DET,0.7741737557418163,1.1225809040946326,ADP,"DET: 0.77, ADP: 0.11, CCONJ: 0.09",True,8933,0,9.097619501912064
grand,grand,ADJ,ADJ,1.0,0.0,,ADJ: 1.00,True,401,0,5.996452088619021
plaisir,plaisir,NOUN,NOUN,1.0,0.0,,NOUN: 1.00,True,14,0,2.70805020110221
!,!,PUNCT,PUNCT,,,,,True,306,0,5.726847747587197
Chen,Chen,PROPN,PROPN,,,,,True,1,0,0.6931471805599453
Xitong,Xitong,PROPN,PROPN,,,,,False,0,0,0.0
(,(,PUNCT,PUNCT,,,,,True,2211,0,7.701652362642226
naître,né,VERB,VERB,0.9307008365025946,0.36330280715123003,ADJ,"VERB: 0.93, ADJ: 0.07",True,347,0,5.8522024797744745
en,en,ADP,ADP,0.21695278762461512,1.4815638486393006,DET,"DET: 0.51, CCONJ: 0.27, ADP: 0.22",True,5233,0,8.562931083090092
juin,juin,NOUN,NOUN,1.0,0.0,,NOUN: 1.00,True,137,0,4.927253685157205
1930,1930,NUM,NUM,1.0,0.0,,NUM: 1.00,True,11,0,2.4849066497880004
dans,dans,ADP,ADP,1.0,0.0,,ADP: 1.00,True,2779,0,7.930206206684683
le,le,DET,DET,0.8207496286735718,0.8327615029897053,ADP,"DET: 0.82, ADP: 0.15",True,38293,0,10.55304850493315
district,disctict,NOUN,NOUN,1.0,0.0,,NOUN: 1.00,True,46,0,3.8501476017100584
de,d',ADP,ADP,0.7886818615006483,0.7439947701431047,CCONJ,"ADP: 0.79, CCONJ: 0.21",True,27784,0,10.232251585714021
Anyue,Anyue,PROPN,PROPN,,,,,False,0,0,0.0
",",",",PUNCT,PUNCT,,,,,True,16599,0,9.717157974344635
Sichuan,Sichuan,PROPN,PROPN,,,,,True,1,0,0.6931471805599453
--,--,PUNCT,PUNCT,,,,,True,222,0,5.407171771460119
),),PUNCT,PUNCT,,,,,True,2204,0,7.6984827878809465
être,est,AUX,AUX,0.4687470215317024,1.7986756264740116,SCONJ,"AUX: 0.47, SCONJ: 0.23, ADV: 0.20, CCONJ: 0.10",True,8404,0,9.036582045842716
un,un,DET,DET,0.7741737557418163,1.1225809040946326,ADP,"DET: 0.77, ADP: 0.11, CCONJ: 0.09",True,8933,0,9.097619501912064
homme,homme,NOUN,NOUN,1.0,0.0,,NOUN: 1.00,True,213,0,5.365976015021851
politique,politique,ADJ,ADJ,1.0,0.0,,ADJ: 1.00,True,147,0,4.997212273764115
de,de,ADP,ADP,0.7886818615006483,0.7439947701431047,CCONJ,"ADP: 0.79, CCONJ: 0.21",True,27784,0,10.232251585714021
le,la,DET,DET,0.8207496286735718,0.8327615029897053,ADP,"DET: 0.82, ADP: 0.15",True,38293,0,10.55304850493315
république,République,NOUN,NOUN,1.0,0.0,,NOUN: 1.00,True,54,0,4.007333185232471
populaire,populaire,ADJ,ADJ,1.0,0.0,,ADJ: 1.00,True,41,0,3.7376696182833684
de,de,ADP,ADP,0.7886818615006483,0.7439947701431047,CCONJ,"ADP: 0.79, CCONJ: 0.21",True,27784,0,10.232251585714021
Chine,Chine,PROPN,PROPN,0.7463927134042464,0.8169456360422696,NOUN,"PROPN: 0.75, NOUN: 0.25",True,30,0,3.4339872044851463
",",",",PUNCT,PUNCT,,,,,True,16599,0,9.717157974344635
qui,qui,PRON,PRON,0.8171669946022245,0.8424411100711472,CCONJ,"PRON: 0.82, CCONJ: 0.13, ADV: 0.05",True,1916,0,7.558516743045645
être,fut,AUX,AUX,0.4687470215317024,1.7986756264740116,SCONJ,"AUX: 0.47, SCONJ: 0.23, ADV: 0.20, CCONJ: 0.10",True,8404,0,9.036582045842716
le,l',DET,DET,0.8207496286735718,0.8327615029897053,ADP,"DET: 0.82, ADP: 0.15",True,38293,0,10.55304850493315
un,un,PRON,PRON,0.0,0.0,NOUN,NOUN: 1.00,True,288,0,5.666426688112432
de,de,ADP,ADP,0.7886818615006483,0.7439947701431047,CCONJ,"ADP: 0.79, CCONJ: 0.21",True,27784,0,10.232251585714021
le,les,DET,DET,0.8207496286735718,0.8327615029897053,ADP,"DET: 0.82, ADP: 0.15",True,38293,0,10.55304850493315
haut,hauts,ADJ,ADJ,0.8964680878745369,0.4800925360977031,NUM,"ADJ: 0.90, NUM: 0.10",True,68,0,4.23410650459726
dirigeant,dirigeants,NOUN,NOUN,1.0,0.0,,NOUN: 1.00,True,26,0,3.295836866004329
de,de,ADP,ADP,0.7886818615006483,0.7439947701431047,CCONJ,"ADP: 0.79, CCONJ: 0.21",True,27784,0,10.232251585714021
le,le,DET,DET,0.8207496286735718,0.8327615029897053,ADP,"DET: 0.82, ADP: 0.15",True,38293,0,10.55304850493315
parti,Parti,NOUN,NOUN,1.0,0.0,,NOUN: 1.00,True,75,0,4.330733340286331
communiste,communiste,ADJ,ADJ,1.0,0.0,,ADJ: 1.00,True,14,0,2.70805020110221
chinois,chinois,ADJ,ADJ,1.0,0.0,,ADJ: 1.00,True,20,0,3.044522437723423
avant,avant,ADP,ADV,0.8879481521664462,0.5060740972167108,CCONJ,"ADP: 0.89, CCONJ: 0.11",True,144,1,4.976733742420574
de,de,ADP,ADP,0.7886818615006483,0.7439947701431047,CCONJ,"ADP: 0.79, CCONJ: 0.21",True,27784,0,10.232251585714021
connaître,connaître,VERB,VERB,1.0,0.0,,VERB: 1.00,True,212,0,5.3612921657094255
le,la,DET,DET,0.8207496286735718,0.8327615029897053,ADP,"DET: 0.82, ADP: 0.15",True,38293,0,10.55304850493315
disgrâce,disgrâce,NOUN,NOUN,,,,,True,1,0,0.6931471805599453
",",",",PUNCT,PUNCT,,,,,True,16599,0,9.717157974344635
et,et,CCONJ,CCONJ,0.25644065667983523,1.7170903132548632,SCONJ,"SCONJ: 0.43, ADP: 0.28, CCONJ: 0.26",True,7215,0,8.88405606174246
être,fut,AUX,AUX,0.4687470215317024,1.7986756264740116,SCONJ,"AUX: 0.47, SCONJ: 0.23, ADV: 0.20, CCONJ: 0.10",True,8404,0,9.036582045842716
maire,maire,NOUN,NOUN,1.0,0.0,,NOUN: 1.00,True,36,0,3.6109179126442243
de,de,ADP,ADP,0.7886818615006483,0.7439947701431047,CCONJ,"ADP: 0.79, CCONJ: 0.21",True,27784,0,10.232251585714021
Pékin,Pékin,PROPN,PROPN,,,,,True,7,0,2.0794415416798357
de,de,ADP,ADP,0.7886818615006483,0.7439947701431047,CCONJ,"ADP: 0.79, CCONJ: 0.21",True,27784,0,10.232251585714021
1983,1983,NUM,NUM,1.0,0.0,,NUM: 1.00,True,29,0,3.4011973816621555
à,à,ADP,ADP,1.0,0.0,,ADP: 1.00,True,9366,0,9.14494815320913
1993,1993,NUM,NUM,1.0,0.0,,NUM: 1.00,True,31,0,3.4657359027997265
.,.,PUNCT,PUNCT,,,,,True,13366,0,9.500544261971474
Vedel,Vedel,PROPN,PROPN,,,,,False,0,0,0.0
être,fut,AUX,AUX,0.4687470215317024,1.7986756264740116,SCONJ,"AUX: 0.47, SCONJ: 0.23, ADV: 0.20, CCONJ: 0.10",True,8404,0,9.036582045842716
consulter,consulté,VERB,VERB,1.0,0.0,,VERB: 1.00,True,11,0,2.4849066497880004
à,à,ADP,ADP,1.0,0.0,,ADP: 1.00,True,9366,0,9.14494815320913
un,de,DET,DET,0.7741737557418163,1.1225809040946326,ADP,"DET: 0.77, ADP: 0.11, CCONJ: 0.09",True,8933,0,9.097619501912064
nombreux,nombreuses,ADJ,ADJ,0.2268184753433239,0.7724238287751712,NUM,"NUM: 0.77, ADJ: 0.23",True,183,0,5.214935757608986
reprise,reprises,NOUN,NOUN,1.0,0.0,,NOUN: 1.00,True,42,0,3.7612001156935624
par,par,ADP,ADP,1.0,0.0,,ADP: 1.00,True,2183,0,7.688913336864796
un,des,DET,DET,0.7741737557418163,1.1225809040946326,ADP,"DET: 0.77, ADP: 0.11, CCONJ: 0.09",True,8933,0,9.097619501912064
gouvernement,gouvernements,NOUN,NOUN,1.0,0.0,,NOUN: 1.00,True,114,0,4.74493212836325
français,français,ADJ,ADJ,1.0,0.0,,ADJ: 1.00,True,419,0,6.040254711277414
(,(,PUNCT,PUNCT,,,,,True,2211,0,7.701652362642226
de,de,ADP,ADP,0.7886818615006483,0.7439947701431047,CCONJ,"ADP: 0.79, CCONJ: 0.21",True,27784,0,10.232251585714021
le,la,DET,DET,0.8207496286735718,0.8327615029897053,ADP,"DET: 0.82, ADP: 0.15",True,38293,0,10.55304850493315
IV,IV,NUM,NUM,0.9459447080890921,0.303379947526081,ADJ,"NUM: 0.95, ADJ: 0.05",True,21,0,3.091042453358316
et,et,CCONJ,CCONJ,0.25644065667983523,1.7170903132548632,SCONJ,"SCONJ: 0.43, ADP: 0.28, CCONJ: 0.26",True,7215,0,8.88405606174246
de,de,ADP,ADP,0.7886818615006483,0.7439947701431047,CCONJ,"ADP: 0.79, CCONJ: 0.21",True,27784,0,10.232251585714021
le,la,DET,DET,0.8207496286735718,0.8327615029897053,ADP,"DET: 0.82, ADP: 0.15",True,38293,0,10.55304850493315
V,V,NUM,NUM,1.0,0.0,,NUM: 1.00,True,11,0,2.4849066497880004
),),PUNCT,PUNCT,,,,,True,2204,0,7.6984827878809465
de,de,ADP,ADP,0.7886818615006483,0.7439947701431047,CCONJ,"ADP: 0.79, CCONJ: 0.21",True,27784,0,10.232251585714021
tout,toute,DET,DET,0.9418784902958206,0.4061753301469583,ADP,DET: 0.94,True,119,0,4.787491742782046
obédience,obédience,NOUN,NOUN,,,,,True,3,0,1.3862943611198906
ainsi,ainsi,ADV,ADV,1.0,0.0,,ADV: 1.00,True,330,0,5.802118375377063
que,que,SCONJ,SCONJ,0.6915510664276248,1.397369454710615,CCONJ,"SCONJ: 0.69, CCONJ: 0.17, PRON: 0.06, ADV: 0.05",True,1979,0,7.590852123688581
par,par,ADP,ADP,1.0,0.0,,ADP: 1.00,True,2183,0,7.688913336864796
un,un,DET,DET,0.7741737557418163,1.1225809040946326,ADP,"DET: 0.77, ADP: 0.11, CCONJ: 0.09",True,8933,0,9.097619501912064
certain,certain,ADJ,ADJ,1.0,0.0,,ADJ: 1.00,True,54,0,4.007333185232471
nombre,nombre,NOUN,NOUN,1.0,0.0,,NOUN: 1.00,True,126,0,4.844187086458591
de,de,ADP,ADP,0.7886818615006483,0.7439947701431047,CCONJ,"ADP: 0.79, CCONJ: 0.21",True,27784,0,10.232251585714021
gouvernement,gouvernements,NOUN,NOUN,1.0,0.0,,NOUN: 1.00,True,114,0,4.74493212836325
étranger,étrangers,ADJ,ADJ,1.0,0.0,,ADJ: 1.00,True,43,0,3.784189633918261
.,.,PUNCT,PUNCT,,,,,True,13366,0,9.500544261971474
un,Un,DET,DET,0.7741737557418163,1.1225809040946326,ADP,"DET: 0.77, ADP: 0.11, CCONJ: 0.09",True,8933,0,9.097619501912064
taux,taux,NOUN,NOUN,1.0,0.0,,NOUN: 1.00,True,37,0,3.6375861597263857
de,de,ADP,ADP,0.7886818615006483,0.7439947701431047,CCONJ,"ADP: 0.79, CCONJ: 0.21",True,27784,0,10.232251585714021
zéro,zéro,NUM,NUM,,,,,True,8,0,2.1972245773362196
ne,n',ADV,ADV,0.03110691420199771,0.7244015123648279,PRON,"PRON: 0.85, CCONJ: 0.12",True,1435,0,7.269616749608169
exclure,exclut,VERB,VERB,1.0,0.0,,VERB: 1.00,True,13,0,2.6390573296152584
pas,pas,ADV,ADV,1.0,0.0,,ADV: 1.00,True,893,0,6.795705775173514
un,des,DET,DET,0.7741737557418163,1.1225809040946326,ADP,"DET: 0.77, ADP: 0.11, CCONJ: 0.09",True,8933,0,9.097619501912064
changement,changements,NOUN,NOUN,1.0,0.0,,NOUN: 1.00,True,37,0,3.6375861597263857
important,importants,ADJ,ADJ,1.0,0.0,,ADJ: 1.00,True,135,0,4.912654885736052
dans,dans,ADP,ADP,1.0,0.0,,ADP: 1.00,True,2779,0,7.930206206684683
le,la,DET,DET,0.8207496286735718,0.8327615029897053,ADP,"DET: 0.82, ADP: 0.15",True,38293,0,10.55304850493315
distribution,distribution,NOUN,NOUN,1.0,0.0,,NOUN: 1.00,True,22,0,3.1354942159291497
de,de,ADP,ADP,0.7886818615006483,0.7439947701431047,CCONJ,"ADP: 0.79, CCONJ: 0.21",True,27784,0,10.232251585714021
le,les,DET,DET,0.8207496286735718,0.8327615029897053,ADP,"DET: 0.82, ADP: 0.15",True,38293,0,10.55304850493315
âge,âges,NOUN,NOUN,1.0,0.0,,NOUN: 1.00,True,79,0,4.382026634673881
et,et,CCONJ,CCONJ,0.25644065667983523,1.7170903132548632,SCONJ,"SCONJ: 0.43, ADP: 0.28, CCONJ: 0.26",True,7215,0,8.88405606174246
/,/,SYM,SYM,,,,,True,105,0,4.663439094112067
ou,ou,CCONJ,CCONJ,0.514848916000412,0.9993637059064465,ADP,"CCONJ: 0.51, ADP: 0.49",True,802,0,6.688354713946762
dans,dans,ADP,ADP,1.0,0.0,,ADP: 1.00,True,2779,0,7.930206206684683
le,les,DET,DET,0.8207496286735718,0.8327615029897053,ADP,"DET: 0.82, ADP: 0.15",True,38293,0,10.55304850493315
taux,taux,NOUN,NOUN,1.0,0.0,,NOUN: 1.00,True,37,0,3.6375861597263857
de,de,ADP,ADP,0.7886818615006483,0.7439947701431047,CCONJ,"ADP: 0.79, CCONJ: 0.21",True,27784,0,10.232251585714021
natalité,natalité,NOUN,NOUN,,,,,False,0,0,0.0
",",",",PUNCT,PUNCT,,,,,True,16599,0,9.717157974344635
de,d',ADP,ADP,0.7886818615006483,0.7439947701431047,CCONJ,"ADP: 0.79, CCONJ: 0.21",True,27784,0,10.232251585714021
immigration,immigration,NOUN,NOUN,,,,,True,6,0,1.9459101490553132
ou,ou,CCONJ,CCONJ,0.514848916000412,0.9993637059064465,ADP,"CCONJ: 0.51, ADP: 0.49",True,802,0,6.688354713946762
de,de,ADP,ADP,0.7886818615006483,0.7439947701431047,CCONJ,"ADP: 0.79, CCONJ: 0.21",True,27784,0,10.232251585714021
mortalité,mortalité,NOUN,NOUN,,,,,True,3,0,1.3862943611198906
.,.,PUNCT,PUNCT,,,,,True,13366,0,9.500544261971474
le,Les,DET,DET,0.8207496286735718,0.8327615029897053,ADP,"DET: 0.82, ADP: 0.15",True,38293,0,10.55304850493315
étoile,étoiles,NOUN,NOUN,1.0,0.0,,NOUN: 1.00,True,35,0,3.58351893845611
fixe,fixes,ADJ,ADJ,,,,,True,5,0,1.791759469228055
reposer,reposaient,VERB,VERB,1.0,0.0,,VERB: 1.00,True,20,0,3.044522437723423
sur,sur,ADP,ADP,1.0,0.0,,ADP: 1.00,True,1482,0,7.301822342137932
le,la,DET,DET,0.8207496286735718,0.8327615029897053,ADP,"DET: 0.82, ADP: 0.15",True,38293,0,10.55304850493315
sphère,sphère,NOUN,NOUN,,,,,True,8,0,2.1972245773362196
le,la,DET,DET,0.8207496286735718,0.8327615029897053,ADP,"DET: 0.82, ADP: 0.15",True,38293,0,10.55304850493315
plus,plus,ADV,ADV,0.7196677710684014,0.8559031009192263,CCONJ,"ADV: 0.72, CCONJ: 0.28",True,1173,0,7.068172000388042
extérieur,extérieure,ADJ,ADJ,1.0,0.0,,ADJ: 1.00,True,17,0,2.8903717578961645
",",",",PUNCT,PUNCT,,,,,True,16599,0,9.717157974344635
dire,dite,VERB,VERB,1.0,0.0,,VERB: 1.00,True,190,0,5.25227342804663
«,«,PUNCT,PUNCT,,,,,True,866,0,6.7650389767805414
sphère,sphère,NOUN,NOUN,,,,,True,8,0,2.1972245773362196
de,de,ADP,ADP,0.7886818615006483,0.7439947701431047,CCONJ,"ADP: 0.79, CCONJ: 0.21",True,27784,0,10.232251585714021
le,les,DET,DET,0.8207496286735718,0.8327615029897053,ADP,"DET: 0.82, ADP: 0.15",True,38293,0,10.55304850493315
fixe,fixes,NOUN,NOUN,,,,,False,0,0,0.0
»,»,PUNCT,PUNCT,,,,,True,814,0,6.703188113240863
.,.,PUNCT,PUNCT,,,,,True,13366,0,9.500544261971474
on,On,PRON,PRON,0.5432191123278096,1.5995967780630704,SCONJ,"PRON: 0.54, SCONJ: 0.23, CCONJ: 0.19",True,554,0,6.318968113746434
décider,décide,VERB,VERB,0.9298273399314894,0.3665676543367055,ADJ,"VERB: 0.93, ADJ: 0.07",True,101,0,4.624972813284271
de,d',ADP,ADP,0.7886818615006483,0.7439947701431047,CCONJ,"ADP: 0.79, CCONJ: 0.21",True,27784,0,10.232251585714021
abandonner,abandonner,VERB,VERB,1.0,0.0,,VERB: 1.00,True,49,0,3.912023005428146
le,les,DET,DET,0.8207496286735718,0.8327615029897053,ADP,"DET: 0.82, ADP: 0.15",True,38293,0,10.55304850493315
matériau,matériaux,NOUN,NOUN,1.0,0.0,,NOUN: 1.00,True,11,0,2.4849066497880004
coûteux,coûteux,ADJ,ADJ,,,,,True,9,0,2.302585092994046
",",",",PUNCT,PUNCT,,,,,True,16599,0,9.717157974344635
comme,comme,ADP,ADP,0.884348973672223,0.5167293038082115,CCONJ,"ADP: 0.88, CCONJ: 0.12",True,472,0,6.159095388491933
le,le,DET,DET,0.8207496286735718,0.8327615029897053,ADP,"DET: 0.82, ADP: 0.15",True,38293,0,10.55304850493315
magnésium,magnésium,NOUN,NOUN,,,,,False,0,0,0.0
qui,qui,PRON,PRON,0.8171669946022245,0.8424411100711472,CCONJ,"PRON: 0.82, CCONJ: 0.13, ADV: 0.05",True,1916,0,7.558516743045645
être,est,AUX,AUX,0.4687470215317024,1.7986756264740116,SCONJ,"AUX: 0.47, SCONJ: 0.23, ADV: 0.20, CCONJ: 0.10",True,8404,0,9.036582045842716
devenir,devenu,VERB,VERB,1.0,0.0,,VERB: 1.00,True,257,0,5.552959584921617
introuvable,introuvable,ADJ,ADJ,,,,,True,2,0,1.0986122886681098
.,.,PUNCT,PUNCT,,,,,True,13366,0,9.500544261971474
le,La,DET,DET,0.8207496286735718,0.8327615029897053,ADP,"DET: 0.82, ADP: 0.15",True,38293,0,10.55304850493315
station,station,NOUN,NOUN,1.0,0.0,,NOUN: 1.00,True,46,0,3.8501476017100584
avoir,a,AUX,AUX,0.7537049139623345,0.8053529913575782,ADV,"AUX: 0.75, ADV: 0.25",True,2935,0,7.984803389734406
être,été,AUX,AUX,0.4687470215317024,1.7986756264740116,SCONJ,"AUX: 0.47, SCONJ: 0.23, ADV: 0.20, CCONJ: 0.10",True,8404,0,9.036582045842716
lancer,lancée,VERB,VERB,1.0,0.0,,VERB: 1.00,True,81,0,4.406719247264253
le,le,DET,DET,0.8207496286735718,0.8327615029897053,ADP,"DET: 0.82, ADP: 0.15",True,38293,0,10.55304850493315
7,7,NUM,NUM,1.0,0.0,,NUM: 1.00,True,95,0,4.564348191467836
septembre,septembre,NOUN,NOUN,1.0,0.0,,NOUN: 1.00,True,106,0,4.672828834461906
1986,1986,NUM,NUM,1.0,0.0,,NUM: 1.00,True,22,0,3.1354942159291497
à,à,ADP,ADP,1.0,0.0,,ADP: 1.00,True,9366,0,9.14494815320913
le,le,DET,DET,0.8207496286735718,0.8327615029897053,ADP,"DET: 0.82, ADP: 0.15",True,38293,0,10.55304850493315
canal,canal,NOUN,NOUN,1.0,0.0,,NOUN: 1.00,True,31,0,3.4657359027997265
49,49,NUM,NUM,,,,,True,1,0,0.6931471805599453
",",",",PUNCT,PUNCT,,,,,True,16599,0,9.717157974344635
et,et,CCONJ,CCONJ,0.25644065667983523,1.7170903132548632,SCONJ,"SCONJ: 0.43, ADP: 0.28, CCONJ: 0.26",True,7215,0,8.88405606174246
avoir,a,AUX,AUX,0.7537049139623345,0.8053529913575782,ADV,"AUX: 0.75, ADV: 0.25",True,2935,0,7.984803389734406
être,été,AUX,AUX,0.4687470215317024,1.7986756264740116,SCONJ,"AUX: 0.47, SCONJ: 0.23, ADV: 0.20, CCONJ: 0.10",True,8404,0,9.036582045842716
déplacer,déplacée,VERB,VERB,1.0,0.0,,VERB: 1.00,True,14,0,2.70805020110221
à,à,ADP,ADP,1.0,0.0,,ADP: 1.00,True,9366,0,9.14494815320913
le,le,DET,DET,0.8207496286735718,0.8327615029897053,ADP,"DET: 0.82, ADP: 0.15",True,38293,0,10.55304850493315
canal,canal,NOUN,NOUN,1.0,0.0,,NOUN: 1.00,True,31,0,3.4657359027997265
34,34,NUM,NUM,,,,,True,8,0,2.1972245773362196
en,en,ADP,ADP,0.21695278762461512,1.4815638486393006,DET,"DET: 0.51, CCONJ: 0.27, ADP: 0.22",True,5233,0,8.562931083090092
2001,2001,NUM,NUM,1.0,0.0,,NUM: 1.00,True,50,0,3.9318256327243257
afin,afin,ADV,ADV,0.5324097440207123,1.5803977170984007,VERB,"ADV: 0.53, VERB: 0.29, ADJ: 0.14",True,101,0,4.624972813284271
de,d',ADP,ADP,0.7886818615006483,0.7439947701431047,CCONJ,"ADP: 0.79, CCONJ: 0.21",True,27784,0,10.232251585714021
agrandir,agrandir,VERB,VERB,,,,,True,6,0,1.9459101490553132
son,son,DET,DET,0.8481722905876147,0.863954061477403,CCONJ,"DET: 0.85, CCONJ: 0.08",True,3876,0,8.262816937670928
territoire,territoire,NOUN,NOUN,1.0,0.0,,NOUN: 1.00,True,98,0,4.59511985013459
.,.,PUNCT,PUNCT,,,,,True,13366,0,9.500544261971474
lui,Elle,PRON,PRON,0.7173975220804439,1.0427392110337699,CCONJ,"PRON: 0.72, CCONJ: 0.24",True,5436,0,8.600982717145921
avoir,a,AUX,AUX,0.7537049139623345,0.8053529913575782,ADV,"AUX: 0.75, ADV: 0.25",True,2935,0,7.984803389734406
être,été,AUX,AUX,0.4687470215317024,1.7986756264740116,SCONJ,"AUX: 0.47, SCONJ: 0.23, ADV: 0.20, CCONJ: 0.10",True,8404,0,9.036582045842716
impliquer,impliquée,VERB,VERB,1.0,0.0,,VERB: 1.00,True,24,0,3.2188758248682006
dans,dans,ADP,ADP,1.0,0.0,,ADP: 1.00,True,2779,0,7.930206206684683
plusieurs,plusieurs,DET,DET,0.7438889760186573,0.8208209660575686,NUM,"DET: 0.74, NUM: 0.26",True,233,0,5.455321115357702
accident,accidents,NOUN,NOUN,1.0,0.0,,NOUN: 1.00,True,20,0,3.044522437723423
aérien,aériens,ADJ,ADJ,1.0,0.0,,ADJ: 1.00,True,29,0,3.4011973816621555
.,.,PUNCT,PUNCT,,,,,True,13366,0,9.500544261971474
lui,Il,PRON,PRON,0.7173975220804439,1.0427392110337699,CCONJ,"PRON: 0.72, CCONJ: 0.24",True,5436,0,8.600982717145921
soi,s',PRON,PRON,0.8260631963800735,0.8193543183609986,CCONJ,"PRON: 0.83, CCONJ: 0.12, ADV: 0.05",True,2063,0,7.6324011266014535
agir,agit,VERB,VERB,1.0,0.0,,VERB: 1.00,True,108,0,4.6913478822291435
donc,donc,ADV,ADV,1.0,0.0,,ADV: 1.00,True,155,0,5.049856007249537
de,d',ADP,ADP,0.7886818615006483,0.7439947701431047,CCONJ,"ADP: 0.79, CCONJ: 0.21",True,27784,0,10.232251585714021
un,un,DET,DET,0.7741737557418163,1.1225809040946326,ADP,"DET: 0.77, ADP: 0.11, CCONJ: 0.09",True,8933,0,9.097619501912064
thyréophore,thyréophore,NOUN,NOUN,,,,,False,0,0,0.0
basal,basal,ADJ,ADJ,,,,,True,1,0,0.6931471805599453
",",",",PUNCT,PUNCT,,,,,True,16599,0,9.717157974344635
proche,proche,ADJ,ADJ,0.8135411884346859,0.694004509295649,VERB,"ADJ: 0.81, VERB: 0.19",True,61,0,4.127134385045092
de,de,ADP,ADP,0.7886818615006483,0.7439947701431047,CCONJ,"ADP: 0.79, CCONJ: 0.21",True,27784,0,10.232251585714021
le,l',DET,DET,0.8207496286735718,0.8327615029897053,ADP,"DET: 0.82, ADP: 0.15",True,38293,0,10.55304850493315
ancêtre,ancêtre,NOUN,NOUN,,,,,True,10,0,2.3978952727983707
commun,commun,ADJ,ADJ,1.0,0.0,,ADJ: 1.00,True,25,0,3.258096538021482
à,à,ADP,ADP,1.0,0.0,,ADP: 1.00,True,9366,0,9.14494815320913
le,les,DET,DET,0.8207496286735718,0.8327615029897053,ADP,"DET: 0.82, ADP: 0.15",True,38293,0,10.55304850493315
stégosaurien,stégosauriens,NOUN,NOUN,,,,,False,0,0,0.0
et,et,CCONJ,CCONJ,0.25644065667983523,1.7170903132548632,SCONJ,"SCONJ: 0.43, ADP: 0.28, CCONJ: 0.26",True,7215,0,8.88405606174246
ankylosaurien,ankylosauriens,NOUN,NOUN,,,,,False,0,0,0.0
.,.,PUNCT,PUNCT,,,,,True,13366,0,9.500544261971474
le,La,DET,DET,0.8207496286735718,0.8327615029897053,ADP,"DET: 0.82, ADP: 0.15",True,38293,0,10.55304850493315
ligne,ligne,NOUN,NOUN,1.0,0.0,,NOUN: 1.00,True,119,0,4.787491742782046
Wallace,Wallace,PROPN,PROPN,,,,,True,1,0,0.6931471805599453
",",",",PUNCT,PUNCT,,,,,True,16599,0,9.717157974344635
qui,qui,PRON,PRON,0.8171669946022245,0.8424411100711472,CCONJ,"PRON: 0.82, CCONJ: 0.13, ADV: 0.05",True,1916,0,7.558516743045645
passer,passe,VERB,VERB,1.0,0.0,,VERB: 1.00,True,192,0,5.262690188904886
entre,entre,ADP,ADP,0.9951404265427191,0.0443394212917744,ADJ,ADP: 1.00,True,403,0,6.0014148779611505
le,les,DET,DET,0.8207496286735718,0.8327615029897053,ADP,"DET: 0.82, ADP: 0.15",True,38293,0,10.55304850493315
île,îles,NOUN,NOUN,1.0,0.0,,NOUN: 1.00,True,113,0,4.736198448394496
de,de,ADP,ADP,0.7886818615006483,0.7439947701431047,CCONJ,"ADP: 0.79, CCONJ: 0.21",True,27784,0,10.232251585714021
Bornéo,Bornéo,PROPN,PROPN,,,,,False,0,0,0.0
et,et,CCONJ,CCONJ,0.25644065667983523,1.7170903132548632,SCONJ,"SCONJ: 0.43, ADP: 0.28, CCONJ: 0.26",True,7215,0,8.88405606174246
Sulawesi,Sulawesi,PROPN,PROPN,,,,,True,2,0,1.0986122886681098
",",",",PUNCT,PUNCT,,,,,True,16599,0,9.717157974344635
et,et,CCONJ,CCONJ,0.25644065667983523,1.7170903132548632,SCONJ,"SCONJ: 0.43, ADP: 0.28, CCONJ: 0.26",True,7215,0,8.88405606174246
entre,entre,ADP,ADP,0.9951404265427191,0.0443394212917744,ADJ,ADP: 1.00,True,403,0,6.0014148779611505
celui,celles,PRON,PRON,0.5172312419604586,1.7291498109731305,NOUN,"PRON: 0.52, NOUN: 0.23, PROPN: 0.14, VERB: 0.11",True,278,0,5.631211781821365
de,de,ADP,ADP,0.7886818615006483,0.7439947701431047,CCONJ,"ADP: 0.79, CCONJ: 0.21",True,27784,0,10.232251585714021
Bali,Bali,PROPN,PROPN,,,,,False,0,0,0.0
et,et,CCONJ,CCONJ,0.25644065667983523,1.7170903132548632,SCONJ,"SCONJ: 0.43, ADP: 0.28, CCONJ: 0.26",True,7215,0,8.88405606174246
Lombok,Lombok,PROPN,PROPN,,,,,False,0,0,0.0
",",",",PUNCT,PUNCT,,,,,True,16599,0,9.717157974344635
séparer,sépare,VERB,VERB,1.0,0.0,,VERB: 1.00,True,27,0,3.332204510175204
ce,ces,DET,DET,0.8764141494570885,0.6891209831462356,ADP,"DET: 0.88, ADP: 0.08",True,1960,0,7.581209826196346
deux,deux,NUM,NUM,0.21554851351024185,0.7519555130200147,DET,"DET: 0.78, NUM: 0.22",True,568,0,6.343880434126331
écozone,écozones,NOUN,NOUN,,,,,False,0,0,0.0
.,.,PUNCT,PUNCT,,,,,True,13366,0,9.500544261971474
un,Un,DET,DET,0.7741737557418163,1.1225809040946326,ADP,"DET: 0.77, ADP: 0.11, CCONJ: 0.09",True,8933,0,9.097619501912064
homme,homme,NOUN,NOUN,1.0,0.0,,NOUN: 1.00,True,213,0,5.365976015021851
avec,avec,ADP,ADP,0.8893781797851439,0.5017887113029871,CCONJ,"ADP: 0.89, CCONJ: 0.11",True,1225,0,7.111512116496157
un,un,DET,DET,0.7741737557418163,1.1225809040946326,ADP,"DET: 0.77, ADP: 0.11, CCONJ: 0.09",True,8933,0,9.097619501912064
téléphone,téléphone,NOUN,NOUN,0.6843897852084354,0.8995436921966117,PROPN,"NOUN: 0.68, PROPN: 0.32",True,15,0,2.772588722239781
sans,sans,ADP,ADP,0.16755719533164298,1.4014374668614333,DET,"DET: 0.61, CCONJ: 0.21, ADP: 0.17",True,220,0,5.3981627015177525
fil,fil,NOUN,NOUN,1.0,0.0,,NOUN: 1.00,True,11,0,2.4849066497880004
à,à,ADP,ADP,1.0,0.0,,ADP: 1.00,True,9366,0,9.14494815320913
le,la,DET,DET,0.8207496286735718,0.8327615029897053,ADP,"DET: 0.82, ADP: 0.15",True,38293,0,10.55304850493315
main,main,NOUN,NOUN,1.0,0.0,,NOUN: 1.00,True,49,0,3.912023005428146
être,est,AUX,AUX,0.4687470215317024,1.7986756264740116,SCONJ,"AUX: 0.47, SCONJ: 0.23, ADV: 0.20, CCONJ: 0.10",True,8404,0,9.036582045842716
entrer,entré,VERB,VERB,1.0,0.0,,VERB: 1.00,True,66,0,4.204692619390966
et,et,CCONJ,CCONJ,0.25644065667983523,1.7170903132548632,SCONJ,"SCONJ: 0.43, ADP: 0.28, CCONJ: 0.26",True,7215,0,8.88405606174246
lui,il,PRON,PRON,0.7173975220804439,1.0427392110337699,CCONJ,"PRON: 0.72, CCONJ: 0.24",True,5436,0,8.600982717145921
moi,m',PRON,PRON,0.7120466284894749,1.0523675190710984,CCONJ,"PRON: 0.71, CCONJ: 0.24",True,621,0,6.432940092739179
avoir,a,AUX,AUX,0.7537049139623345,0.8053529913575782,ADV,"AUX: 0.75, ADV: 0.25",True,2935,0,7.984803389734406
demander,demandé,VERB,VERB,1.0,0.0,,VERB: 1.00,True,95,0,4.564348191467836
:,:,PUNCT,PUNCT,,,,,True,739,0,6.606650186198215
«,«,PUNCT,PUNCT,,,,,True,866,0,6.7650389767805414
que,qu',PRON,PRON,0.11611059889321292,1.238361633076011,SCONJ,"SCONJ: 0.71, CCONJ: 0.15, PRON: 0.12",True,430,0,6.066108090103747
être,est,AUX,AUX,0.4687470215317024,1.7986756264740116,SCONJ,"AUX: 0.47, SCONJ: 0.23, ADV: 0.20, CCONJ: 0.10",True,8404,0,9.036582045842716
ce,ce,PRON,PRON,0.959635480454852,0.243961008701331,ADV,PRON: 0.96,True,855,0,6.752270376141742
que,que,SCONJ,PRON,0.6915510664276248,1.397369454710615,CCONJ,"SCONJ: 0.69, CCONJ: 0.17, PRON: 0.06, ADV: 0.05",True,1979,1,7.590852123688581
toi,tu,PRON,PRON,0.7692249084517204,1.000838428590945,CCONJ,"PRON: 0.77, CCONJ: 0.14, ADV: 0.09",True,29,0,3.4011973816621555
avoir,as,VERB,VERB,1.0,0.0,,VERB: 1.00,True,784,0,6.665683717782408
?,?,PUNCT,PUNCT,,,,,True,270,0,5.602118820879701
»,»,PUNCT,PUNCT,,,,,True,814,0,6.703188113240863
.,.,PUNCT,PUNCT,,,,,True,13366,0,9.500544261971474
église,Eglise,NOUN,NOUN,1.0,0.0,,NOUN: 1.00,True,172,0,5.153291594497779
Saint,Saint,PROPN,PROPN,1.0,0.0,,PROPN: 1.00,True,31,0,3.4657359027997265
Denis,Denis,PROPN,PROPN,,,,,True,3,0,1.3862943611198906
(,(,PUNCT,PUNCT,,,,,True,2211,0,7.701652362642226
XIIIe,XIIIe,ADJ,ADJ,,,,,True,9,0,2.302585092994046
",",",",PUNCT,PUNCT,,,,,True,16599,0,9.717157974344635
XIVe,XIVe,ADJ,ADJ,,,,,True,6,0,1.9459101490553132
",",",",PUNCT,PUNCT,,,,,True,16599,0,9.717157974344635
XVIe,XVIe,ADJ,ADJ,1.0,0.0,,ADJ: 1.00,True,17,0,2.8903717578961645
",",",",PUNCT,PUNCT,,,,,True,16599,0,9.717157974344635
XVIIIe,XVIIIe,ADJ,ADJ,1.0,0.0,,ADJ: 1.00,True,13,0,2.6390573296152584
siècle,siècles,NOUN,NOUN,1.0,0.0,,NOUN: 1.00,True,199,0,5.298317366548036
),),PUNCT,PUNCT,,,,,True,2204,0,7.6984827878809465
.,.,PUNCT,PUNCT,,,,,True,13366,0,9.500544261971474
Latour,Latour,PROPN,PROPN,,,,,True,2,0,1.0986122886681098
soi,se,PRON,PRON,0.8260631963800735,0.8193543183609986,CCONJ,"PRON: 0.83, CCONJ: 0.12, ADV: 0.05",True,2063,0,7.6324011266014535
tourner,tourne,VERB,VERB,1.0,0.0,,VERB: 1.00,True,38,0,3.6635616461296463
ensuite,ensuite,ADV,ADV,1.0,0.0,,ADV: 1.00,True,116,0,4.762173934797756
vers,vers,ADP,ADP,1.0,0.0,,ADP: 1.00,True,186,0,5.231108616854587
un,des,DET,DET,0.7741737557418163,1.1225809040946326,ADP,"DET: 0.77, ADP: 0.11, CCONJ: 0.09",True,8933,0,9.097619501912064
travail,travaux,NOUN,NOUN,1.0,0.0,,NOUN: 1.00,True,140,0,4.948759890378168
plus,plus,ADV,ADV,0.7196677710684014,0.8559031009192263,CCONJ,"ADV: 0.72, CCONJ: 0.28",True,1173,0,7.068172000388042
théorique,théoriques,ADJ,ADJ,,,,,True,8,0,2.1972245773362196
et,et,CCONJ,CCONJ,0.25644065667983523,1.7170903132548632,SCONJ,"SCONJ: 0.43, ADP: 0.28, CCONJ: 0.26",True,7215,0,8.88405606174246
programmatique,programmatiques,ADJ,ADJ,,,,,False,0,0,0.0
.,.,PUNCT,PUNCT,,,,,True,13366,0,9.500544261971474
Tam,Tam,PROPN,PROPN,,,,,False,0,0,0.0
jouer,joue,VERB,VERB,1.0,0.0,,VERB: 1.00,True,142,0,4.962844630259907
depuis,depuis,ADP,ADP,0.8904909671962399,0.49843327450209446,CCONJ,"ADP: 0.89, CCONJ: 0.11",True,283,0,5.648974238161206
le,la,DET,DET,0.8207496286735718,0.8327615029897053,ADP,"DET: 0.82, ADP: 0.15",True,38293,0,10.55304850493315
saison,saison,NOUN,NOUN,1.0,0.0,,NOUN: 1.00,True,150,0,5.017279836814924
2007-2008,2007-2008,NUM,NUM,,,,,True,1,0,0.6931471805599453
avec,avec,ADP,ADP,0.8893781797851439,0.5017887113029871,CCONJ,"ADP: 0.89, CCONJ: 0.11",True,1225,0,7.111512116496157
le,les,DET,DET,0.8207496286735718,0.8327615029897053,ADP,"DET: 0.82, ADP: 0.15",True,38293,0,10.55304850493315
Remparts,Remparts,PROPN,PROPN,,,,,False,0,0,0.0
de,de,ADP,ADP,0.7886818615006483,0.7439947701431047,CCONJ,"ADP: 0.79, CCONJ: 0.21",True,27784,0,10.232251585714021
Québec,Québec,PROPN,PROPN,0.8563138079921246,0.5938117970358255,NOUN,"PROPN: 0.86, NOUN: 0.14",True,36,0,3.6109179126442243
de,de,ADP,ADP,0.7886818615006483,0.7439947701431047,CCONJ,"ADP: 0.79, CCONJ: 0.21",True,27784,0,10.232251585714021
le,la,DET,DET,0.8207496286735718,0.8327615029897053,ADP,"DET: 0.82, ADP: 0.15",True,38293,0,10.55304850493315
ligue,Ligue,NOUN,NOUN,1.0,0.0,,NOUN: 1.00,True,57,0,4.060443010546419
de,de,ADP,ADP,0.7886818615006483,0.7439947701431047,CCONJ,"ADP: 0.79, CCONJ: 0.21",True,27784,0,10.232251585714021
hockey,hockey,NOUN,NOUN,0.17829569126244352,1.1385536509371315,PROPN,"PROPN: 0.71, NOUN: 0.18, NUM: 0.11",True,29,0,3.4011973816621555
junior,junior,ADJ,ADJ,,,,,True,6,0,1.9459101490553132
majeur,majeur,ADJ,ADJ,1.0,0.0,,ADJ: 1.00,True,39,0,3.6888794541139363
de,de,ADP,ADP,0.7886818615006483,0.7439947701431047,CCONJ,"ADP: 0.79, CCONJ: 0.21",True,27784,0,10.232251585714021
le,le,DET,DET,0.8207496286735718,0.8327615029897053,ADP,"DET: 0.82, ADP: 0.15",True,38293,0,10.55304850493315
Québec,Québec,PROPN,PROPN,0.8563138079921246,0.5938117970358255,NOUN,"PROPN: 0.86, NOUN: 0.14",True,36,0,3.6109179126442243
.,.,PUNCT,PUNCT,,,,,True,13366,0,9.500544261971474
le,L',DET,DET,0.8207496286735718,0.8327615029897053,ADP,"DET: 0.82, ADP: 0.15",True,38293,0,10.55304850493315
association,association,NOUN,NOUN,1.0,0.0,,NOUN: 1.00,True,74,0,4.31748811353631
de,de,ADP,ADP,0.7886818615006483,0.7439947701431047,CCONJ,"ADP: 0.79, CCONJ: 0.21",True,27784,0,10.232251585714021
le,les,DET,DET,0.8207496286735718,0.8327615029897053,ADP,"DET: 0.82, ADP: 0.15",True,38293,0,10.55304850493315
producteur,producteurs,NOUN,NOUN,1.0,0.0,,NOUN: 1.00,True,27,0,3.332204510175204
de,de,ADP,ADP,0.7886818615006483,0.7439947701431047,CCONJ,"ADP: 0.79, CCONJ: 0.21",True,27784,0,10.232251585714021
fruit,fruits,NOUN,NOUN,1.0,0.0,,NOUN: 1.00,True,16,0,2.833213344056216
de,de,ADP,ADP,0.7886818615006483,0.7439947701431047,CCONJ,"ADP: 0.79, CCONJ: 0.21",True,27784,0,10.232251585714021
Saverne,Saverne,PROPN,PROPN,,,,,False,0,0,0.0
et,et,CCONJ,CCONJ,0.25644065667983523,1.7170903132548632,SCONJ,"SCONJ: 0.43, ADP: 0.28, CCONJ: 0.26",True,7215,0,8.88405606174246
environs,environs,NOUN,NOUN,,,,,True,5,0,1.791759469228055
organiser,organise,VERB,VERB,1.0,0.0,,VERB: 1.00,True,85,0,4.454347296253507
un,un,DET,DET,0.7741737557418163,1.1225809040946326,ADP,"DET: 0.77, ADP: 0.11, CCONJ: 0.09",True,8933,0,9.097619501912064
cours,cours,NOUN,NOUN,1.0,0.0,,NOUN: 1.00,True,164,0,5.10594547390058
de,de,ADP,ADP,0.7886818615006483,0.7439947701431047,CCONJ,"ADP: 0.79, CCONJ: 0.21",True,27784,0,10.232251585714021
taille,taille,NOUN,NOUN,1.0,0.0,,NOUN: 1.00,True,33,0,3.5263605246161616
de,d',ADP,ADP,0.7886818615006483,0.7439947701431047,CCONJ,"ADP: 0.79, CCONJ: 0.21",True,27784,0,10.232251585714021
arbre,arbres,NOUN,NOUN,1.0,0.0,,NOUN: 1.00,True,29,0,3.4011973816621555
fruitier,fruitiers,ADJ,ADJ,,,,,False,0,0,0.0
et,et,CCONJ,CCONJ,0.25644065667983523,1.7170903132548632,SCONJ,"SCONJ: 0.43, ADP: 0.28, CCONJ: 0.26",True,7215,0,8.88405606174246
de,d',ADP,ADP,0.7886818615006483,0.7439947701431047,CCONJ,"ADP: 0.79, CCONJ: 0.21",True,27784,0,10.232251585714021
ornement,ornement,NOUN,NOUN,,,,,True,3,0,1.3862943611198906
.,.,PUNCT,PUNCT,,,,,True,13366,0,9.500544261971474
si,Si,SCONJ,SCONJ,0.6874457760699145,1.332794651946429,CCONJ,"SCONJ: 0.69, CCONJ: 0.17, PRON: 0.10",True,251,0,5.529429087511423
le,l',DET,DET,0.8207496286735718,0.8327615029897053,ADP,"DET: 0.82, ADP: 0.15",True,38293,0,10.55304850493315
organisation,organisation,NOUN,NOUN,1.0,0.0,,NOUN: 1.00,True,77,0,4.356708826689592
être,est,AUX,AUX,0.4687470215317024,1.7986756264740116,SCONJ,"AUX: 0.47, SCONJ: 0.23, ADV: 0.20, CCONJ: 0.10",True,8404,0,9.036582045842716
libre,libre,ADJ,ADJ,1.0,0.0,,ADJ: 1.00,True,37,0,3.6375861597263857
",",",",PUNCT,PUNCT,,,,,True,16599,0,9.717157974344635
Mgr,Mgr,PROPN,PROPN,,,,,True,2,0,1.0986122886681098
Lebrun,Lebrun,PROPN,PROPN,,,,,False,0,0,0.0
insister,insiste,VERB,VERB,,,,,True,9,0,2.302585092994046
sur,sur,ADP,ADP,1.0,0.0,,ADP: 1.00,True,1482,0,7.301822342137932
«,«,PUNCT,PUNCT,,,,,True,866,0,6.7650389767805414
deux,deux,NUM,NUM,0.21554851351024185,0.7519555130200147,DET,"DET: 0.78, NUM: 0.22",True,568,0,6.343880434126331
pilier,piliers,NOUN,NOUN,1.0,0.0,,NOUN: 1.00,True,14,0,2.70805020110221
:,:,PUNCT,PUNCT,,,,,True,739,0,6.606650186198215
le,la,DET,DET,0.8207496286735718,0.8327615029897053,ADP,"DET: 0.82, ADP: 0.15",True,38293,0,10.55304850493315
prière,prière,NOUN,NOUN,1.0,0.0,,NOUN: 1.00,True,13,0,2.6390573296152584
avec,avec,ADP,ADP,0.8893781797851439,0.5017887113029871,CCONJ,"ADP: 0.89, CCONJ: 0.11",True,1225,0,7.111512116496157
le,la,DET,DET,0.8207496286735718,0.8327615029897053,ADP,"DET: 0.82, ADP: 0.15",True,38293,0,10.55304850493315
Parole,Parole,PROPN,NOUN,,,,,False,0,1,0.0
et,et,CCONJ,CCONJ,0.25644065667983523,1.7170903132548632,SCONJ,"SCONJ: 0.43, ADP: 0.28, CCONJ: 0.26",True,7215,0,8.88405606174246
le,la,DET,DET,0.8207496286735718,0.8327615029897053,ADP,"DET: 0.82, ADP: 0.15",True,38293,0,10.55304850493315
charité,charité,NOUN,NOUN,,,,,True,5,0,1.791759469228055
»,»,PUNCT,PUNCT,,,,,True,814,0,6.703188113240863
.,.,PUNCT,PUNCT,,,,,True,13366,0,9.500544261971474
on,On,PRON,PRON,0.5432191123278096,1.5995967780630704,SCONJ,"PRON: 0.54, SCONJ: 0.23, CCONJ: 0.19",True,554,0,6.318968113746434
pouvoir,peut,VERB,VERB,0.9326172400615902,0.3560798311098319,ADJ,"VERB: 0.93, ADJ: 0.07",True,599,0,6.396929655216146
arriver,arriver,VERB,VERB,1.0,0.0,,VERB: 1.00,True,98,0,4.59511985013459
à,à,ADP,ADP,1.0,0.0,,ADP: 1.00,True,9366,0,9.14494815320913
Verrès,Verrès,PROPN,PROPN,,,,,False,0,0,0.0
aussi,aussi,ADV,ADV,1.0,0.0,,ADV: 1.00,True,349,0,5.857933154483459
par,par,ADP,ADP,1.0,0.0,,ADP: 1.00,True,2183,0,7.688913336864796
le,la,DET,DET,0.8207496286735718,0.8327615029897053,ADP,"DET: 0.82, ADP: 0.15",True,38293,0,10.55304850493315
route,route,NOUN,NOUN,1.0,0.0,,NOUN: 1.00,True,67,0,4.219507705176107
national,nationale,ADJ,ADJ,1.0,0.0,,ADJ: 1.00,True,180,0,5.198497031265826
26,26,NUM,NUM,1.0,0.0,,NUM: 1.00,True,45,0,3.828641396489095
de,de,ADP,ADP,0.7886818615006483,0.7439947701431047,CCONJ,"ADP: 0.79, CCONJ: 0.21",True,27784,0,10.232251585714021
le,la,DET,DET,0.8207496286735718,0.8327615029897053,ADP,"DET: 0.82, ADP: 0.15",True,38293,0,10.55304850493315
Vallée,Vallée,PROPN,NOUN,,,,,False,0,1,0.0
de,d',ADP,ADP,0.7886818615006483,0.7439947701431047,CCONJ,"ADP: 0.79, CCONJ: 0.21",True,27784,0,10.232251585714021
Aoste,Aoste,PROPN,PROPN,,,,,True,1,0,0.6931471805599453
(,(,PUNCT,PUNCT,,,,,True,2211,0,7.701652362642226
de,de,ADP,ADP,0.7886818615006483,0.7439947701431047,CCONJ,"ADP: 0.79, CCONJ: 0.21",True,27784,0,10.232251585714021
le,le,DET,DET,0.8207496286735718,0.8327615029897053,ADP,"DET: 0.82, ADP: 0.15",True,38293,0,10.55304850493315
col,col,NOUN,NOUN,,,,,True,10,0,2.3978952727983707
de,de,ADP,ADP,0.7886818615006483,0.7439947701431047,CCONJ,"ADP: 0.79, CCONJ: 0.21",True,27784,0,10.232251585714021
le,le,DET,DET,0.8207496286735718,0.8327615029897053,ADP,"DET: 0.82, ADP: 0.15",True,38293,0,10.55304850493315
Petit-Saint-Bernard,Petit-Saint-Bernard,PROPN,PROPN,,,,,True,1,0,0.6931471805599453
),),PUNCT,PUNCT,,,,,True,2204,0,7.6984827878809465
.,.,PUNCT,PUNCT,,,,,True,13366,0,9.500544261971474
si,Si,SCONJ,SCONJ,0.6874457760699145,1.332794651946429,CCONJ,"SCONJ: 0.69, CCONJ: 0.17, PRON: 0.10",True,251,0,5.529429087511423
",",",",PUNCT,PUNCT,,,,,True,16599,0,9.717157974344635
ce,ce,PRON,PRON,0.959635480454852,0.243961008701331,ADV,PRON: 0.96,True,855,0,6.752270376141742
qui,qui,PRON,PRON,0.8171669946022245,0.8424411100711472,CCONJ,"PRON: 0.82, CCONJ: 0.13, ADV: 0.05",True,1916,0,7.558516743045645
être,est,AUX,AUX,0.4687470215317024,1.7986756264740116,SCONJ,"AUX: 0.47, SCONJ: 0.23, ADV: 0.20, CCONJ: 0.10",True,8404,0,9.036582045842716
probable,probable,ADJ,ADJ,,,,,True,10,0,2.3978952727983707
",",",",PUNCT,PUNCT,,,,,True,16599,0,9.717157974344635
le,le,DET,DET,0.8207496286735718,0.8327615029897053,ADP,"DET: 0.82, ADP: 0.15",True,38293,0,10.55304850493315
premier,Premier,ADJ,ADJ,1.0,0.0,,ADJ: 1.00,True,675,0,6.516193076042964
ministre,ministre,NOUN,NOUN,1.0,0.0,,NOUN: 1.00,True,83,0,4.430816798843313
grec,grec,ADJ,ADJ,1.0,0.0,,ADJ: 1.00,True,25,0,3.258096538021482
aller,va,VERB,VERB,1.0,0.0,,VERB: 1.00,True,221,0,5.402677381872279
à,à,ADP,ADP,1.0,0.0,,ADP: 1.00,True,9366,0,9.14494815320913
le,le,DET,DET,0.8207496286735718,0.8327615029897053,ADP,"DET: 0.82, ADP: 0.15",True,38293,0,10.55304850493315
bout,bout,NOUN,NOUN,1.0,0.0,,NOUN: 1.00,True,15,0,2.772588722239781
de,de,ADP,ADP,0.7886818615006483,0.7439947701431047,CCONJ,"ADP: 0.79, CCONJ: 0.21",True,27784,0,10.232251585714021
son,sa,DET,DET,0.8481722905876147,0.863954061477403,CCONJ,"DET: 0.85, CCONJ: 0.08",True,3876,0,8.262816937670928
décision,décision,NOUN,NOUN,1.0,0.0,,NOUN: 1.00,True,44,0,3.8066624897703196
et,et,CCONJ,CCONJ,0.25644065667983523,1.7170903132548632,SCONJ,"SCONJ: 0.43, ADP: 0.28, CCONJ: 0.26",True,7215,0,8.88405606174246
que,que,SCONJ,SCONJ,0.6915510664276248,1.397369454710615,CCONJ,"SCONJ: 0.69, CCONJ: 0.17, PRON: 0.06, ADV: 0.05",True,1979,0,7.590852123688581
son,ses,DET,DET,0.8481722905876147,0.863954061477403,CCONJ,"DET: 0.85, CCONJ: 0.08",True,3876,0,8.262816937670928
compatriote,compatriotes,NOUN,NOUN,,,,,True,9,0,2.302585092994046
rejeter,rejettent,VERB,VERB,1.0,0.0,,VERB: 1.00,True,15,0,2.772588722239781
le,le,DET,DET,0.8207496286735718,0.8327615029897053,ADP,"DET: 0.82, ADP: 0.15",True,38293,0,10.55304850493315
plan,plan,NOUN,NOUN,1.0,0.0,,NOUN: 1.00,True,60,0,4.110873864173311
de,de,ADP,ADP,0.7886818615006483,0.7439947701431047,CCONJ,"ADP: 0.79, CCONJ: 0.21",True,27784,0,10.232251585714021
sauvetage,sauvetage,NOUN,NOUN,0.147156700508645,1.0472488097994406,PROPN,"PROPN: 0.75, NOUN: 0.15, NUM: 0.10",True,11,0,2.4849066497880004
financier,financier,ADJ,ADJ,1.0,0.0,,ADJ: 1.00,True,41,0,3.7376696182833684
européen,européen,ADJ,ADJ,1.0,0.0,,ADJ: 1.00,True,124,0,4.8283137373023015
",",",",PUNCT,PUNCT,,,,,True,16599,0,9.717157974344635
le,la,DET,DET,0.8207496286735718,0.8327615029897053,ADP,"DET: 0.82, ADP: 0.15",True,38293,0,10.55304850493315
sortie,sortie,NOUN,NOUN,1.0,0.0,,NOUN: 1.00,True,29,0,3.4011973816621555
de,de,ADP,ADP,0.7886818615006483,0.7439947701431047,CCONJ,"ADP: 0.79, CCONJ: 0.21",True,27784,0,10.232251585714021
son,leur,DET,DET,0.8481722905876147,0.863954061477403,CCONJ,"DET: 0.85, CCONJ: 0.08",True,3876,0,8.262816937670928
pays,pays,NOUN,NOUN,1.0,0.0,,NOUN: 1.00,True,251,0,5.529429087511423
de,de,ADP,ADP,0.7886818615006483,0.7439947701431047,CCONJ,"ADP: 0.79, CCONJ: 0.21",True,27784,0,10.232251585714021
le,la,DET,DET,0.8207496286735718,0.8327615029897053,ADP,"DET: 0.82, ADP: 0.15",True,38293,0,10.55304850493315
zone,zone,NOUN,NOUN,1.0,0.0,,NOUN: 1.00,True,87,0,4.477336814478207
Euro,Euro,PROPN,PROPN,,,,,True,4,0,1.6094379124341003
en,en,PRON,PRON,0.8274129668391818,0.8153940727922449,CCONJ,"PRON: 0.83, CCONJ: 0.12, ADV: 0.05",True,246,0,5.5093883366279774
être,sera,AUX,AUX,0.4687470215317024,1.7986756264740116,SCONJ,"AUX: 0.47, SCONJ: 0.23, ADV: 0.20, CCONJ: 0.10",True,8404,0,9.036582045842716
inéluctable,inéluctable,ADJ,ADJ,,,,,False,0,0,0.0
et,et,CCONJ,CCONJ,0.25644065667983523,1.7170903132548632,SCONJ,"SCONJ: 0.43, ADP: 0.28, CCONJ: 0.26",True,7215,0,8.88405606174246
",",",",PUNCT,PUNCT,,,,,True,16599,0,9.717157974344635
par,par,ADP,ADP,1.0,0.0,,ADP: 1.00,True,2183,0,7.688913336864796
effet,effet,NOUN,NOUN,1.0,0.0,,NOUN: 1.00,True,138,0,4.9344739331306915
induit,induit,ADJ,VERB,,,,,False,0,1,0.0
",",",",PUNCT,PUNCT,,,,,True,16599,0,9.717157974344635
le,l',DET,DET,0.8207496286735718,0.8327615029897053,ADP,"DET: 0.82, ADP: 0.15",True,38293,0,10.55304850493315
éclatement,éclatement,NOUN,NOUN,,,,,True,1,0,0.6931471805599453
de,de,ADP,ADP,0.7886818615006483,0.7439947701431047,CCONJ,"ADP: 0.79, CCONJ: 0.21",True,27784,0,10.232251585714021
celui-ci,celle-ci,PRON,PRON,0.945788582126471,0.3040242868036479,ADV,"PRON: 0.95, ADV: 0.05",True,111,0,4.718498871295094
.,.,PUNCT,PUNCT,,,,,True,13366,0,9.500544261971474
le,Le,DET,DET,0.8207496286735718,0.8327615029897053,ADP,"DET: 0.82, ADP: 0.15",True,38293,0,10.55304850493315
conseil,conseil,NOUN,NOUN,1.0,0.0,,NOUN: 1.00,True,122,0,4.812184355372417
général,général,ADJ,ADJ,1.0,0.0,,ADJ: 1.00,True,117,0,4.770684624465665
de,de,ADP,ADP,0.7886818615006483,0.7439947701431047,CCONJ,"ADP: 0.79, CCONJ: 0.21",True,27784,0,10.232251585714021
le,le,DET,DET,0.8207496286735718,0.8327615029897053,ADP,"DET: 0.82, ADP: 0.15",True,38293,0,10.55304850493315
Haut-Rhin,Haut-Rhin,PROPN,PROPN,,,,,True,1,0,0.6931471805599453
lui,lui,PRON,PRON,0.7173975220804439,1.0427392110337699,CCONJ,"PRON: 0.72, CCONJ: 0.24",True,5436,0,8.600982717145921
avoir,a,AUX,AUX,0.7537049139623345,0.8053529913575782,ADV,"AUX: 0.75, ADV: 0.25",True,2935,0,7.984803389734406
confier,confié,VERB,VERB,1.0,0.0,,VERB: 1.00,True,25,0,3.258096538021482
le,la,DET,DET,0.8207496286735718,0.8327615029897053,ADP,"DET: 0.82, ADP: 0.15",True,38293,0,10.55304850493315
réalisation,réalisation,NOUN,NOUN,1.0,0.0,,NOUN: 1.00,True,23,0,3.1780538303479458
de,de,ADP,ADP,0.7886818615006483,0.7439947701431047,CCONJ,"ADP: 0.79, CCONJ: 0.21",True,27784,0,10.232251585714021
son,sa,DET,DET,0.8481722905876147,0.863954061477403,CCONJ,"DET: 0.85, CCONJ: 0.08",True,3876,0,8.262816937670928
signalisation,signalisation,NOUN,NOUN,,,,,True,1,0,0.6931471805599453
.,.,PUNCT,PUNCT,,,,,True,13366,0,9.500544261971474
Simon,Simon,PROPN,PROPN,,,,,True,8,0,2.1972245773362196
Kessler,Kessler,PROPN,PROPN,,,,,False,0,0,0.0
(,(,PUNCT,PUNCT,,,,,True,2211,0,7.701652362642226
naître,né,VERB,VERB,0.9307008365025946,0.36330280715123003,ADJ,"VERB: 0.93, ADJ: 0.07",True,347,0,5.8522024797744745
le,le,DET,DET,0.8207496286735718,0.8327615029897053,ADP,"DET: 0.82, ADP: 0.15",True,38293,0,10.55304850493315
14,14,NUM,NUM,1.0,0.0,,NUM: 1.00,True,59,0,4.0943445622221
mars,mars,NOUN,NOUN,1.0,0.0,,NOUN: 1.00,True,123,0,4.820281565605037
1975,1975,NUM,NUM,1.0,0.0,,NUM: 1.00,True,21,0,3.091042453358316
à,à,ADP,ADP,1.0,0.0,,ADP: 1.00,True,9366,0,9.14494815320913
Johannesburg,Johannesburg,PROPN,PROPN,,,,,True,1,0,0.6931471805599453
),),PUNCT,PUNCT,,,,,True,2204,0,7.6984827878809465
être,est,AUX,AUX,0.4687470215317024,1.7986756264740116,SCONJ,"AUX: 0.47, SCONJ: 0.23, ADV: 0.20, CCONJ: 0.10",True,8404,0,9.036582045842716
un,un,DET,DET,0.7741737557418163,1.1225809040946326,ADP,"DET: 0.77, ADP: 0.11, CCONJ: 0.09",True,8933,0,9.097619501912064
coureur,coureur,NOUN,NOUN,1.0,0.0,,NOUN: 1.00,True,12,0,2.5649493574615367
cycliste,cycliste,ADJ,ADJ,,,,,True,8,0,2.1972245773362196
professionnel,professionnel,ADJ,ADJ,1.0,0.0,,ADJ: 1.00,True,67,0,4.219507705176107
sud-africain,sud-africain,ADJ,ADJ,,,,,True,2,0,1.0986122886681098
.,.,PUNCT,PUNCT,,,,,True,13366,0,9.500544261971474
"""","""",PUNCT,PUNCT,,,,,True,819,0,6.709304340258298
St.,St.,PROPN,PROPN,,,,,True,2,0,1.0986122886681098
Anger,Anger,PROPN,PROPN,,,,,False,0,0,0.0
"""","""",PUNCT,PUNCT,,,,,True,819,0,6.709304340258298
être,est,AUX,AUX,0.4687470215317024,1.7986756264740116,SCONJ,"AUX: 0.47, SCONJ: 0.23, ADV: 0.20, CCONJ: 0.10",True,8404,0,9.036582045842716
le,le,DET,DET,0.8207496286735718,0.8327615029897053,ADP,"DET: 0.82, ADP: 0.15",True,38293,0,10.55304850493315
premier,premier,ADJ,ADJ,1.0,0.0,,ADJ: 1.00,True,675,0,6.516193076042964
single,single,NOUN,NOUN,1.0,0.0,,NOUN: 1.00,True,26,0,3.295836866004329
de,de,ADP,ADP,0.7886818615006483,0.7439947701431047,CCONJ,"ADP: 0.79, CCONJ: 0.21",True,27784,0,10.232251585714021
le,le,DET,DET,0.8207496286735718,0.8327615029897053,ADP,"DET: 0.82, ADP: 0.15",True,38293,0,10.55304850493315
8ème,8ème,ADJ,ADJ,,,,,False,0,0,0.0
album,album,NOUN,NOUN,1.0,0.0,,NOUN: 1.00,True,120,0,4.795790545596741
studio,studio,NOUN,NOUN,1.0,0.0,,NOUN: 1.00,True,36,0,3.6109179126442243
de,de,ADP,ADP,0.7886818615006483,0.7439947701431047,CCONJ,"ADP: 0.79, CCONJ: 0.21",True,27784,0,10.232251585714021
Metallica,Metallica,PROPN,PROPN,,,,,True,1,0,0.6931471805599453
de,de,ADP,ADP,0.7886818615006483,0.7439947701431047,CCONJ,"ADP: 0.79, CCONJ: 0.21",True,27784,0,10.232251585714021
le,le,DET,DET,0.8207496286735718,0.8327615029897053,ADP,"DET: 0.82, ADP: 0.15",True,38293,0,10.55304850493315
même,même,ADJ,ADJ,1.0,0.0,,ADJ: 1.00,True,226,0,5.424950017481403
nom,nom,NOUN,NOUN,1.0,0.0,,NOUN: 1.00,True,268,0,5.594711379601839
.,.,PUNCT,PUNCT,,,,,True,13366,0,9.500544261971474
idem,Idem,ADV,INTJ,,,,,True,1,1,0.6931471805599453
pour,pour,ADP,ADP,0.7890790430468303,0.7432394314397186,CCONJ,"ADP: 0.79, CCONJ: 0.21",True,2242,0,7.715569534520208
le,l',DET,DET,0.8207496286735718,0.8327615029897053,ADP,"DET: 0.82, ADP: 0.15",True,38293,0,10.55304850493315
achèvement,achèvement,NOUN,NOUN,,,,,True,2,0,1.0986122886681098
de,de,ADP,ADP,0.7886818615006483,0.7439947701431047,CCONJ,"ADP: 0.79, CCONJ: 0.21",True,27784,0,10.232251585714021
le,l',DET,DET,0.8207496286735718,0.8327615029897053,ADP,"DET: 0.82, ADP: 0.15",True,38293,0,10.55304850493315
autoroute,autoroute,NOUN,NOUN,,,,,True,10,0,2.3978952727983707
est,Est,NOUN,PROPN,0.5037085987342848,0.999960314833357,PROPN,"NOUN: 0.50, PROPN: 0.50",True,49,1,3.912023005428146
-,-,PUNCT,PUNCT,,,,,True,66,0,4.204692619390966
ouest,Ouest,NOUN,NOUN,0.3097563453669637,0.8928920007392672,PROPN,"PROPN: 0.69, NOUN: 0.31",True,54,0,4.007333185232471
qui,qui,PRON,PRON,0.8171669946022245,0.8424411100711472,CCONJ,"PRON: 0.82, CCONJ: 0.13, ADV: 0.05",True,1916,0,7.558516743045645
relier,relie,VERB,VERB,1.0,0.0,,VERB: 1.00,True,34,0,3.5553480614894135
le,la,DET,DET,0.8207496286735718,0.8327615029897053,ADP,"DET: 0.82, ADP: 0.15",True,38293,0,10.55304850493315
frontière,frontière,NOUN,NOUN,1.0,0.0,,NOUN: 1.00,True,39,0,3.6888794541139363
de,de,ADP,ADP,0.7886818615006483,0.7439947701431047,CCONJ,"ADP: 0.79, CCONJ: 0.21",True,27784,0,10.232251585714021
le,le,DET,DET,0.8207496286735718,0.8327615029897053,ADP,"DET: 0.82, ADP: 0.15",True,38293,0,10.55304850493315
Maroc,Maroc,PROPN,PROPN,0.8274137328719314,0.6635870045455844,NOUN,"PROPN: 0.83, NOUN: 0.17",True,71,0,4.276666119016055
à,à,ADP,ADP,1.0,0.0,,ADP: 1.00,True,9366,0,9.14494815320913
celui,celle,PRON,PRON,0.5172312419604586,1.7291498109731305,NOUN,"PRON: 0.52, NOUN: 0.23, PROPN: 0.14, VERB: 0.11",True,278,0,5.631211781821365
de,de,ADP,ADP,0.7886818615006483,0.7439947701431047,CCONJ,"ADP: 0.79, CCONJ: 0.21",True,27784,0,10.232251585714021
le,la,DET,DET,0.8207496286735718,0.8327615029897053,ADP,"DET: 0.82, ADP: 0.15",True,38293,0,10.55304850493315
Tunisie,Tunisie,PROPN,PROPN,0.9942003337120391,0.05143328348093558,NOUN,PROPN: 0.99,True,12,0,2.5649493574615367
.,.,PUNCT,PUNCT,,,,,True,13366,0,9.500544261971474
à,à,ADP,ADP,1.0,0.0,,ADP: 1.00,True,9366,0,9.14494815320913
le,le,DET,DET,0.8207496286735718,0.8327615029897053,ADP,"DET: 0.82, ADP: 0.15",True,38293,0,10.55304850493315
milieu,milieu,NOUN,NOUN,1.0,0.0,,NOUN: 1.00,True,81,0,4.406719247264253
de,de,ADP,ADP,0.7886818615006483,0.7439947701431047,CCONJ,"ADP: 0.79, CCONJ: 0.21",True,27784,0,10.232251585714021
le,le,DET,DET,0.8207496286735718,0.8327615029897053,ADP,"DET: 0.82, ADP: 0.15",True,38293,0,10.55304850493315
VIIIe,VIIIe,ADJ,ADJ,,,,,True,4,0,1.6094379124341003
siècle,siècle,NOUN,NOUN,1.0,0.0,,NOUN: 1.00,True,199,0,5.298317366548036
",",",",PUNCT,PUNCT,,,,,True,16599,0,9.717157974344635
un,un,DET,DET,0.7741737557418163,1.1225809040946326,ADP,"DET: 0.77, ADP: 0.11, CCONJ: 0.09",True,8933,0,9.097619501912064
prédicateur,prédicateur,NOUN,NOUN,,,,,False,0,0,0.0
de,de,ADP,ADP,0.7886818615006483,0.7439947701431047,CCONJ,"ADP: 0.79, CCONJ: 0.21",True,27784,0,10.232251585714021
Bassora,Bassora,PROPN,PROPN,,,,,False,0,0,0.0
",",",",PUNCT,PUNCT,,,,,True,16599,0,9.717157974344635
Abdullah,Abdullah,PROPN,PROPN,,,,,True,3,0,1.3862943611198906
bin,bin,X,X,,,,,False,0,0,0.0
Yahya,Yahya,PROPN,PROPN,,,,,True,1,0,0.6931471805599453
",",",",PUNCT,PUNCT,,,,,True,16599,0,9.717157974344635
parvenir,parvient,VERB,VERB,1.0,0.0,,VERB: 1.00,True,62,0,4.143134726391533
en,en,ADP,ADP,0.21695278762461512,1.4815638486393006,DET,"DET: 0.51, CCONJ: 0.27, ADP: 0.22",True,5233,0,8.562931083090092
Hadramaout,Hadramaout,PROPN,PROPN,,,,,True,1,0,0.6931471805599453
",",",",PUNCT,PUNCT,,,,,True,16599,0,9.717157974344635
établir,établit,VERB,VERB,1.0,0.0,,VERB: 1.00,True,65,0,4.189654742026425
le,le,DET,DET,0.8207496286735718,0.8327615029897053,ADP,"DET: 0.82, ADP: 0.15",True,38293,0,10.55304850493315
rite,rite,NOUN,NOUN,,,,,True,8,0,2.1972245773362196
Ibadhi,Ibadhi,PROPN,PROPN,,,,,False,0,0,0.0
.,.,PUNCT,PUNCT,,,,,True,13366,0,9.500544261971474
pour,Pour,ADP,ADP,0.7890790430468303,0.7432394314397186,CCONJ,"ADP: 0.79, CCONJ: 0.21",True,2242,0,7.715569534520208
Pokémon,Pokémon,PROPN,PROPN,0.0,0.0,NOUN,NOUN: 1.00,True,11,0,2.4849066497880004
",",",",PUNCT,PUNCT,,,,,True,16599,0,9.717157974344635
lui,il,PRON,PRON,0.7173975220804439,1.0427392110337699,CCONJ,"PRON: 0.72, CCONJ: 0.24",True,5436,0,8.600982717145921
en,en,PRON,PRON,0.8274129668391818,0.8153940727922449,CCONJ,"PRON: 0.83, CCONJ: 0.12, ADV: 0.05",True,246,0,5.5093883366279774
falloir,faut,VERB,VERB,1.0,0.0,,VERB: 1.00,True,108,0,4.6913478822291435
exactement,exactement,ADV,ADV,,,,,True,7,0,2.0794415416798357
60,60,NUM,NUM,0.2630747692364376,0.8313508854543913,DET,"DET: 0.74, NUM: 0.26",True,25,0,3.258096538021482
.,.,PUNCT,PUNCT,,,,,True,13366,0,9.500544261971474
son,Son,DET,DET,0.8481722905876147,0.863954061477403,CCONJ,"DET: 0.85, CCONJ: 0.08",True,3876,0,8.262816937670928
coût,coût,NOUN,NOUN,1.0,0.0,,NOUN: 1.00,True,25,0,3.258096538021482
(,(,PUNCT,PUNCT,,,,,True,2211,0,7.701652362642226
en,en,ADP,ADP,0.21695278762461512,1.4815638486393006,DET,"DET: 0.51, CCONJ: 0.27, ADP: 0.22",True,5233,0,8.562931083090092
investissement,investissements,NOUN,NOUN,1.0,0.0,,NOUN: 1.00,True,13,0,2.6390573296152584
seulement,seulement,ADV,ADV,1.0,0.0,,ADV: 1.00,True,67,0,4.219507705176107
),),PUNCT,PUNCT,,,,,True,2204,0,7.6984827878809465
être,est,AUX,AUX,0.4687470215317024,1.7986756264740116,SCONJ,"AUX: 0.47, SCONJ: 0.23, ADV: 0.20, CCONJ: 0.10",True,8404,0,9.036582045842716
chiffrer,chiffré,VERB,VERB,,,,,True,1,0,0.6931471805599453
à,à,ADP,ADP,1.0,0.0,,ADP: 1.00,True,9366,0,9.14494815320913
"21,4","21,4",NUM,NUM,,,,,False,0,0,0.0
milliard,milliards,NOUN,NOUN,1.0,0.0,,NOUN: 1.00,True,37,0,3.6375861597263857
de,d',ADP,ADP,0.7886818615006483,0.7439947701431047,CCONJ,"ADP: 0.79, CCONJ: 0.21",True,27784,0,10.232251585714021
euro,euros,NOUN,NOUN,0.1819055257705694,1.3686692798770292,PROPN,"PROPN: 0.60, NUM: 0.22, NOUN: 0.18",True,65,0,4.189654742026425
par,par,ADP,ADP,1.0,0.0,,ADP: 1.00,True,2183,0,7.688913336864796
M.,M.,NOUN,NOUN,0.0058262554976267365,0.051630524938109136,PROPN,PROPN: 0.99,True,32,0,3.4965075614664802
Blanc,Blanc,PROPN,PROPN,,,,,True,2,0,1.0986122886681098
.,.,PUNCT,PUNCT,,,,,True,13366,0,9.500544261971474
retrouver,Retrouvez,VERB,VERB,1.0,0.0,,VERB: 1.00,True,91,0,4.5217885770490405
également,également,ADV,ADV,1.0,0.0,,ADV: 1.00,True,282,0,5.645446897643238
un,des,DET,DET,0.7741737557418163,1.1225809040946326,ADP,"DET: 0.77, ADP: 0.11, CCONJ: 0.09",True,8933,0,9.097619501912064
sondage,sondages,NOUN,NOUN,1.0,0.0,,NOUN: 1.00,True,11,0,2.4849066497880004
",",",",PUNCT,PUNCT,,,,,True,16599,0,9.717157974344635
un,des,DET,DET,0.7741737557418163,1.1225809040946326,ADP,"DET: 0.77, ADP: 0.11, CCONJ: 0.09",True,8933,0,9.097619501912064
vidéo,vidéos,NOUN,NOUN,1.0,0.0,,NOUN: 1.00,True,18,0,2.9444389791664403
et,et,CCONJ,CCONJ,0.25644065667983523,1.7170903132548632,SCONJ,"SCONJ: 0.43, ADP: 0.28, CCONJ: 0.26",True,7215,0,8.88405606174246
photo,photos,NOUN,NOUN,1.0,0.0,,NOUN: 1.00,True,21,0,3.091042453358316
de,de,ADP,ADP,0.7886818615006483,0.7439947701431047,CCONJ,"ADP: 0.79, CCONJ: 0.21",True,27784,0,10.232251585714021
son,vos,DET,DET,0.8481722905876147,0.863954061477403,CCONJ,"DET: 0.85, CCONJ: 0.08",True,3876,0,8.262816937670928
people,people,NOUN,NOUN,,,,,False,0,0,0.0
préféré,préférés,ADJ,ADJ,,,,,True,6,0,1.9459101490553132
.,.,PUNCT,PUNCT,,,,,True,13366,0,9.500544261971474
le,La,DET,DET,0.8207496286735718,0.8327615029897053,ADP,"DET: 0.82, ADP: 0.15",True,38293,0,10.55304850493315
pratique,pratique,NOUN,NOUN,1.0,0.0,,NOUN: 1.00,True,38,0,3.6635616461296463
combiner,combinée,VERB,ADJ,,,,,True,4,1,1.6094379124341003
de,de,ADP,ADP,0.7886818615006483,0.7439947701431047,CCONJ,"ADP: 0.79, CCONJ: 0.21",True,27784,0,10.232251585714021
ce,ces,DET,DET,0.8764141494570885,0.6891209831462356,ADP,"DET: 0.88, ADP: 0.08",True,1960,0,7.581209826196346
trois,trois,NUM,NUM,0.21329117169768608,0.7477267753799202,DET,"DET: 0.79, NUM: 0.21",True,206,0,5.332718793265369
point,points,NOUN,NOUN,1.0,0.0,,NOUN: 1.00,True,155,0,5.049856007249537
avoir,a,VERB,VERB,1.0,0.0,,VERB: 1.00,True,784,0,6.665683717782408
pour,pour,ADP,ADP,0.7890790430468303,0.7432394314397186,CCONJ,"ADP: 0.79, CCONJ: 0.21",True,2242,0,7.715569534520208
effet,effet,NOUN,NOUN,1.0,0.0,,NOUN: 1.00,True,138,0,4.9344739331306915
de,de,ADP,ADP,0.7886818615006483,0.7439947701431047,CCONJ,"ADP: 0.79, CCONJ: 0.21",True,27784,0,10.232251585714021
diminuer,diminuer,VERB,VERB,1.0,0.0,,VERB: 1.00,True,12,0,2.5649493574615367
le,l',DET,DET,0.8207496286735718,0.8327615029897053,ADP,"DET: 0.82, ADP: 0.15",True,38293,0,10.55304850493315
emprise,emprise,NOUN,NOUN,,,,,True,3,0,1.3862943611198906
de,de,ADP,ADP,0.7886818615006483,0.7439947701431047,CCONJ,"ADP: 0.79, CCONJ: 0.21",True,27784,0,10.232251585714021
le,les,DET,DET,0.8207496286735718,0.8327615029897053,ADP,"DET: 0.82, ADP: 0.15",True,38293,0,10.55304850493315
cinq,cinq,NUM,NUM,0.21464821896109829,0.7502741983021295,DET,"DET: 0.79, NUM: 0.21",True,73,0,4.30406509320417
kleśa,kleśa,NOUN,X,,,,,False,0,1,0.0
(,(,PUNCT,PUNCT,,,,,True,2211,0,7.701652362642226
affliction,afflictions,NOUN,NOUN,,,,,False,0,0,0.0
),),PUNCT,PUNCT,,,,,True,2204,0,7.6984827878809465
.,.,PUNCT,PUNCT,,,,,True,13366,0,9.500544261971474
le,La,DET,DET,0.8207496286735718,0.8327615029897053,ADP,"DET: 0.82, ADP: 0.15",True,38293,0,10.55304850493315
pièce,pièce,NOUN,NOUN,1.0,0.0,,NOUN: 1.00,True,53,0,3.9889840465642745
être,est,AUX,AUX,0.4687470215317024,1.7986756264740116,SCONJ,"AUX: 0.47, SCONJ: 0.23, ADV: 0.20, CCONJ: 0.10",True,8404,0,9.036582045842716
retirer,retirée,VERB,VERB,1.0,0.0,,VERB: 1.00,True,39,0,3.6888794541139363
de,de,ADP,ADP,0.7886818615006483,0.7439947701431047,CCONJ,"ADP: 0.79, CCONJ: 0.21",True,27784,0,10.232251585714021
le,l',DET,DET,0.8207496286735718,0.8327615029897053,ADP,"DET: 0.82, ADP: 0.15",True,38293,0,10.55304850493315
affiche,affiche,NOUN,NOUN,,,,,True,5,0,1.791759469228055
après,après,ADP,ADP,0.8490838848157983,0.7380994576350169,CCONJ,"ADP: 0.85, CCONJ: 0.11",True,403,0,6.0014148779611505
17,17,NUM,NUM,1.0,0.0,,NUM: 1.00,True,54,0,4.007333185232471
représentation,représentations,NOUN,NOUN,1.0,0.0,,NOUN: 1.00,True,12,0,2.5649493574615367
(,(,PUNCT,PUNCT,,,,,True,2211,0,7.701652362642226
1935,1935,NUM,NUM,0.9462040507313543,0.30230810715133766,PROPN,"NUM: 0.95, PROPN: 0.05",True,11,0,2.4849066497880004
),),PUNCT,PUNCT,,,,,True,2204,0,7.6984827878809465
.,.,PUNCT,PUNCT,,,,,True,13366,0,9.500544261971474
en,En,ADP,ADP,0.21695278762461512,1.4815638486393006,DET,"DET: 0.51, CCONJ: 0.27, ADP: 0.22",True,5233,0,8.562931083090092
demi-finale,demi-finale,NOUN,NOUN,1.0,0.0,,NOUN: 1.00,True,14,0,2.70805020110221
",",",",PUNCT,PUNCT,,,,,True,16599,0,9.717157974344635
le,le,DET,DET,0.8207496286735718,0.8327615029897053,ADP,"DET: 0.82, ADP: 0.15",True,38293,0,10.55304850493315
japonais,Japonais,NOUN,NOUN,,,,,True,9,0,2.302585092994046
Hidetoshi,Hidetoshi,PROPN,PROPN,,,,,False,0,0,0.0
Nakata,Nakata,PROPN,PROPN,,,,,False,0,0,0.0
marquer,marque,VERB,VERB,1.0,0.0,,VERB: 1.00,True,78,0,4.3694478524670215
le,le,DET,DET,0.8207496286735718,0.8327615029897053,ADP,"DET: 0.82, ADP: 0.15",True,38293,0,10.55304850493315
seul,seul,ADJ,ADJ,1.0,0.0,,ADJ: 1.00,True,200,0,5.303304908059076
but,but,NOUN,NOUN,1.0,0.0,,NOUN: 1.00,True,86,0,4.465908118654584
de,de,ADP,ADP,0.7886818615006483,0.7439947701431047,CCONJ,"ADP: 0.79, CCONJ: 0.21",True,27784,0,10.232251585714021
le,le,DET,DET,0.8207496286735718,0.8327615029897053,ADP,"DET: 0.82, ADP: 0.15",True,38293,0,10.55304850493315
match,match,NOUN,NOUN,1.0,0.0,,NOUN: 1.00,True,133,0,4.897839799950911
contre,contre,ADP,ADP,1.0,0.0,,ADP: 1.00,True,239,0,5.480638923341991
le,l',DET,DET,0.8207496286735718,0.8327615029897053,ADP,"DET: 0.82, ADP: 0.15",True,38293,0,10.55304850493315
Australie,Australie,PROPN,PROPN,0.9876305291776162,0.09612077964214581,NOUN,PROPN: 0.99,True,30,0,3.4339872044851463
sur,sur,ADP,ADP,1.0,0.0,,ADP: 1.00,True,1482,0,7.301822342137932
un,un,DET,DET,0.7741737557418163,1.1225809040946326,ADP,"DET: 0.77, ADP: 0.11, CCONJ: 0.09",True,8933,0,9.097619501912064
coup,coup,NOUN,NOUN,1.0,0.0,,NOUN: 1.00,True,54,0,4.007333185232471
franc,franc,ADJ,ADJ,,,,,True,7,0,2.0794415416798357
de,de,ADP,ADP,0.7886818615006483,0.7439947701431047,CCONJ,"ADP: 0.79, CCONJ: 0.21",True,27784,0,10.232251585714021
le,les,DET,DET,0.8207496286735718,0.8327615029897053,ADP,"DET: 0.82, ADP: 0.15",True,38293,0,10.55304850493315
18,18,NUM,NUM,1.0,0.0,,NUM: 1.00,True,68,0,4.23410650459726
mètre,mètres,NOUN,NOUN,1.0,0.0,,NOUN: 1.00,True,142,0,4.962844630259907
tirer,tiré,VERB,VERB,1.0,0.0,,VERB: 1.00,True,29,0,3.4011973816621555
à,à,ADP,ADP,1.0,0.0,,ADP: 1.00,True,9366,0,9.14494815320913
raz,raz,NOUN,NOUN,,,,,False,0,0,0.0
de,de,ADP,ADP,0.7886818615006483,0.7439947701431047,CCONJ,"ADP: 0.79, CCONJ: 0.21",True,27784,0,10.232251585714021
terre,terre,NOUN,NOUN,1.0,0.0,,NOUN: 1.00,True,93,0,4.543294782270004
.,.,PUNCT,PUNCT,,,,,True,13366,0,9.500544261971474
lui,Il,PRON,PRON,0.7173975220804439,1.0427392110337699,CCONJ,"PRON: 0.72, CCONJ: 0.24",True,5436,0,8.600982717145921
écrire,écrit,VERB,VERB,1.0,0.0,,VERB: 1.00,True,107,0,4.68213122712422
un,des,DET,DET,0.7741737557418163,1.1225809040946326,ADP,"DET: 0.77, ADP: 0.11, CCONJ: 0.09",True,8933,0,9.097619501912064
article,articles,NOUN,NOUN,1.0,0.0,,NOUN: 1.00,True,43,0,3.784189633918261
libéral,libéraux,ADJ,ADJ,1.0,0.0,,ADJ: 1.00,True,16,0,2.833213344056216
en,en,ADP,ADP,0.21695278762461512,1.4815638486393006,DET,"DET: 0.51, CCONJ: 0.27, ADP: 0.22",True,5233,0,8.562931083090092
faveur,faveur,NOUN,NOUN,0.3902250158433888,0.9649446056177252,PROPN,"PROPN: 0.61, NOUN: 0.39",True,25,0,3.258096538021482
de,de,ADP,ADP,0.7886818615006483,0.7439947701431047,CCONJ,"ADP: 0.79, CCONJ: 0.21",True,27784,0,10.232251585714021
Lafayette,Lafayette,PROPN,PROPN,,,,,True,1,0,0.6931471805599453
",",",",PUNCT,PUNCT,,,,,True,16599,0,9.717157974344635
notamment,notamment,ADV,ADV,0.40015985283632743,1.4989950066247564,SCONJ,"SCONJ: 0.42, ADV: 0.40, CCONJ: 0.18",True,166,0,5.117993812416755
dans,dans,ADP,ADP,1.0,0.0,,ADP: 1.00,True,2779,0,7.930206206684683
le,la,DET,DET,0.8207496286735718,0.8327615029897053,ADP,"DET: 0.82, ADP: 0.15",True,38293,0,10.55304850493315
Revue,Revue,PROPN,PROPN,,,,,True,2,0,1.0986122886681098
américain,américaine,ADJ,ADJ,1.0,0.0,,ADJ: 1.00,True,155,0,5.049856007249537
(,(,PUNCT,PUNCT,,,,,True,2211,0,7.701652362642226
1826-1827,1826-1827,NUM,NUM,,,,,False,0,0,0.0
),),PUNCT,PUNCT,,,,,True,2204,0,7.6984827878809465
et,et,CCONJ,CCONJ,0.25644065667983523,1.7170903132548632,SCONJ,"SCONJ: 0.43, ADP: 0.28, CCONJ: 0.26",True,7215,0,8.88405606174246
le,la,DET,DET,0.8207496286735718,0.8327615029897053,ADP,"DET: 0.82, ADP: 0.15",True,38293,0,10.55304850493315
revue,Revue,NOUN,PROPN,1.0,0.0,,NOUN: 1.00,True,22,1,3.1354942159291497
encyclopédique,encyclopédique,ADJ,ADJ,,,,,True,1,0,0.6931471805599453
(,(,PUNCT,PUNCT,,,,,True,2211,0,7.701652362642226
février,février,NOUN,NOUN,1.0,0.0,,NOUN: 1.00,True,88,0,4.48863636973214
1830,1830,NUM,NUM,,,,,True,5,0,1.791759469228055
),),PUNCT,PUNCT,,,,,True,2204,0,7.6984827878809465
.,.,PUNCT,PUNCT,,,,,True,13366,0,9.500544261971474
le,Les,DET,DET,0.8207496286735718,0.8327615029897053,ADP,"DET: 0.82, ADP: 0.15",True,38293,0,10.55304850493315
arme,armes,NOUN,NOUN,1.0,0.0,,NOUN: 1.00,True,46,0,3.8501476017100584
de,de,ADP,ADP,0.7886818615006483,0.7439947701431047,CCONJ,"ADP: 0.79, CCONJ: 0.21",True,27784,0,10.232251585714021
Grenoble,Grenoble,PROPN,PROPN,,,,,True,7,0,2.0794415416798357
être,sont,AUX,AUX,0.4687470215317024,1.7986756264740116,SCONJ,"AUX: 0.47, SCONJ: 0.23, ADV: 0.20, CCONJ: 0.10",True,8404,0,9.036582045842716
de,d',ADP,ADP,0.7886818615006483,0.7439947701431047,CCONJ,"ADP: 0.79, CCONJ: 0.21",True,27784,0,10.232251585714021
or,or,NOUN,NOUN,0.07125690160681476,0.738644026077893,PROPN,"PROPN: 0.86, NUM: 0.07, NOUN: 0.07",True,47,0,3.871201010907891
à,à,ADP,ADP,1.0,0.0,,ADP: 1.00,True,9366,0,9.14494815320913
le,les,DET,DET,0.8207496286735718,0.8327615029897053,ADP,"DET: 0.82, ADP: 0.15",True,38293,0,10.55304850493315
trois,trois,NUM,NUM,0.21329117169768608,0.7477267753799202,DET,"DET: 0.79, NUM: 0.21",True,206,0,5.332718793265369
rose,roses,NOUN,NOUN,,,,,True,3,0,1.3862943611198906
de,de,ADP,ADP,0.7886818615006483,0.7439947701431047,CCONJ,"ADP: 0.79, CCONJ: 0.21",True,27784,0,10.232251585714021
gueules,gueules,NOUN,NOUN,,,,,True,2,0,1.0986122886681098
.,.,PUNCT,PUNCT,,,,,True,13366,0,9.500544261971474
le,Les,DET,DET,0.8207496286735718,0.8327615029897053,ADP,"DET: 0.82, ADP: 0.15",True,38293,0,10.55304850493315
pierre,pierres,NOUN,NOUN,1.0,0.0,,NOUN: 1.00,True,42,0,3.7612001156935624
de,de,ADP,ADP,0.7886818615006483,0.7439947701431047,CCONJ,"ADP: 0.79, CCONJ: 0.21",True,27784,0,10.232251585714021
calcaire,calcaire,NOUN,NOUN,,,,,True,3,0,1.3862943611198906
de,de,ADP,ADP,0.7886818615006483,0.7439947701431047,CCONJ,"ADP: 0.79, CCONJ: 0.21",True,27784,0,10.232251585714021
le,la,DET,DET,0.8207496286735718,0.8327615029897053,ADP,"DET: 0.82, ADP: 0.15",True,38293,0,10.55304850493315
Champagne,Champagne,PROPN,PROPN,,,,,True,2,0,1.0986122886681098
manceau,mancelle,ADJ,ADJ,,,,,False,0,0,0.0
et,et,CCONJ,CCONJ,0.25644065667983523,1.7170903132548632,SCONJ,"SCONJ: 0.43, ADP: 0.28, CCONJ: 0.26",True,7215,0,8.88405606174246
le,les,DET,DET,0.8207496286735718,0.8327615029897053,ADP,"DET: 0.82, ADP: 0.15",True,38293,0,10.55304850493315
roche,roches,NOUN,NOUN,1.0,0.0,,NOUN: 1.00,True,11,0,2.4849066497880004
granitique,granitiques,ADJ,ADJ,,,,,True,1,0,0.6931471805599453
très,très,ADV,ADV,1.0,0.0,,ADV: 1.00,True,435,0,6.077642243349034
dur,dures,ADJ,ADJ,1.0,0.0,,ADJ: 1.00,True,18,0,2.9444389791664403
",",",",PUNCT,PUNCT,,,,,True,16599,0,9.717157974344635
un,un,DET,DET,0.7741737557418163,1.1225809040946326,ADP,"DET: 0.77, ADP: 0.11, CCONJ: 0.09",True,8933,0,9.097619501912064
peu,peu,NOUN,NOUN,,,,,True,61,0,4.127134385045092
rougeâtre,rougeâtres,ADJ,ADJ,,,,,True,1,0,0.6931471805599453
",",",",PUNCT,PUNCT,,,,,True,16599,0,9.717157974344635
de,de,ADP,ADP,0.7886818615006483,0.7439947701431047,CCONJ,"ADP: 0.79, CCONJ: 0.21",True,27784,0,10.232251585714021
le,les,DET,DET,0.8207496286735718,0.8327615029897053,ADP,"DET: 0.82, ADP: 0.15",True,38293,0,10.55304850493315
environs,environs,NOUN,NOUN,,,,,True,5,0,1.791759469228055
(,(,PUNCT,PUNCT,,,,,True,2211,0,7.701652362642226
grès,grès,NOUN,NOUN,,,,,True,2,0,1.0986122886681098
roussard,roussard,ADJ,ADJ,,,,,False,0,0,0.0
),),PUNCT,PUNCT,,,,,True,2204,0,7.6984827878809465
fournir,fournissent,VERB,VERB,1.0,0.0,,VERB: 1.00,True,37,0,3.6375861597263857
le,le,DET,DET,0.8207496286735718,0.8327615029897053,ADP,"DET: 0.82, ADP: 0.15",True,38293,0,10.55304850493315
matériau,matériau,NOUN,NOUN,1.0,0.0,,NOUN: 1.00,True,11,0,2.4849066497880004
nécessaire,nécessaire,ADJ,ADJ,0.8930759569693155,0.49056765146544845,VERB,"ADJ: 0.89, VERB: 0.11",True,29,0,3.4011973816621555
à,à,ADP,ADP,1.0,0.0,,ADP: 1.00,True,9366,0,9.14494815320913
le,la,DET,DET,0.8207496286735718,0.8327615029897053,ADP,"DET: 0.82, ADP: 0.15",True,38293,0,10.55304850493315
construction,construction,NOUN,NOUN,1.0,0.0,,NOUN: 1.00,True,64,0,4.174387269895637
",",",",PUNCT,PUNCT,,,,,True,16599,0,9.717157974344635
lui,lui,PRON,PRON,0.7173975220804439,1.0427392110337699,CCONJ,"PRON: 0.72, CCONJ: 0.24",True,5436,0,8.600982717145921
donner,donnant,VERB,VERB,1.0,0.0,,VERB: 1.00,True,220,0,5.3981627015177525
un,une,DET,DET,0.7741737557418163,1.1225809040946326,ADP,"DET: 0.77, ADP: 0.11, CCONJ: 0.09",True,8933,0,9.097619501912064
teinte,teinte,NOUN,NOUN,,,,,True,2,0,1.0986122886681098
sombre,sombre,ADJ,ADJ,,,,,True,9,0,2.302585092994046
qui,qui,PRON,PRON,0.8171669946022245,0.8424411100711472,CCONJ,"PRON: 0.82, CCONJ: 0.13, ADV: 0.05",True,1916,0,7.558516743045645
ajouter,ajoute,VERB,VERB,1.0,0.0,,VERB: 1.00,True,64,0,4.174387269895637
à,à,ADP,ADP,1.0,0.0,,ADP: 1.00,True,9366,0,9.14494815320913
le,l',DET,DET,0.8207496286735718,0.8327615029897053,ADP,"DET: 0.82, ADP: 0.15",True,38293,0,10.55304850493315
austérité,austérité,NOUN,NOUN,,,,,True,4,0,1.6094379124341003
de,de,ADP,ADP,0.7886818615006483,0.7439947701431047,CCONJ,"ADP: 0.79, CCONJ: 0.21",True,27784,0,10.232251585714021
le,le,DET,DET,0.8207496286735718,0.8327615029897053,ADP,"DET: 0.82, ADP: 0.15",True,38293,0,10.55304850493315
lieu,lieu,NOUN,NOUN,1.0,0.0,,NOUN: 1.00,True,179,0,5.19295685089021
.,.,PUNCT,PUNCT,,,,,True,13366,0,9.500544261971474
en,En,ADP,ADP,0.21695278762461512,1.4815638486393006,DET,"DET: 0.51, CCONJ: 0.27, ADP: 0.22",True,5233,0,8.562931083090092
1945,1945,NUM,NUM,1.0,0.0,,NUM: 1.00,True,23,0,3.1780538303479458
",",",",PUNCT,PUNCT,,,,,True,16599,0,9.717157974344635
le,le,DET,DET,0.8207496286735718,0.8327615029897053,ADP,"DET: 0.82, ADP: 0.15",True,38293,0,10.55304850493315
destroyer,destroyer,NOUN,NOUN,,,,,True,2,0,1.0986122886681098
de,de,ADP,ADP,0.7886818615006483,0.7439947701431047,CCONJ,"ADP: 0.79, CCONJ: 0.21",True,27784,0,10.232251585714021
le,l',DET,DET,0.8207496286735718,0.8327615029897053,ADP,"DET: 0.82, ADP: 0.15",True,38293,0,10.55304850493315
US,US,PROPN,PROPN,,,,,True,9,0,2.302585092994046
Navy,Navy,PROPN,PROPN,,,,,True,7,0,2.0794415416798357
USS,USS,PROPN,PROPN,,,,,True,3,0,1.3862943611198906
O'Hare,O'Hare,PROPN,PROPN,,,,,True,1,0,0.6931471805599453
(,(,PUNCT,PUNCT,,,,,True,2211,0,7.701652362642226
DD-889,DD-889,X,PROPN,,,,,False,0,1,0.0
),),PUNCT,PUNCT,,,,,True,2204,0,7.6984827878809465
être,fut,AUX,AUX,0.4687470215317024,1.7986756264740116,SCONJ,"AUX: 0.47, SCONJ: 0.23, ADV: 0.20, CCONJ: 0.10",True,8404,0,9.036582045842716
baptiser,baptisé,VERB,VERB,1.0,0.0,,VERB: 1.00,True,12,0,2.5649493574615367
en,en,ADP,ADP,0.21695278762461512,1.4815638486393006,DET,"DET: 0.51, CCONJ: 0.27, ADP: 0.22",True,5233,0,8.562931083090092
son,son,DET,DET,0.8481722905876147,0.863954061477403,CCONJ,"DET: 0.85, CCONJ: 0.08",True,3876,0,8.262816937670928
honneur,honneur,NOUN,NOUN,0.20902863225130425,0.7396218987882691,PROPN,"PROPN: 0.79, NOUN: 0.21",True,41,0,3.7376696182833684
.,.,PUNCT,PUNCT,,,,,True,13366,0,9.500544261971474
lui,Il,PRON,PRON,0.7173975220804439,1.0427392110337699,CCONJ,"PRON: 0.72, CCONJ: 0.24",True,5436,0,8.600982717145921
devenir,devient,VERB,VERB,1.0,0.0,,VERB: 1.00,True,257,0,5.552959584921617
joueur,joueur,NOUN,NOUN,1.0,0.0,,NOUN: 1.00,True,94,0,4.553876891600541
autonome,autonome,ADJ,ADJ,1.0,0.0,,ADJ: 1.00,True,17,0,2.8903717578961645
à,à,ADP,ADP,1.0,0.0,,ADP: 1.00,True,9366,0,9.14494815320913
le,l',DET,DET,0.8207496286735718,0.8327615029897053,ADP,"DET: 0.82, ADP: 0.15",True,38293,0,10.55304850493315
automne,automne,NOUN,NOUN,0.25258329370321825,0.8153469328669665,PROPN,"PROPN: 0.75, NOUN: 0.25",True,23,0,3.1780538303479458
.,.,PUNCT,PUNCT,,,,,True,13366,0,9.500544261971474
Saint,Saint,PROPN,PROPN,1.0,0.0,,PROPN: 1.00,True,31,0,3.4657359027997265
Agile,Agile,PROPN,PROPN,,,,,False,0,0,0.0
de,de,ADP,ADP,0.7886818615006483,0.7439947701431047,CCONJ,"ADP: 0.79, CCONJ: 0.21",True,27784,0,10.232251585714021
Rebais,Rebais,PROPN,PROPN,,,,,False,0,0,0.0
",",",",PUNCT,PUNCT,,,,,True,16599,0,9.717157974344635
ou,ou,CCONJ,CCONJ,0.514848916000412,0.9993637059064465,ADP,"CCONJ: 0.51, ADP: 0.49",True,802,0,6.688354713946762
saint,saint,PROPN,PROPN,,,,,True,9,0,2.302585092994046
Aile,Aile,PROPN,PROPN,,,,,True,1,0,0.6931471805599453
",",",",PUNCT,PUNCT,,,,,True,16599,0,9.717157974344635
avoir,a,AUX,AUX,0.7537049139623345,0.8053529913575782,ADV,"AUX: 0.75, ADV: 0.25",True,2935,0,7.984803389734406
être,été,AUX,AUX,0.4687470215317024,1.7986756264740116,SCONJ,"AUX: 0.47, SCONJ: 0.23, ADV: 0.20, CCONJ: 0.10",True,8404,0,9.036582045842716
le,le,DET,DET,0.8207496286735718,0.8327615029897053,ADP,"DET: 0.82, ADP: 0.15",True,38293,0,10.55304850493315
premier,premier,ADJ,ADJ,1.0,0.0,,ADJ: 1.00,True,675,0,6.516193076042964
abbé,abbé,NOUN,NOUN,1.0,0.0,,NOUN: 1.00,True,28,0,3.367295829986474
de,de,ADP,ADP,0.7886818615006483,0.7439947701431047,CCONJ,"ADP: 0.79, CCONJ: 0.21",True,27784,0,10.232251585714021
Rebais,Rebais,PROPN,PROPN,,,,,False,0,0,0.0
",",",",PUNCT,PUNCT,,,,,True,16599,0,9.717157974344635
à,à,ADP,ADP,1.0,0.0,,ADP: 1.00,True,9366,0,9.14494815320913
le,le,DET,DET,0.8207496286735718,0.8327615029897053,ADP,"DET: 0.82, ADP: 0.15",True,38293,0,10.55304850493315
diocèse,diocèse,NOUN,NOUN,1.0,0.0,,NOUN: 1.00,True,16,0,2.833213344056216
de,de,ADP,ADP,0.7886818615006483,0.7439947701431047,CCONJ,"ADP: 0.79, CCONJ: 0.21",True,27784,0,10.232251585714021
Meaux,Meaux,PROPN,PROPN,,,,,True,2,0,1.0986122886681098
.,.,PUNCT,PUNCT,,,,,True,13366,0,9.500544261971474
le,Le,DET,DET,0.8207496286735718,0.8327615029897053,ADP,"DET: 0.82, ADP: 0.15",True,38293,0,10.55304850493315
marché,Marché,NOUN,NOUN,1.0,0.0,,NOUN: 1.00,True,55,0,4.02535169073515
commun,commun,ADJ,ADJ,1.0,0.0,,ADJ: 1.00,True,25,0,3.258096538021482
de,de,ADP,ADP,0.7886818615006483,0.7439947701431047,CCONJ,"ADP: 0.79, CCONJ: 0.21",True,27784,0,10.232251585714021
le,le,DET,DET,0.8207496286735718,0.8327615029897053,ADP,"DET: 0.82, ADP: 0.15",True,38293,0,10.55304850493315
Golfe,Golfe,PROPN,PROPN,,,,,True,6,0,1.9459101490553132
",",",",PUNCT,PUNCT,,,,,True,16599,0,9.717157974344635
devoir,devant,VERB,VERB,0.9326805365068354,0.3558398388117804,ADJ,"VERB: 0.93, ADJ: 0.07",True,314,0,5.752572638825633
déboucher,déboucher,VERB,VERB,,,,,True,1,0,0.6931471805599453
vers,vers,ADP,ADP,1.0,0.0,,ADP: 1.00,True,186,0,5.231108616854587
le,la,DET,DET,0.8207496286735718,0.8327615029897053,ADP,"DET: 0.82, ADP: 0.15",True,38293,0,10.55304850493315
mise,mise,NOUN,NOUN,1.0,0.0,,NOUN: 1.00,True,42,0,3.7612001156935624
en,en,ADP,ADP,0.21695278762461512,1.4815638486393006,DET,"DET: 0.51, CCONJ: 0.27, ADP: 0.22",True,5233,0,8.562931083090092
place,place,NOUN,NOUN,1.0,0.0,,NOUN: 1.00,True,182,0,5.209486152841421
de,d',ADP,ADP,0.7886818615006483,0.7439947701431047,CCONJ,"ADP: 0.79, CCONJ: 0.21",True,27784,0,10.232251585714021
un,une,DET,DET,0.7741737557418163,1.1225809040946326,ADP,"DET: 0.77, ADP: 0.11, CCONJ: 0.09",True,8933,0,9.097619501912064
monnaie,monnaie,NOUN,NOUN,1.0,0.0,,NOUN: 1.00,True,11,0,2.4849066497880004
commun,commune,ADJ,ADJ,1.0,0.0,,ADJ: 1.00,True,25,0,3.258096538021482
",",",",PUNCT,PUNCT,,,,,True,16599,0,9.717157974344635
connaître,connaît,VERB,VERB,1.0,0.0,,VERB: 1.00,True,212,0,5.3612921657094255
aujourd'hui,aujourd'hui,ADV,ADV,1.0,0.0,,ADV: 1.00,True,127,0,4.852030263919617
un,des,DET,DET,0.7741737557418163,1.1225809040946326,ADP,"DET: 0.77, ADP: 0.11, CCONJ: 0.09",True,8933,0,9.097619501912064
retard,retards,NOUN,NOUN,,,,,True,9,0,2.302585092994046
en,en,ADP,ADP,0.21695278762461512,1.4815638486393006,DET,"DET: 0.51, CCONJ: 0.27, ADP: 0.22",True,5233,0,8.562931083090092
raison,raison,NOUN,NOUN,1.0,0.0,,NOUN: 1.00,True,88,0,4.48863636973214
",",",",PUNCT,PUNCT,,,,,True,16599,0,9.717157974344635
entre,entre,ADP,ADP,0.9951404265427191,0.0443394212917744,ADJ,ADP: 1.00,True,403,0,6.0014148779611505
autre,autres,PRON,PRON,0.0,0.0,NOUN,NOUN: 1.00,True,140,0,4.948759890378168
de,de,ADP,ADP,0.7886818615006483,0.7439947701431047,CCONJ,"ADP: 0.79, CCONJ: 0.21",True,27784,0,10.232251585714021
le,les,DET,DET,0.8207496286735718,0.8327615029897053,ADP,"DET: 0.82, ADP: 0.15",True,38293,0,10.55304850493315
divergence,divergences,NOUN,NOUN,,,,,True,1,0,0.6931471805599453
naître,nées,VERB,VERB,0.9307008365025946,0.36330280715123003,ADJ,"VERB: 0.93, ADJ: 0.07",True,347,0,5.8522024797744745
entre,entre,ADP,ADP,0.9951404265427191,0.0443394212917744,ADJ,ADP: 1.00,True,403,0,6.0014148779611505
Ryadh,Ryadh,PROPN,PROPN,,,,,False,0,0,0.0
et,et,CCONJ,CCONJ,0.25644065667983523,1.7170903132548632,SCONJ,"SCONJ: 0.43, ADP: 0.28, CCONJ: 0.26",True,7215,0,8.88405606174246
Abou,Abou,PROPN,PROPN,,,,,True,1,0,0.6931471805599453
Dhabi,Dhabi,PROPN,PROPN,,,,,False,0,0,0.0
",",",",PUNCT,PUNCT,,,,,True,16599,0,9.717157974344635
principalement,principalement,ADV,ADV,1.0,0.0,,ADV: 1.00,True,36,0,3.6109179126442243
à,à,ADP,ADP,1.0,0.0,,ADP: 1.00,True,9366,0,9.14494815320913
le,le,DET,DET,0.8207496286735718,0.8327615029897053,ADP,"DET: 0.82, ADP: 0.15",True,38293,0,10.55304850493315
sujet,sujet,NOUN,NOUN,1.0,0.0,,NOUN: 1.00,True,36,0,3.6109179126442243
de,de,ADP,ADP,0.7886818615006483,0.7439947701431047,CCONJ,"ADP: 0.79, CCONJ: 0.21",True,27784,0,10.232251585714021
le,le,DET,DET,0.8207496286735718,0.8327615029897053,ADP,"DET: 0.82, ADP: 0.15",True,38293,0,10.55304850493315
siège,siège,NOUN,NOUN,1.0,0.0,,NOUN: 1.00,True,62,0,4.143134726391533
de,de,ADP,ADP,0.7886818615006483,0.7439947701431047,CCONJ,"ADP: 0.79, CCONJ: 0.21",True,27784,0,10.232251585714021
le,la,DET,DET,0.8207496286735718,0.8327615029897053,ADP,"DET: 0.82, ADP: 0.15",True,38293,0,10.55304850493315
futur,future,ADJ,ADJ,1.0,0.0,,ADJ: 1.00,True,30,0,3.4339872044851463
banque,Banque,NOUN,NOUN,1.0,0.0,,NOUN: 1.00,True,29,0,3.4011973816621555
central,centrale,ADJ,ADJ,1.0,0.0,,ADJ: 1.00,True,52,0,3.970291913552122
.,.,PUNCT,PUNCT,,,,,True,13366,0,9.500544261971474
ainsi,Ainsi,ADV,ADV,1.0,0.0,,ADV: 1.00,True,330,0,5.802118375377063
",",",",PUNCT,PUNCT,,,,,True,16599,0,9.717157974344635
bien,bien,ADV,ADV,1.0,0.0,,ADV: 1.00,True,306,0,5.726847747587197
que,que,SCONJ,SCONJ,0.6915510664276248,1.397369454710615,CCONJ,"SCONJ: 0.69, CCONJ: 0.17, PRON: 0.06, ADV: 0.05",True,1979,0,7.590852123688581
TiVo,TiVo,PROPN,PROPN,,,,,False,0,0,0.0
répondre,réponde,VERB,VERB,1.0,0.0,,VERB: 1.00,True,41,0,3.7376696182833684
à,à,ADP,ADP,1.0,0.0,,ADP: 1.00,True,9366,0,9.14494815320913
le,les,DET,DET,0.8207496286735718,0.8327615029897053,ADP,"DET: 0.82, ADP: 0.15",True,38293,0,10.55304850493315
clause,clauses,NOUN,NOUN,,,,,True,6,0,1.9459101490553132
de,de,ADP,ADP,0.7886818615006483,0.7439947701431047,CCONJ,"ADP: 0.79, CCONJ: 0.21",True,27784,0,10.232251585714021
le,la,DET,DET,0.8207496286735718,0.8327615029897053,ADP,"DET: 0.82, ADP: 0.15",True,38293,0,10.55304850493315
GPL,GPL,NOUN,PROPN,,,,,False,0,1,0.0
2,2,NUM,NUM,1.0,0.0,,NUM: 1.00,True,132,0,4.890349128221754
en,en,ADP,ADP,0.21695278762461512,1.4815638486393006,DET,"DET: 0.51, CCONJ: 0.27, ADP: 0.22",True,5233,0,8.562931083090092
redistribuer,redistribuant,VERB,VERB,,,,,True,1,0,0.6931471805599453
le,le,DET,DET,0.8207496286735718,0.8327615029897053,ADP,"DET: 0.82, ADP: 0.15",True,38293,0,10.55304850493315
code,code,NOUN,NOUN,1.0,0.0,,NOUN: 1.00,True,30,0,3.4339872044851463
source,source,NOUN,NOUN,1.0,0.0,,NOUN: 1.00,True,62,0,4.143134726391533
modifier,modifié,VERB,VERB,1.0,0.0,,VERB: 1.00,True,27,0,3.332204510175204
",",",",PUNCT,PUNCT,,,,,True,16599,0,9.717157974344635
aucun,aucune,DET,DET,0.7715710614510615,1.1308041067719339,ADP,"DET: 0.77, ADP: 0.11, CCONJ: 0.09",True,96,0,4.574710978503383
modification,modification,NOUN,NOUN,1.0,0.0,,NOUN: 1.00,True,12,0,2.5649493574615367
de,de,ADP,ADP,0.7886818615006483,0.7439947701431047,CCONJ,"ADP: 0.79, CCONJ: 0.21",True,27784,0,10.232251585714021
ce,ce,DET,DET,0.8764141494570885,0.6891209831462356,ADP,"DET: 0.88, ADP: 0.08",True,1960,0,7.581209826196346
code,code,NOUN,NOUN,1.0,0.0,,NOUN: 1.00,True,30,0,3.4339872044851463
source,source,NOUN,NOUN,1.0,0.0,,NOUN: 1.00,True,62,0,4.143134726391533
ne,ne,ADV,ADV,0.03110691420199771,0.7244015123648279,PRON,"PRON: 0.85, CCONJ: 0.12",True,1435,0,7.269616749608169
pouvoir,peut,VERB,VERB,0.9326172400615902,0.3560798311098319,ADJ,"VERB: 0.93, ADJ: 0.07",True,599,0,6.396929655216146
fonctionner,fonctionner,VERB,VERB,1.0,0.0,,VERB: 1.00,True,20,0,3.044522437723423
sur,sur,ADP,ADP,1.0,0.0,,ADP: 1.00,True,1482,0,7.301822342137932
le,le,DET,DET,0.8207496286735718,0.8327615029897053,ADP,"DET: 0.82, ADP: 0.15",True,38293,0,10.55304850493315
matériel,matériel,NOUN,NOUN,1.0,0.0,,NOUN: 1.00,True,19,0,2.995732273553991
distribuer,distribué,VERB,VERB,1.0,0.0,,VERB: 1.00,True,13,0,2.6390573296152584
par,par,ADP,ADP,1.0,0.0,,ADP: 1.00,True,2183,0,7.688913336864796
TiVo,TiVo,PROPN,PROPN,,,,,False,0,0,0.0
.,.,PUNCT,PUNCT,,,,,True,13366,0,9.500544261971474
en,En,ADP,ADP,0.21695278762461512,1.4815638486393006,DET,"DET: 0.51, CCONJ: 0.27, ADP: 0.22",True,5233,0,8.562931083090092
1784,1784,NUM,NUM,,,,,True,1,0,0.6931471805599453
lui,il,PRON,PRON,0.7173975220804439,1.0427392110337699,CCONJ,"PRON: 0.72, CCONJ: 0.24",True,5436,0,8.600982717145921
être,fut,AUX,AUX,0.4687470215317024,1.7986756264740116,SCONJ,"AUX: 0.47, SCONJ: 0.23, ADV: 0.20, CCONJ: 0.10",True,8404,0,9.036582045842716
anoblir,anobli,VERB,VERB,,,,,True,2,0,1.0986122886681098
et,et,CCONJ,CCONJ,0.25644065667983523,1.7170903132548632,SCONJ,"SCONJ: 0.43, ADP: 0.28, CCONJ: 0.26",True,7215,0,8.88405606174246
soi,s',PRON,PRON,0.8260631963800735,0.8193543183609986,CCONJ,"PRON: 0.83, CCONJ: 0.12, ADV: 0.05",True,2063,0,7.6324011266014535
appeler,appela,VERB,VERB,1.0,0.0,,VERB: 1.00,True,154,0,5.043425116919247
désormais,désormais,ADV,ADV,1.0,0.0,,ADV: 1.00,True,31,0,3.4657359027997265
«,«,PUNCT,PUNCT,,,,,True,866,0,6.7650389767805414
von,von,PROPN,X,,,,,True,1,1,0.6931471805599453
Auenbrugg,Auenbrugg,PROPN,PROPN,,,,,False,0,0,0.0
»,»,PUNCT,PUNCT,,,,,True,814,0,6.703188113240863
.,.,PUNCT,PUNCT,,,,,True,13366,0,9.500544261971474
ainsi,Ainsi,ADV,ADV,1.0,0.0,,ADV: 1.00,True,330,0,5.802118375377063
",",",",PUNCT,PUNCT,,,,,True,16599,0,9.717157974344635
le,le,DET,DET,0.8207496286735718,0.8327615029897053,ADP,"DET: 0.82, ADP: 0.15",True,38293,0,10.55304850493315
général,général,NOUN,NOUN,1.0,0.0,,NOUN: 1.00,True,73,0,4.30406509320417
français,français,ADJ,ADJ,1.0,0.0,,ADJ: 1.00,True,419,0,6.040254711277414
Philippe,Philippe,PROPN,PROPN,0.9876806328969318,0.09580402001150562,NOUN,PROPN: 0.99,True,30,0,3.4339872044851463
Morillon,Morillon,PROPN,PROPN,,,,,False,0,0,0.0
",",",",PUNCT,PUNCT,,,,,True,16599,0,9.717157974344635
qui,qui,PRON,PRON,0.8171669946022245,0.8424411100711472,CCONJ,"PRON: 0.82, CCONJ: 0.13, ADV: 0.05",True,1916,0,7.558516743045645
commander,commandait,VERB,VERB,1.0,0.0,,VERB: 1.00,True,34,0,3.5553480614894135
le,les,DET,DET,0.8207496286735718,0.8327615029897053,ADP,"DET: 0.82, ADP: 0.15",True,38293,0,10.55304850493315
force,forces,NOUN,NOUN,1.0,0.0,,NOUN: 1.00,True,86,0,4.465908118654584
de,de,ADP,ADP,0.7886818615006483,0.7439947701431047,CCONJ,"ADP: 0.79, CCONJ: 0.21",True,27784,0,10.232251585714021
le,l',DET,DET,0.8207496286735718,0.8327615029897053,ADP,"DET: 0.82, ADP: 0.15",True,38293,0,10.55304850493315
ONU,ONU,PROPN,PROPN,0.6880745566341822,0.8953835635905913,NOUN,"PROPN: 0.69, NOUN: 0.31",True,26,0,3.295836866004329
sur,sur,ADP,ADP,1.0,0.0,,ADP: 1.00,True,1482,0,7.301822342137932
place,place,NOUN,NOUN,1.0,0.0,,NOUN: 1.00,True,182,0,5.209486152841421
",",",",PUNCT,PUNCT,,,,,True,16599,0,9.717157974344635
accuser,accuse,VERB,VERB,1.0,0.0,,VERB: 1.00,True,30,0,3.4339872044851463
:,:,PUNCT,PUNCT,,,,,True,739,0,6.606650186198215
.,.,PUNCT,PUNCT,,,,,True,13366,0,9.500544261971474
le,Le,DET,DET,0.8207496286735718,0.8327615029897053,ADP,"DET: 0.82, ADP: 0.15",True,38293,0,10.55304850493315
village,village,NOUN,NOUN,1.0,0.0,,NOUN: 1.00,True,128,0,4.859812404361672
de,de,ADP,ADP,0.7886818615006483,0.7439947701431047,CCONJ,"ADP: 0.79, CCONJ: 0.21",True,27784,0,10.232251585714021
Saint-Léonard,Saint-Léonard,PROPN,PROPN,,,,,True,1,0,0.6931471805599453
ne,n',ADV,ADV,0.03110691420199771,0.7244015123648279,PRON,"PRON: 0.85, CCONJ: 0.12",True,1435,0,7.269616749608169
être,est,AUX,AUX,0.4687470215317024,1.7986756264740116,SCONJ,"AUX: 0.47, SCONJ: 0.23, ADV: 0.20, CCONJ: 0.10",True,8404,0,9.036582045842716
desservir,desservie,VERB,VERB,1.0,0.0,,VERB: 1.00,True,21,0,3.091042453358316
que,que,ADV,ADV,0.12368826756838615,1.1282009501795338,ADP,"ADP: 0.72, CCONJ: 0.15, ADV: 0.12",True,218,0,5.389071729816501
par,par,ADP,ADP,1.0,0.0,,ADP: 1.00,True,2183,0,7.688913336864796
un,des,DET,DET,0.7741737557418163,1.1225809040946326,ADP,"DET: 0.77, ADP: 0.11, CCONJ: 0.09",True,8933,0,9.097619501912064
voie,voies,NOUN,NOUN,1.0,0.0,,NOUN: 1.00,True,57,0,4.060443010546419
communal,communales,ADJ,ADJ,,,,,True,8,0,2.1972245773362196
depuis,depuis,ADP,ADP,0.8904909671962399,0.49843327450209446,CCONJ,"ADP: 0.89, CCONJ: 0.11",True,283,0,5.648974238161206
Avilly,Avilly,PROPN,PROPN,,,,,True,1,0,0.6931471805599453
",",",",PUNCT,PUNCT,,,,,True,16599,0,9.717157974344635
Courteuil,Courteuil,PROPN,PROPN,,,,,True,1,0,0.6931471805599453
(,(,PUNCT,PUNCT,,,,,True,2211,0,7.701652362642226
RD,RD,PROPN,PROPN,,,,,False,0,0,0.0
924,924,NUM,NUM,,,,,False,0,0,0.0
),),PUNCT,PUNCT,,,,,True,2204,0,7.6984827878809465
et,et,CCONJ,CCONJ,0.25644065667983523,1.7170903132548632,SCONJ,"SCONJ: 0.43, ADP: 0.28, CCONJ: 0.26",True,7215,0,8.88405606174246
Saint-Nicolas-d'Acy,Saint-Nicolas-d'Acy,PROPN,PROPN,,,,,False,0,0,0.0
(,(,PUNCT,PUNCT,,,,,True,2211,0,7.701652362642226
RD,RD,PROPN,PROPN,,,,,False,0,0,0.0
924,924,NUM,NUM,,,,,False,0,0,0.0
),),PUNCT,PUNCT,,,,,True,2204,0,7.6984827878809465
.,.,PUNCT,PUNCT,,,,,True,13366,0,9.500544261971474
lui,Il,PRON,PRON,0.7173975220804439,1.0427392110337699,CCONJ,"PRON: 0.72, CCONJ: 0.24",True,5436,0,8.600982717145921
avoir,a,AUX,AUX,0.7537049139623345,0.8053529913575782,ADV,"AUX: 0.75, ADV: 0.25",True,2935,0,7.984803389734406
aussi,aussi,ADV,ADV,1.0,0.0,,ADV: 1.00,True,349,0,5.857933154483459
écrire,écrit,VERB,VERB,1.0,0.0,,VERB: 1.00,True,107,0,4.68213122712422
en,en,ADP,ADP,0.21695278762461512,1.4815638486393006,DET,"DET: 0.51, CCONJ: 0.27, ADP: 0.22",True,5233,0,8.562931083090092
vers,vers,NOUN,ADP,,,,,True,3,1,1.3862943611198906
le,le,DET,DET,0.8207496286735718,0.8327615029897053,ADP,"DET: 0.82, ADP: 0.15",True,38293,0,10.55304850493315
Tiếng,Tiếng,PROPN,X,,,,,False,0,1,0.0
địch,địch,X,X,,,,,False,0,0,0.0
sông,sông,X,X,,,,,False,0,0,0.0
Ô,Ô,PROPN,X,,,,,False,0,1,0.0
(,(,PUNCT,PUNCT,,,,,True,2211,0,7.701652362642226
le,Le,DET,DET,0.8207496286735718,0.8327615029897053,ADP,"DET: 0.82, ADP: 0.15",True,38293,0,10.55304850493315
son,son,NOUN,NOUN,1.0,0.0,,NOUN: 1.00,True,16,0,2.833213344056216
de,d',ADP,ADP,0.7886818615006483,0.7439947701431047,CCONJ,"ADP: 0.79, CCONJ: 0.21",True,27784,0,10.232251585714021
un,une,DET,DET,0.7741737557418163,1.1225809040946326,ADP,"DET: 0.77, ADP: 0.11, CCONJ: 0.09",True,8933,0,9.097619501912064
flute,flute,NOUN,NOUN,,,,,False,0,0,0.0
sur,sur,ADP,ADP,1.0,0.0,,ADP: 1.00,True,1482,0,7.301822342137932
le,la,DET,DET,0.8207496286735718,0.8327615029897053,ADP,"DET: 0.82, ADP: 0.15",True,38293,0,10.55304850493315
rivière,Rivière,NOUN,NOUN,1.0,0.0,,NOUN: 1.00,True,44,0,3.8066624897703196
Ô,Ô,PROPN,PROPN,,,,,False,0,0,0.0
),),PUNCT,PUNCT,,,,,True,2204,0,7.6984827878809465
",",",",PUNCT,PUNCT,,,,,True,16599,0,9.717157974344635
un,une,DET,DET,0.7741737557418163,1.1225809040946326,ADP,"DET: 0.77, ADP: 0.11, CCONJ: 0.09",True,8933,0,9.097619501912064
tragédie,tragédie,NOUN,NOUN,,,,,True,1,0,0.6931471805599453
qui,qui,PRON,PRON,0.8171669946022245,0.8424411100711472,CCONJ,"PRON: 0.82, CCONJ: 0.13, ADV: 0.05",True,1916,0,7.558516743045645
soi,s',PRON,PRON,0.8260631963800735,0.8193543183609986,CCONJ,"PRON: 0.83, CCONJ: 0.12, ADV: 0.05",True,2063,0,7.6324011266014535
être,est,AUX,AUX,0.4687470215317024,1.7986756264740116,SCONJ,"AUX: 0.47, SCONJ: 0.23, ADV: 0.20, CCONJ: 0.10",True,8404,0,9.036582045842716
jouer,jouée,VERB,VERB,1.0,0.0,,VERB: 1.00,True,142,0,4.962844630259907
en,en,ADP,ADP,0.21695278762461512,1.4815638486393006,DET,"DET: 0.51, CCONJ: 0.27, ADP: 0.22",True,5233,0,8.562931083090092
deux,deux,NUM,NUM,0.21554851351024185,0.7519555130200147,DET,"DET: 0.78, NUM: 0.22",True,568,0,6.343880434126331
fois,fois,NOUN,NOUN,1.0,0.0,,NOUN: 1.00,True,211,0,5.356586274672012
:,:,PUNCT,PUNCT,,,,,True,739,0,6.606650186198215
le,la,DET,DET,0.8207496286735718,0.8327615029897053,ADP,"DET: 0.82, ADP: 0.15",True,38293,0,10.55304850493315
premier,première,ADJ,ADJ,1.0,0.0,,ADJ: 1.00,True,675,0,6.516193076042964
fois,fois,NOUN,NOUN,1.0,0.0,,NOUN: 1.00,True,211,0,5.356586274672012
en,en,ADP,ADP,0.21695278762461512,1.4815638486393006,DET,"DET: 0.51, CCONJ: 0.27, ADP: 0.22",True,5233,0,8.562931083090092
deux,deux,NUM,NUM,0.21554851351024185,0.7519555130200147,DET,"DET: 0.78, NUM: 0.22",True,568,0,6.343880434126331
soirée,soirées,NOUN,NOUN,1.0,0.0,,NOUN: 1.00,True,20,0,3.044522437723423
4,4,NUM,NUM,1.0,0.0,,NUM: 1.00,True,109,0,4.700480365792417
et,et,CCONJ,CCONJ,0.25644065667983523,1.7170903132548632,SCONJ,"SCONJ: 0.43, ADP: 0.28, CCONJ: 0.26",True,7215,0,8.88405606174246
5,5,NUM,NUM,1.0,0.0,,NUM: 1.00,True,118,0,4.77912349311153
mai,mai,NOUN,NOUN,1.0,0.0,,NOUN: 1.00,True,99,0,4.605170185988092
1946,1946,NUM,NUM,1.0,0.0,,NUM: 1.00,True,12,0,2.5649493574615367
à,à,ADP,ADP,1.0,0.0,,ADP: 1.00,True,9366,0,9.14494815320913
le,le,DET,DET,0.8207496286735718,0.8327615029897053,ADP,"DET: 0.82, ADP: 0.15",True,38293,0,10.55304850493315
théâtre,Théâtre,NOUN,NOUN,1.0,0.0,,NOUN: 1.00,True,40,0,3.713572066704308
municipal,municipal,ADJ,ADJ,1.0,0.0,,ADJ: 1.00,True,26,0,3.295836866004329
de,de,ADP,ADP,0.7886818615006483,0.7439947701431047,CCONJ,"ADP: 0.79, CCONJ: 0.21",True,27784,0,10.232251585714021
Hà,Hà,PROPN,PROPN,,,,,False,0,0,0.0
Nội,Nội,PROPN,PROPN,,,,,False,0,0,0.0
et,et,CCONJ,CCONJ,0.25644065667983523,1.7170903132548632,SCONJ,"SCONJ: 0.43, ADP: 0.28, CCONJ: 0.26",True,7215,0,8.88405606174246
le,les,DET,DET,0.8207496286735718,0.8327615029897053,ADP,"DET: 0.82, ADP: 0.15",True,38293,0,10.55304850493315
deux,deux,NUM,NUM,0.21554851351024185,0.7519555130200147,DET,"DET: 0.78, NUM: 0.22",True,568,0,6.343880434126331
autre,autres,ADJ,ADJ,0.5773464864136372,0.982668701467866,NUM,"ADJ: 0.58, NUM: 0.42",True,341,0,5.834810737062605
soirée,soirées,NOUN,NOUN,1.0,0.0,,NOUN: 1.00,True,20,0,3.044522437723423
",",",",PUNCT,PUNCT,,,,,True,16599,0,9.717157974344635
23,23,NUM,NUM,1.0,0.0,,NUM: 1.00,True,40,0,3.713572066704308
et,et,CCONJ,CCONJ,0.25644065667983523,1.7170903132548632,SCONJ,"SCONJ: 0.43, ADP: 0.28, CCONJ: 0.26",True,7215,0,8.88405606174246
24,24,NUM,NUM,1.0,0.0,,NUM: 1.00,True,61,0,4.127134385045092
mai,mai,NOUN,NOUN,1.0,0.0,,NOUN: 1.00,True,99,0,4.605170185988092
1940,1940,NUM,NUM,1.0,0.0,,NUM: 1.00,True,30,0,3.4339872044851463
à,à,ADP,ADP,1.0,0.0,,ADP: 1.00,True,9366,0,9.14494815320913
le,le,DET,DET,0.8207496286735718,0.8327615029897053,ADP,"DET: 0.82, ADP: 0.15",True,38293,0,10.55304850493315
théâtre,Théâtre,NOUN,NOUN,1.0,0.0,,NOUN: 1.00,True,40,0,3.713572066704308
provincial,provincial,ADJ,ADJ,,,,,True,5,0,1.791759469228055
de,de,ADP,ADP,0.7886818615006483,0.7439947701431047,CCONJ,"ADP: 0.79, CCONJ: 0.21",True,27784,0,10.232251585714021
Hà,Hà,PROPN,PROPN,,,,,False,0,0,0.0
Tĩnh,Tĩnh,PROPN,PROPN,,,,,False,0,0,0.0
.,.,PUNCT,PUNCT,,,,,True,13366,0,9.500544261971474
le,La,DET,DET,0.8207496286735718,0.8327615029897053,ADP,"DET: 0.82, ADP: 0.15",True,38293,0,10.55304850493315
premier,première,ADJ,ADJ,1.0,0.0,,ADJ: 1.00,True,675,0,6.516193076042964
version,version,NOUN,NOUN,1.0,0.0,,NOUN: 1.00,True,76,0,4.343805421853684
de,de,ADP,ADP,0.7886818615006483,0.7439947701431047,CCONJ,"ADP: 0.79, CCONJ: 0.21",True,27784,0,10.232251585714021
ce,ce,DET,DET,0.8764141494570885,0.6891209831462356,ADP,"DET: 0.88, ADP: 0.08",True,1960,0,7.581209826196346
jeu,jeu,NOUN,NOUN,1.0,0.0,,NOUN: 1.00,True,143,0,4.969813299576001
",",",",PUNCT,PUNCT,,,,,True,16599,0,9.717157974344635
Crown,Crown,PROPN,PROPN,,,,,False,0,0,0.0
602,602,NUM,NUM,,,,,False,0,0,0.0
fabriquer,fabriquée,VERB,VERB,1.0,0.0,,VERB: 1.00,True,13,0,2.6390573296152584
par,par,ADP,ADP,1.0,0.0,,ADP: 1.00,True,2183,0,7.688913336864796
Taito,Taito,PROPN,PROPN,,,,,False,0,0,0.0
",",",",PUNCT,PUNCT,,,,,True,16599,0,9.717157974344635
être,est,AUX,AUX,0.4687470215317024,1.7986756264740116,SCONJ,"AUX: 0.47, SCONJ: 0.23, ADV: 0.20, CCONJ: 0.10",True,8404,0,9.036582045842716
apparaître,apparue,VERB,VERB,1.0,0.0,,VERB: 1.00,True,78,0,4.3694478524670215
à,à,ADP,ADP,1.0,0.0,,ADP: 1.00,True,9366,0,9.14494815320913
le,le,DET,DET,0.8207496286735718,0.8327615029897053,ADP,"DET: 0.82, ADP: 0.15",True,38293,0,10.55304850493315
Japon,Japon,PROPN,PROPN,0.8287627286762819,0.6605273205633625,NOUN,"PROPN: 0.83, NOUN: 0.17",True,28,0,3.367295829986474
en,en,ADP,ADP,0.21695278762461512,1.4815638486393006,DET,"DET: 0.51, CCONJ: 0.27, ADP: 0.22",True,5233,0,8.562931083090092
1965,1965,NUM,NUM,1.0,0.0,,NUM: 1.00,True,17,0,2.8903717578961645
.,.,PUNCT,PUNCT,,,,,True,13366,0,9.500544261971474
lui,Il,PRON,PRON,0.7173975220804439,1.0427392110337699,CCONJ,"PRON: 0.72, CCONJ: 0.24",True,5436,0,8.600982717145921
être,est,AUX,AUX,0.4687470215317024,1.7986756264740116,SCONJ,"AUX: 0.47, SCONJ: 0.23, ADV: 0.20, CCONJ: 0.10",True,8404,0,9.036582045842716
fortement,fortement,ADV,ADV,1.0,0.0,,ADV: 1.00,True,28,0,3.367295829986474
brider,bridé,VERB,VERB,,,,,False,0,0,0.0
sur,sur,ADP,ADP,1.0,0.0,,ADP: 1.00,True,1482,0,7.301822342137932
le,la,DET,DET,0.8207496286735718,0.8327615029897053,ADP,"DET: 0.82, ADP: 0.15",True,38293,0,10.55304850493315
version,version,NOUN,NOUN,1.0,0.0,,NOUN: 1.00,True,76,0,4.343805421853684
routier,routière,ADJ,ADJ,,,,,True,6,0,1.9459101490553132
",",",",PUNCT,PUNCT,,,,,True,16599,0,9.717157974344635
de,de,ADP,ADP,0.7886818615006483,0.7439947701431047,CCONJ,"ADP: 0.79, CCONJ: 0.21",True,27784,0,10.232251585714021
façon,façon,NOUN,NOUN,1.0,0.0,,NOUN: 1.00,True,49,0,3.912023005428146
à,à,ADP,ADP,1.0,0.0,,ADP: 1.00,True,9366,0,9.14494815320913
ne,ne,ADV,ADV,0.03110691420199771,0.7244015123648279,PRON,"PRON: 0.85, CCONJ: 0.12",True,1435,0,7.269616749608169
pas,pas,ADV,ADV,1.0,0.0,,ADV: 1.00,True,893,0,6.795705775173514
afficher,afficher,VERB,VERB,1.0,0.0,,VERB: 1.00,True,14,0,2.70805020110221
un,de,DET,DET,0.7741737557418163,1.1225809040946326,ADP,"DET: 0.77, ADP: 0.11, CCONJ: 0.09",True,8933,0,9.097619501912064
performance,performances,NOUN,NOUN,1.0,0.0,,NOUN: 1.00,True,20,0,3.044522437723423
beaucoup,beaucoup,ADV,ADV,1.0,0.0,,ADV: 1.00,True,99,0,4.605170185988092
plus,plus,ADV,ADV,0.7196677710684014,0.8559031009192263,CCONJ,"ADV: 0.72, CCONJ: 0.28",True,1173,0,7.068172000388042
flatteur,flatteuses,ADJ,ADJ,,,,,False,0,0,0.0
que,que,SCONJ,SCONJ,0.6915510664276248,1.397369454710615,CCONJ,"SCONJ: 0.69, CCONJ: 0.17, PRON: 0.06, ADV: 0.05",True,1979,0,7.590852123688581
celui,celles,PRON,PRON,0.5172312419604586,1.7291498109731305,NOUN,"PRON: 0.52, NOUN: 0.23, PROPN: 0.14, VERB: 0.11",True,278,0,5.631211781821365
de,de,ADP,ADP,0.7886818615006483,0.7439947701431047,CCONJ,"ADP: 0.79, CCONJ: 0.21",True,27784,0,10.232251585714021
le,la,DET,DET,0.8207496286735718,0.8327615029897053,ADP,"DET: 0.82, ADP: 0.15",True,38293,0,10.55304850493315
M3,M3,X,PROPN,,,,,False,0,1,0.0
CSL,CSL,X,PROPN,,,,,False,0,1,0.0
.,.,PUNCT,PUNCT,,,,,True,13366,0,9.500544261971474
lui,Il,PRON,PRON,0.7173975220804439,1.0427392110337699,CCONJ,"PRON: 0.72, CCONJ: 0.24",True,5436,0,8.600982717145921
être,est,AUX,AUX,0.4687470215317024,1.7986756264740116,SCONJ,"AUX: 0.47, SCONJ: 0.23, ADV: 0.20, CCONJ: 0.10",True,8404,0,9.036582045842716
souvent,souvent,ADV,ADV,1.0,0.0,,ADV: 1.00,True,108,0,4.6913478822291435
victime,victime,NOUN,ADJ,1.0,0.0,,NOUN: 1.00,True,20,1,3.044522437723423
de,de,ADP,ADP,0.7886818615006483,0.7439947701431047,CCONJ,"ADP: 0.79, CCONJ: 0.21",True,27784,0,10.232251585714021
petit,petites,ADJ,ADJ,1.0,0.0,,ADJ: 1.00,True,195,0,5.278114659230517
arnaque,arnaques,NOUN,NOUN,,,,,True,6,0,1.9459101490553132
de,de,ADP,ADP,0.7886818615006483,0.7439947701431047,CCONJ,"ADP: 0.79, CCONJ: 0.21",True,27784,0,10.232251585714021
le,la,DET,DET,0.8207496286735718,0.8327615029897053,ADP,"DET: 0.82, ADP: 0.15",True,38293,0,10.55304850493315
part,part,NOUN,NOUN,1.0,0.0,,NOUN: 1.00,True,95,0,4.564348191467836
de,de,ADP,ADP,0.7886818615006483,0.7439947701431047,CCONJ,"ADP: 0.79, CCONJ: 0.21",True,27784,0,10.232251585714021
le,l',DET,DET,0.8207496286735718,0.8327615029897053,ADP,"DET: 0.82, ADP: 0.15",True,38293,0,10.55304850493315
équipe,équipe,NOUN,NOUN,1.0,0.0,,NOUN: 1.00,True,207,0,5.337538079701318
et,et,CCONJ,CCONJ,0.25644065667983523,1.7170903132548632,SCONJ,"SCONJ: 0.43, ADP: 0.28, CCONJ: 0.26",True,7215,0,8.88405606174246
chaque,chaque,DET,DET,0.8752800390928642,0.6935189399848112,ADP,"DET: 0.88, ADP: 0.08",True,122,0,4.812184355372417
fois,fois,NOUN,NOUN,1.0,0.0,,NOUN: 1.00,True,211,0,5.356586274672012
que,qu',SCONJ,SCONJ,0.6915510664276248,1.397369454710615,CCONJ,"SCONJ: 0.69, CCONJ: 0.17, PRON: 0.06, ADV: 0.05",True,1979,0,7.590852123688581
lui,ils,PRON,PRON,0.7173975220804439,1.0427392110337699,CCONJ,"PRON: 0.72, CCONJ: 0.24",True,5436,0,8.600982717145921
vouloir,veulent,VERB,VERB,1.0,0.0,,VERB: 1.00,True,99,0,4.605170185988092
éviter,éviter,VERB,VERB,1.0,0.0,,VERB: 1.00,True,39,0,3.6888794541139363
de,de,ADP,ADP,0.7886818615006483,0.7439947701431047,CCONJ,"ADP: 0.79, CCONJ: 0.21",True,27784,0,10.232251585714021
payer,payer,VERB,VERB,1.0,0.0,,VERB: 1.00,True,25,0,3.258096538021482
son,leur,DET,DET,0.8481722905876147,0.863954061477403,CCONJ,"DET: 0.85, CCONJ: 0.08",True,3876,0,8.262816937670928
addition,addition,NOUN,NOUN,,,,,True,4,0,1.6094379124341003
.,.,PUNCT,PUNCT,,,,,True,13366,0,9.500544261971474
son,Son,DET,DET,0.8481722905876147,0.863954061477403,CCONJ,"DET: 0.85, CCONJ: 0.08",True,3876,0,8.262816937670928
seul,seul,ADJ,ADJ,1.0,0.0,,ADJ: 1.00,True,200,0,5.303304908059076
souvenir,souvenir,NOUN,NOUN,1.0,0.0,,NOUN: 1.00,True,12,0,2.5649493574615367
",",",",PUNCT,PUNCT,,,,,True,16599,0,9.717157974344635
ce,c',PRON,PRON,0.959635480454852,0.243961008701331,ADV,PRON: 0.96,True,855,0,6.752270376141742
être,est,AUX,AUX,0.4687470215317024,1.7986756264740116,SCONJ,"AUX: 0.47, SCONJ: 0.23, ADV: 0.20, CCONJ: 0.10",True,8404,0,9.036582045842716
ce,cette,DET,DET,0.8764141494570885,0.6891209831462356,ADP,"DET: 0.88, ADP: 0.08",True,1960,0,7.581209826196346
mélodie,mélodie,NOUN,NOUN,,,,,True,4,0,1.6094379124341003
envoûtant,envoutante,ADJ,ADJ,,,,,False,0,0,0.0
",",",",PUNCT,PUNCT,,,,,True,16599,0,9.717157974344635
jouer,jouée,VERB,VERB,1.0,0.0,,VERB: 1.00,True,142,0,4.962844630259907
sur,sur,ADP,ADP,1.0,0.0,,ADP: 1.00,True,1482,0,7.301822342137932
ce,cette,DET,DET,0.8764141494570885,0.6891209831462356,ADP,"DET: 0.88, ADP: 0.08",True,1960,0,7.581209826196346
scène,scène,NOUN,NOUN,1.0,0.0,,NOUN: 1.00,True,56,0,4.04305126783455
.,.,PUNCT,PUNCT,,,,,True,13366,0,9.500544261971474
conséquence,Conséquence,NOUN,NOUN,1.0,0.0,,NOUN: 1.00,True,26,0,3.295836866004329
:,:,PUNCT,PUNCT,,,,,True,739,0,6.606650186198215
le,la,DET,DET,0.8207496286735718,0.8327615029897053,ADP,"DET: 0.82, ADP: 0.15",True,38293,0,10.55304850493315
moitié,moitié,NOUN,NOUN,1.0,0.0,,NOUN: 1.00,True,34,0,3.5553480614894135
de,de,ADP,ADP,0.7886818615006483,0.7439947701431047,CCONJ,"ADP: 0.79, CCONJ: 0.21",True,27784,0,10.232251585714021
le,les,DET,DET,0.8207496286735718,0.8327615029897053,ADP,"DET: 0.82, ADP: 0.15",True,38293,0,10.55304850493315
entreprise,entreprises,NOUN,NOUN,1.0,0.0,,NOUN: 1.00,True,102,0,4.634728988229636
avoir,ayant,AUX,AUX,0.7537049139623345,0.8053529913575782,ADV,"AUX: 0.75, ADV: 0.25",True,2935,0,7.984803389734406
obtenir,obtenu,VERB,VERB,1.0,0.0,,VERB: 1.00,True,134,0,4.90527477843843
un,un,DET,DET,0.7741737557418163,1.1225809040946326,ADP,"DET: 0.77, ADP: 0.11, CCONJ: 0.09",True,8933,0,9.097619501912064
prêt,prêt,NOUN,NOUN,,,,,True,7,0,2.0794415416798357
avoir,ont,AUX,AUX,0.7537049139623345,0.8053529913575782,ADV,"AUX: 0.75, ADV: 0.25",True,2935,0,7.984803389734406
devoir,dû,VERB,VERB,0.9326805365068354,0.3558398388117804,ADJ,"VERB: 0.93, ADJ: 0.07",True,314,0,5.752572638825633
apporter,apporter,VERB,VERB,1.0,0.0,,VERB: 1.00,True,34,0,3.5553480614894135
un,une,DET,DET,0.7741737557418163,1.1225809040946326,ADP,"DET: 0.77, ADP: 0.11, CCONJ: 0.09",True,8933,0,9.097619501912064
garantie,garantie,NOUN,NOUN,1.0,0.0,,NOUN: 1.00,True,14,0,2.70805020110221
",",",",PUNCT,PUNCT,,,,,True,16599,0,9.717157974344635
et,et,CCONJ,CCONJ,0.25644065667983523,1.7170903132548632,SCONJ,"SCONJ: 0.43, ADP: 0.28, CCONJ: 0.26",True,7215,0,8.88405606174246
",",",",PUNCT,PUNCT,,,,,True,16599,0,9.717157974344635
dans,dans,ADP,ADP,1.0,0.0,,ADP: 1.00,True,2779,0,7.930206206684683
le,les,DET,DET,0.8207496286735718,0.8327615029897053,ADP,"DET: 0.82, ADP: 0.15",True,38293,0,10.55304850493315
trois,trois,NUM,NUM,0.21329117169768608,0.7477267753799202,DET,"DET: 0.79, NUM: 0.21",True,206,0,5.332718793265369
quart,quarts,NOUN,NOUN,1.0,0.0,,NOUN: 1.00,True,11,0,2.4849066497880004
de,de,ADP,ADP,0.7886818615006483,0.7439947701431047,CCONJ,"ADP: 0.79, CCONJ: 0.21",True,27784,0,10.232251585714021
le,les,DET,DET,0.8207496286735718,0.8327615029897053,ADP,"DET: 0.82, ADP: 0.15",True,38293,0,10.55304850493315
cas,cas,NOUN,NOUN,1.0,0.0,,NOUN: 1.00,True,91,0,4.5217885770490405
",",",",PUNCT,PUNCT,,,,,True,16599,0,9.717157974344635
ce,ce,PRON,PRON,0.959635480454852,0.243961008701331,ADV,PRON: 0.96,True,855,0,6.752270376141742
être,sont,AUX,AUX,0.4687470215317024,1.7986756264740116,SCONJ,"AUX: 0.47, SCONJ: 0.23, ADV: 0.20, CCONJ: 0.10",True,8404,0,9.036582045842716
le,les,DET,DET,0.8207496286735718,0.8327615029897053,ADP,"DET: 0.82, ADP: 0.15",True,38293,0,10.55304850493315
dirigeant,dirigeants,NOUN,NOUN,1.0,0.0,,NOUN: 1.00,True,26,0,3.295836866004329
qui,qui,PRON,PRON,0.8171669946022245,0.8424411100711472,CCONJ,"PRON: 0.82, CCONJ: 0.13, ADV: 0.05",True,1916,0,7.558516743045645
soi,se,PRON,PRON,0.8260631963800735,0.8193543183609986,CCONJ,"PRON: 0.83, CCONJ: 0.12, ADV: 0.05",True,2063,0,7.6324011266014535
être,sont,AUX,AUX,0.4687470215317024,1.7986756264740116,SCONJ,"AUX: 0.47, SCONJ: 0.23, ADV: 0.20, CCONJ: 0.10",True,8404,0,9.036582045842716
porter,portés,VERB,VERB,1.0,0.0,,VERB: 1.00,True,127,0,4.852030263919617
garant,garants,NOUN,ADJ,,,,,True,1,1,0.6931471805599453
.,.,PUNCT,PUNCT,,,,,True,13366,0,9.500544261971474
ainsi,Ainsi,ADV,ADV,1.0,0.0,,ADV: 1.00,True,330,0,5.802118375377063
le,le,DET,DET,0.8207496286735718,0.8327615029897053,ADP,"DET: 0.82, ADP: 0.15",True,38293,0,10.55304850493315
mot,mot,NOUN,NOUN,1.0,0.0,,NOUN: 1.00,True,45,0,3.828641396489095
populisme,populisme,NOUN,NOUN,,,,,True,1,0,0.6931471805599453
contenir,contient,VERB,VERB,1.0,0.0,,VERB: 1.00,True,48,0,3.8918202981106265
dans,dans,ADP,ADP,1.0,0.0,,ADP: 1.00,True,2779,0,7.930206206684683
le,la,DET,DET,0.8207496286735718,0.8327615029897053,ADP,"DET: 0.82, ADP: 0.15",True,38293,0,10.55304850493315
définition,définition,NOUN,NOUN,1.0,0.0,,NOUN: 1.00,True,12,0,2.5649493574615367
que,qu',PRON,SCONJ,0.11611059889321292,1.238361633076011,SCONJ,"SCONJ: 0.71, CCONJ: 0.15, PRON: 0.12",True,430,1,6.066108090103747
on,on,PRON,PRON,0.5432191123278096,1.5995967780630704,SCONJ,"PRON: 0.54, SCONJ: 0.23, CCONJ: 0.19",True,554,0,6.318968113746434
lui,lui,PRON,PRON,0.7173975220804439,1.0427392110337699,CCONJ,"PRON: 0.72, CCONJ: 0.24",True,5436,0,8.600982717145921
prêter,prête,VERB,VERB,,,,,True,9,0,2.302585092994046
tout,tous,ADJ,ADJ,0.0,0.0,ADP,ADP: 1.00,True,401,0,5.996452088619021
le,les,DET,DET,0.8207496286735718,0.8327615029897053,ADP,"DET: 0.82, ADP: 0.15",True,38293,0,10.55304850493315
préjugé,préjugés,NOUN,NOUN,,,,,True,3,0,1.3862943611198906
de,de,ADP,ADP,0.7886818615006483,0.7439947701431047,CCONJ,"ADP: 0.79, CCONJ: 0.21",True,27784,0,10.232251585714021
classe,classe,NOUN,NOUN,1.0,0.0,,NOUN: 1.00,True,34,0,3.5553480614894135
",",",",PUNCT,PUNCT,,,,,True,16599,0,9.717157974344635
tout,tout,ADJ,ADJ,0.0,0.0,ADP,ADP: 1.00,True,401,0,5.996452088619021
le,le,DET,DET,0.8207496286735718,0.8327615029897053,ADP,"DET: 0.82, ADP: 0.15",True,38293,0,10.55304850493315
mépris,mépris,NOUN,NOUN,,,,,True,3,0,1.3862943611198906
pour,pour,ADP,ADP,0.7890790430468303,0.7432394314397186,CCONJ,"ADP: 0.79, CCONJ: 0.21",True,2242,0,7.715569534520208
le,le,DET,DET,0.8207496286735718,0.8327615029897053,ADP,"DET: 0.82, ADP: 0.15",True,38293,0,10.55304850493315
peuple,peuple,NOUN,NOUN,1.0,0.0,,NOUN: 1.00,True,86,0,4.465908118654584
.,.,PUNCT,PUNCT,,,,,True,13366,0,9.500544261971474
le,Le,DET,DET,0.8207496286735718,0.8327615029897053,ADP,"DET: 0.82, ADP: 0.15",True,38293,0,10.55304850493315
groupe,groupe,NOUN,NOUN,1.0,0.0,,NOUN: 1.00,True,247,0,5.5134287461649825
être,est,AUX,AUX,0.4687470215317024,1.7986756264740116,SCONJ,"AUX: 0.47, SCONJ: 0.23, ADV: 0.20, CCONJ: 0.10",True,8404,0,9.036582045842716
composer,composé,VERB,VERB,0.9296361588474302,0.367279970217379,ADJ,"VERB: 0.93, ADJ: 0.07",True,76,0,4.343805421853684
de,de,ADP,ADP,0.7886818615006483,0.7439947701431047,CCONJ,"ADP: 0.79, CCONJ: 0.21",True,27784,0,10.232251585714021
Phil,Phil,PROPN,PROPN,,,,,True,1,0,0.6931471805599453
Hartley,Hartley,PROPN,PROPN,,,,,False,0,0,0.0
(,(,PUNCT,PUNCT,,,,,True,2211,0,7.701652362642226
chant,chant,NOUN,NOUN,1.0,0.0,,NOUN: 1.00,True,27,0,3.332204510175204
),),PUNCT,PUNCT,,,,,True,2204,0,7.6984827878809465
",",",",PUNCT,PUNCT,,,,,True,16599,0,9.717157974344635
Mike,Mike,PROPN,PROPN,,,,,True,5,0,1.791759469228055
Bryson,Bryson,PROPN,PROPN,,,,,False,0,0,0.0
(,(,PUNCT,PUNCT,,,,,True,2211,0,7.701652362642226
basse,basse,NOUN,NOUN,,,,,True,10,0,2.3978952727983707
),),PUNCT,PUNCT,,,,,True,2204,0,7.6984827878809465
",",",",PUNCT,PUNCT,,,,,True,16599,0,9.717157974344635
Mark,Mark,PROPN,PROPN,,,,,True,7,0,2.0794415416798357
McQuaid,McQuaid,PROPN,PROPN,,,,,False,0,0,0.0
(,(,PUNCT,PUNCT,,,,,True,2211,0,7.701652362642226
guitare,guitare,NOUN,NOUN,0.6835569532106197,0.9004713790507408,PROPN,"NOUN: 0.68, PROPN: 0.32",True,11,0,2.4849066497880004
),),PUNCT,PUNCT,,,,,True,2204,0,7.6984827878809465
et,et,CCONJ,CCONJ,0.25644065667983523,1.7170903132548632,SCONJ,"SCONJ: 0.43, ADP: 0.28, CCONJ: 0.26",True,7215,0,8.88405606174246
Tristan,Tristan,PROPN,PROPN,,,,,True,1,0,0.6931471805599453
King,King,PROPN,PROPN,,,,,True,4,0,1.6094379124341003
(,(,PUNCT,PUNCT,,,,,True,2211,0,7.701652362642226
batterie,batterie,NOUN,NOUN,1.0,0.0,,NOUN: 1.00,True,20,0,3.044522437723423
),),PUNCT,PUNCT,,,,,True,2204,0,7.6984827878809465
.,.,PUNCT,PUNCT,,,,,True,13366,0,9.500544261971474
le,Le,DET,DET,0.8207496286735718,0.8327615029897053,ADP,"DET: 0.82, ADP: 0.15",True,38293,0,10.55304850493315
téléphone,téléphone,NOUN,NOUN,0.6843897852084354,0.8995436921966117,PROPN,"NOUN: 0.68, PROPN: 0.32",True,15,0,2.772588722239781
avoir,avait,VERB,VERB,1.0,0.0,,VERB: 1.00,True,784,0,6.665683717782408
un,un,DET,DET,0.7741737557418163,1.1225809040946326,ADP,"DET: 0.77, ADP: 0.11, CCONJ: 0.09",True,8933,0,9.097619501912064
défaut,défaut,NOUN,NOUN,,,,,True,6,0,1.9459101490553132
de,de,ADP,ADP,0.7886818615006483,0.7439947701431047,CCONJ,"ADP: 0.79, CCONJ: 0.21",True,27784,0,10.232251585714021
fabrication,fabrication,NOUN,NOUN,1.0,0.0,,NOUN: 1.00,True,12,0,2.5649493574615367
et,et,CCONJ,CCONJ,0.25644065667983523,1.7170903132548632,SCONJ,"SCONJ: 0.43, ADP: 0.28, CCONJ: 0.26",True,7215,0,8.88405606174246
lui,il,PRON,PRON,0.7173975220804439,1.0427392110337699,CCONJ,"PRON: 0.72, CCONJ: 0.24",True,5436,0,8.600982717145921
moi,m',PRON,PRON,0.7120466284894749,1.0523675190710984,CCONJ,"PRON: 0.71, CCONJ: 0.24",True,621,0,6.432940092739179
avoir,a,AUX,AUX,0.7537049139623345,0.8053529913575782,ADV,"AUX: 0.75, ADV: 0.25",True,2935,0,7.984803389734406
être,été,AUX,AUX,0.4687470215317024,1.7986756264740116,SCONJ,"AUX: 0.47, SCONJ: 0.23, ADV: 0.20, CCONJ: 0.10",True,8404,0,9.036582045842716
changer,changé,VERB,VERB,1.0,0.0,,VERB: 1.00,True,47,0,3.871201010907891
à,à,ADP,ADP,1.0,0.0,,ADP: 1.00,True,9366,0,9.14494815320913
le,le,DET,DET,0.8207496286735718,0.8327615029897053,ADP,"DET: 0.82, ADP: 0.15",True,38293,0,10.55304850493315
magasin,magasin,NOUN,NOUN,1.0,0.0,,NOUN: 1.00,True,27,0,3.332204510175204
dès,dès,ADP,ADP,0.8907467680784398,0.4976593631052658,CCONJ,"ADP: 0.89, CCONJ: 0.11",True,112,0,4.727387818712341
que,que,SCONJ,SCONJ,0.6915510664276248,1.397369454710615,CCONJ,"SCONJ: 0.69, CCONJ: 0.17, PRON: 0.06, ADV: 0.05",True,1979,0,7.590852123688581
moi,j',PRON,PRON,0.7120466284894749,1.0523675190710984,CCONJ,"PRON: 0.71, CCONJ: 0.24",True,621,0,6.432940092739179
y,y,PRON,PRON,0.8287336305823229,0.8120222571975413,CCONJ,"PRON: 0.83, CCONJ: 0.12, ADV: 0.05",True,464,0,6.142037405587356
être,suis,AUX,AUX,0.4687470215317024,1.7986756264740116,SCONJ,"AUX: 0.47, SCONJ: 0.23, ADV: 0.20, CCONJ: 0.10",True,8404,0,9.036582045842716
retourner,retourné,VERB,VERB,1.0,0.0,,VERB: 1.00,True,47,0,3.871201010907891
.,.,PUNCT,PUNCT,,,,,True,13366,0,9.500544261971474
ce,Ce,DET,DET,0.8764141494570885,0.6891209831462356,ADP,"DET: 0.88, ADP: 0.08",True,1960,0,7.581209826196346
stage,stage,NOUN,NOUN,,,,,True,7,0,2.0794415416798357
soi,se,PRON,PRON,0.8260631963800735,0.8193543183609986,CCONJ,"PRON: 0.83, CCONJ: 0.12, ADV: 0.05",True,2063,0,7.6324011266014535
dérouler,déroule,VERB,VERB,1.0,0.0,,VERB: 1.00,True,43,0,3.784189633918261
de,de,ADP,ADP,0.7886818615006483,0.7439947701431047,CCONJ,"ADP: 0.79, CCONJ: 0.21",True,27784,0,10.232251585714021
le,le,DET,DET,0.8207496286735718,0.8327615029897053,ADP,"DET: 0.82, ADP: 0.15",True,38293,0,10.55304850493315
lundi,lundi,NOUN,NOUN,1.0,0.0,,NOUN: 1.00,True,29,0,3.4011973816621555
4,4,NUM,NUM,1.0,0.0,,NUM: 1.00,True,109,0,4.700480365792417
à,à,ADP,ADP,1.0,0.0,,ADP: 1.00,True,9366,0,9.14494815320913
le,le,DET,DET,0.8207496286735718,0.8327615029897053,ADP,"DET: 0.82, ADP: 0.15",True,38293,0,10.55304850493315
vendredi,vendredi,NOUN,NOUN,0.3553649533718956,0.9387683631516802,ADV,"ADV: 0.64, NOUN: 0.36",True,26,0,3.295836866004329
8,8,NUM,NUM,1.0,0.0,,NUM: 1.00,True,66,0,4.204692619390966
juillet,juillet,NOUN,NOUN,1.0,0.0,,NOUN: 1.00,True,121,0,4.804021044733257
.,.,PUNCT,PUNCT,,,,,True,13366,0,9.500544261971474
Abraham,Abraham,PROPN,PROPN,,,,,True,2,0,1.0986122886681098
être,est,AUX,AUX,0.4687470215317024,1.7986756264740116,SCONJ,"AUX: 0.47, SCONJ: 0.23, ADV: 0.20, CCONJ: 0.10",True,8404,0,9.036582045842716
naître,né,VERB,VERB,0.9307008365025946,0.36330280715123003,ADJ,"VERB: 0.93, ADJ: 0.07",True,347,0,5.8522024797744745
à,à,ADP,ADP,1.0,0.0,,ADP: 1.00,True,9366,0,9.14494815320913
Dantzig,Dantzig,PROPN,PROPN,,,,,False,0,0,0.0
",",",",PUNCT,PUNCT,,,,,True,16599,0,9.717157974344635
Allemagne,Allemagne,PROPN,PROPN,0.9875851817714895,0.09640721387270915,NOUN,PROPN: 0.99,True,54,0,4.007333185232471
(,(,PUNCT,PUNCT,,,,,True,2211,0,7.701652362642226
maintenant,maintenant,ADV,ADV,1.0,0.0,,ADV: 1.00,True,27,0,3.332204510175204
Gdańsk,Gdańsk,PROPN,PROPN,,,,,False,0,0,0.0
en,en,ADP,ADP,0.21695278762461512,1.4815638486393006,DET,"DET: 0.51, CCONJ: 0.27, ADP: 0.22",True,5233,0,8.562931083090092
Pologne,Pologne,PROPN,PROPN,0.9426826037539733,0.3167026304199992,NOUN,"PROPN: 0.94, NOUN: 0.06",True,15,0,2.772588722239781
),),PUNCT,PUNCT,,,,,True,2204,0,7.6984827878809465
dans,dans,ADP,ADP,1.0,0.0,,ADP: 1.00,True,2779,0,7.930206206684683
un,une,DET,DET,0.7741737557418163,1.1225809040946326,ADP,"DET: 0.77, ADP: 0.11, CCONJ: 0.09",True,8933,0,9.097619501912064
famille,famille,NOUN,NOUN,1.0,0.0,,NOUN: 1.00,True,225,0,5.420534999272286
de,de,ADP,ADP,0.7886818615006483,0.7439947701431047,CCONJ,"ADP: 0.79, CCONJ: 0.21",True,27784,0,10.232251585714021
marchand,marchands,NOUN,NOUN,1.0,0.0,,NOUN: 1.00,True,12,0,2.5649493574615367
juif,juifs,ADJ,ADJ,1.0,0.0,,ADJ: 1.00,True,18,0,2.9444389791664403
.,.,PUNCT,PUNCT,,,,,True,13366,0,9.500544261971474
lui,Il,PRON,PRON,0.7173975220804439,1.0427392110337699,CCONJ,"PRON: 0.72, CCONJ: 0.24",True,5436,0,8.600982717145921
tenter,tente,VERB,VERB,0.9310948844438575,0.36182440920302567,ADJ,"VERB: 0.93, ADJ: 0.07",True,68,0,4.23410650459726
de,d',ADP,ADP,0.7886818615006483,0.7439947701431047,CCONJ,"ADP: 0.79, CCONJ: 0.21",True,27784,0,10.232251585714021
empêcher,empêcher,VERB,VERB,1.0,0.0,,VERB: 1.00,True,38,0,3.6635616461296463
un,des,DET,DET,0.7741737557418163,1.1225809040946326,ADP,"DET: 0.77, ADP: 0.11, CCONJ: 0.09",True,8933,0,9.097619501912064
chasseur,chasseurs,NOUN,NOUN,,,,,True,9,0,2.302585092994046
de,de,ADP,ADP,0.7886818615006483,0.7439947701431047,CCONJ,"ADP: 0.79, CCONJ: 0.21",True,27784,0,10.232251585714021
trésor,trésor,NOUN,NOUN,,,,,True,10,0,2.3978952727983707
de,de,ADP,ADP,0.7886818615006483,0.7439947701431047,CCONJ,"ADP: 0.79, CCONJ: 0.21",True,27784,0,10.232251585714021
soi,s',PRON,PRON,0.8260631963800735,0.8193543183609986,CCONJ,"PRON: 0.83, CCONJ: 0.12, ADV: 0.05",True,2063,0,7.6324011266014535
aventurer,aventurer,VERB,VERB,,,,,False,0,0,0.0
sur,sur,ADP,ADP,1.0,0.0,,ADP: 1.00,True,1482,0,7.301822342137932
ce,ces,DET,DET,0.8764141494570885,0.6891209831462356,ADP,"DET: 0.88, ADP: 0.08",True,1960,0,7.581209826196346
territoire,territoires,NOUN,NOUN,1.0,0.0,,NOUN: 1.00,True,98,0,4.59511985013459
interdit,interdits,ADJ,VERB,,,,,True,10,1,2.3978952727983707
.,.,PUNCT,PUNCT,,,,,True,13366,0,9.500544261971474
prédire,Prédisant,VERB,VERB,,,,,True,4,0,1.6094379124341003
un,un,DET,DET,0.7741737557418163,1.1225809040946326,ADP,"DET: 0.77, ADP: 0.11, CCONJ: 0.09",True,8933,0,9.097619501912064
duo,duo,NOUN,NOUN,1.0,0.0,,NOUN: 1.00,True,14,0,2.70805020110221
avec,avec,ADP,ADP,0.8893781797851439,0.5017887113029871,CCONJ,"ADP: 0.89, CCONJ: 0.11",True,1225,0,7.111512116496157
le,le,DET,DET,0.8207496286735718,0.8327615029897053,ADP,"DET: 0.82, ADP: 0.15",True,38293,0,10.55304850493315
chanteur,chanteur,NOUN,NOUN,1.0,0.0,,NOUN: 1.00,True,30,0,3.4339872044851463
",",",",PUNCT,PUNCT,,,,,True,16599,0,9.717157974344635
le,le,DET,DET,0.8207496286735718,0.8327615029897053,ADP,"DET: 0.82, ADP: 0.15",True,38293,0,10.55304850493315
public,public,NOUN,NOUN,0.6842297166824649,0.8997223510519424,PROPN,"NOUN: 0.68, PROPN: 0.32",True,35,0,3.58351893845611
soi,s',PRON,PRON,0.8260631963800735,0.8193543183609986,CCONJ,"PRON: 0.83, CCONJ: 0.12, ADV: 0.05",True,2063,0,7.6324011266014535
attendre,attendait,VERB,VERB,1.0,0.0,,VERB: 1.00,True,50,0,3.9318256327243257
à,à,ADP,ADP,1.0,0.0,,ADP: 1.00,True,9366,0,9.14494815320913
un,un,DET,DET,0.7741737557418163,1.1225809040946326,ADP,"DET: 0.77, ADP: 0.11, CCONJ: 0.09",True,8933,0,9.097619501912064
titre,titre,NOUN,NOUN,1.0,0.0,,NOUN: 1.00,True,164,0,5.10594547390058
bouillonnant,bouillonnant,ADJ,ADJ,,,,,False,0,0,0.0
mais,mais,CCONJ,CCONJ,0.15469195513464806,1.2293580521348002,SCONJ,"SCONJ: 0.72, CCONJ: 0.15, PRON: 0.09",True,734,0,6.5998704992128365
lui,il,PRON,PRON,0.7173975220804439,1.0427392110337699,CCONJ,"PRON: 0.72, CCONJ: 0.24",True,5436,0,8.600982717145921
soi,s',PRON,PRON,0.8260631963800735,0.8193543183609986,CCONJ,"PRON: 0.83, CCONJ: 0.12, ADV: 0.05",True,2063,0,7.6324011266014535
agir,agit,VERB,VERB,1.0,0.0,,VERB: 1.00,True,108,0,4.6913478822291435
finalement,finalement,ADV,ADV,1.0,0.0,,ADV: 1.00,True,47,0,3.871201010907891
de,d',ADP,ADP,0.7886818615006483,0.7439947701431047,CCONJ,"ADP: 0.79, CCONJ: 0.21",True,27784,0,10.232251585714021
un,un,DET,DET,0.7741737557418163,1.1225809040946326,ADP,"DET: 0.77, ADP: 0.11, CCONJ: 0.09",True,8933,0,9.097619501912064
morceau,morceau,NOUN,NOUN,1.0,0.0,,NOUN: 1.00,True,20,0,3.044522437723423
usuel,usuel,ADJ,ADJ,,,,,True,5,0,1.791759469228055
parmi,parmi,ADP,ADP,0.9832202117922585,0.1387159709546887,NUM,ADP: 0.98,True,82,0,4.418840607796598
le,les,DET,DET,0.8207496286735718,0.8327615029897053,ADP,"DET: 0.82, ADP: 0.15",True,38293,0,10.55304850493315
chanson,chansons,NOUN,NOUN,1.0,0.0,,NOUN: 1.00,True,79,0,4.382026634673881
autobiographique,autobiographique,ADJ,ADJ,,,,,True,2,0,1.0986122886681098
que,que,PRON,PRON,0.11611059889321292,1.238361633076011,SCONJ,"SCONJ: 0.71, CCONJ: 0.15, PRON: 0.12",True,430,0,6.066108090103747
Madonna,Madonna,PROPN,PROPN,,,,,True,1,0,0.6931471805599453
estimer,estime,VERB,VERB,1.0,0.0,,VERB: 1.00,True,46,0,3.8501476017100584
plus,plus,ADV,ADV,0.7196677710684014,0.8559031009192263,CCONJ,"ADV: 0.72, CCONJ: 0.28",True,1173,0,7.068172000388042
adulte,adultes,NOUN,ADJ,,,,,True,10,1,2.3978952727983707
.,.,PUNCT,PUNCT,,,,,True,13366,0,9.500544261971474
le,Les,DET,DET,0.8207496286735718,0.8327615029897053,ADP,"DET: 0.82, ADP: 0.15",True,38293,0,10.55304850493315
nation,Nations,NOUN,NOUN,1.0,0.0,,NOUN: 1.00,True,56,0,4.04305126783455
uni,Unies,ADJ,ADJ,1.0,0.0,,ADJ: 1.00,True,40,0,3.713572066704308
mener,mènent,VERB,VERB,1.0,0.0,,VERB: 1.00,True,75,0,4.330733340286331
un,une,DET,DET,0.7741737557418163,1.1225809040946326,ADP,"DET: 0.77, ADP: 0.11, CCONJ: 0.09",True,8933,0,9.097619501912064
campagne,campagne,NOUN,NOUN,1.0,0.0,,NOUN: 1.00,True,59,0,4.0943445622221
mondial,mondiale,ADJ,ADJ,1.0,0.0,,ADJ: 1.00,True,89,0,4.499809670330265
«,«,PUNCT,PUNCT,,,,,True,866,0,6.7650389767805414
sceller,Scellons,VERB,VERB,,,,,True,4,0,1.6094379124341003
le,l',DET,DET,0.8207496286735718,0.8327615029897053,ADP,"DET: 0.82, ADP: 0.15",True,38293,0,10.55304850493315
accord,accord,NOUN,NOUN,1.0,0.0,,NOUN: 1.00,True,61,0,4.127134385045092
!,!,PUNCT,PUNCT,,,,,True,306,0,5.726847747587197
on,On,PRON,PRON,0.5432191123278096,1.5995967780630704,SCONJ,"PRON: 0.54, SCONJ: 0.23, CCONJ: 0.19",True,554,0,6.318968113746434
posséder,possède,VERB,VERB,1.0,0.0,,VERB: 1.00,True,65,0,4.189654742026425
un,un,DET,DET,0.7741737557418163,1.1225809040946326,ADP,"DET: 0.77, ADP: 0.11, CCONJ: 0.09",True,8933,0,9.097619501912064
grand,grand,ADJ,ADJ,1.0,0.0,,ADJ: 1.00,True,401,0,5.996452088619021
nombre,nombre,NOUN,NOUN,1.0,0.0,,NOUN: 1.00,True,126,0,4.844187086458591
de,d',ADP,ADP,0.7886818615006483,0.7439947701431047,CCONJ,"ADP: 0.79, CCONJ: 0.21",True,27784,0,10.232251585714021
attestation,attestations,NOUN,NOUN,,,,,True,1,0,0.6931471805599453
ancien,anciennes,ADJ,ADJ,1.0,0.0,,ADJ: 1.00,True,199,0,5.298317366548036
de,de,ADP,ADP,0.7886818615006483,0.7439947701431047,CCONJ,"ADP: 0.79, CCONJ: 0.21",True,27784,0,10.232251585714021
le,le,DET,DET,0.8207496286735718,0.8327615029897053,ADP,"DET: 0.82, ADP: 0.15",True,38293,0,10.55304850493315
nom,nom,NOUN,NOUN,1.0,0.0,,NOUN: 1.00,True,268,0,5.594711379601839
sous,sous,ADP,ADP,1.0,0.0,,ADP: 1.00,True,315,0,5.755742213586912
divers,diverses,DET,DET,0.7424391909264616,0.8230432481133337,NUM,"DET: 0.74, NUM: 0.26",True,26,0,3.295836866004329
forme,formes,NOUN,NOUN,1.0,0.0,,NOUN: 1.00,True,94,0,4.553876891600541
:,:,PUNCT,PUNCT,,,,,True,739,0,6.606650186198215
lui,Il,PRON,PRON,0.7173975220804439,1.0427392110337699,CCONJ,"PRON: 0.72, CCONJ: 0.24",True,5436,0,8.600982717145921
être,est,AUX,AUX,0.4687470215317024,1.7986756264740116,SCONJ,"AUX: 0.47, SCONJ: 0.23, ADV: 0.20, CCONJ: 0.10",True,8404,0,9.036582045842716
servir,servi,VERB,VERB,1.0,0.0,,VERB: 1.00,True,86,0,4.465908118654584
dans,dans,ADP,ADP,1.0,0.0,,ADP: 1.00,True,2779,0,7.930206206684683
un,un,DET,DET,0.7741737557418163,1.1225809040946326,ADP,"DET: 0.77, ADP: 0.11, CCONJ: 0.09",True,8933,0,9.097619501912064
pot,pot,NOUN,NOUN,,,,,True,2,0,1.0986122886681098
en,en,ADP,ADP,0.21695278762461512,1.4815638486393006,DET,"DET: 0.51, CCONJ: 0.27, ADP: 0.22",True,5233,0,8.562931083090092
verre,verre,NOUN,NOUN,1.0,0.0,,NOUN: 1.00,True,14,0,2.70805020110221
",",",",PUNCT,PUNCT,,,,,True,16599,0,9.717157974344635
contenir,contenant,VERB,VERB,1.0,0.0,,VERB: 1.00,True,48,0,3.8918202981106265
un,une,DET,DET,0.7741737557418163,1.1225809040946326,ADP,"DET: 0.77, ADP: 0.11, CCONJ: 0.09",True,8933,0,9.097619501912064
crème,crème,NOUN,NOUN,,,,,True,6,0,1.9459101490553132
à,à,ADP,ADP,1.0,0.0,,ADP: 1.00,True,9366,0,9.14494815320913
le,le,DET,DET,0.8207496286735718,0.8327615029897053,ADP,"DET: 0.82, ADP: 0.15",True,38293,0,10.55304850493315
Kirsch,Kirsch,PROPN,PROPN,,,,,False,0,0,0.0
et,et,CCONJ,CCONJ,0.25644065667983523,1.7170903132548632,SCONJ,"SCONJ: 0.43, ADP: 0.28, CCONJ: 0.26",True,7215,0,8.88405606174246
un,un,DET,DET,0.7741737557418163,1.1225809040946326,ADP,"DET: 0.77, ADP: 0.11, CCONJ: 0.09",True,8933,0,9.097619501912064
biscuit,biscuit,NOUN,NOUN,,,,,False,0,0,0.0
rose,rose,ADJ,ADJ,,,,,True,4,0,1.6094379124341003
de,de,ADP,ADP,0.7886818615006483,0.7439947701431047,CCONJ,"ADP: 0.79, CCONJ: 0.21",True,27784,0,10.232251585714021
Reims,Reims,PROPN,PROPN,,,,,True,7,0,2.0794415416798357
mouiller,mouillé,VERB,VERB,,,,,True,1,0,0.6931471805599453
à,à,ADP,ADP,1.0,0.0,,ADP: 1.00,True,9366,0,9.14494815320913
le,le,DET,DET,0.8207496286735718,0.8327615029897053,ADP,"DET: 0.82, ADP: 0.15",True,38293,0,10.55304850493315
Champagne,Champagne,PROPN,PROPN,,,,,True,2,0,1.0986122886681098
",",",",PUNCT,PUNCT,,,,,True,16599,0,9.717157974344635
le,le,DET,DET,0.8207496286735718,0.8327615029897053,ADP,"DET: 0.82, ADP: 0.15",True,38293,0,10.55304850493315
tout,tout,PRON,PRON,0.616575045351158,0.9604250869735371,ADV,"PRON: 0.62, ADV: 0.38",True,147,0,4.997212273764115
surmonter,surmonté,VERB,VERB,0.9300040437398331,0.36590856027499585,ADJ,"VERB: 0.93, ADJ: 0.07",True,11,0,2.4849066497880004
de,de,ADP,ADP,0.7886818615006483,0.7439947701431047,CCONJ,"ADP: 0.79, CCONJ: 0.21",True,27784,0,10.232251585714021
gariguette,gariguettes,NOUN,NOUN,,,,,False,0,0,0.0
et,et,CCONJ,CCONJ,0.25644065667983523,1.7170903132548632,SCONJ,"SCONJ: 0.43, ADP: 0.28, CCONJ: 0.26",True,7215,0,8.88405606174246
de,de,ADP,ADP,0.7886818615006483,0.7439947701431047,CCONJ,"ADP: 0.79, CCONJ: 0.21",True,27784,0,10.232251585714021
crème,crème,NOUN,NOUN,,,,,True,6,0,1.9459101490553132
chantilly,chantilly,NOUN,ADJ,,,,,False,0,1,0.0
.,.,PUNCT,PUNCT,,,,,True,13366,0,9.500544261971474
le,Le,DET,DET,0.8207496286735718,0.8327615029897053,ADP,"DET: 0.82, ADP: 0.15",True,38293,0,10.55304850493315
chef,chef,NOUN,NOUN,1.0,0.0,,NOUN: 1.00,True,91,0,4.5217885770490405
avoir,a,AUX,AUX,0.7537049139623345,0.8053529913575782,ADV,"AUX: 0.75, ADV: 0.25",True,2935,0,7.984803389734406
ramener,ramené,VERB,VERB,1.0,0.0,,VERB: 1.00,True,20,0,3.044522437723423
de,de,ADP,ADP,0.7886818615006483,0.7439947701431047,CCONJ,"ADP: 0.79, CCONJ: 0.21",True,27784,0,10.232251585714021
son,ses,DET,DET,0.8481722905876147,0.863954061477403,CCONJ,"DET: 0.85, CCONJ: 0.08",True,3876,0,8.262816937670928
année,années,NOUN,NOUN,1.0,0.0,,NOUN: 1.00,True,396,0,5.983936280687191
à,à,ADP,ADP,1.0,0.0,,ADP: 1.00,True,9366,0,9.14494815320913
le,le,DET,DET,0.8207496286735718,0.8327615029897053,ADP,"DET: 0.82, ADP: 0.15",True,38293,0,10.55304850493315
Japon,Japon,PROPN,PROPN,0.8287627286762819,0.6605273205633625,NOUN,"PROPN: 0.83, NOUN: 0.17",True,28,0,3.367295829986474
un,une,DET,DET,0.7741737557418163,1.1225809040946326,ADP,"DET: 0.77, ADP: 0.11, CCONJ: 0.09",True,8933,0,9.097619501912064
cuisine,cuisine,NOUN,NOUN,1.0,0.0,,NOUN: 1.00,True,34,0,3.5553480614894135
extrêmement,extrêmement,ADV,ADV,1.0,0.0,,ADV: 1.00,True,16,0,2.833213344056216
audacieux,audacieuse,ADJ,ADJ,,,,,True,3,0,1.3862943611198906
tout,tout,ADV,ADV,0.35475278980975966,1.76530081984423,SCONJ,"SCONJ: 0.40, ADV: 0.35, CCONJ: 0.17, ADP: 0.07",True,125,0,4.836281906951478
en,en,ADP,ADP,0.21695278762461512,1.4815638486393006,DET,"DET: 0.51, CCONJ: 0.27, ADP: 0.22",True,5233,0,8.562931083090092
respecter,respectant,VERB,VERB,1.0,0.0,,VERB: 1.00,True,20,0,3.044522437723423
parfaitement,parfaitement,ADV,ADV,1.0,0.0,,ADV: 1.00,True,20,0,3.044522437723423
un,des,DET,DET,0.7741737557418163,1.1225809040946326,ADP,"DET: 0.77, ADP: 0.11, CCONJ: 0.09",True,8933,0,9.097619501912064
produit,produits,NOUN,NOUN,1.0,0.0,,NOUN: 1.00,True,77,0,4.356708826689592
de,de,ADP,ADP,0.7886818615006483,0.7439947701431047,CCONJ,"ADP: 0.79, CCONJ: 0.21",True,27784,0,10.232251585714021
qualité,qualité,NOUN,NOUN,1.0,0.0,,NOUN: 1.00,True,110,0,4.709530201312334
",",",",PUNCT,PUNCT,,,,,True,16599,0,9.717157974344635
sans,sans,ADP,ADP,0.16755719533164298,1.4014374668614333,DET,"DET: 0.61, CCONJ: 0.21, ADP: 0.17",True,220,0,5.3981627015177525
esbroufe,esbroufe,NOUN,NOUN,,,,,False,0,0,0.0
ni,ni,CCONJ,CCONJ,0.11440208553074514,0.5130528290569868,ADP,"ADP: 0.89, CCONJ: 0.11",True,58,0,4.07753744390572
artifice,artifices,NOUN,NOUN,,,,,True,1,0,0.6931471805599453
.,.,PUNCT,PUNCT,,,,,True,13366,0,9.500544261971474
le,Les,DET,DET,0.8207496286735718,0.8327615029897053,ADP,"DET: 0.82, ADP: 0.15",True,38293,0,10.55304850493315
activité,activités,NOUN,NOUN,1.0,0.0,,NOUN: 1.00,True,94,0,4.553876891600541
de,de,ADP,ADP,0.7886818615006483,0.7439947701431047,CCONJ,"ADP: 0.79, CCONJ: 0.21",True,27784,0,10.232251585714021
protestation,protestation,NOUN,NOUN,,,,,True,1,0,0.6931471805599453
avoir,ont,AUX,AUX,0.7537049139623345,0.8053529913575782,ADV,"AUX: 0.75, ADV: 0.25",True,2935,0,7.984803389734406
être,été,AUX,AUX,0.4687470215317024,1.7986756264740116,SCONJ,"AUX: 0.47, SCONJ: 0.23, ADV: 0.20, CCONJ: 0.10",True,8404,0,9.036582045842716
conduire,conduites,VERB,VERB,1.0,0.0,,VERB: 1.00,True,41,0,3.7376696182833684
par,par,ADP,ADP,1.0,0.0,,ADP: 1.00,True,2183,0,7.688913336864796
le,l',DET,DET,0.8207496286735718,0.8327615029897053,ADP,"DET: 0.82, ADP: 0.15",True,38293,0,10.55304850493315
association,Association,NOUN,NOUN,1.0,0.0,,NOUN: 1.00,True,74,0,4.31748811353631
de,de,ADP,ADP,0.7886818615006483,0.7439947701431047,CCONJ,"ADP: 0.79, CCONJ: 0.21",True,27784,0,10.232251585714021
le,le,DET,DET,0.8207496286735718,0.8327615029897053,ADP,"DET: 0.82, ADP: 0.15",True,38293,0,10.55304850493315
mouvement,mouvement,NOUN,NOUN,1.0,0.0,,NOUN: 1.00,True,79,0,4.382026634673881
contre,contre,ADP,ADP,1.0,0.0,,ADP: 1.00,True,239,0,5.480638923341991
le,les,DET,DET,0.8207496286735718,0.8327615029897053,ADP,"DET: 0.82, ADP: 0.15",True,38293,0,10.55304850493315
centrale,centrales,NOUN,NOUN,1.0,0.0,,NOUN: 1.00,True,14,0,2.70805020110221
nucléaire,nucléaires,ADJ,ADJ,1.0,0.0,,ADJ: 1.00,True,19,0,2.995732273553991
de,de,ADP,ADP,0.7886818615006483,0.7439947701431047,CCONJ,"ADP: 0.79, CCONJ: 0.21",True,27784,0,10.232251585714021
Youngkwang,Youngkwang,PROPN,PROPN,,,,,False,0,0,0.0
.,.,PUNCT,PUNCT,,,,,True,13366,0,9.500544261971474
le,Le,DET,DET,0.8207496286735718,0.8327615029897053,ADP,"DET: 0.82, ADP: 0.15",True,38293,0,10.55304850493315
dessous,dessous,NOUN,NOUN,,,,,True,4,0,1.6094379124341003
de,de,ADP,ADP,0.7886818615006483,0.7439947701431047,CCONJ,"ADP: 0.79, CCONJ: 0.21",True,27784,0,10.232251585714021
le,les,DET,DET,0.8207496286735718,0.8327615029897053,ADP,"DET: 0.82, ADP: 0.15",True,38293,0,10.55304850493315
aile,ailes,NOUN,NOUN,1.0,0.0,,NOUN: 1.00,True,33,0,3.5263605246161616
varier,varie,VERB,VERB,1.0,0.0,,VERB: 1.00,True,15,0,2.772588722239781
de,de,ADP,ADP,0.7886818615006483,0.7439947701431047,CCONJ,"ADP: 0.79, CCONJ: 0.21",True,27784,0,10.232251585714021
le,le,DET,DET,0.8207496286735718,0.8327615029897053,ADP,"DET: 0.82, ADP: 0.15",True,38293,0,10.55304850493315
blanc,blanc,NOUN,NOUN,0.6831447427557163,0.9009288260356062,PROPN,"NOUN: 0.68, PROPN: 0.32",True,11,0,2.4849066497880004
à,à,ADP,ADP,1.0,0.0,,ADP: 1.00,True,9366,0,9.14494815320913
le,le,DET,DET,0.8207496286735718,0.8327615029897053,ADP,"DET: 0.82, ADP: 0.15",True,38293,0,10.55304850493315
gris,gris,NOUN,NOUN,,,,,True,7,0,2.0794415416798357
selon,selon,ADP,ADP,0.9563022953372076,0.25899642932812117,PRON,ADP: 0.96,True,194,0,5.272999558563747
le,les,DET,DET,0.8207496286735718,0.8327615029897053,ADP,"DET: 0.82, ADP: 0.15",True,38293,0,10.55304850493315
sous-espèce,sous-espèces,NOUN,NOUN,,,,,True,3,0,1.3862943611198906
.,.,PUNCT,PUNCT,,,,,True,13366,0,9.500544261971474
lui,Elle,PRON,PRON,0.7173975220804439,1.0427392110337699,CCONJ,"PRON: 0.72, CCONJ: 0.24",True,5436,0,8.600982717145921
avoir,a,AUX,AUX,0.7537049139623345,0.8053529913575782,ADV,"AUX: 0.75, ADV: 0.25",True,2935,0,7.984803389734406
être,été,AUX,AUX,0.4687470215317024,1.7986756264740116,SCONJ,"AUX: 0.47, SCONJ: 0.23, ADV: 0.20, CCONJ: 0.10",True,8404,0,9.036582045842716
découvrir,découverte,VERB,VERB,1.0,0.0,,VERB: 1.00,True,81,0,4.406719247264253
à,à,ADP,ADP,1.0,0.0,,ADP: 1.00,True,9366,0,9.14494815320913
1000,1000,NUM,NUM,,,,,True,7,0,2.0794415416798357
mètre,m,NOUN,NOUN,1.0,0.0,,NOUN: 1.00,True,142,0,4.962844630259907
de,d',ADP,ADP,0.7886818615006483,0.7439947701431047,CCONJ,"ADP: 0.79, CCONJ: 0.21",True,27784,0,10.232251585714021
altitude,altitude,NOUN,NOUN,0.6856730263856443,0.8981052264008798,PROPN,"NOUN: 0.69, PROPN: 0.31",True,39,0,3.6888794541139363
dans,dans,ADP,ADP,1.0,0.0,,ADP: 1.00,True,2779,0,7.930206206684683
le,les,DET,DET,0.8207496286735718,0.8327615029897053,ADP,"DET: 0.82, ADP: 0.15",True,38293,0,10.55304850493315
mont,monts,NOUN,NOUN,1.0,0.0,,NOUN: 1.00,True,32,0,3.4965075614664802
de,de,ADP,ADP,0.7886818615006483,0.7439947701431047,CCONJ,"ADP: 0.79, CCONJ: 0.21",True,27784,0,10.232251585714021
le,les,DET,DET,0.8207496286735718,0.8327615029897053,ADP,"DET: 0.82, ADP: 0.15",True,38293,0,10.55304850493315
Cardamomes,Cardamomes,PROPN,PROPN,,,,,False,0,0,0.0
.,.,PUNCT,PUNCT,,,,,True,13366,0,9.500544261971474
le,Le,DET,DET,0.8207496286735718,0.8327615029897053,ADP,"DET: 0.82, ADP: 0.15",True,38293,0,10.55304850493315
coureur,coureur,NOUN,NOUN,1.0,0.0,,NOUN: 1.00,True,12,0,2.5649493574615367
de,de,ADP,ADP,0.7886818615006483,0.7439947701431047,CCONJ,"ADP: 0.79, CCONJ: 0.21",True,27784,0,10.232251585714021
le,l',DET,DET,0.8207496286735718,0.8327615029897053,ADP,"DET: 0.82, ADP: 0.15",True,38293,0,10.55304850493315
équipe,équipe,NOUN,NOUN,1.0,0.0,,NOUN: 1.00,True,207,0,5.337538079701318
BBox,BBox,PROPN,PROPN,,,,,False,0,0,0.0
Bouygues,Bouygues,PROPN,PROPN,,,,,False,0,0,0.0
Telecom,Telecom,PROPN,PROPN,,,,,True,2,0,1.0986122886681098
Damien,Damien,PROPN,PROPN,,,,,False,0,0,0.0
Gaudin,Gaudin,PROPN,PROPN,,,,,False,0,0,0.0
avoir,a,AUX,AUX,0.7537049139623345,0.8053529913575782,ADV,"AUX: 0.75, ADV: 0.25",True,2935,0,7.984803389734406
notamment,notamment,ADV,ADV,0.40015985283632743,1.4989950066247564,SCONJ,"SCONJ: 0.42, ADV: 0.40, CCONJ: 0.18",True,166,0,5.117993812416755
remporter,remporté,VERB,VERB,1.0,0.0,,VERB: 1.00,True,116,0,4.762173934797756
trois,trois,NUM,NUM,0.21329117169768608,0.7477267753799202,DET,"DET: 0.79, NUM: 0.21",True,206,0,5.332718793265369
titre,titres,NOUN,NOUN,1.0,0.0,,NOUN: 1.00,True,164,0,5.10594547390058
à,à,ADP,ADP,1.0,0.0,,ADP: 1.00,True,9366,0,9.14494815320913
le,le,DET,DET,0.8207496286735718,0.8327615029897053,ADP,"DET: 0.82, ADP: 0.15",True,38293,0,10.55304850493315
cours,cours,NOUN,NOUN,1.0,0.0,,NOUN: 1.00,True,164,0,5.10594547390058
de,de,ADP,ADP,0.7886818615006483,0.7439947701431047,CCONJ,"ADP: 0.79, CCONJ: 0.21",True,27784,0,10.232251585714021
ce,ces,DET,DET,0.8764141494570885,0.6891209831462356,ADP,"DET: 0.88, ADP: 0.08",True,1960,0,7.581209826196346
championnat,championnats,NOUN,NOUN,1.0,0.0,,NOUN: 1.00,True,107,0,4.68213122712422
.,.,PUNCT,PUNCT,,,,,True,13366,0,9.500544261971474
un,De,DET,DET,0.7741737557418163,1.1225809040946326,ADP,"DET: 0.77, ADP: 0.11, CCONJ: 0.09",True,8933,0,9.097619501912064
nombreux,nombreux,ADJ,ADJ,0.2268184753433239,0.7724238287751712,NUM,"NUM: 0.77, ADJ: 0.23",True,183,0,5.214935757608986
gouvernement,gouvernements,NOUN,NOUN,1.0,0.0,,NOUN: 1.00,True,114,0,4.74493212836325
et,et,CCONJ,CCONJ,0.25644065667983523,1.7170903132548632,SCONJ,"SCONJ: 0.43, ADP: 0.28, CCONJ: 0.26",True,7215,0,8.88405606174246
association,associations,NOUN,NOUN,1.0,0.0,,NOUN: 1.00,True,74,0,4.31748811353631
de,de,ADP,ADP,0.7886818615006483,0.7439947701431047,CCONJ,"ADP: 0.79, CCONJ: 0.21",True,27784,0,10.232251585714021
le,les,DET,DET,0.8207496286735718,0.8327615029897053,ADP,"DET: 0.82, ADP: 0.15",True,38293,0,10.55304850493315
droit,droits,NOUN,NOUN,1.0,0.0,,NOUN: 1.00,True,184,0,5.220355825078324
de,de,ADP,ADP,0.7886818615006483,0.7439947701431047,CCONJ,"ADP: 0.79, CCONJ: 0.21",True,27784,0,10.232251585714021
le,l',DET,DET,0.8207496286735718,0.8327615029897053,ADP,"DET: 0.82, ADP: 0.15",True,38293,0,10.55304850493315
homme,Homme,NOUN,NOUN,1.0,0.0,,NOUN: 1.00,True,213,0,5.365976015021851
",",",",PUNCT,PUNCT,,,,,True,16599,0,9.717157974344635
comme,comme,ADP,ADP,0.884348973672223,0.5167293038082115,CCONJ,"ADP: 0.88, CCONJ: 0.12",True,472,0,6.159095388491933
Amnesty,Amnesty,PROPN,PROPN,,,,,True,3,0,1.3862943611198906
international,international,X,ADJ,,,,,False,0,1,0.0
",",",",PUNCT,PUNCT,,,,,True,16599,0,9.717157974344635
demander,demandent,VERB,VERB,1.0,0.0,,VERB: 1.00,True,95,0,4.564348191467836
le,l',DET,DET,0.8207496286735718,0.8327615029897053,ADP,"DET: 0.82, ADP: 0.15",True,38293,0,10.55304850493315
extension,extension,NOUN,NOUN,1.0,0.0,,NOUN: 1.00,True,17,0,2.8903717578961645
de,de,ADP,ADP,0.7886818615006483,0.7439947701431047,CCONJ,"ADP: 0.79, CCONJ: 0.21",True,27784,0,10.232251585714021
le,le,DET,DET,0.8207496286735718,0.8327615029897053,ADP,"DET: 0.82, ADP: 0.15",True,38293,0,10.55304850493315
mandat,mandat,NOUN,NOUN,1.0,0.0,,NOUN: 1.00,True,16,0,2.833213344056216
de,de,ADP,ADP,0.7886818615006483,0.7439947701431047,CCONJ,"ADP: 0.79, CCONJ: 0.21",True,27784,0,10.232251585714021
le,la,DET,DET,0.8207496286735718,0.8327615029897053,ADP,"DET: 0.82, ADP: 0.15",True,38293,0,10.55304850493315
mission,Mission,NOUN,NOUN,1.0,0.0,,NOUN: 1.00,True,55,0,4.02535169073515
spécial,spéciale,ADJ,ADJ,1.0,0.0,,ADJ: 1.00,True,20,0,3.044522437723423
de,de,ADP,ADP,0.7886818615006483,0.7439947701431047,CCONJ,"ADP: 0.79, CCONJ: 0.21",True,27784,0,10.232251585714021
le,l',DET,DET,0.8207496286735718,0.8327615029897053,ADP,"DET: 0.82, ADP: 0.15",True,38293,0,10.55304850493315
ONU,ONU,PROPN,PROPN,0.6880745566341822,0.8953835635905913,NOUN,"PROPN: 0.69, NOUN: 0.31",True,26,0,3.295836866004329
(,(,PUNCT,PUNCT,,,,,True,2211,0,7.701652362642226
Minurso,Minurso,PROPN,PROPN,,,,,True,2,0,1.0986122886681098
),),PUNCT,PUNCT,,,,,True,2204,0,7.6984827878809465
à,à,ADP,ADP,1.0,0.0,,ADP: 1.00,True,9366,0,9.14494815320913
le,la,DET,DET,0.8207496286735718,0.8327615029897053,ADP,"DET: 0.82, ADP: 0.15",True,38293,0,10.55304850493315
protection,protection,NOUN,NOUN,1.0,0.0,,NOUN: 1.00,True,29,0,3.4011973816621555
de,de,ADP,ADP,0.7886818615006483,0.7439947701431047,CCONJ,"ADP: 0.79, CCONJ: 0.21",True,27784,0,10.232251585714021
le,les,DET,DET,0.8207496286735718,0.8327615029897053,ADP,"DET: 0.82, ADP: 0.15",True,38293,0,10.55304850493315
droit,droits,NOUN,NOUN,1.0,0.0,,NOUN: 1.00,True,184,0,5.220355825078324
de,de,ADP,ADP,0.7886818615006483,0.7439947701431047,CCONJ,"ADP: 0.79, CCONJ: 0.21",True,27784,0,10.232251585714021
le,l',DET,DET,0.8207496286735718,0.8327615029897053,ADP,"DET: 0.82, ADP: 0.15",True,38293,0,10.55304850493315
homme,Homme,NOUN,NOUN,1.0,0.0,,NOUN: 1.00,True,213,0,5.365976015021851
à,à,ADP,ADP,1.0,0.0,,ADP: 1.00,True,9366,0,9.14494815320913
le,le,DET,DET,0.8207496286735718,0.8327615029897053,ADP,"DET: 0.82, ADP: 0.15",True,38293,0,10.55304850493315
Sahara,Sahara,PROPN,PROPN,0.0,0.0,NOUN,NOUN: 1.00,True,41,0,3.7376696182833684
occidental,occidental,ADJ,ADJ,0.4954761699901536,1.3277582654061977,NUM,"ADJ: 0.50, NUM: 0.42, PROPN: 0.08",True,62,0,4.143134726391533
.,.,PUNCT,PUNCT,,,,,True,13366,0,9.500544261971474
le,Le,DET,DET,0.8207496286735718,0.8327615029897053,ADP,"DET: 0.82, ADP: 0.15",True,38293,0,10.55304850493315
français,français,NOUN,NOUN,0.36512151447948177,0.9468524768028488,PRON,"PRON: 0.63, NOUN: 0.37",True,71,0,4.276666119016055
être,est,AUX,AUX,0.4687470215317024,1.7986756264740116,SCONJ,"AUX: 0.47, SCONJ: 0.23, ADV: 0.20, CCONJ: 0.10",True,8404,0,9.036582045842716
utiliser,utilisé,VERB,VERB,1.0,0.0,,VERB: 1.00,True,220,0,5.3981627015177525
à,à,ADP,ADP,1.0,0.0,,ADP: 1.00,True,9366,0,9.14494815320913
le,le,DET,DET,0.8207496286735718,0.8327615029897053,ADP,"DET: 0.82, ADP: 0.15",True,38293,0,10.55304850493315
travail,travail,NOUN,NOUN,1.0,0.0,,NOUN: 1.00,True,140,0,4.948759890378168
par,par,ADP,ADP,1.0,0.0,,ADP: 1.00,True,2183,0,7.688913336864796
"50,8","50,8",NUM,NUM,,,,,False,0,0,0.0
%,%,SYM,SYM,,,,,True,249,0,5.521460917862246
de,de,ADP,ADP,0.7886818615006483,0.7439947701431047,CCONJ,"ADP: 0.79, CCONJ: 0.21",True,27784,0,10.232251585714021
le,les,DET,DET,0.8207496286735718,0.8327615029897053,ADP,"DET: 0.82, ADP: 0.15",True,38293,0,10.55304850493315
travailleur,travailleurs,NOUN,NOUN,,,,,True,4,0,1.6094379124341003
et,et,CCONJ,CCONJ,0.25644065667983523,1.7170903132548632,SCONJ,"SCONJ: 0.43, ADP: 0.28, CCONJ: 0.26",True,7215,0,8.88405606174246
le,l',DET,DET,0.8207496286735718,0.8327615029897053,ADP,"DET: 0.82, ADP: 0.15",True,38293,0,10.55304850493315
anglais,anglais,NOUN,NOUN,0.019216932192875465,0.13702098201105511,PROPN,PROPN: 0.98,True,49,0,3.912023005428146
par,par,ADP,ADP,1.0,0.0,,ADP: 1.00,True,2183,0,7.688913336864796
"41,7","41,7",NUM,NUM,,,,,False,0,0,0.0
%,%,SYM,SYM,,,,,True,249,0,5.521460917862246
alors,alors,ADV,ADV,1.0,0.0,,ADV: 1.00,True,333,0,5.811140992976701
que,que,SCONJ,SCONJ,0.6915510664276248,1.397369454710615,CCONJ,"SCONJ: 0.69, CCONJ: 0.17, PRON: 0.06, ADV: 0.05",True,1979,0,7.590852123688581
"2,3","2,3",NUM,NUM,,,,,True,2,0,1.0986122886681098
%,%,SYM,SYM,,,,,True,249,0,5.521460917862246
de,de,ADP,ADP,0.7886818615006483,0.7439947701431047,CCONJ,"ADP: 0.79, CCONJ: 0.21",True,27784,0,10.232251585714021
le,les,DET,DET,0.8207496286735718,0.8327615029897053,ADP,"DET: 0.82, ADP: 0.15",True,38293,0,10.55304850493315
travailleur,travailleurs,NOUN,NOUN,,,,,True,4,0,1.6094379124341003
utiliser,utilisent,VERB,VERB,1.0,0.0,,VERB: 1.00,True,220,0,5.3981627015177525
le,les,DET,DET,0.8207496286735718,0.8327615029897053,ADP,"DET: 0.82, ADP: 0.15",True,38293,0,10.55304850493315
deux,deux,NUM,NUM,0.21554851351024185,0.7519555130200147,DET,"DET: 0.78, NUM: 0.22",True,568,0,6.343880434126331
langue,langues,NOUN,NOUN,1.0,0.0,,NOUN: 1.00,True,68,0,4.23410650459726
officiel,officielles,ADJ,ADJ,1.0,0.0,,ADJ: 1.00,True,46,0,3.8501476017100584
.,.,PUNCT,PUNCT,,,,,True,13366,0,9.500544261971474
le,L',DET,DET,0.8207496286735718,0.8327615029897053,ADP,"DET: 0.82, ADP: 0.15",True,38293,0,10.55304850493315
académie,Académie,NOUN,NOUN,1.0,0.0,,NOUN: 1.00,True,25,0,3.258096538021482
équestre,Équestre,ADJ,PROPN,,,,,True,4,1,1.6094379124341003
avoir,a,AUX,AUX,0.7537049139623345,0.8053529913575782,ADV,"AUX: 0.75, ADV: 0.25",True,2935,0,7.984803389734406
être,été,VERB,AUX,1.0,0.0,,VERB: 1.00,True,139,1,4.941642422609304
dans,dans,ADP,ADP,1.0,0.0,,ADP: 1.00,True,2779,0,7.930206206684683
le,la,DET,DET,0.8207496286735718,0.8327615029897053,ADP,"DET: 0.82, ADP: 0.15",True,38293,0,10.55304850493315
sélection,sélection,NOUN,NOUN,1.0,0.0,,NOUN: 1.00,True,35,0,3.58351893845611
de,de,ADP,ADP,0.7886818615006483,0.7439947701431047,CCONJ,"ADP: 0.79, CCONJ: 0.21",True,27784,0,10.232251585714021
2012,2012,NUM,NUM,0.9187557460241279,0.44094144699612764,ADJ,"NUM: 0.92, ADJ: 0.07",True,47,0,3.871201010907891
pour,pour,ADP,ADP,0.7890790430468303,0.7432394314397186,CCONJ,"ADP: 0.79, CCONJ: 0.21",True,2242,0,7.715569534520208
organiser,organiser,VERB,VERB,1.0,0.0,,VERB: 1.00,True,85,0,4.454347296253507
le,les,DET,DET,0.8207496286735718,0.8327615029897053,ADP,"DET: 0.82, ADP: 0.15",True,38293,0,10.55304850493315
championnat,Championnats,NOUN,NOUN,1.0,0.0,,NOUN: 1.00,True,107,0,4.68213122712422
de,de,ADP,ADP,0.7886818615006483,0.7439947701431047,CCONJ,"ADP: 0.79, CCONJ: 0.21",True,27784,0,10.232251585714021
le,le,DET,DET,0.8207496286735718,0.8327615029897053,ADP,"DET: 0.82, ADP: 0.15",True,38293,0,10.55304850493315
monde,Monde,NOUN,NOUN,0.20873300431037542,0.7390539339094153,PROPN,"PROPN: 0.79, NOUN: 0.21",True,238,0,5.476463551931511
de,de,ADP,ADP,0.7886818615006483,0.7439947701431047,CCONJ,"ADP: 0.79, CCONJ: 0.21",True,27784,0,10.232251585714021
voltige,Voltige,NOUN,PROPN,,,,,False,0,1,0.0
.,.,PUNCT,PUNCT,,,,,True,13366,0,9.500544261971474
candidat,Candidat,NOUN,NOUN,1.0,0.0,,NOUN: 1.00,True,19,0,2.995732273553991
malheureux,malheureux,ADJ,ADJ,,,,,True,1,0,0.6931471805599453
à,à,ADP,ADP,1.0,0.0,,ADP: 1.00,True,9366,0,9.14494815320913
le,l',DET,DET,0.8207496286735718,0.8327615029897053,ADP,"DET: 0.82, ADP: 0.15",True,38293,0,10.55304850493315
élection,élection,NOUN,NOUN,1.0,0.0,,NOUN: 1.00,True,56,0,4.04305126783455
présidentiel,présidentielle,ADJ,ADJ,,,,,True,6,0,1.9459101490553132
de,d',ADP,ADP,0.7886818615006483,0.7439947701431047,CCONJ,"ADP: 0.79, CCONJ: 0.21",True,27784,0,10.232251585714021
août,août,NOUN,NOUN,1.0,0.0,,NOUN: 1.00,True,118,0,4.77912349311153
2007,2007,NUM,NUM,1.0,0.0,,NUM: 1.00,True,83,0,4.430816798843313
",",",",PUNCT,PUNCT,,,,,True,16599,0,9.717157974344635
Marcus,Marcus,PROPN,PROPN,,,,,True,2,0,1.0986122886681098
Stephen,Stephen,PROPN,PROPN,,,,,True,9,0,2.302585092994046
remporter,remporte,VERB,VERB,1.0,0.0,,VERB: 1.00,True,116,0,4.762173934797756
néanmoins,néanmoins,ADV,ADV,1.0,0.0,,ADV: 1.00,True,23,0,3.1780538303479458
le,la,DET,DET,0.8207496286735718,0.8327615029897053,ADP,"DET: 0.82, ADP: 0.15",True,38293,0,10.55304850493315
présidence,présidence,NOUN,NOUN,1.0,0.0,,NOUN: 1.00,True,11,0,2.4849066497880004
de,de,ADP,ADP,0.7886818615006483,0.7439947701431047,CCONJ,"ADP: 0.79, CCONJ: 0.21",True,27784,0,10.232251585714021
le,la,DET,DET,0.8207496286735718,0.8327615029897053,ADP,"DET: 0.82, ADP: 0.15",True,38293,0,10.55304850493315
république,République,NOUN,NOUN,1.0,0.0,,NOUN: 1.00,True,54,0,4.007333185232471
le,le,DET,DET,0.8207496286735718,0.8327615029897053,ADP,"DET: 0.82, ADP: 0.15",True,38293,0,10.55304850493315
19,19,NUM,NUM,1.0,0.0,,NUM: 1.00,True,56,0,4.04305126783455
décembre,décembre,NOUN,NOUN,1.0,0.0,,NOUN: 1.00,True,108,0,4.6913478822291435
2007,2007,NUM,NUM,1.0,0.0,,NUM: 1.00,True,83,0,4.430816798843313
lorsque,lorsque,SCONJ,SCONJ,0.6790372112424228,1.3482631291541505,CCONJ,"SCONJ: 0.68, CCONJ: 0.17, PRON: 0.11",True,103,0,4.6443908991413725
son,son,DET,DET,0.8481722905876147,0.863954061477403,CCONJ,"DET: 0.85, CCONJ: 0.08",True,3876,0,8.262816937670928
prédécesseur,prédécesseur,NOUN,NOUN,,,,,True,7,0,2.0794415416798357
Ludwig,Ludwig,PROPN,PROPN,,,,,True,1,0,0.6931471805599453
Scotty,Scotty,PROPN,PROPN,,,,,False,0,0,0.0
être,est,AUX,AUX,0.4687470215317024,1.7986756264740116,SCONJ,"AUX: 0.47, SCONJ: 0.23, ADV: 0.20, CCONJ: 0.10",True,8404,0,9.036582045842716
écarter,écarté,VERB,VERB,,,,,True,5,0,1.791759469228055
de,de,ADP,ADP,0.7886818615006483,0.7439947701431047,CCONJ,"ADP: 0.79, CCONJ: 0.21",True,27784,0,10.232251585714021
ce,cette,DET,DET,0.8764141494570885,0.6891209831462356,ADP,"DET: 0.88, ADP: 0.08",True,1960,0,7.581209826196346
fonction,fonction,NOUN,NOUN,1.0,0.0,,NOUN: 1.00,True,65,0,4.189654742026425
par,par,ADP,ADP,1.0,0.0,,ADP: 1.00,True,2183,0,7.688913336864796
un,une,DET,DET,0.7741737557418163,1.1225809040946326,ADP,"DET: 0.77, ADP: 0.11, CCONJ: 0.09",True,8933,0,9.097619501912064
motion,motion,NOUN,NOUN,,,,,True,2,0,1.0986122886681098
de,de,ADP,ADP,0.7886818615006483,0.7439947701431047,CCONJ,"ADP: 0.79, CCONJ: 0.21",True,27784,0,10.232251585714021
censure,censure,NOUN,NOUN,,,,,True,2,0,1.0986122886681098
parlementaire,parlementaire,ADJ,ADJ,,,,,True,10,0,2.3978952727983707
.,.,PUNCT,PUNCT,,,,,True,13366,0,9.500544261971474
eux,Ils,PRON,PRON,0.9444374542892673,0.30957200047813255,ADV,"PRON: 0.94, ADV: 0.06",True,467,0,6.148468295917647
ne,n',ADV,ADV,0.03110691420199771,0.7244015123648279,PRON,"PRON: 0.85, CCONJ: 0.12",True,1435,0,7.269616749608169
avoir,avaient,VERB,VERB,1.0,0.0,,VERB: 1.00,True,784,0,6.665683717782408
pas,pas,ADV,ADV,1.0,0.0,,ADV: 1.00,True,893,0,6.795705775173514
un,de,DET,DET,0.7741737557418163,1.1225809040946326,ADP,"DET: 0.77, ADP: 0.11, CCONJ: 0.09",True,8933,0,9.097619501912064
casquette,casquettes,NOUN,NOUN,,,,,True,2,0,1.0986122886681098
et,et,CCONJ,CCONJ,0.25644065667983523,1.7170903132548632,SCONJ,"SCONJ: 0.43, ADP: 0.28, CCONJ: 0.26",True,7215,0,8.88405606174246
son,leurs,DET,DET,0.8481722905876147,0.863954061477403,CCONJ,"DET: 0.85, CCONJ: 0.08",True,3876,0,8.262816937670928
cheveu,cheveux,NOUN,NOUN,,,,,True,7,0,2.0794415416798357
blond,blonds,ADJ,ADJ,,,,,True,1,0,0.6931471805599453
briller,brillaient,VERB,VERB,,,,,True,2,0,1.0986122886681098
à,à,ADP,ADP,1.0,0.0,,ADP: 1.00,True,9366,0,9.14494815320913
le,le,DET,DET,0.8207496286735718,0.8327615029897053,ADP,"DET: 0.82, ADP: 0.15",True,38293,0,10.55304850493315
soleil,soleil,NOUN,NOUN,0.20796776783875784,0.7375802024757113,PROPN,"PROPN: 0.79, NOUN: 0.21",True,19,0,2.995732273553991
.,.,PUNCT,PUNCT,,,,,True,13366,0,9.500544261971474
en,En,ADP,ADP,0.21695278762461512,1.4815638486393006,DET,"DET: 0.51, CCONJ: 0.27, ADP: 0.22",True,5233,0,8.562931083090092
outre,outre,ADV,ADV,,,,,True,19,0,2.995732273553991
",",",",PUNCT,PUNCT,,,,,True,16599,0,9.717157974344635
lui,il,PRON,PRON,0.7173975220804439,1.0427392110337699,CCONJ,"PRON: 0.72, CCONJ: 0.24",True,5436,0,8.600982717145921
avoir,a,AUX,AUX,0.7537049139623345,0.8053529913575782,ADV,"AUX: 0.75, ADV: 0.25",True,2935,0,7.984803389734406
être,été,AUX,AUX,0.4687470215317024,1.7986756264740116,SCONJ,"AUX: 0.47, SCONJ: 0.23, ADV: 0.20, CCONJ: 0.10",True,8404,0,9.036582045842716
décider,décidé,VERB,VERB,0.9298273399314894,0.3665676543367055,ADJ,"VERB: 0.93, ADJ: 0.07",True,101,0,4.624972813284271
de,de,ADP,ADP,0.7886818615006483,0.7439947701431047,CCONJ,"ADP: 0.79, CCONJ: 0.21",True,27784,0,10.232251585714021
faire,faire,VERB,VERB,1.0,0.0,,VERB: 1.00,True,655,0,6.486160788944089
Freddy,Freddy,PROPN,PROPN,,,,,True,1,0,0.6931471805599453
un,un,DET,DET,0.7741737557418163,1.1225809040946326,ADP,"DET: 0.77, ADP: 0.11, CCONJ: 0.09",True,8933,0,9.097619501912064
pédophile,pédophile,NOUN,NOUN,,,,,True,1,0,0.6931471805599453
",",",",PUNCT,PUNCT,,,,,True,16599,0,9.717157974344635
par,par,ADP,ADP,1.0,0.0,,ADP: 1.00,True,2183,0,7.688913336864796
opposition,opposition,NOUN,NOUN,1.0,0.0,,NOUN: 1.00,True,28,0,3.367295829986474
à,à,ADP,ADP,1.0,0.0,,ADP: 1.00,True,9366,0,9.14494815320913
son,son,DET,DET,0.8481722905876147,0.863954061477403,CCONJ,"DET: 0.85, CCONJ: 0.08",True,3876,0,8.262816937670928
milieu,milieu,NOUN,NOUN,1.0,0.0,,NOUN: 1.00,True,81,0,4.406719247264253
traditionnel,traditionnel,ADJ,ADJ,1.0,0.0,,ADJ: 1.00,True,28,0,3.367295829986474
de,d',ADP,ADP,0.7886818615006483,0.7439947701431047,CCONJ,"ADP: 0.79, CCONJ: 0.21",True,27784,0,10.232251585714021
un,un,DET,DET,0.7741737557418163,1.1225809040946326,ADP,"DET: 0.77, ADP: 0.11, CCONJ: 0.09",True,8933,0,9.097619501912064
tueur,tueur,NOUN,NOUN,,,,,True,4,0,1.6094379124341003
de,d',ADP,ADP,0.7886818615006483,0.7439947701431047,CCONJ,"ADP: 0.79, CCONJ: 0.21",True,27784,0,10.232251585714021
enfant,enfants,NOUN,NOUN,1.0,0.0,,NOUN: 1.00,True,134,0,4.90527477843843
.,.,PUNCT,PUNCT,,,,,True,13366,0,9.500544261971474
lorsque,Lorsqu',SCONJ,SCONJ,0.6790372112424228,1.3482631291541505,CCONJ,"SCONJ: 0.68, CCONJ: 0.17, PRON: 0.11",True,103,0,4.6443908991413725
on,on,PRON,PRON,0.5432191123278096,1.5995967780630704,SCONJ,"PRON: 0.54, SCONJ: 0.23, CCONJ: 0.19",True,554,0,6.318968113746434
y,y,PRON,PRON,0.8287336305823229,0.8120222571975413,CCONJ,"PRON: 0.83, CCONJ: 0.12, ADV: 0.05",True,464,0,6.142037405587356
réfléchir,réfléchit,VERB,VERB,,,,,True,5,0,1.791759469228055
",",",",PUNCT,PUNCT,,,,,True,16599,0,9.717157974344635
jamais,jamais,ADV,ADV,1.0,0.0,,ADV: 1.00,True,83,0,4.430816798843313
Jean,Jean,PROPN,PROPN,1.0,0.0,,PROPN: 1.00,True,77,0,4.356708826689592
Paul,Paul,PROPN,PROPN,1.0,0.0,,PROPN: 1.00,True,38,0,3.6635616461296463
II,II,NUM,NUM,0.9449627807926925,0.3074210440049653,ADJ,"NUM: 0.94, ADJ: 0.06",True,68,0,4.23410650459726
ne,n',ADV,ADV,0.03110691420199771,0.7244015123648279,PRON,"PRON: 0.85, CCONJ: 0.12",True,1435,0,7.269616749608169
avoir,a,AUX,AUX,0.7537049139623345,0.8053529913575782,ADV,"AUX: 0.75, ADV: 0.25",True,2935,0,7.984803389734406
aborder,abordé,VERB,VERB,1.0,0.0,,VERB: 1.00,True,11,0,2.4849066497880004
de,de,ADP,ADP,0.7886818615006483,0.7439947701431047,CCONJ,"ADP: 0.79, CCONJ: 0.21",True,27784,0,10.232251585714021
front,front,NOUN,NOUN,1.0,0.0,,NOUN: 1.00,True,27,0,3.332204510175204
le,le,DET,DET,0.8207496286735718,0.8327615029897053,ADP,"DET: 0.82, ADP: 0.15",True,38293,0,10.55304850493315
problème,problème,NOUN,NOUN,1.0,0.0,,NOUN: 1.00,True,77,0,4.356708826689592
de,de,ADP,ADP,0.7886818615006483,0.7439947701431047,CCONJ,"ADP: 0.79, CCONJ: 0.21",True,27784,0,10.232251585714021
le,la,DET,DET,0.8207496286735718,0.8327615029897053,ADP,"DET: 0.82, ADP: 0.15",True,38293,0,10.55304850493315
liberté,liberté,NOUN,NOUN,1.0,0.0,,NOUN: 1.00,True,30,0,3.4339872044851463
de,de,ADP,ADP,0.7886818615006483,0.7439947701431047,CCONJ,"ADP: 0.79, CCONJ: 0.21",True,27784,0,10.232251585714021
conscience,conscience,NOUN,NOUN,1.0,0.0,,NOUN: 1.00,True,12,0,2.5649493574615367
.,.,PUNCT,PUNCT,,,,,True,13366,0,9.500544261971474
ce,Ce,DET,DET,0.8764141494570885,0.6891209831462356,ADP,"DET: 0.88, ADP: 0.08",True,1960,0,7.581209826196346
cabinet,cabinet,NOUN,NOUN,1.0,0.0,,NOUN: 1.00,True,19,0,2.995732273553991
de,d',ADP,ADP,0.7886818615006483,0.7439947701431047,CCONJ,"ADP: 0.79, CCONJ: 0.21",True,27784,0,10.232251585714021
ostéopathie,ostéopathie,NOUN,NOUN,,,,,False,0,0,0.0
être,est,AUX,AUX,0.4687470215317024,1.7986756264740116,SCONJ,"AUX: 0.47, SCONJ: 0.23, ADV: 0.20, CCONJ: 0.10",True,8404,0,9.036582045842716
vraiment,vraiment,ADV,ADV,1.0,0.0,,ADV: 1.00,True,61,0,4.127134385045092
très,très,ADV,ADV,1.0,0.0,,ADV: 1.00,True,435,0,6.077642243349034
bien,bien,ADV,ADV,1.0,0.0,,ADV: 1.00,True,306,0,5.726847747587197
.,.,PUNCT,PUNCT,,,,,True,13366,0,9.500544261971474
lui,Elle,PRON,PRON,0.7173975220804439,1.0427392110337699,CCONJ,"PRON: 0.72, CCONJ: 0.24",True,5436,0,8.600982717145921
être,est,AUX,AUX,0.4687470215317024,1.7986756264740116,SCONJ,"AUX: 0.47, SCONJ: 0.23, ADV: 0.20, CCONJ: 0.10",True,8404,0,9.036582045842716
organiser,organisée,VERB,VERB,1.0,0.0,,VERB: 1.00,True,85,0,4.454347296253507
par,par,ADP,ADP,1.0,0.0,,ADP: 1.00,True,2183,0,7.688913336864796
"""","""",PUNCT,PUNCT,,,,,True,819,0,6.709304340258298
Poesia,Poesia,PROPN,PROPN,,,,,False,0,0,0.0
-,-,PUNCT,PUNCT,,,,,True,66,0,4.204692619390966
2,2,NUM,NUM,1.0,0.0,,NUM: 1.00,True,132,0,4.890349128221754
Ottobre,Ottobre,PROPN,PROPN,,,,,False,0,0,0.0
"""","""",PUNCT,PUNCT,,,,,True,819,0,6.709304340258298
",",",",PUNCT,PUNCT,,,,,True,16599,0,9.717157974344635
un,une,DET,DET,0.7741737557418163,1.1225809040946326,ADP,"DET: 0.77, ADP: 0.11, CCONJ: 0.09",True,8933,0,9.097619501912064
association,association,NOUN,NOUN,1.0,0.0,,NOUN: 1.00,True,74,0,4.31748811353631
à,à,ADP,ADP,1.0,0.0,,ADP: 1.00,True,9366,0,9.14494815320913
but,but,NOUN,NOUN,1.0,0.0,,NOUN: 1.00,True,86,0,4.465908118654584
non,non,ADV,ADV,0.1516206771484079,1.8990642005741691,AUX,"AUX: 0.40, CCONJ: 0.25, SCONJ: 0.19, ADV: 0.15",True,120,0,4.795790545596741
lucratif,lucratif,ADJ,ADJ,,,,,True,4,0,1.6094379124341003
qui,qui,PRON,PRON,0.8171669946022245,0.8424411100711472,CCONJ,"PRON: 0.82, CCONJ: 0.13, ADV: 0.05",True,1916,0,7.558516743045645
œuvrer,œuvre,VERB,VERB,,,,,True,10,0,2.3978952727983707
en,en,ADP,ADP,0.21695278762461512,1.4815638486393006,DET,"DET: 0.51, CCONJ: 0.27, ADP: 0.22",True,5233,0,8.562931083090092
faveur,faveur,NOUN,NOUN,0.3902250158433888,0.9649446056177252,PROPN,"PROPN: 0.61, NOUN: 0.39",True,25,0,3.258096538021482
de,de,ADP,ADP,0.7886818615006483,0.7439947701431047,CCONJ,"ADP: 0.79, CCONJ: 0.21",True,27784,0,10.232251585714021
le,la,DET,DET,0.8207496286735718,0.8327615029897053,ADP,"DET: 0.82, ADP: 0.15",True,38293,0,10.55304850493315
poésie,poésie,NOUN,NOUN,1.0,0.0,,NOUN: 1.00,True,14,0,2.70805020110221
",",",",PUNCT,PUNCT,,,,,True,16599,0,9.717157974344635
concevoir,conçue,VERB,VERB,1.0,0.0,,VERB: 1.00,True,20,0,3.044522437723423
comme,comme,ADP,ADP,0.884348973672223,0.5167293038082115,CCONJ,"ADP: 0.88, CCONJ: 0.12",True,472,0,6.159095388491933
vecteur,vecteur,NOUN,NOUN,,,,,True,5,0,1.791759469228055
privilégier,privilégié,VERB,ADJ,,,,,True,6,1,1.9459101490553132
de,de,ADP,ADP,0.7886818615006483,0.7439947701431047,CCONJ,"ADP: 0.79, CCONJ: 0.21",True,27784,0,10.232251585714021
dialogue,dialogue,NOUN,NOUN,1.0,0.0,,NOUN: 1.00,True,13,0,2.6390573296152584
interculturel,interculturel,ADJ,ADJ,,,,,True,2,0,1.0986122886681098
et,et,CCONJ,CCONJ,0.25644065667983523,1.7170903132548632,SCONJ,"SCONJ: 0.43, ADP: 0.28, CCONJ: 0.26",True,7215,0,8.88405606174246
de,de,ADP,ADP,0.7886818615006483,0.7439947701431047,CCONJ,"ADP: 0.79, CCONJ: 0.21",True,27784,0,10.232251585714021
diffusion,diffusion,NOUN,NOUN,1.0,0.0,,NOUN: 1.00,True,17,0,2.8903717578961645
de,de,ADP,ADP,0.7886818615006483,0.7439947701431047,CCONJ,"ADP: 0.79, CCONJ: 0.21",True,27784,0,10.232251585714021
le,les,DET,DET,0.8207496286735718,0.8327615029897053,ADP,"DET: 0.82, ADP: 0.15",True,38293,0,10.55304850493315
valeur,valeurs,NOUN,NOUN,1.0,0.0,,NOUN: 1.00,True,68,0,4.23410650459726
humaniste,humanistes,ADJ,ADJ,,,,,True,3,0,1.3862943611198906
.,.,PUNCT,PUNCT,,,,,True,13366,0,9.500544261971474
lui,Elle,PRON,PRON,0.7173975220804439,1.0427392110337699,CCONJ,"PRON: 0.72, CCONJ: 0.24",True,5436,0,8.600982717145921
ne,n',ADV,ADV,0.03110691420199771,0.7244015123648279,PRON,"PRON: 0.85, CCONJ: 0.12",True,1435,0,7.269616749608169
être,est,AUX,AUX,0.4687470215317024,1.7986756264740116,SCONJ,"AUX: 0.47, SCONJ: 0.23, ADV: 0.20, CCONJ: 0.10",True,8404,0,9.036582045842716
pas,pas,ADV,ADV,1.0,0.0,,ADV: 1.00,True,893,0,6.795705775173514
très,très,ADV,ADV,1.0,0.0,,ADV: 1.00,True,435,0,6.077642243349034
doué,douée,ADJ,ADJ,,,,,True,5,0,1.791759469228055
pour,pour,ADP,ADP,0.7890790430468303,0.7432394314397186,CCONJ,"ADP: 0.79, CCONJ: 0.21",True,2242,0,7.715569534520208
montrer,montrer,VERB,VERB,1.0,0.0,,VERB: 1.00,True,56,0,4.04305126783455
son,ses,DET,DET,0.8481722905876147,0.863954061477403,CCONJ,"DET: 0.85, CCONJ: 0.08",True,3876,0,8.262816937670928
émotion,émotions,NOUN,NOUN,1.0,0.0,,NOUN: 1.00,True,11,0,2.4849066497880004
",",",",PUNCT,PUNCT,,,,,True,16599,0,9.717157974344635
dire,dire,VERB,VERB,1.0,0.0,,VERB: 1.00,True,190,0,5.25227342804663
ce,ce,PRON,PRON,0.959635480454852,0.243961008701331,ADV,PRON: 0.96,True,855,0,6.752270376141742
que,qu',PRON,PRON,0.11611059889321292,1.238361633076011,SCONJ,"SCONJ: 0.71, CCONJ: 0.15, PRON: 0.12",True,430,0,6.066108090103747
lui,elle,PRON,PRON,0.7173975220804439,1.0427392110337699,CCONJ,"PRON: 0.72, CCONJ: 0.24",True,5436,0,8.600982717145921
ressentir,ressent,VERB,VERB,,,,,True,7,0,2.0794415416798357
vraiment,vraiment,ADV,ADV,1.0,0.0,,ADV: 1.00,True,61,0,4.127134385045092
et,et,CCONJ,CCONJ,0.25644065667983523,1.7170903132548632,SCONJ,"SCONJ: 0.43, ADP: 0.28, CCONJ: 0.26",True,7215,0,8.88405606174246
son,ses,DET,DET,0.8481722905876147,0.863954061477403,CCONJ,"DET: 0.85, CCONJ: 0.08",True,3876,0,8.262816937670928
désir,désires,NOUN,NOUN,1.0,0.0,,NOUN: 1.00,True,11,0,2.4849066497880004
comme,comme,ADP,ADP,0.884348973672223,0.5167293038082115,CCONJ,"ADP: 0.88, CCONJ: 0.12",True,472,0,6.159095388491933
le,le,DET,DET,0.8207496286735718,0.8327615029897053,ADP,"DET: 0.82, ADP: 0.15",True,38293,0,10.55304850493315
fait,fait,NOUN,NOUN,1.0,0.0,,NOUN: 1.00,True,134,0,4.90527477843843
que,qu',SCONJ,SCONJ,0.6915510664276248,1.397369454710615,CCONJ,"SCONJ: 0.69, CCONJ: 0.17, PRON: 0.06, ADV: 0.05",True,1979,0,7.590852123688581
lui,elle,PRON,PRON,0.7173975220804439,1.0427392110337699,CCONJ,"PRON: 0.72, CCONJ: 0.24",True,5436,0,8.600982717145921
aimer,aimerait,VERB,VERB,1.0,0.0,,VERB: 1.00,True,44,0,3.8066624897703196
être,être,AUX,AUX,0.4687470215317024,1.7986756264740116,SCONJ,"AUX: 0.47, SCONJ: 0.23, ADV: 0.20, CCONJ: 0.10",True,8404,0,9.036582045842716
comme,comme,ADP,ADP,0.884348973672223,0.5167293038082115,CCONJ,"ADP: 0.88, CCONJ: 0.12",True,472,0,6.159095388491933
son,son,DET,DET,0.8481722905876147,0.863954061477403,CCONJ,"DET: 0.85, CCONJ: 0.08",True,3876,0,8.262816937670928
frère,frère,NOUN,NOUN,1.0,0.0,,NOUN: 1.00,True,75,0,4.330733340286331
Justin,Justin,PROPN,PROPN,,,,,True,6,0,1.9459101490553132
.,.,PUNCT,PUNCT,,,,,True,13366,0,9.500544261971474
Leland,Leland,PROPN,PROPN,,,,,False,0,0,0.0
Stanford,Stanford,PROPN,PROPN,,,,,True,2,0,1.0986122886681098
poser,posa,VERB,VERB,1.0,0.0,,VERB: 1.00,True,38,0,3.6635616461296463
un,un,DET,DET,0.7741737557418163,1.1225809040946326,ADP,"DET: 0.77, ADP: 0.11, CCONJ: 0.09",True,8933,0,9.097619501912064
clou,clou,NOUN,NOUN,,,,,False,0,0,0.0
de,d',ADP,ADP,0.7886818615006483,0.7439947701431047,CCONJ,"ADP: 0.79, CCONJ: 0.21",True,27784,0,10.232251585714021
or,or,NOUN,NOUN,0.07125690160681476,0.738644026077893,PROPN,"PROPN: 0.86, NUM: 0.07, NOUN: 0.07",True,47,0,3.871201010907891
(,(,PUNCT,PUNCT,,,,,True,2211,0,7.701652362642226
le,le,DET,DET,0.8207496286735718,0.8327615029897053,ADP,"DET: 0.82, ADP: 0.15",True,38293,0,10.55304850493315
Golden,Golden,PROPN,PROPN,,,,,True,5,0,1.791759469228055
Spike,Spike,PROPN,PROPN,,,,,True,1,0,0.6931471805599453
),),PUNCT,PUNCT,,,,,True,2204,0,7.6984827878809465
qui,qui,PRON,PRON,0.8171669946022245,0.8424411100711472,CCONJ,"PRON: 0.82, CCONJ: 0.13, ADV: 0.05",True,1916,0,7.558516743045645
symboliser,symbolise,VERB,VERB,,,,,True,3,0,1.3862943611198906
le,l',DET,DET,0.8207496286735718,0.8327615029897053,ADP,"DET: 0.82, ADP: 0.15",True,38293,0,10.55304850493315
achèvement,achèvement,NOUN,NOUN,,,,,True,2,0,1.0986122886681098
de,de,ADP,ADP,0.7886818615006483,0.7439947701431047,CCONJ,"ADP: 0.79, CCONJ: 0.21",True,27784,0,10.232251585714021
le,le,DET,DET,0.8207496286735718,0.8327615029897053,ADP,"DET: 0.82, ADP: 0.15",True,38293,0,10.55304850493315
premier,premier,ADJ,ADJ,1.0,0.0,,ADJ: 1.00,True,675,0,6.516193076042964
transcontinental,transcontinental,NOUN,NOUN,,,,,False,0,0,0.0
",",",",PUNCT,PUNCT,,,,,True,16599,0,9.717157974344635
aujourd'hui,aujourd'hui,ADV,ADV,1.0,0.0,,ADV: 1.00,True,127,0,4.852030263919617
conserver,conservé,VERB,VERB,1.0,0.0,,VERB: 1.00,True,48,0,3.8918202981106265
à,à,ADP,ADP,1.0,0.0,,ADP: 1.00,True,9366,0,9.14494815320913
le,le,DET,DET,0.8207496286735718,0.8327615029897053,ADP,"DET: 0.82, ADP: 0.15",True,38293,0,10.55304850493315
musée,musée,NOUN,NOUN,1.0,0.0,,NOUN: 1.00,True,32,0,3.4965075614664802
de,de,ADP,ADP,0.7886818615006483,0.7439947701431047,CCONJ,"ADP: 0.79, CCONJ: 0.21",True,27784,0,10.232251585714021
le,l',DET,DET,0.8207496286735718,0.8327615029897053,ADP,"DET: 0.82, ADP: 0.15",True,38293,0,10.55304850493315
université,université,NOUN,NOUN,1.0,0.0,,NOUN: 1.00,True,100,0,4.61512051684126
Stanford,Stanford,PROPN,PROPN,,,,,True,2,0,1.0986122886681098
en,en,ADP,ADP,0.21695278762461512,1.4815638486393006,DET,"DET: 0.51, CCONJ: 0.27, ADP: 0.22",True,5233,0,8.562931083090092
Californie,Californie,PROPN,PROPN,0.41950816338184804,0.9812241482366304,NUM,"NUM: 0.58, PROPN: 0.42",True,18,0,2.9444389791664403
.,.,PUNCT,PUNCT,,,,,True,13366,0,9.500544261971474
mais,Mais,CCONJ,CCONJ,0.15469195513464806,1.2293580521348002,SCONJ,"SCONJ: 0.72, CCONJ: 0.15, PRON: 0.09",True,734,0,6.5998704992128365
le,l',DET,DET,0.8207496286735718,0.8327615029897053,ADP,"DET: 0.82, ADP: 0.15",True,38293,0,10.55304850493315
eau,eau,NOUN,NOUN,1.0,0.0,,NOUN: 1.00,True,147,0,4.997212273764115
lui-même,elle-même,PRON,PRON,0.14748165199866886,1.5145090928629383,ADV,"ADV: 0.60, NUM: 0.22, PRON: 0.15",True,74,0,4.31748811353631
",",",",PUNCT,PUNCT,,,,,True,16599,0,9.717157974344635
être,est,AUX,AUX,0.4687470215317024,1.7986756264740116,SCONJ,"AUX: 0.47, SCONJ: 0.23, ADV: 0.20, CCONJ: 0.10",True,8404,0,9.036582045842716
un,un,DET,DET,0.7741737557418163,1.1225809040946326,ADP,"DET: 0.77, ADP: 0.11, CCONJ: 0.09",True,8933,0,9.097619501912064
bien,bien,NOUN,NOUN,1.0,0.0,,NOUN: 1.00,True,29,0,3.4011973816621555
commun,commun,ADJ,ADJ,1.0,0.0,,ADJ: 1.00,True,25,0,3.258096538021482
qui,qui,PRON,PRON,0.8171669946022245,0.8424411100711472,CCONJ,"PRON: 0.82, CCONJ: 0.13, ADV: 0.05",True,1916,0,7.558516743045645
ne,ne,ADV,ADV,0.03110691420199771,0.7244015123648279,PRON,"PRON: 0.85, CCONJ: 0.12",True,1435,0,7.269616749608169
soi,se,PRON,PRON,0.8260631963800735,0.8193543183609986,CCONJ,"PRON: 0.83, CCONJ: 0.12, ADV: 0.05",True,2063,0,7.6324011266014535
vendre,vend,VERB,VERB,1.0,0.0,,VERB: 1.00,True,55,0,4.02535169073515
pas,pas,ADV,ADV,1.0,0.0,,ADV: 1.00,True,893,0,6.795705775173514
sur,sur,ADP,ADP,1.0,0.0,,ADP: 1.00,True,1482,0,7.301822342137932
un,un,DET,DET,0.7741737557418163,1.1225809040946326,ADP,"DET: 0.77, ADP: 0.11, CCONJ: 0.09",True,8933,0,9.097619501912064
marché,marché,NOUN,NOUN,1.0,0.0,,NOUN: 1.00,True,55,0,4.02535169073515
.,.,PUNCT,PUNCT,,,,,True,13366,0,9.500544261971474
le,La,DET,DET,0.8207496286735718,0.8327615029897053,ADP,"DET: 0.82, ADP: 0.15",True,38293,0,10.55304850493315
fraise,fraise,NOUN,NOUN,,,,,True,5,0,1.791759469228055
de,de,ADP,ADP,0.7886818615006483,0.7439947701431047,CCONJ,"ADP: 0.79, CCONJ: 0.21",True,27784,0,10.232251585714021
Cachoubie,Cachoubie,PROPN,PROPN,,,,,True,1,0,0.6931471805599453
être,est,AUX,AUX,0.4687470215317024,1.7986756264740116,SCONJ,"AUX: 0.47, SCONJ: 0.23, ADV: 0.20, CCONJ: 0.10",True,8404,0,9.036582045842716
réputer,réputée,VERB,VERB,,,,,True,8,0,2.1972245773362196
plus,plus,ADV,ADV,0.7196677710684014,0.8559031009192263,CCONJ,"ADV: 0.72, CCONJ: 0.28",True,1173,0,7.068172000388042
savoureux,savoureuse,ADJ,ADJ,,,,,True,4,0,1.6094379124341003
(,(,PUNCT,PUNCT,,,,,True,2211,0,7.701652362642226
73,73,NUM,NUM,,,,,True,5,0,1.791759469228055
%,%,SYM,SYM,,,,,True,249,0,5.521460917862246
),),PUNCT,PUNCT,,,,,True,2204,0,7.6984827878809465
et,et,CCONJ,CCONJ,0.25644065667983523,1.7170903132548632,SCONJ,"SCONJ: 0.43, ADP: 0.28, CCONJ: 0.26",True,7215,0,8.88405606174246
plus,plus,ADV,ADV,0.7196677710684014,0.8559031009192263,CCONJ,"ADV: 0.72, CCONJ: 0.28",True,1173,0,7.068172000388042
sucré,sucrée,ADJ,VERB,,,,,True,2,1,1.0986122886681098
(,(,PUNCT,PUNCT,,,,,True,2211,0,7.701652362642226
68,68,NUM,NUM,,,,,True,4,0,1.6094379124341003
%,%,SYM,SYM,,,,,True,249,0,5.521460917862246
),),PUNCT,PUNCT,,,,,True,2204,0,7.6984827878809465
que,que,SCONJ,SCONJ,0.6915510664276248,1.397369454710615,CCONJ,"SCONJ: 0.69, CCONJ: 0.17, PRON: 0.06, ADV: 0.05",True,1979,0,7.590852123688581
le,les,DET,DET,0.8207496286735718,0.8327615029897053,ADP,"DET: 0.82, ADP: 0.15",True,38293,0,10.55304850493315
autre,autres,ADJ,ADJ,0.5773464864136372,0.982668701467866,NUM,"ADJ: 0.58, NUM: 0.42",True,341,0,5.834810737062605
fraise,fraises,NOUN,NOUN,,,,,True,5,0,1.791759469228055
.,.,PUNCT,PUNCT,,,,,True,13366,0,9.500544261971474
dans,Dans,ADP,ADP,1.0,0.0,,ADP: 1.00,True,2779,0,7.930206206684683
le,les,DET,DET,0.8207496286735718,0.8327615029897053,ADP,"DET: 0.82, ADP: 0.15",True,38293,0,10.55304850493315
faculté,facultés,NOUN,NOUN,1.0,0.0,,NOUN: 1.00,True,19,0,2.995732273553991
de,de,ADP,ADP,0.7886818615006483,0.7439947701431047,CCONJ,"ADP: 0.79, CCONJ: 0.21",True,27784,0,10.232251585714021
pharmacie,pharmacie,NOUN,NOUN,,,,,True,1,0,0.6931471805599453
",",",",PUNCT,PUNCT,,,,,True,16599,0,9.717157974344635
le,les,DET,DET,0.8207496286735718,0.8327615029897053,ADP,"DET: 0.82, ADP: 0.15",True,38293,0,10.55304850493315
assistant,assistants,NOUN,NOUN,,,,,True,3,0,1.3862943611198906
être,étaient,AUX,AUX,0.4687470215317024,1.7986756264740116,SCONJ,"AUX: 0.47, SCONJ: 0.23, ADV: 0.20, CCONJ: 0.10",True,8404,0,9.036582045842716
un,des,DET,DET,0.7741737557418163,1.1225809040946326,ADP,"DET: 0.77, ADP: 0.11, CCONJ: 0.09",True,8933,0,9.097619501912064
fonctionnaire,fonctionnaires,NOUN,NOUN,1.0,0.0,,NOUN: 1.00,True,14,0,2.70805020110221
",",",",PUNCT,PUNCT,,,,,True,16599,0,9.717157974344635
soumettre,soumis,VERB,VERB,1.0,0.0,,VERB: 1.00,True,21,0,3.091042453358316
à,à,ADP,ADP,1.0,0.0,,ADP: 1.00,True,9366,0,9.14494815320913
un,une,DET,DET,0.7741737557418163,1.1225809040946326,ADP,"DET: 0.77, ADP: 0.11, CCONJ: 0.09",True,8933,0,9.097619501912064
période,période,NOUN,NOUN,1.0,0.0,,NOUN: 1.00,True,85,0,4.454347296253507
de,de,ADP,ADP,0.7886818615006483,0.7439947701431047,CCONJ,"ADP: 0.79, CCONJ: 0.21",True,27784,0,10.232251585714021
stage,stage,NOUN,NOUN,,,,,True,7,0,2.0794415416798357
de,de,ADP,ADP,0.7886818615006483,0.7439947701431047,CCONJ,"ADP: 0.79, CCONJ: 0.21",True,27784,0,10.232251585714021
trois,trois,NUM,NUM,0.21329117169768608,0.7477267753799202,DET,"DET: 0.79, NUM: 0.21",True,206,0,5.332718793265369
an,ans,NOUN,NOUN,1.0,0.0,,NOUN: 1.00,True,385,0,5.955837369464831
.,.,PUNCT,PUNCT,,,,,True,13366,0,9.500544261971474
Han,Han,PROPN,PROPN,,,,,True,1,0,0.6931471805599453
soi,s',PRON,PRON,0.8260631963800735,0.8193543183609986,CCONJ,"PRON: 0.83, CCONJ: 0.12, ADV: 0.05",True,2063,0,7.6324011266014535
engager,engage,VERB,VERB,1.0,0.0,,VERB: 1.00,True,42,0,3.7612001156935624
finalement,finalement,ADV,ADV,1.0,0.0,,ADV: 1.00,True,47,0,3.871201010907891
dans,dans,ADP,ADP,1.0,0.0,,ADP: 1.00,True,2779,0,7.930206206684683
le,la,DET,DET,0.8207496286735718,0.8327615029897053,ADP,"DET: 0.82, ADP: 0.15",True,38293,0,10.55304850493315
bataille,bataille,NOUN,NOUN,1.0,0.0,,NOUN: 1.00,True,51,0,3.9512437185814275
",",",",PUNCT,PUNCT,,,,,True,16599,0,9.717157974344635
couvrir,couvre,VERB,VERB,1.0,0.0,,VERB: 1.00,True,28,0,3.367295829986474
Luke,Luke,PROPN,PROPN,,,,,True,6,0,1.9459101490553132
et,et,CCONJ,CCONJ,0.25644065667983523,1.7170903132548632,SCONJ,"SCONJ: 0.43, ADP: 0.28, CCONJ: 0.26",True,7215,0,8.88405606174246
mettre,met,VERB,VERB,1.0,0.0,,VERB: 1.00,True,223,0,5.4116460518550396
Vador,Vador,PROPN,PROPN,,,,,True,1,0,0.6931471805599453
hors,hors,ADV,ADP,0.6126705050502992,1.2060720268289438,VERB,"ADV: 0.61, VERB: 0.34",True,19,1,2.995732273553991
course,course,NOUN,NOUN,1.0,0.0,,NOUN: 1.00,True,37,0,3.6375861597263857
.,.,PUNCT,PUNCT,,,,,True,13366,0,9.500544261971474
quelque,Quelques,DET,DET,0.7437180181147647,0.8210838430295273,NUM,"DET: 0.74, NUM: 0.26",True,160,0,5.081404364984463
année,années,NOUN,NOUN,1.0,0.0,,NOUN: 1.00,True,396,0,5.983936280687191
plus,plus,ADV,ADV,0.7196677710684014,0.8559031009192263,CCONJ,"ADV: 0.72, CCONJ: 0.28",True,1173,0,7.068172000388042
tard,tard,ADV,ADV,0.5967375254624975,0.9728270574538282,ADJ,"ADV: 0.60, ADJ: 0.40",True,108,0,4.6913478822291435
",",",",PUNCT,PUNCT,,,,,True,16599,0,9.717157974344635
lui,il,PRON,PRON,0.7173975220804439,1.0427392110337699,CCONJ,"PRON: 0.72, CCONJ: 0.24",True,5436,0,8.600982717145921
préconiser,préconise,VERB,VERB,,,,,True,3,0,1.3862943611198906
de,d',ADP,ADP,0.7886818615006483,0.7439947701431047,CCONJ,"ADP: 0.79, CCONJ: 0.21",True,27784,0,10.232251585714021
appeler,appeler,VERB,VERB,1.0,0.0,,VERB: 1.00,True,154,0,5.043425116919247
le,l',DET,DET,0.8207496286735718,0.8327615029897053,ADP,"DET: 0.82, ADP: 0.15",True,38293,0,10.55304850493315
auteur,auteur,NOUN,NOUN,1.0,0.0,,NOUN: 1.00,True,66,0,4.204692619390966
de,de,ADP,ADP,0.7886818615006483,0.7439947701431047,CCONJ,"ADP: 0.79, CCONJ: 0.21",True,27784,0,10.232251585714021
ballet,ballet,NOUN,NOUN,,,,,True,4,0,1.6094379124341003
un,un,DET,DET,0.7741737557418163,1.1225809040946326,ADP,"DET: 0.77, ADP: 0.11, CCONJ: 0.09",True,8933,0,9.097619501912064
choréauteur,choréauteur,NOUN,NOUN,,,,,False,0,0,0.0
",",",",PUNCT,PUNCT,,,,,True,16599,0,9.717157974344635
afin,afin,ADV,ADV,0.5324097440207123,1.5803977170984007,VERB,"ADV: 0.53, VERB: 0.29, ADJ: 0.14",True,101,0,4.624972813284271
de,de,ADP,ADP,0.7886818615006483,0.7439947701431047,CCONJ,"ADP: 0.79, CCONJ: 0.21",True,27784,0,10.232251585714021
sortir,sortir,VERB,VERB,1.0,0.0,,VERB: 1.00,True,113,0,4.736198448394496
le,les,DET,DET,0.8207496286735718,0.8327615029897053,ADP,"DET: 0.82, ADP: 0.15",True,38293,0,10.55304850493315
terme,termes,NOUN,NOUN,1.0,0.0,,NOUN: 1.00,True,86,0,4.465908118654584
chorégraphie,chorégraphie,NOUN,NOUN,,,,,True,2,0,1.0986122886681098
et,et,CCONJ,CCONJ,0.25644065667983523,1.7170903132548632,SCONJ,"SCONJ: 0.43, ADP: 0.28, CCONJ: 0.26",True,7215,0,8.88405606174246
chorégraphe,chorégraphe,NOUN,NOUN,,,,,False,0,0,0.0
de,de,ADP,ADP,0.7886818615006483,0.7439947701431047,CCONJ,"ADP: 0.79, CCONJ: 0.21",True,27784,0,10.232251585714021
son,leur,DET,DET,0.8481722905876147,0.863954061477403,CCONJ,"DET: 0.85, CCONJ: 0.08",True,3876,0,8.262816937670928
ambiguïté,ambiguïté,NOUN,NOUN,,,,,True,3,0,1.3862943611198906
.,.,PUNCT,PUNCT,,,,,True,13366,0,9.500544261971474
«,«,PUNCT,PUNCT,,,,,True,866,0,6.7650389767805414
le,Le,DET,DET,0.8207496286735718,0.8327615029897053,ADP,"DET: 0.82, ADP: 0.15",True,38293,0,10.55304850493315
ministère,ministère,NOUN,NOUN,1.0,0.0,,NOUN: 1.00,True,40,0,3.713572066704308
de,de,ADP,ADP,0.7886818615006483,0.7439947701431047,CCONJ,"ADP: 0.79, CCONJ: 0.21",True,27784,0,10.232251585714021
le,l',DET,DET,0.8207496286735718,0.8327615029897053,ADP,"DET: 0.82, ADP: 0.15",True,38293,0,10.55304850493315
Intérieur,Intérieur,PROPN,NOUN,,,,,True,2,1,1.0986122886681098
affirmer,affirme,VERB,VERB,1.0,0.0,,VERB: 1.00,True,42,0,3.7612001156935624
que,que,SCONJ,SCONJ,0.6915510664276248,1.397369454710615,CCONJ,"SCONJ: 0.69, CCONJ: 0.17, PRON: 0.06, ADV: 0.05",True,1979,0,7.590852123688581
un,des,DET,DET,0.7741737557418163,1.1225809040946326,ADP,"DET: 0.77, ADP: 0.11, CCONJ: 0.09",True,8933,0,9.097619501912064
mesure,mesures,NOUN,NOUN,1.0,0.0,,NOUN: 1.00,True,58,0,4.07753744390572
décisif,décisives,ADJ,ADJ,,,,,True,8,0,2.1972245773362196
être,seront,AUX,AUX,0.4687470215317024,1.7986756264740116,SCONJ,"AUX: 0.47, SCONJ: 0.23, ADV: 0.20, CCONJ: 0.10",True,8404,0,9.036582045842716
prendre,prises,VERB,VERB,1.0,0.0,,VERB: 1.00,True,287,0,5.662960480135946
pour,pour,ADP,ADP,0.7890790430468303,0.7432394314397186,CCONJ,"ADP: 0.79, CCONJ: 0.21",True,2242,0,7.715569534520208
faire,faire,VERB,VERB,1.0,0.0,,VERB: 1.00,True,655,0,6.486160788944089
face,face,NOUN,NOUN,1.0,0.0,,NOUN: 1.00,True,90,0,4.51085950651685
à,à,ADP,ADP,1.0,0.0,,ADP: 1.00,True,9366,0,9.14494815320913
un,de,DET,DET,0.7741737557418163,1.1225809040946326,ADP,"DET: 0.77, ADP: 0.11, CCONJ: 0.09",True,8933,0,9.097619501912064
tel,telles,ADJ,ADJ,1.0,0.0,,ADJ: 1.00,True,94,0,4.553876891600541
action,actions,NOUN,NOUN,1.0,0.0,,NOUN: 1.00,True,78,0,4.3694478524670215
",",",",PUNCT,PUNCT,,,,,True,16599,0,9.717157974344635
en,en,ADP,ADP,0.21695278762461512,1.4815638486393006,DET,"DET: 0.51, CCONJ: 0.27, ADP: 0.22",True,5233,0,8.562931083090092
conformité,conformité,NOUN,NOUN,,,,,True,2,0,1.0986122886681098
avec,avec,ADP,ADP,0.8893781797851439,0.5017887113029871,CCONJ,"ADP: 0.89, CCONJ: 0.11",True,1225,0,7.111512116496157
le,la,DET,DET,0.8207496286735718,0.8327615029897053,ADP,"DET: 0.82, ADP: 0.15",True,38293,0,10.55304850493315
loi,loi,NOUN,NOUN,1.0,0.0,,NOUN: 1.00,True,55,0,4.02535169073515
»,»,PUNCT,PUNCT,,,,,True,814,0,6.703188113240863
",",",",PUNCT,PUNCT,,,,,True,16599,0,9.717157974344635
indiquer,indique,VERB,VERB,1.0,0.0,,VERB: 1.00,True,47,0,3.871201010907891
un,un,DET,DET,0.7741737557418163,1.1225809040946326,ADP,"DET: 0.77, ADP: 0.11, CCONJ: 0.09",True,8933,0,9.097619501912064
communiqué,communiqué,NOUN,NOUN,1.0,0.0,,NOUN: 1.00,True,15,0,2.772588722239781
.,.,PUNCT,PUNCT,,,,,True,13366,0,9.500544261971474
le,Le,DET,DET,0.8207496286735718,0.8327615029897053,ADP,"DET: 0.82, ADP: 0.15",True,38293,0,10.55304850493315
récit,récit,NOUN,NOUN,1.0,0.0,,NOUN: 1.00,True,18,0,2.9444389791664403
dans,dans,ADP,ADP,1.0,0.0,,ADP: 1.00,True,2779,0,7.930206206684683
lequel,lequel,PRON,PRON,0.1680341744206288,1.3639026655527202,SCONJ,"SCONJ: 0.70, PRON: 0.17, CCONJ: 0.07",True,195,0,5.278114659230517
John,John,PROPN,PROPN,1.0,0.0,,PROPN: 1.00,True,38,0,3.6635616461296463
expliquer,explique,VERB,VERB,1.0,0.0,,VERB: 1.00,True,60,0,4.110873864173311
certain,certaines,PRON,PRON,0.7936447072946159,0.9223059851901679,CCONJ,"PRON: 0.79, CCONJ: 0.14, ADV: 0.07",True,46,0,3.8501476017100584
de,de,ADP,ADP,0.7886818615006483,0.7439947701431047,CCONJ,"ADP: 0.79, CCONJ: 0.21",True,27784,0,10.232251585714021
le,les,DET,DET,0.8207496286735718,0.8327615029897053,ADP,"DET: 0.82, ADP: 0.15",True,38293,0,10.55304850493315
transformation,transformations,NOUN,NOUN,1.0,0.0,,NOUN: 1.00,True,14,0,2.70805020110221
que,que,PRON,PRON,0.11611059889321292,1.238361633076011,SCONJ,"SCONJ: 0.71, CCONJ: 0.15, PRON: 0.12",True,430,0,6.066108090103747
subir,subit,VERB,VERB,1.0,0.0,,VERB: 1.00,True,32,0,3.4965075614664802
son,son,DET,DET,0.8481722905876147,0.863954061477403,CCONJ,"DET: 0.85, CCONJ: 0.08",True,3876,0,8.262816937670928
enseignement,enseignement,NOUN,NOUN,1.0,0.0,,NOUN: 1.00,True,28,0,3.367295829986474
en,en,ADP,ADP,0.21695278762461512,1.4815638486393006,DET,"DET: 0.51, CCONJ: 0.27, ADP: 0.22",True,5233,0,8.562931083090092
tant,tant,ADV,ADV,0.0734316143125899,2.0459672475873987,CCONJ,"CCONJ: 0.31, SCONJ: 0.29, AUX: 0.28, ADV: 0.07",True,100,0,4.61512051684126
que,que,SCONJ,SCONJ,0.6915510664276248,1.397369454710615,CCONJ,"SCONJ: 0.69, CCONJ: 0.17, PRON: 0.06, ADV: 0.05",True,1979,0,7.590852123688581
Jésus,Jésus,PROPN,PROPN,,,,,True,8,0,2.1972245773362196
faire,fait,VERB,VERB,1.0,0.0,,VERB: 1.00,True,655,0,6.486160788944089
référence,référence,NOUN,NOUN,0.6860226549866252,0.8977113959676398,PROPN,"NOUN: 0.69, PROPN: 0.31",True,45,0,3.828641396489095
à,à,ADP,ADP,1.0,0.0,,ADP: 1.00,True,9366,0,9.14494815320913
le,L',DET,DET,0.8207496286735718,0.8327615029897053,ADP,"DET: 0.82, ADP: 0.15",True,38293,0,10.55304850493315
antéchrist,Antéchrist,NOUN,NOUN,,,,,False,0,0,0.0
de,de,ADP,ADP,0.7886818615006483,0.7439947701431047,CCONJ,"ADP: 0.79, CCONJ: 0.21",True,27784,0,10.232251585714021
Nietzsche,Nietzsche,PROPN,PROPN,,,,,True,1,0,0.6931471805599453
",",",",PUNCT,PUNCT,,,,,True,16599,0,9.717157974344635
dans,dans,ADP,ADP,1.0,0.0,,ADP: 1.00,True,2779,0,7.930206206684683
lequel,lequel,PRON,PRON,0.1680341744206288,1.3639026655527202,SCONJ,"SCONJ: 0.70, PRON: 0.17, CCONJ: 0.07",True,195,0,5.278114659230517
le,le,DET,DET,0.8207496286735718,0.8327615029897053,ADP,"DET: 0.82, ADP: 0.15",True,38293,0,10.55304850493315
philosophe,philosophe,NOUN,NOUN,,,,,True,10,0,2.3978952727983707
soutenir,soutient,VERB,VERB,1.0,0.0,,VERB: 1.00,True,48,0,3.8918202981106265
le,la,DET,DET,0.8207496286735718,0.8327615029897053,ADP,"DET: 0.82, ADP: 0.15",True,38293,0,10.55304850493315
thèse,thèse,NOUN,NOUN,1.0,0.0,,NOUN: 1.00,True,17,0,2.8903717578961645
que,que,SCONJ,SCONJ,0.6915510664276248,1.397369454710615,CCONJ,"SCONJ: 0.69, CCONJ: 0.17, PRON: 0.06, ADV: 0.05",True,1979,0,7.590852123688581
le,le,DET,DET,0.8207496286735718,0.8327615029897053,ADP,"DET: 0.82, ADP: 0.15",True,38293,0,10.55304850493315
christianisme,christianisme,NOUN,NOUN,,,,,True,4,0,1.6094379124341003
être,était,AUX,AUX,0.4687470215317024,1.7986756264740116,SCONJ,"AUX: 0.47, SCONJ: 0.23, ADV: 0.20, CCONJ: 0.10",True,8404,0,9.036582045842716
en,en,ADP,ADP,0.21695278762461512,1.4815638486393006,DET,"DET: 0.51, CCONJ: 0.27, ADP: 0.22",True,5233,0,8.562931083090092
fait,fait,NOUN,NOUN,1.0,0.0,,NOUN: 1.00,True,134,0,4.90527477843843
à,à,ADP,ADP,1.0,0.0,,ADP: 1.00,True,9366,0,9.14494815320913
le,l',DET,DET,0.8207496286735718,0.8327615029897053,ADP,"DET: 0.82, ADP: 0.15",True,38293,0,10.55304850493315
origine,origine,NOUN,NOUN,1.0,0.0,,NOUN: 1.00,True,124,0,4.8283137373023015
un,un,DET,DET,0.7741737557418163,1.1225809040946326,ADP,"DET: 0.77, ADP: 0.11, CCONJ: 0.09",True,8933,0,9.097619501912064
mouvement,mouvement,NOUN,NOUN,1.0,0.0,,NOUN: 1.00,True,79,0,4.382026634673881
similaire,similaire,ADJ,ADJ,1.0,0.0,,ADJ: 1.00,True,18,0,2.9444389791664403
à,à,ADP,ADP,1.0,0.0,,ADP: 1.00,True,9366,0,9.14494815320913
le,le,DET,DET,0.8207496286735718,0.8327615029897053,ADP,"DET: 0.82, ADP: 0.15",True,38293,0,10.55304850493315
bouddhisme,bouddhisme,NOUN,NOUN,,,,,True,10,0,2.3978952727983707
et,et,CCONJ,CCONJ,0.25644065667983523,1.7170903132548632,SCONJ,"SCONJ: 0.43, ADP: 0.28, CCONJ: 0.26",True,7215,0,8.88405606174246
que,que,SCONJ,SCONJ,0.6915510664276248,1.397369454710615,CCONJ,"SCONJ: 0.69, CCONJ: 0.17, PRON: 0.06, ADV: 0.05",True,1979,0,7.590852123688581
le,le,DET,DET,0.8207496286735718,0.8327615029897053,ADP,"DET: 0.82, ADP: 0.15",True,38293,0,10.55304850493315
Christ,christ,PROPN,NOUN,,,,,True,9,1,2.302585092994046
ne,n',ADV,ADV,0.03110691420199771,0.7244015123648279,PRON,"PRON: 0.85, CCONJ: 0.12",True,1435,0,7.269616749608169
enseigner,enseignait,VERB,VERB,1.0,0.0,,VERB: 1.00,True,23,0,3.1780538303479458
rien,rien,PRON,PRON,0.0,0.0,ADV,ADV: 1.00,True,69,0,4.248495242049359
à,à,ADP,ADP,1.0,0.0,,ADP: 1.00,True,9366,0,9.14494815320913
propos,propos,NOUN,NOUN,1.0,0.0,,NOUN: 1.00,True,20,0,3.044522437723423
de,de,ADP,ADP,0.7886818615006483,0.7439947701431047,CCONJ,"ADP: 0.79, CCONJ: 0.21",True,27784,0,10.232251585714021
le,l',DET,DET,0.8207496286735718,0.8327615029897053,ADP,"DET: 0.82, ADP: 0.15",True,38293,0,10.55304850493315
au-delà,au-delà,NOUN,NOUN,,,,,False,0,0,0.0
et,et,CCONJ,CCONJ,0.25644065667983523,1.7170903132548632,SCONJ,"SCONJ: 0.43, ADP: 0.28, CCONJ: 0.26",True,7215,0,8.88405606174246
de,de,ADP,ADP,0.7886818615006483,0.7439947701431047,CCONJ,"ADP: 0.79, CCONJ: 0.21",True,27784,0,10.232251585714021
Dieu,Dieu,PROPN,PROPN,0.5215261529492745,0.9986625682843419,NUM,"PROPN: 0.52, NUM: 0.48",True,32,0,3.4965075614664802
",",",",PUNCT,PUNCT,,,,,True,16599,0,9.717157974344635
mais,mais,CCONJ,CCONJ,0.15469195513464806,1.2293580521348002,SCONJ,"SCONJ: 0.72, CCONJ: 0.15, PRON: 0.09",True,734,0,6.5998704992128365
parler,parlait,VERB,VERB,1.0,0.0,,VERB: 1.00,True,78,0,4.3694478524670215
simplement,simplement,ADV,ADV,1.0,0.0,,ADV: 1.00,True,32,0,3.4965075614664802
de,de,ADP,ADP,0.7886818615006483,0.7439947701431047,CCONJ,"ADP: 0.79, CCONJ: 0.21",True,27784,0,10.232251585714021
le,le,DET,DET,0.8207496286735718,0.8327615029897053,ADP,"DET: 0.82, ADP: 0.15",True,38293,0,10.55304850493315
bien,bien,NOUN,NOUN,1.0,0.0,,NOUN: 1.00,True,29,0,3.4011973816621555
réalisable,réalisable,ADJ,ADJ,,,,,False,0,0,0.0
en,en,ADP,ADP,0.21695278762461512,1.4815638486393006,DET,"DET: 0.51, CCONJ: 0.27, ADP: 0.22",True,5233,0,8.562931083090092
ce,ce,DET,DET,0.8764141494570885,0.6891209831462356,ADP,"DET: 0.88, ADP: 0.08",True,1960,0,7.581209826196346
monde,monde,NOUN,NOUN,0.20873300431037542,0.7390539339094153,PROPN,"PROPN: 0.79, NOUN: 0.21",True,238,0,5.476463551931511
.,.,PUNCT,PUNCT,,,,,True,13366,0,9.500544261971474
en,En,ADP,ADP,0.21695278762461512,1.4815638486393006,DET,"DET: 0.51, CCONJ: 0.27, ADP: 0.22",True,5233,0,8.562931083090092
effet,effet,NOUN,NOUN,1.0,0.0,,NOUN: 1.00,True,138,0,4.9344739331306915
",",",",PUNCT,PUNCT,,,,,True,16599,0,9.717157974344635
dans,dans,ADP,ADP,1.0,0.0,,ADP: 1.00,True,2779,0,7.930206206684683
le,le,DET,DET,0.8207496286735718,0.8327615029897053,ADP,"DET: 0.82, ADP: 0.15",True,38293,0,10.55304850493315
cadre,cadre,NOUN,NOUN,1.0,0.0,,NOUN: 1.00,True,72,0,4.290459441148391
de,de,ADP,ADP,0.7886818615006483,0.7439947701431047,CCONJ,"ADP: 0.79, CCONJ: 0.21",True,27784,0,10.232251585714021
le,la,DET,DET,0.8207496286735718,0.8327615029897053,ADP,"DET: 0.82, ADP: 0.15",True,38293,0,10.55304850493315
théorie,théorie,NOUN,NOUN,1.0,0.0,,NOUN: 1.00,True,35,0,3.58351893845611
néoclassique,néoclassique,ADJ,ADJ,,,,,True,1,0,0.6931471805599453
",",",",PUNCT,PUNCT,,,,,True,16599,0,9.717157974344635
le,l',DET,DET,0.8207496286735718,0.8327615029897053,ADP,"DET: 0.82, ADP: 0.15",True,38293,0,10.55304850493315
agent,agent,NOUN,NOUN,1.0,0.0,,NOUN: 1.00,True,19,0,2.995732273553991
économique,économique,ADJ,ADJ,1.0,0.0,,ADJ: 1.00,True,66,0,4.204692619390966
chercher,cherche,VERB,VERB,1.0,0.0,,VERB: 1.00,True,37,0,3.6375861597263857
à,à,ADP,ADP,1.0,0.0,,ADP: 1.00,True,9366,0,9.14494815320913
maximiser,maximiser,VERB,VERB,,,,,True,1,0,0.6931471805599453
son,son,DET,DET,0.8481722905876147,0.863954061477403,CCONJ,"DET: 0.85, CCONJ: 0.08",True,3876,0,8.262816937670928
utilité,utilité,NOUN,NOUN,,,,,True,4,0,1.6094379124341003
et,et,CCONJ,CCONJ,0.25644065667983523,1.7170903132548632,SCONJ,"SCONJ: 0.43, ADP: 0.28, CCONJ: 0.26",True,7215,0,8.88405606174246
lorsque,lorsqu',SCONJ,SCONJ,0.6790372112424228,1.3482631291541505,CCONJ,"SCONJ: 0.68, CCONJ: 0.17, PRON: 0.11",True,103,0,4.6443908991413725
lui,il,PRON,PRON,0.7173975220804439,1.0427392110337699,CCONJ,"PRON: 0.72, CCONJ: 0.24",True,5436,0,8.600982717145921
être,est,AUX,AUX,0.4687470215317024,1.7986756264740116,SCONJ,"AUX: 0.47, SCONJ: 0.23, ADV: 0.20, CCONJ: 0.10",True,8404,0,9.036582045842716
amener,amené,VERB,VERB,1.0,0.0,,VERB: 1.00,True,24,0,3.2188758248682006
à,à,ADP,ADP,1.0,0.0,,ADP: 1.00,True,9366,0,9.14494815320913
faire,faire,VERB,VERB,1.0,0.0,,VERB: 1.00,True,655,0,6.486160788944089
un,un,DET,DET,0.7741737557418163,1.1225809040946326,ADP,"DET: 0.77, ADP: 0.11, CCONJ: 0.09",True,8933,0,9.097619501912064
arbitrage,arbitrage,NOUN,NOUN,,,,,True,5,0,1.791759469228055
entre,entre,ADP,ADP,0.9951404265427191,0.0443394212917744,ADJ,ADP: 1.00,True,403,0,6.0014148779611505
consommation,consommation,NOUN,NOUN,1.0,0.0,,NOUN: 1.00,True,20,0,3.044522437723423
et,et,CCONJ,CCONJ,0.25644065667983523,1.7170903132548632,SCONJ,"SCONJ: 0.43, ADP: 0.28, CCONJ: 0.26",True,7215,0,8.88405606174246
épargne,épargne,NOUN,NOUN,,,,,False,0,0,0.0
",",",",PUNCT,PUNCT,,,,,True,16599,0,9.717157974344635
lui,il,PRON,PRON,0.7173975220804439,1.0427392110337699,CCONJ,"PRON: 0.72, CCONJ: 0.24",True,5436,0,8.600982717145921
aller,va,VERB,VERB,1.0,0.0,,VERB: 1.00,True,221,0,5.402677381872279
considérer,considérer,VERB,VERB,1.0,0.0,,VERB: 1.00,True,97,0,4.584967478670572
ce,ce,PRON,PRON,0.959635480454852,0.243961008701331,ADV,PRON: 0.96,True,855,0,6.752270376141742
que,que,PRON,PRON,0.11611059889321292,1.238361633076011,SCONJ,"SCONJ: 0.71, CCONJ: 0.15, PRON: 0.12",True,430,0,6.066108090103747
lui,lui,PRON,PRON,0.7173975220804439,1.0427392110337699,CCONJ,"PRON: 0.72, CCONJ: 0.24",True,5436,0,8.600982717145921
rapporter,rapportera,VERB,VERB,1.0,0.0,,VERB: 1.00,True,14,0,2.70805020110221
le,l',DET,DET,0.8207496286735718,0.8327615029897053,ADP,"DET: 0.82, ADP: 0.15",True,38293,0,10.55304850493315
épargne,épargne,NOUN,NOUN,,,,,False,0,0,0.0
",",",",PUNCT,PUNCT,,,,,True,16599,0,9.717157974344635
autrement,autrement,ADV,ADV,,,,,True,10,0,2.3978952727983707
dire,dit,VERB,VERB,1.0,0.0,,VERB: 1.00,True,190,0,5.25227342804663
",",",",PUNCT,PUNCT,,,,,True,16599,0,9.717157974344635
lui,il,PRON,PRON,0.7173975220804439,1.0427392110337699,CCONJ,"PRON: 0.72, CCONJ: 0.24",True,5436,0,8.600982717145921
aller,va,VERB,VERB,1.0,0.0,,VERB: 1.00,True,221,0,5.402677381872279
considérer,considérer,VERB,VERB,1.0,0.0,,VERB: 1.00,True,97,0,4.584967478670572
le,le,DET,DET,0.8207496286735718,0.8327615029897053,ADP,"DET: 0.82, ADP: 0.15",True,38293,0,10.55304850493315
taux,taux,NOUN,NOUN,1.0,0.0,,NOUN: 1.00,True,37,0,3.6375861597263857
de,d',ADP,ADP,0.7886818615006483,0.7439947701431047,CCONJ,"ADP: 0.79, CCONJ: 0.21",True,27784,0,10.232251585714021
intérêt,intérêt,NOUN,NOUN,1.0,0.0,,NOUN: 1.00,True,49,0,3.912023005428146
.,.,PUNCT,PUNCT,,,,,True,13366,0,9.500544261971474
le,Le,DET,DET,0.8207496286735718,0.8327615029897053,ADP,"DET: 0.82, ADP: 0.15",True,38293,0,10.55304850493315
fonctionnement,fonctionnement,NOUN,NOUN,0.6819471679211911,0.9022514026487948,PROPN,"NOUN: 0.68, PROPN: 0.32",True,13,0,2.6390573296152584
de,de,ADP,ADP,0.7886818615006483,0.7439947701431047,CCONJ,"ADP: 0.79, CCONJ: 0.21",True,27784,0,10.232251585714021
le,la,DET,DET,0.8207496286735718,0.8327615029897053,ADP,"DET: 0.82, ADP: 0.15",True,38293,0,10.55304850493315
famille,famille,NOUN,NOUN,1.0,0.0,,NOUN: 1.00,True,225,0,5.420534999272286
immigré,immigrée,ADJ,ADJ,,,,,True,1,0,0.6931471805599453
et,et,CCONJ,CCONJ,0.25644065667983523,1.7170903132548632,SCONJ,"SCONJ: 0.43, ADP: 0.28, CCONJ: 0.26",True,7215,0,8.88405606174246
le,les,DET,DET,0.8207496286735718,0.8327615029897053,ADP,"DET: 0.82, ADP: 0.15",True,38293,0,10.55304850493315
relation,relations,NOUN,NOUN,1.0,0.0,,NOUN: 1.00,True,62,0,4.143134726391533
existant,existantes,ADJ,ADJ,,,,,True,9,0,2.302585092994046
entre,entre,ADP,ADP,0.9951404265427191,0.0443394212917744,ADJ,ADP: 1.00,True,403,0,6.0014148779611505
le,les,DET,DET,0.8207496286735718,0.8327615029897053,ADP,"DET: 0.82, ADP: 0.15",True,38293,0,10.55304850493315
parent,parents,NOUN,NOUN,1.0,0.0,,NOUN: 1.00,True,25,0,3.258096538021482
",",",",PUNCT,PUNCT,,,,,True,16599,0,9.717157974344635
porteur,porteurs,NOUN,NOUN,,,,,True,5,0,1.791759469228055
de,de,ADP,ADP,0.7886818615006483,0.7439947701431047,CCONJ,"ADP: 0.79, CCONJ: 0.21",True,27784,0,10.232251585714021
mémoire,mémoire,NOUN,NOUN,1.0,0.0,,NOUN: 1.00,True,25,0,3.258096538021482
",",",",PUNCT,PUNCT,,,,,True,16599,0,9.717157974344635
et,et,CCONJ,CCONJ,0.25644065667983523,1.7170903132548632,SCONJ,"SCONJ: 0.43, ADP: 0.28, CCONJ: 0.26",True,7215,0,8.88405606174246
le,les,DET,DET,0.8207496286735718,0.8327615029897053,ADP,"DET: 0.82, ADP: 0.15",True,38293,0,10.55304850493315
descendant,descendants,NOUN,NOUN,,,,,True,3,0,1.3862943611198906
",",",",PUNCT,PUNCT,,,,,True,16599,0,9.717157974344635
héritier,héritiers,NOUN,NOUN,1.0,0.0,,NOUN: 1.00,True,12,0,2.5649493574615367
de,de,ADP,ADP,0.7886818615006483,0.7439947701431047,CCONJ,"ADP: 0.79, CCONJ: 0.21",True,27784,0,10.232251585714021
celui-ci,celle-ci,PRON,PRON,0.945788582126471,0.3040242868036479,ADV,"PRON: 0.95, ADV: 0.05",True,111,0,4.718498871295094
",",",",PUNCT,PUNCT,,,,,True,16599,0,9.717157974344635
créer,créent,VERB,VERB,1.0,0.0,,VERB: 1.00,True,165,0,5.111987788356544
un,des,DET,DET,0.7741737557418163,1.1225809040946326,ADP,"DET: 0.77, ADP: 0.11, CCONJ: 0.09",True,8933,0,9.097619501912064
condition,conditions,NOUN,NOUN,1.0,0.0,,NOUN: 1.00,True,45,0,3.828641396489095
de,de,ADP,ADP,0.7886818615006483,0.7439947701431047,CCONJ,"ADP: 0.79, CCONJ: 0.21",True,27784,0,10.232251585714021
transfert,transferts,NOUN,NOUN,1.0,0.0,,NOUN: 1.00,True,11,0,2.4849066497880004
mémoriel,mémoriels,ADJ,ADJ,,,,,True,1,0,0.6931471805599453
original,originales,ADJ,ADJ,1.0,0.0,,ADJ: 1.00,True,34,0,3.5553480614894135
.,.,PUNCT,PUNCT,,,,,True,13366,0,9.500544261971474
lui,Il,PRON,PRON,0.7173975220804439,1.0427392110337699,CCONJ,"PRON: 0.72, CCONJ: 0.24",True,5436,0,8.600982717145921
être,est,AUX,AUX,0.4687470215317024,1.7986756264740116,SCONJ,"AUX: 0.47, SCONJ: 0.23, ADV: 0.20, CCONJ: 0.10",True,8404,0,9.036582045842716
le,l',DET,DET,0.8207496286735718,0.8327615029897053,ADP,"DET: 0.82, ADP: 0.15",True,38293,0,10.55304850493315
ancien,ancien,ADJ,ADJ,1.0,0.0,,ADJ: 1.00,True,199,0,5.298317366548036
directeur,directeur,NOUN,NOUN,1.0,0.0,,NOUN: 1.00,True,56,0,4.04305126783455
de,de,ADP,ADP,0.7886818615006483,0.7439947701431047,CCONJ,"ADP: 0.79, CCONJ: 0.21",True,27784,0,10.232251585714021
le,l',DET,DET,0.8207496286735718,0.8327615029897053,ADP,"DET: 0.82, ADP: 0.15",True,38293,0,10.55304850493315
hebdomadaire,hebdomadaire,NOUN,NOUN,,,,,True,4,0,1.6094379124341003
francophone,francophone,ADJ,ADJ,1.0,0.0,,ADJ: 1.00,True,14,0,2.70805020110221
le,Le,DET,DET,0.8207496286735718,0.8327615029897053,ADP,"DET: 0.82, ADP: 0.15",True,38293,0,10.55304850493315
journal,Journal,NOUN,NOUN,1.0,0.0,,NOUN: 1.00,True,42,0,3.7612001156935624
hebdomadaire,Hebdomadaire,ADJ,ADJ,,,,,True,7,0,2.0794415416798357
et,et,CCONJ,CCONJ,0.25644065667983523,1.7170903132548632,SCONJ,"SCONJ: 0.43, ADP: 0.28, CCONJ: 0.26",True,7215,0,8.88405606174246
son,son,DET,DET,0.8481722905876147,0.863954061477403,CCONJ,"DET: 0.85, CCONJ: 0.08",True,3876,0,8.262816937670928
confrère,confrère,NOUN,NOUN,,,,,True,2,0,1.0986122886681098
arabophone,arabophone,ADJ,ADJ,,,,,False,0,0,0.0
Assahifa,Assahifa,PROPN,PROPN,,,,,False,0,0,0.0
Al,Al,PROPN,PROPN,,,,,True,6,0,1.9459101490553132
Ousbouiya,Ousbouiya,PROPN,PROPN,,,,,False,0,0,0.0
.,.,PUNCT,PUNCT,,,,,True,13366,0,9.500544261971474
en,En,ADP,ADP,0.21695278762461512,1.4815638486393006,DET,"DET: 0.51, CCONJ: 0.27, ADP: 0.22",True,5233,0,8.562931083090092
1992,1992,NUM,NUM,0.5810629629814749,0.9809555652854656,PROPN,"NUM: 0.58, PROPN: 0.42",True,17,0,2.8903717578961645
",",",",PUNCT,PUNCT,,,,,True,16599,0,9.717157974344635
lui,ils,PRON,PRON,0.7173975220804439,1.0427392110337699,CCONJ,"PRON: 0.72, CCONJ: 0.24",True,5436,0,8.600982717145921
être,sont,AUX,AUX,0.4687470215317024,1.7986756264740116,SCONJ,"AUX: 0.47, SCONJ: 0.23, ADV: 0.20, CCONJ: 0.10",True,8404,0,9.036582045842716
éliminer,éliminés,VERB,VERB,1.0,0.0,,VERB: 1.00,True,16,0,2.833213344056216
par,par,ADP,ADP,1.0,0.0,,ADP: 1.00,True,2183,0,7.688913336864796
le,le,DET,DET,0.8207496286735718,0.8327615029897053,ADP,"DET: 0.82, ADP: 0.15",True,38293,0,10.55304850493315
club,club,NOUN,NOUN,1.0,0.0,,NOUN: 1.00,True,134,0,4.90527477843843
congolais,congolais,ADJ,ADJ,,,,,True,2,0,1.0986122886681098
de,d',ADP,ADP,0.7886818615006483,0.7439947701431047,CCONJ,"ADP: 0.79, CCONJ: 0.21",True,27784,0,10.232251585714021
Elecsport,Elecsport,PROPN,PROPN,,,,,False,0,0,0.0
Bouansa,Bouansa,PROPN,PROPN,,,,,False,0,0,0.0
dès,dès,ADP,ADP,0.8907467680784398,0.4976593631052658,CCONJ,"ADP: 0.89, CCONJ: 0.11",True,112,0,4.727387818712341
le,le,DET,DET,0.8207496286735718,0.8327615029897053,ADP,"DET: 0.82, ADP: 0.15",True,38293,0,10.55304850493315
premier,premier,ADJ,ADJ,1.0,0.0,,ADJ: 1.00,True,675,0,6.516193076042964
tour,tour,NOUN,NOUN,1.0,0.0,,NOUN: 1.00,True,118,0,4.77912349311153
(,(,PUNCT,PUNCT,,,,,True,2211,0,7.701652362642226
0-2,0-2,NUM,NUM,,,,,False,0,0,0.0
",",",",PUNCT,PUNCT,,,,,True,16599,0,9.717157974344635
1-0,1-0,NUM,NUM,,,,,True,3,0,1.3862943611198906
),),PUNCT,PUNCT,,,,,True,2204,0,7.6984827878809465
.,.,PUNCT,PUNCT,,,,,True,13366,0,9.500544261971474
dame,Dame,NOUN,PROPN,1.0,0.0,,NOUN: 1.00,True,12,1,2.5649493574615367
blanc,Blanche,ADJ,ADJ,1.0,0.0,,ADJ: 1.00,True,40,0,3.713572066704308
nord,Nord,NOUN,NOUN,0.17370882153999345,0.6661190724091853,PROPN,"PROPN: 0.83, NOUN: 0.17",True,142,0,4.962844630259907
ou,ou,CCONJ,CCONJ,0.514848916000412,0.9993637059064465,ADP,"CCONJ: 0.51, ADP: 0.49",True,802,0,6.688354713946762
cité,cité,NOUN,NOUN,1.0,0.0,,NOUN: 1.00,True,34,0,3.5553480614894135
de,de,ADP,ADP,0.7886818615006483,0.7439947701431047,CCONJ,"ADP: 0.79, CCONJ: 0.21",True,27784,0,10.232251585714021
le,les,DET,DET,0.8207496286735718,0.8327615029897053,ADP,"DET: 0.82, ADP: 0.15",True,38293,0,10.55304850493315
peintre,peintres,NOUN,NOUN,1.0,0.0,,NOUN: 1.00,True,35,0,3.58351893845611
",",",",PUNCT,PUNCT,,,,,True,16599,0,9.717157974344635
surnom,surnom,NOUN,NOUN,,,,,True,5,0,1.791759469228055
devoir,dû,VERB,VERB,0.9326805365068354,0.3558398388117804,ADJ,"VERB: 0.93, ADJ: 0.07",True,314,0,5.752572638825633
à,à,ADP,ADP,1.0,0.0,,ADP: 1.00,True,9366,0,9.14494815320913
son,ses,DET,DET,0.8481722905876147,0.863954061477403,CCONJ,"DET: 0.85, CCONJ: 0.08",True,3876,0,8.262816937670928
rue,rues,NOUN,NOUN,1.0,0.0,,NOUN: 1.00,True,78,0,4.3694478524670215
à,à,ADP,ADP,1.0,0.0,,ADP: 1.00,True,9366,0,9.14494815320913
le,les,DET,DET,0.8207496286735718,0.8327615029897053,ADP,"DET: 0.82, ADP: 0.15",True,38293,0,10.55304850493315
nom,noms,NOUN,NOUN,1.0,0.0,,NOUN: 1.00,True,268,0,5.594711379601839
de,de,ADP,ADP,0.7886818615006483,0.7439947701431047,CCONJ,"ADP: 0.79, CCONJ: 0.21",True,27784,0,10.232251585714021
peintre,peintres,NOUN,NOUN,1.0,0.0,,NOUN: 1.00,True,35,0,3.58351893845611
célèbre,célébres,ADJ,ADJ,1.0,0.0,,ADJ: 1.00,True,36,0,3.6109179126442243
",",",",PUNCT,PUNCT,,,,,True,16599,0,9.717157974344635
être,est,AUX,AUX,0.4687470215317024,1.7986756264740116,SCONJ,"AUX: 0.47, SCONJ: 0.23, ADV: 0.20, CCONJ: 0.10",True,8404,0,9.036582045842716
un,un,DET,DET,0.7741737557418163,1.1225809040946326,ADP,"DET: 0.77, ADP: 0.11, CCONJ: 0.09",True,8933,0,9.097619501912064
quartier,quartier,NOUN,NOUN,1.0,0.0,,NOUN: 1.00,True,60,0,4.110873864173311
situer,situé,VERB,VERB,0.793990500654531,0.7337854795581993,ADJ,"VERB: 0.79, ADJ: 0.21",True,383,0,5.950642552587727
dans,dans,ADP,ADP,1.0,0.0,,ADP: 1.00,True,2779,0,7.930206206684683
le,le,DET,DET,0.8207496286735718,0.8327615029897053,ADP,"DET: 0.82, ADP: 0.15",True,38293,0,10.55304850493315
nord,nord,NOUN,NOUN,0.17370882153999345,0.6661190724091853,PROPN,"PROPN: 0.83, NOUN: 0.17",True,142,0,4.962844630259907
de,de,ADP,ADP,0.7886818615006483,0.7439947701431047,CCONJ,"ADP: 0.79, CCONJ: 0.21",True,27784,0,10.232251585714021
le,la,DET,DET,0.8207496286735718,0.8327615029897053,ADP,"DET: 0.82, ADP: 0.15",True,38293,0,10.55304850493315
ville,ville,NOUN,NOUN,1.0,0.0,,NOUN: 1.00,True,288,0,5.666426688112432
de,de,ADP,ADP,0.7886818615006483,0.7439947701431047,CCONJ,"ADP: 0.79, CCONJ: 0.21",True,27784,0,10.232251585714021
Garges-lès-Gonesse,Garges-lès-Gonesse,PROPN,PROPN,,,,,False,0,0,0.0
",",",",PUNCT,PUNCT,,,,,True,16599,0,9.717157974344635
en,en,ADP,ADP,0.21695278762461512,1.4815638486393006,DET,"DET: 0.51, CCONJ: 0.27, ADP: 0.22",True,5233,0,8.562931083090092
banlieue,banlieue,NOUN,NOUN,,,,,True,7,0,2.0794415416798357
parisien,parisienne,ADJ,ADJ,1.0,0.0,,ADJ: 1.00,True,14,0,2.70805020110221
.,.,PUNCT,PUNCT,,,,,True,13366,0,9.500544261971474
un,De,DET,DET,0.7741737557418163,1.1225809040946326,ADP,"DET: 0.77, ADP: 0.11, CCONJ: 0.09",True,8933,0,9.097619501912064
nombreux,nombreuses,ADJ,ADJ,0.2268184753433239,0.7724238287751712,NUM,"NUM: 0.77, ADJ: 0.23",True,183,0,5.214935757608986
espèce,espèces,NOUN,NOUN,1.0,0.0,,NOUN: 1.00,True,141,0,4.955827057601261
devenir,devenues,VERB,VERB,1.0,0.0,,VERB: 1.00,True,257,0,5.552959584921617
rare,rares,ADJ,ADJ,1.0,0.0,,ADJ: 1.00,True,25,0,3.258096538021482
ou,ou,CCONJ,CCONJ,0.514848916000412,0.9993637059064465,ADP,"CCONJ: 0.51, ADP: 0.49",True,802,0,6.688354713946762
menacé,menacées,ADJ,VERB,,,,,False,0,1,0.0
survivre,survivent,VERB,VERB,1.0,0.0,,VERB: 1.00,True,12,0,2.5649493574615367
dans,dans,ADP,ADP,1.0,0.0,,ADP: 1.00,True,2779,0,7.930206206684683
le,la,DET,DET,0.8207496286735718,0.8327615029897053,ADP,"DET: 0.82, ADP: 0.15",True,38293,0,10.55304850493315
zone,zone,NOUN,NOUN,1.0,0.0,,NOUN: 1.00,True,87,0,4.477336814478207
boréal,boréale,ADJ,ADJ,,,,,True,1,0,0.6931471805599453
(,(,PUNCT,PUNCT,,,,,True,2211,0,7.701652362642226
de,de,ADP,ADP,0.7886818615006483,0.7439947701431047,CCONJ,"ADP: 0.79, CCONJ: 0.21",True,27784,0,10.232251585714021
le,le,DET,DET,0.8207496286735718,0.8327615029897053,ADP,"DET: 0.82, ADP: 0.15",True,38293,0,10.55304850493315
Nunavik,nunavik,PROPN,NOUN,,,,,False,0,1,0.0
à,à,ADP,ADP,1.0,0.0,,ADP: 1.00,True,9366,0,9.14494815320913
le,l',DET,DET,0.8207496286735718,0.8327615029897053,ADP,"DET: 0.82, ADP: 0.15",True,38293,0,10.55304850493315
Alaska,Alaska,PROPN,PROPN,,,,,True,1,0,0.6931471805599453
pour,pour,ADP,ADP,0.7890790430468303,0.7432394314397186,CCONJ,"ADP: 0.79, CCONJ: 0.21",True,2242,0,7.715569534520208
le,l',DET,DET,0.8207496286735718,0.8327615029897053,ADP,"DET: 0.82, ADP: 0.15",True,38293,0,10.55304850493315
Amérique,Amérique,PROPN,PROPN,0.6112034238514021,0.9640185439551698,NOUN,"PROPN: 0.61, NOUN: 0.39",True,35,0,3.58351893845611
de,de,ADP,ADP,0.7886818615006483,0.7439947701431047,CCONJ,"ADP: 0.79, CCONJ: 0.21",True,27784,0,10.232251585714021
le,le,DET,DET,0.8207496286735718,0.8327615029897053,ADP,"DET: 0.82, ADP: 0.15",True,38293,0,10.55304850493315
nord,Nord,NOUN,NOUN,0.17370882153999345,0.6661190724091853,PROPN,"PROPN: 0.83, NOUN: 0.17",True,142,0,4.962844630259907
),),PUNCT,PUNCT,,,,,True,2204,0,7.6984827878809465
.,.,PUNCT,PUNCT,,,,,True,13366,0,9.500544261971474
ne,N',ADV,ADV,0.03110691420199771,0.7244015123648279,PRON,"PRON: 0.85, CCONJ: 0.12",True,1435,0,7.269616749608169
arriver,arrivez,VERB,VERB,1.0,0.0,,VERB: 1.00,True,98,0,4.59511985013459
surtout,surtout,ADV,ADV,1.0,0.0,,ADV: 1.00,True,68,0,4.23410650459726
pas,pas,ADV,ADV,1.0,0.0,,ADV: 1.00,True,893,0,6.795705775173514
quelque,quelques,DET,DET,0.7437180181147647,0.8210838430295273,NUM,"DET: 0.74, NUM: 0.26",True,160,0,5.081404364984463
minute,minutes,NOUN,NOUN,1.0,0.0,,NOUN: 1.00,True,46,0,3.8501476017100584
en,en,ADP,ADP,0.21695278762461512,1.4815638486393006,DET,"DET: 0.51, CCONJ: 0.27, ADP: 0.22",True,5233,0,8.562931083090092
retard,retard,NOUN,NOUN,,,,,True,9,0,2.302585092994046
!,!,PUNCT,PUNCT,,,,,True,306,0,5.726847747587197
Charles,Charles,PROPN,PROPN,1.0,0.0,,PROPN: 1.00,True,51,0,3.9512437185814275
Monginot,Monginot,PROPN,PROPN,,,,,False,0,0,0.0
(,(,PUNCT,PUNCT,,,,,True,2211,0,7.701652362642226
1825-1900,1825-1900,NUM,NUM,,,,,False,0,0,0.0
),),PUNCT,PUNCT,,,,,True,2204,0,7.6984827878809465
être,est,AUX,AUX,0.4687470215317024,1.7986756264740116,SCONJ,"AUX: 0.47, SCONJ: 0.23, ADV: 0.20, CCONJ: 0.10",True,8404,0,9.036582045842716
un,un,DET,DET,0.7741737557418163,1.1225809040946326,ADP,"DET: 0.77, ADP: 0.11, CCONJ: 0.09",True,8933,0,9.097619501912064
peintre,peintre,NOUN,NOUN,1.0,0.0,,NOUN: 1.00,True,35,0,3.58351893845611
français,français,ADJ,ADJ,1.0,0.0,,ADJ: 1.00,True,419,0,6.040254711277414
.,.,PUNCT,PUNCT,,,,,True,13366,0,9.500544261971474
licencié,Licencié,ADJ,VERB,,,,,False,0,1,0.0
en,en,ADP,ADP,0.21695278762461512,1.4815638486393006,DET,"DET: 0.51, CCONJ: 0.27, ADP: 0.22",True,5233,0,8.562931083090092
histoire,histoire,NOUN,NOUN,1.0,0.0,,NOUN: 1.00,True,117,0,4.770684624465665
et,et,CCONJ,CCONJ,0.25644065667983523,1.7170903132548632,SCONJ,"SCONJ: 0.43, ADP: 0.28, CCONJ: 0.26",True,7215,0,8.88405606174246
géographie,géographie,NOUN,NOUN,,,,,True,3,0,1.3862943611198906
",",",",PUNCT,PUNCT,,,,,True,16599,0,9.717157974344635
lui,il,PRON,PRON,0.7173975220804439,1.0427392110337699,CCONJ,"PRON: 0.72, CCONJ: 0.24",True,5436,0,8.600982717145921
enseigner,enseigna,VERB,VERB,1.0,0.0,,VERB: 1.00,True,23,0,3.1780538303479458
à,à,ADP,ADP,1.0,0.0,,ADP: 1.00,True,9366,0,9.14494815320913
le,l',DET,DET,0.8207496286735718,0.8327615029897053,ADP,"DET: 0.82, ADP: 0.15",True,38293,0,10.55304850493315
université,université,NOUN,NOUN,1.0,0.0,,NOUN: 1.00,True,100,0,4.61512051684126
Yale,Yale,PROPN,PROPN,,,,,False,0,0,0.0
à,à,ADP,ADP,1.0,0.0,,ADP: 1.00,True,9366,0,9.14494815320913
le,les,DET,DET,0.8207496286735718,0.8327615029897053,ADP,"DET: 0.82, ADP: 0.15",True,38293,0,10.55304850493315
États-Unis,États-Unis,PROPN,PROPN,0.470472854556799,1.3476494791147204,NOUN,"PROPN: 0.47, NOUN: 0.44, ADJ: 0.09",True,115,0,4.7535901911063645
.,.,PUNCT,PUNCT,,,,,True,13366,0,9.500544261971474
à,À,ADP,ADP,1.0,0.0,,ADP: 1.00,True,9366,0,9.14494815320913
le,l',DET,DET,0.8207496286735718,0.8327615029897053,ADP,"DET: 0.82, ADP: 0.15",True,38293,0,10.55304850493315
issue,issue,NOUN,NOUN,1.0,0.0,,NOUN: 1.00,True,18,0,2.9444389791664403
de,de,ADP,ADP,0.7886818615006483,0.7439947701431047,CCONJ,"ADP: 0.79, CCONJ: 0.21",True,27784,0,10.232251585714021
le,les,DET,DET,0.8207496286735718,0.8327615029897053,ADP,"DET: 0.82, ADP: 0.15",True,38293,0,10.55304850493315
élection,élections,NOUN,NOUN,1.0,0.0,,NOUN: 1.00,True,56,0,4.04305126783455
municipal,municipales,ADJ,ADJ,1.0,0.0,,ADJ: 1.00,True,26,0,3.295836866004329
de,de,ADP,ADP,0.7886818615006483,0.7439947701431047,CCONJ,"ADP: 0.79, CCONJ: 0.21",True,27784,0,10.232251585714021
juin,juin,NOUN,NOUN,1.0,0.0,,NOUN: 1.00,True,137,0,4.927253685157205
2008,2008,NUM,NUM,1.0,0.0,,NUM: 1.00,True,96,0,4.574710978503383
",",",",PUNCT,PUNCT,,,,,True,16599,0,9.717157974344635
Gheorghe,Gheorghe,PROPN,PROPN,,,,,False,0,0,0.0
Tirifon,Tirifon,PROPN,PROPN,,,,,False,0,0,0.0
(,(,PUNCT,PUNCT,,,,,True,2211,0,7.701652362642226
PNL,PNL,PROPN,PROPN,,,,,False,0,0,0.0
),),PUNCT,PUNCT,,,,,True,2204,0,7.6984827878809465
avoir,a,AUX,AUX,0.7537049139623345,0.8053529913575782,ADV,"AUX: 0.75, ADV: 0.25",True,2935,0,7.984803389734406
être,été,AUX,AUX,0.4687470215317024,1.7986756264740116,SCONJ,"AUX: 0.47, SCONJ: 0.23, ADV: 0.20, CCONJ: 0.10",True,8404,0,9.036582045842716
élire,élu,VERB,VERB,1.0,0.0,,VERB: 1.00,True,55,0,4.02535169073515
maire,maire,NOUN,NOUN,1.0,0.0,,NOUN: 1.00,True,36,0,3.6109179126442243
de,de,ADP,ADP,0.7886818615006483,0.7439947701431047,CCONJ,"ADP: 0.79, CCONJ: 0.21",True,27784,0,10.232251585714021
le,la,DET,DET,0.8207496286735718,0.8327615029897053,ADP,"DET: 0.82, ADP: 0.15",True,38293,0,10.55304850493315
commune,commune,NOUN,NOUN,1.0,0.0,,NOUN: 1.00,True,260,0,5.564520407322694
.,.,PUNCT,PUNCT,,,,,True,13366,0,9.500544261971474
le,Le,DET,DET,0.8207496286735718,0.8327615029897053,ADP,"DET: 0.82, ADP: 0.15",True,38293,0,10.55304850493315
conseil,conseil,NOUN,NOUN,1.0,0.0,,NOUN: 1.00,True,122,0,4.812184355372417
général,général,ADJ,ADJ,1.0,0.0,,ADJ: 1.00,True,117,0,4.770684624465665
",",",",PUNCT,PUNCT,,,,,True,16599,0,9.717157974344635
propriétaire,propriétaire,NOUN,NOUN,0.3660449010993546,0.9475867828455469,PRON,"PRON: 0.63, NOUN: 0.37",True,46,0,3.8501476017100584
de,de,ADP,ADP,0.7886818615006483,0.7439947701431047,CCONJ,"ADP: 0.79, CCONJ: 0.21",True,27784,0,10.232251585714021
le,le,DET,DET,0.8207496286735718,0.8327615029897053,ADP,"DET: 0.82, ADP: 0.15",True,38293,0,10.55304850493315
bâtiment,bâtiment,NOUN,NOUN,1.0,0.0,,NOUN: 1.00,True,64,0,4.174387269895637
de,de,ADP,ADP,0.7886818615006483,0.7439947701431047,CCONJ,"ADP: 0.79, CCONJ: 0.21",True,27784,0,10.232251585714021
le,l',DET,DET,0.8207496286735718,0.8327615029897053,ADP,"DET: 0.82, ADP: 0.15",True,38293,0,10.55304850493315
ancien,ancienne,ADJ,ADJ,1.0,0.0,,ADJ: 1.00,True,199,0,5.298317366548036
gare,gare,NOUN,NOUN,1.0,0.0,,NOUN: 1.00,True,52,0,3.970291913552122
de,de,ADP,ADP,0.7886818615006483,0.7439947701431047,CCONJ,"ADP: 0.79, CCONJ: 0.21",True,27784,0,10.232251585714021
Signy-le-Petit,Signy-le-Petit,PROPN,PROPN,,,,,False,0,0,0.0
",",",",PUNCT,PUNCT,,,,,True,16599,0,9.717157974344635
avoir,a,AUX,AUX,0.7537049139623345,0.8053529913575782,ADV,"AUX: 0.75, ADV: 0.25",True,2935,0,7.984803389734406
conclure,conclu,VERB,VERB,1.0,0.0,,VERB: 1.00,True,18,0,2.9444389791664403
un,un,DET,DET,0.7741737557418163,1.1225809040946326,ADP,"DET: 0.77, ADP: 0.11, CCONJ: 0.09",True,8933,0,9.097619501912064
bail,bail,NOUN,NOUN,,,,,True,1,0,0.6931471805599453
commercial,commercial,ADJ,ADJ,1.0,0.0,,ADJ: 1.00,True,34,0,3.5553480614894135
avec,avec,ADP,ADP,0.8893781797851439,0.5017887113029871,CCONJ,"ADP: 0.89, CCONJ: 0.11",True,1225,0,7.111512116496157
un,une,DET,DET,0.7741737557418163,1.1225809040946326,ADP,"DET: 0.77, ADP: 0.11, CCONJ: 0.09",True,8933,0,9.097619501912064
entreprise,entreprise,NOUN,NOUN,1.0,0.0,,NOUN: 1.00,True,102,0,4.634728988229636
de,de,ADP,ADP,0.7886818615006483,0.7439947701431047,CCONJ,"ADP: 0.79, CCONJ: 0.21",True,27784,0,10.232251585714021
communication,communication,NOUN,NOUN,0.3930102242251757,0.9667147015598735,PROPN,"PROPN: 0.61, NOUN: 0.39",True,35,0,3.58351893845611
",",",",PUNCT,PUNCT,,,,,True,16599,0,9.717157974344635
dont,dont,PRON,PRON,0.0,0.5067841712485793,ADP,"ADP: 0.89, CCONJ: 0.11",True,249,0,5.521460917862246
le,l',DET,DET,0.8207496286735718,0.8327615029897053,ADP,"DET: 0.82, ADP: 0.15",True,38293,0,10.55304850493315
installation,installation,NOUN,NOUN,1.0,0.0,,NOUN: 1.00,True,23,0,3.1780538303479458
générer,génère,VERB,VERB,1.0,0.0,,VERB: 1.00,True,14,0,2.70805020110221
à,à,ADP,ADP,1.0,0.0,,ADP: 1.00,True,9366,0,9.14494815320913
court,court,ADJ,ADJ,1.0,0.0,,ADJ: 1.00,True,35,0,3.58351893845611
terme,terme,NOUN,NOUN,1.0,0.0,,NOUN: 1.00,True,86,0,4.465908118654584
trois,trois,NUM,NUM,0.21329117169768608,0.7477267753799202,DET,"DET: 0.79, NUM: 0.21",True,206,0,5.332718793265369
emploi,emplois,NOUN,NOUN,1.0,0.0,,NOUN: 1.00,True,35,0,3.58351893845611
.,.,PUNCT,PUNCT,,,,,True,13366,0,9.500544261971474
le,Le,DET,DET,0.8207496286735718,0.8327615029897053,ADP,"DET: 0.82, ADP: 0.15",True,38293,0,10.55304850493315
pré,pré,NOUN,NOUN,,,,,True,3,0,1.3862943611198906
saler,salé,VERB,VERB,,,,,True,1,0,0.6931471805599453
dans,dans,ADP,ADP,1.0,0.0,,ADP: 1.00,True,2779,0,7.930206206684683
son,son,DET,DET,0.8481722905876147,0.863954061477403,CCONJ,"DET: 0.85, CCONJ: 0.08",True,3876,0,8.262816937670928
dernier,dernier,ADJ,ADJ,1.0,0.0,,ADJ: 1.00,True,293,0,5.683579767338681
méandre,méandre,NOUN,NOUN,,,,,False,0,0,0.0
avant,avant,ADP,ADP,0.8879481521664462,0.5060740972167108,CCONJ,"ADP: 0.89, CCONJ: 0.11",True,144,0,4.976733742420574
le,l',DET,DET,0.8207496286735718,0.8327615029897053,ADP,"DET: 0.82, ADP: 0.15",True,38293,0,10.55304850493315
océan,océan,NOUN,NOUN,1.0,0.0,,NOUN: 1.00,True,20,0,3.044522437723423
faire,fait,VERB,VERB,1.0,0.0,,VERB: 1.00,True,655,0,6.486160788944089
le,l',DET,DET,0.8207496286735718,0.8327615029897053,ADP,"DET: 0.82, ADP: 0.15",True,38293,0,10.55304850493315
objet,objet,NOUN,NOUN,1.0,0.0,,NOUN: 1.00,True,56,0,4.04305126783455
de,d',ADP,ADP,0.7886818615006483,0.7439947701431047,CCONJ,"ADP: 0.79, CCONJ: 0.21",True,27784,0,10.232251585714021
un,un,DET,DET,0.7741737557418163,1.1225809040946326,ADP,"DET: 0.77, ADP: 0.11, CCONJ: 0.09",True,8933,0,9.097619501912064
inventaire,inventaire,NOUN,NOUN,,,,,True,5,0,1.791759469228055
ZNIEFF,ZNIEFF,PROPN,PROPN,,,,,False,0,0,0.0
de,de,ADP,ADP,0.7886818615006483,0.7439947701431047,CCONJ,"ADP: 0.79, CCONJ: 0.21",True,27784,0,10.232251585714021
type,type,NOUN,NOUN,1.0,0.0,,NOUN: 1.00,True,63,0,4.1588830833596715
1,1,NUM,NUM,0.5508903281133335,0.9925143875231691,ADJ,"NUM: 0.55, ADJ: 0.45",True,90,0,4.51085950651685
en,en,ADP,ADP,0.21695278762461512,1.4815638486393006,DET,"DET: 0.51, CCONJ: 0.27, ADP: 0.22",True,5233,0,8.562931083090092
1990,1990,NUM,NUM,1.0,0.0,,NUM: 1.00,True,32,0,3.4965075614664802
.,.,PUNCT,PUNCT,,,,,True,13366,0,9.500544261971474
le,Les,DET,DET,0.8207496286735718,0.8327615029897053,ADP,"DET: 0.82, ADP: 0.15",True,38293,0,10.55304850493315
transaction,transactions,NOUN,NOUN,,,,,True,5,0,1.791759469228055
soi,se,PRON,PRON,0.8260631963800735,0.8193543183609986,CCONJ,"PRON: 0.83, CCONJ: 0.12, ADV: 0.05",True,2063,0,7.6324011266014535
faire,font,VERB,VERB,1.0,0.0,,VERB: 1.00,True,655,0,6.486160788944089
essentiellement,essentiellement,ADV,ADV,1.0,0.0,,ADV: 1.00,True,28,0,3.367295829986474
en,en,ADP,ADP,0.21695278762461512,1.4815638486393006,DET,"DET: 0.51, CCONJ: 0.27, ADP: 0.22",True,5233,0,8.562931083090092
espèce,espèces,NOUN,NOUN,1.0,0.0,,NOUN: 1.00,True,141,0,4.955827057601261
.,.,PUNCT,PUNCT,,,,,True,13366,0,9.500544261971474
équipe,Equipe,NOUN,NOUN,1.0,0.0,,NOUN: 1.00,True,207,0,5.337538079701318
de,de,ADP,ADP,0.7886818615006483,0.7439947701431047,CCONJ,"ADP: 0.79, CCONJ: 0.21",True,27784,0,10.232251585714021
professionnel,professionnels,NOUN,NOUN,1.0,0.0,,NOUN: 1.00,True,24,0,3.2188758248682006
avec,avec,ADP,ADP,0.8893781797851439,0.5017887113029871,CCONJ,"ADP: 0.89, CCONJ: 0.11",True,1225,0,7.111512116496157
un,des,DET,DET,0.7741737557418163,1.1225809040946326,ADP,"DET: 0.77, ADP: 0.11, CCONJ: 0.09",True,8933,0,9.097619501912064
année,années,NOUN,NOUN,1.0,0.0,,NOUN: 1.00,True,396,0,5.983936280687191
de,d',ADP,ADP,0.7886818615006483,0.7439947701431047,CCONJ,"ADP: 0.79, CCONJ: 0.21",True,27784,0,10.232251585714021
expérience,expérience,NOUN,NOUN,1.0,0.0,,NOUN: 1.00,True,50,0,3.9318256327243257
.,.,PUNCT,PUNCT,,,,,True,13366,0,9.500544261971474
lui,Il,PRON,PRON,0.7173975220804439,1.0427392110337699,CCONJ,"PRON: 0.72, CCONJ: 0.24",True,5436,0,8.600982717145921
former,forme,VERB,VERB,1.0,0.0,,VERB: 1.00,True,86,0,4.465908118654584
ainsi,ainsi,ADV,ADV,1.0,0.0,,ADV: 1.00,True,330,0,5.802118375377063
un,des,DET,DET,0.7741737557418163,1.1225809040946326,ADP,"DET: 0.77, ADP: 0.11, CCONJ: 0.09",True,8933,0,9.097619501912064
génération,générations,NOUN,NOUN,1.0,0.0,,NOUN: 1.00,True,26,0,3.295836866004329
de,de,ADP,ADP,0.7886818615006483,0.7439947701431047,CCONJ,"ADP: 0.79, CCONJ: 0.21",True,27784,0,10.232251585714021
chartiste,chartistes,NOUN,NOUN,,,,,False,0,0,0.0
jusque,jusqu',ADP,ADP,0.045125702997240974,1.523668886477906,CCONJ,"CCONJ: 0.58, SCONJ: 0.25, ADV: 0.12",True,223,0,5.4116460518550396
à,à,ADP,ADP,1.0,0.0,,ADP: 1.00,True,9366,0,9.14494815320913
son,sa,DET,DET,0.8481722905876147,0.863954061477403,CCONJ,"DET: 0.85, CCONJ: 0.08",True,3876,0,8.262816937670928
retraite,retraite,NOUN,NOUN,1.0,0.0,,NOUN: 1.00,True,26,0,3.295836866004329
en,en,ADP,ADP,0.21695278762461512,1.4815638486393006,DET,"DET: 0.51, CCONJ: 0.27, ADP: 0.22",True,5233,0,8.562931083090092
1953,1953,NUM,NUM,1.0,0.0,,NUM: 1.00,True,13,0,2.6390573296152584
.,.,PUNCT,PUNCT,,,,,True,13366,0,9.500544261971474
Robert,Robert,PROPN,PROPN,1.0,0.0,,PROPN: 1.00,True,35,0,3.58351893845611
Royer,Royer,PROPN,PROPN,,,,,False,0,0,0.0
découvrir,découvre,VERB,VERB,1.0,0.0,,VERB: 1.00,True,81,0,4.406719247264253
également,également,ADV,ADV,1.0,0.0,,ADV: 1.00,True,282,0,5.645446897643238
un,des,DET,DET,0.7741737557418163,1.1225809040946326,ADP,"DET: 0.77, ADP: 0.11, CCONJ: 0.09",True,8933,0,9.097619501912064
foyer,foyers,NOUN,NOUN,,,,,True,8,0,2.1972245773362196
de,de,ADP,ADP,0.7886818615006483,0.7439947701431047,CCONJ,"ADP: 0.79, CCONJ: 0.21",True,27784,0,10.232251585714021
le,l',DET,DET,0.8207496286735718,0.8327615029897053,ADP,"DET: 0.82, ADP: 0.15",True,38293,0,10.55304850493315
âge,âge,NOUN,NOUN,1.0,0.0,,NOUN: 1.00,True,79,0,4.382026634673881
de,de,ADP,ADP,0.7886818615006483,0.7439947701431047,CCONJ,"ADP: 0.79, CCONJ: 0.21",True,27784,0,10.232251585714021
le,le,DET,DET,0.8207496286735718,0.8327615029897053,ADP,"DET: 0.82, ADP: 0.15",True,38293,0,10.55304850493315
bronze,bronze,NOUN,NOUN,,,,,True,7,0,2.0794415416798357
et,et,CCONJ,CCONJ,0.25644065667983523,1.7170903132548632,SCONJ,"SCONJ: 0.43, ADP: 0.28, CCONJ: 0.26",True,7215,0,8.88405606174246
un,des,DET,DET,0.7741737557418163,1.1225809040946326,ADP,"DET: 0.77, ADP: 0.11, CCONJ: 0.09",True,8933,0,9.097619501912064
élément,éléments,NOUN,NOUN,1.0,0.0,,NOUN: 1.00,True,45,0,3.828641396489095
de,de,ADP,ADP,0.7886818615006483,0.7439947701431047,CCONJ,"ADP: 0.79, CCONJ: 0.21",True,27784,0,10.232251585714021
le,la,DET,DET,0.8207496286735718,0.8327615029897053,ADP,"DET: 0.82, ADP: 0.15",True,38293,0,10.55304850493315
vie,vie,NOUN,NOUN,1.0,0.0,,NOUN: 1.00,True,133,0,4.897839799950911
quotidien,quotidienne,ADJ,ADJ,,,,,True,9,0,2.302585092994046
de,de,ADP,ADP,0.7886818615006483,0.7439947701431047,CCONJ,"ADP: 0.79, CCONJ: 0.21",True,27784,0,10.232251585714021
le,les,DET,DET,0.8207496286735718,0.8327615029897053,ADP,"DET: 0.82, ADP: 0.15",True,38293,0,10.55304850493315
Gaulois,Gaulois,PROPN,NOUN,,,,,False,0,1,0.0
",",",",PUNCT,PUNCT,,,,,True,16599,0,9.717157974344635
attester,attestant,VERB,VERB,1.0,0.0,,VERB: 1.00,True,12,0,2.5649493574615367
le,l',DET,DET,0.8207496286735718,0.8327615029897053,ADP,"DET: 0.82, ADP: 0.15",True,38293,0,10.55304850493315
existence,existence,NOUN,NOUN,1.0,0.0,,NOUN: 1.00,True,27,0,3.332204510175204
de,d',ADP,ADP,0.7886818615006483,0.7439947701431047,CCONJ,"ADP: 0.79, CCONJ: 0.21",True,27784,0,10.232251585714021
un,une,DET,DET,0.7741737557418163,1.1225809040946326,ADP,"DET: 0.77, ADP: 0.11, CCONJ: 0.09",True,8933,0,9.097619501912064
ferme,ferme,NOUN,NOUN,1.0,0.0,,NOUN: 1.00,True,13,0,2.6390573296152584
.,.,PUNCT,PUNCT,,,,,True,13366,0,9.500544261971474
en,En,ADP,ADP,0.21695278762461512,1.4815638486393006,DET,"DET: 0.51, CCONJ: 0.27, ADP: 0.22",True,5233,0,8.562931083090092
outre,outre,ADV,ADV,,,,,True,19,0,2.995732273553991
",",",",PUNCT,PUNCT,,,,,True,16599,0,9.717157974344635
le,les,DET,DET,0.8207496286735718,0.8327615029897053,ADP,"DET: 0.82, ADP: 0.15",True,38293,0,10.55304850493315
revendication,revendications,NOUN,NOUN,,,,,True,5,0,1.791759469228055
infondé,infondées,ADJ,ADJ,,,,,True,1,0,0.6931471805599453
de,de,ADP,ADP,0.7886818615006483,0.7439947701431047,CCONJ,"ADP: 0.79, CCONJ: 0.21",True,27784,0,10.232251585714021
le,le,DET,DET,0.8207496286735718,0.8327615029897053,ADP,"DET: 0.82, ADP: 0.15",True,38293,0,10.55304850493315
Maroc,Maroc,PROPN,PROPN,0.8274137328719314,0.6635870045455844,NOUN,"PROPN: 0.83, NOUN: 0.17",True,71,0,4.276666119016055
sur,sur,ADP,ADP,1.0,0.0,,ADP: 1.00,True,1482,0,7.301822342137932
le,le,DET,DET,0.8207496286735718,0.8327615029897053,ADP,"DET: 0.82, ADP: 0.15",True,38293,0,10.55304850493315
territoire,territoire,NOUN,NOUN,1.0,0.0,,NOUN: 1.00,True,98,0,4.59511985013459
avoir,ont,AUX,AUX,0.7537049139623345,0.8053529913575782,ADV,"AUX: 0.75, ADV: 0.25",True,2935,0,7.984803389734406
être,été,AUX,AUX,0.4687470215317024,1.7986756264740116,SCONJ,"AUX: 0.47, SCONJ: 0.23, ADV: 0.20, CCONJ: 0.10",True,8404,0,9.036582045842716
rejeter,rejetées,VERB,VERB,1.0,0.0,,VERB: 1.00,True,15,0,2.772588722239781
par,par,ADP,ADP,1.0,0.0,,ADP: 1.00,True,2183,0,7.688913336864796
le,la,DET,DET,0.8207496286735718,0.8327615029897053,ADP,"DET: 0.82, ADP: 0.15",True,38293,0,10.55304850493315
cour,Cour,NOUN,NOUN,1.0,0.0,,NOUN: 1.00,True,38,0,3.6635616461296463
international,Internationale,ADJ,ADJ,1.0,0.0,,ADJ: 1.00,True,145,0,4.983606621708336
de,de,ADP,ADP,0.7886818615006483,0.7439947701431047,CCONJ,"ADP: 0.79, CCONJ: 0.21",True,27784,0,10.232251585714021
justice,Justice,NOUN,NOUN,0.5037893556262126,0.9999585676637638,PROPN,"NOUN: 0.50, PROPN: 0.50",True,24,0,3.2188758248682006
.,.,PUNCT,PUNCT,,,,,True,13366,0,9.500544261971474
bien,Bien,ADV,ADV,1.0,0.0,,ADV: 1.00,True,306,0,5.726847747587197
que,qu',SCONJ,SCONJ,0.6915510664276248,1.397369454710615,CCONJ,"SCONJ: 0.69, CCONJ: 0.17, PRON: 0.06, ADV: 0.05",True,1979,0,7.590852123688581
lui,il,PRON,PRON,0.7173975220804439,1.0427392110337699,CCONJ,"PRON: 0.72, CCONJ: 0.24",True,5436,0,8.600982717145921
avoir,ait,AUX,AUX,0.7537049139623345,0.8053529913575782,ADV,"AUX: 0.75, ADV: 0.25",True,2935,0,7.984803389734406
avoir,eu,VERB,VERB,1.0,0.0,,VERB: 1.00,True,784,0,6.665683717782408
un,un,DET,DET,0.7741737557418163,1.1225809040946326,ADP,"DET: 0.77, ADP: 0.11, CCONJ: 0.09",True,8933,0,9.097619501912064
fils,fils,NOUN,NOUN,1.0,0.0,,NOUN: 1.00,True,85,0,4.454347296253507
",",",",PUNCT,PUNCT,,,,,True,16599,0,9.717157974344635
Damien,Damien,PROPN,PROPN,,,,,False,0,0,0.0
",",",",PUNCT,PUNCT,,,,,True,16599,0,9.717157974344635
Satan,Satan,PROPN,PROPN,,,,,True,3,0,1.3862943611198906
être,est,AUX,AUX,0.4687470215317024,1.7986756264740116,SCONJ,"AUX: 0.47, SCONJ: 0.23, ADV: 0.20, CCONJ: 0.10",True,8404,0,9.036582045842716
homosexuel,homosexuel,ADJ,ADJ,,,,,True,2,0,1.0986122886681098
et,et,CCONJ,CCONJ,0.25644065667983523,1.7170903132548632,SCONJ,"SCONJ: 0.43, ADP: 0.28, CCONJ: 0.26",True,7215,0,8.88405606174246
avoir,a,AUX,AUX,0.7537049139623345,0.8053529913575782,ADV,"AUX: 0.75, ADV: 0.25",True,2935,0,7.984803389734406
avoir,eu,VERB,VERB,1.0,0.0,,VERB: 1.00,True,784,0,6.665683717782408
un,de,DET,DET,0.7741737557418163,1.1225809040946326,ADP,"DET: 0.77, ADP: 0.11, CCONJ: 0.09",True,8933,0,9.097619501912064
nombreux,nombreuses,ADJ,ADJ,0.2268184753433239,0.7724238287751712,NUM,"NUM: 0.77, ADJ: 0.23",True,183,0,5.214935757608986
relation,relations,NOUN,NOUN,1.0,0.0,,NOUN: 1.00,True,62,0,4.143134726391533
avec,avec,ADP,ADP,0.8893781797851439,0.5017887113029871,CCONJ,"ADP: 0.89, CCONJ: 0.11",True,1225,0,7.111512116496157
Saddam,Saddam,PROPN,PROPN,,,,,False,0,0,0.0
Hussein,Hussein,PROPN,PROPN,,,,,False,0,0,0.0
(,(,PUNCT,PUNCT,,,,,True,2211,0,7.701652362642226
dans,dans,ADP,ADP,1.0,0.0,,ADP: 1.00,True,2779,0,7.930206206684683
South,South,PROPN,X,,,,,True,2,1,1.0986122886681098
Park,Park,PROPN,PROPN,,,,,True,12,0,2.5649493574615367
",",",",PUNCT,PUNCT,,,,,True,16599,0,9.717157974344635
le,le,DET,DET,0.8207496286735718,0.8327615029897053,ADP,"DET: 0.82, ADP: 0.15",True,38293,0,10.55304850493315
film,film,NOUN,NOUN,1.0,0.0,,NOUN: 1.00,True,178,0,5.187385805840755
:,:,PUNCT,PUNCT,,,,,True,739,0,6.606650186198215
plus,Plus,ADV,ADV,0.7196677710684014,0.8559031009192263,CCONJ,"ADV: 0.72, CCONJ: 0.28",True,1173,0,7.068172000388042
long,long,ADJ,ADJ,1.0,0.0,,ADJ: 1.00,True,68,0,4.23410650459726
",",",",PUNCT,PUNCT,,,,,True,16599,0,9.717157974344635
plus,plus,ADV,ADV,0.7196677710684014,0.8559031009192263,CCONJ,"ADV: 0.72, CCONJ: 0.28",True,1173,0,7.068172000388042
grand,grand,ADJ,ADJ,1.0,0.0,,ADJ: 1.00,True,401,0,5.996452088619021
et,et,CCONJ,CCONJ,0.25644065667983523,1.7170903132548632,SCONJ,"SCONJ: 0.43, ADP: 0.28, CCONJ: 0.26",True,7215,0,8.88405606174246
pas,pas,ADV,ADV,1.0,0.0,,ADV: 1.00,True,893,0,6.795705775173514
couper,coupé,VERB,VERB,1.0,0.0,,VERB: 1.00,True,11,0,2.4849066497880004
et,et,CCONJ,CCONJ,0.25644065667983523,1.7170903132548632,SCONJ,"SCONJ: 0.43, ADP: 0.28, CCONJ: 0.26",True,7215,0,8.88405606174246
dans,dans,ADP,ADP,1.0,0.0,,ADP: 1.00,True,2779,0,7.930206206684683
le,le,DET,DET,0.8207496286735718,0.8327615029897053,ADP,"DET: 0.82, ADP: 0.15",True,38293,0,10.55304850493315
story,story,X,NOUN,,,,,True,1,1,0.6931471805599453
arc,arc,X,NOUN,,,,,False,0,1,0.0
le,Les,DET,DET,0.8207496286735718,0.8327615029897053,ADP,"DET: 0.82, ADP: 0.15",True,38293,0,10.55304850493315
handicapé,handicapés,NOUN,NOUN,,,,,True,3,0,1.3862943611198906
aller,vont,VERB,VERB,1.0,0.0,,VERB: 1.00,True,221,0,5.402677381872279
eux,-ils,PRON,PRON,0.9444374542892673,0.30957200047813255,ADV,"PRON: 0.94, ADV: 0.06",True,467,0,6.148468295917647
en,en,ADP,ADP,0.21695278762461512,1.4815638486393006,DET,"DET: 0.51, CCONJ: 0.27, ADP: 0.22",True,5233,0,8.562931083090092
enfer,enfer,NOUN,NOUN,,,,,True,5,0,1.791759469228055
?,?,PUNCT,PUNCT,,,,,True,270,0,5.602118820879701
/,/,SYM,SYM,,,,,True,105,0,4.663439094112067
probablement,Probablement,ADV,ADV,1.0,0.0,,ADV: 1.00,True,29,0,3.4011973816621555
!,!,PUNCT,PUNCT,,,,,True,306,0,5.726847747587197
),),PUNCT,PUNCT,,,,,True,2204,0,7.6984827878809465
.,.,PUNCT,PUNCT,,,,,True,13366,0,9.500544261971474
lui,Il,PRON,PRON,0.7173975220804439,1.0427392110337699,CCONJ,"PRON: 0.72, CCONJ: 0.24",True,5436,0,8.600982717145921
étudier,étudie,VERB,VERB,1.0,0.0,,VERB: 1.00,True,40,0,3.713572066704308
sous,sous,ADP,ADP,1.0,0.0,,ADP: 1.00,True,315,0,5.755742213586912
le,la,DET,DET,0.8207496286735718,0.8327615029897053,ADP,"DET: 0.82, ADP: 0.15",True,38293,0,10.55304850493315
direction,direction,NOUN,NOUN,1.0,0.0,,NOUN: 1.00,True,58,0,4.07753744390572
de,de,ADP,ADP,0.7886818615006483,0.7439947701431047,CCONJ,"ADP: 0.79, CCONJ: 0.21",True,27784,0,10.232251585714021
photographe,photographes,NOUN,NOUN,,,,,True,9,0,2.302585092994046
reconnu,reconnus,ADJ,VERB,,,,,True,1,1,0.6931471805599453
et,et,CCONJ,CCONJ,0.25644065667983523,1.7170903132548632,SCONJ,"SCONJ: 0.43, ADP: 0.28, CCONJ: 0.26",True,7215,0,8.88405606174246
publier,publie,VERB,VERB,1.0,0.0,,VERB: 1.00,True,109,0,4.700480365792417
en,en,ADP,ADP,0.21695278762461512,1.4815638486393006,DET,"DET: 0.51, CCONJ: 0.27, ADP: 0.22",True,5233,0,8.562931083090092
collaboration,collaboration,NOUN,NOUN,1.0,0.0,,NOUN: 1.00,True,15,0,2.772588722239781
avec,avec,ADP,ADP,0.8893781797851439,0.5017887113029871,CCONJ,"ADP: 0.89, CCONJ: 0.11",True,1225,0,7.111512116496157
un,d',DET,DET,0.7741737557418163,1.1225809040946326,ADP,"DET: 0.77, ADP: 0.11, CCONJ: 0.09",True,8933,0,9.097619501912064
autre,autres,ADJ,ADJ,0.5773464864136372,0.982668701467866,NUM,"ADJ: 0.58, NUM: 0.42",True,341,0,5.834810737062605
médecin,médecins,NOUN,NOUN,1.0,0.0,,NOUN: 1.00,True,27,0,3.332204510175204
un,un,DET,DET,0.7741737557418163,1.1225809040946326,ADP,"DET: 0.77, ADP: 0.11, CCONJ: 0.09",True,8933,0,9.097619501912064
traité,traité,NOUN,NOUN,1.0,0.0,,NOUN: 1.00,True,39,0,3.6888794541139363
intituler,intitulé,VERB,VERB,0.07225272191601059,0.3742746848749925,ADJ,"ADJ: 0.93, VERB: 0.07",True,33,0,3.5263605246161616
iconographie,Iconographie,NOUN,NOUN,,,,,True,3,0,1.3862943611198906
photographique,photographique,ADJ,ADJ,,,,,True,6,0,1.9459101490553132
appliquer,appliquée,VERB,VERB,1.0,0.0,,VERB: 1.00,True,26,0,3.295836866004329
à,à,ADP,ADP,1.0,0.0,,ADP: 1.00,True,9366,0,9.14494815320913
le,l',DET,DET,0.8207496286735718,0.8327615029897053,ADP,"DET: 0.82, ADP: 0.15",True,38293,0,10.55304850493315
ophtalmologie,ophtalmologie,NOUN,NOUN,,,,,False,0,0,0.0
en,en,ADP,ADP,0.21695278762461512,1.4815638486393006,DET,"DET: 0.51, CCONJ: 0.27, ADP: 0.22",True,5233,0,8.562931083090092
1881,1881,NUM,NUM,,,,,True,7,0,2.0794415416798357
.,.,PUNCT,PUNCT,,,,,True,13366,0,9.500544261971474
le,Le,DET,DET,0.8207496286735718,0.8327615029897053,ADP,"DET: 0.82, ADP: 0.15",True,38293,0,10.55304850493315
Concert,Concert,PROPN,PROPN,,,,,True,3,0,1.3862943611198906
de,d',ADP,ADP,0.7886818615006483,0.7439947701431047,CCONJ,"ADP: 0.79, CCONJ: 0.21",True,27784,0,10.232251585714021
Astrée,Astrée,PROPN,PROPN,,,,,False,0,0,0.0
être,est,AUX,AUX,0.4687470215317024,1.7986756264740116,SCONJ,"AUX: 0.47, SCONJ: 0.23, ADV: 0.20, CCONJ: 0.10",True,8404,0,9.036582045842716
un,un,DET,DET,0.7741737557418163,1.1225809040946326,ADP,"DET: 0.77, ADP: 0.11, CCONJ: 0.09",True,8933,0,9.097619501912064
ensemble,ensemble,NOUN,NOUN,1.0,0.0,,NOUN: 1.00,True,85,0,4.454347296253507
musical,musical,ADJ,ADJ,1.0,0.0,,ADJ: 1.00,True,30,0,3.4339872044851463
français,français,ADJ,ADJ,1.0,0.0,,ADJ: 1.00,True,419,0,6.040254711277414
de,de,ADP,ADP,0.7886818615006483,0.7439947701431047,CCONJ,"ADP: 0.79, CCONJ: 0.21",True,27784,0,10.232251585714021
musique,musique,NOUN,NOUN,0.6837242534176349,0.9002853958189289,PROPN,"NOUN: 0.68, PROPN: 0.32",True,87,0,4.477336814478207
baroque,baroque,ADJ,ADJ,1.0,0.0,,ADJ: 1.00,True,11,0,2.4849066497880004
.,.,PUNCT,PUNCT,,,,,True,13366,0,9.500544261971474
en,En,ADP,ADP,0.21695278762461512,1.4815638486393006,DET,"DET: 0.51, CCONJ: 0.27, ADP: 0.22",True,5233,0,8.562931083090092
1931,1931,NUM,NUM,1.0,0.0,,NUM: 1.00,True,16,0,2.833213344056216
",",",",PUNCT,PUNCT,,,,,True,16599,0,9.717157974344635
le,l',DET,DET,0.8207496286735718,0.8327615029897053,ADP,"DET: 0.82, ADP: 0.15",True,38293,0,10.55304850493315
A,A,PROPN,PROPN,0.0,0.0,NUM,NUM: 1.00,True,8,0,2.1972245773362196
établir,établit,VERB,VERB,1.0,0.0,,VERB: 1.00,True,65,0,4.189654742026425
son,son,DET,DET,0.8481722905876147,0.863954061477403,CCONJ,"DET: 0.85, CCONJ: 0.08",True,3876,0,8.262816937670928
siège,siège,NOUN,NOUN,1.0,0.0,,NOUN: 1.00,True,62,0,4.143134726391533
à,à,ADP,ADP,1.0,0.0,,ADP: 1.00,True,9366,0,9.14494815320913
côté,côté,NOUN,NOUN,1.0,0.0,,NOUN: 1.00,True,106,0,4.672828834461906
de,de,ADP,ADP,0.7886818615006483,0.7439947701431047,CCONJ,"ADP: 0.79, CCONJ: 0.21",True,27784,0,10.232251585714021
le,la,DET,DET,0.8207496286735718,0.8327615029897053,ADP,"DET: 0.82, ADP: 0.15",True,38293,0,10.55304850493315
maison,maison,NOUN,NOUN,1.0,0.0,,NOUN: 1.00,True,83,0,4.430816798843313
de,de,ADP,ADP,0.7886818615006483,0.7439947701431047,CCONJ,"ADP: 0.79, CCONJ: 0.21",True,27784,0,10.232251585714021
le,les,DET,DET,0.8207496286735718,0.8327615029897053,ADP,"DET: 0.82, ADP: 0.15",True,38293,0,10.55304850493315
étudiant,étudiants,NOUN,NOUN,1.0,0.0,,NOUN: 1.00,True,22,0,3.1354942159291497
.,.,PUNCT,PUNCT,,,,,True,13366,0,9.500544261971474
comme,Comme,SCONJ,SCONJ,0.5807636285615381,1.3800520188671654,CCONJ,"SCONJ: 0.58, CCONJ: 0.32, ADV: 0.07",True,144,0,4.976733742420574
en,en,ADP,ADP,0.21695278762461512,1.4815638486393006,DET,"DET: 0.51, CCONJ: 0.27, ADP: 0.22",True,5233,0,8.562931083090092
2007,2007,NUM,NUM,1.0,0.0,,NUM: 1.00,True,83,0,4.430816798843313
",",",",PUNCT,PUNCT,,,,,True,16599,0,9.717157974344635
le,le,DET,DET,0.8207496286735718,0.8327615029897053,ADP,"DET: 0.82, ADP: 0.15",True,38293,0,10.55304850493315
club,club,NOUN,NOUN,1.0,0.0,,NOUN: 1.00,True,134,0,4.90527477843843
local,local,ADJ,ADJ,1.0,0.0,,ADJ: 1.00,True,57,0,4.060443010546419
de,d',ADP,ADP,0.7886818615006483,0.7439947701431047,CCONJ,"ADP: 0.79, CCONJ: 0.21",True,27784,0,10.232251585714021
Arsenal,Arsenal,PROPN,PROPN,,,,,True,3,0,1.3862943611198906
remporter,remporte,VERB,VERB,1.0,0.0,,VERB: 1.00,True,116,0,4.762173934797756
le,le,DET,DET,0.8207496286735718,0.8327615029897053,ADP,"DET: 0.82, ADP: 0.15",True,38293,0,10.55304850493315
trophée,trophée,NOUN,NOUN,1.0,0.0,,NOUN: 1.00,True,16,0,2.833213344056216
.,.,PUNCT,PUNCT,,,,,True,13366,0,9.500544261971474
le,Les,DET,DET,0.8207496286735718,0.8327615029897053,ADP,"DET: 0.82, ADP: 0.15",True,38293,0,10.55304850493315
CRES,CRES,PROPN,PROPN,,,,,False,0,0,0.0
ne,ne,ADV,ADV,0.03110691420199771,0.7244015123648279,PRON,"PRON: 0.85, CCONJ: 0.12",True,1435,0,7.269616749608169
fédérer,fédèrent,VERB,VERB,,,,,True,3,0,1.3862943611198906
donc,donc,ADV,ADV,1.0,0.0,,ADV: 1.00,True,155,0,5.049856007249537
pas,pas,ADV,ADV,1.0,0.0,,ADV: 1.00,True,893,0,6.795705775173514
de,de,ADP,ADP,0.7886818615006483,0.7439947701431047,CCONJ,"ADP: 0.79, CCONJ: 0.21",True,27784,0,10.232251585714021
manière,manière,NOUN,NOUN,1.0,0.0,,NOUN: 1.00,True,54,0,4.007333185232471
direct,directe,ADJ,ADJ,1.0,0.0,,ADJ: 1.00,True,22,0,3.1354942159291497
le,les,DET,DET,0.8207496286735718,0.8327615029897053,ADP,"DET: 0.82, ADP: 0.15",True,38293,0,10.55304850493315
structure,structures,NOUN,NOUN,1.0,0.0,,NOUN: 1.00,True,35,0,3.58351893845611
de,de,ADP,ADP,0.7886818615006483,0.7439947701431047,CCONJ,"ADP: 0.79, CCONJ: 0.21",True,27784,0,10.232251585714021
base,base,NOUN,NOUN,1.0,0.0,,NOUN: 1.00,True,73,0,4.30406509320417
",",",",PUNCT,PUNCT,,,,,True,16599,0,9.717157974344635
celui-ci,celles-ci,PRON,PRON,0.945788582126471,0.3040242868036479,ADV,"PRON: 0.95, ADV: 0.05",True,111,0,4.718498871295094
en,en,PRON,PRON,0.8274129668391818,0.8153940727922449,CCONJ,"PRON: 0.83, CCONJ: 0.12, ADV: 0.05",True,246,0,5.5093883366279774
être,sont,AUX,AUX,0.4687470215317024,1.7986756264740116,SCONJ,"AUX: 0.47, SCONJ: 0.23, ADV: 0.20, CCONJ: 0.10",True,8404,0,9.036582045842716
membre,membres,NOUN,NOUN,0.36691210477793945,0.9482715834326781,PRON,"PRON: 0.63, NOUN: 0.37",True,130,0,4.875197323201151
par,par,ADP,ADP,1.0,0.0,,ADP: 1.00,True,2183,0,7.688913336864796
le,le,DET,DET,0.8207496286735718,0.8327615029897053,ADP,"DET: 0.82, ADP: 0.15",True,38293,0,10.55304850493315
biais,biais,NOUN,NOUN,,,,,True,6,0,1.9459101490553132
de,de,ADP,ADP,0.7886818615006483,0.7439947701431047,CCONJ,"ADP: 0.79, CCONJ: 0.21",True,27784,0,10.232251585714021
le,les,DET,DET,0.8207496286735718,0.8327615029897053,ADP,"DET: 0.82, ADP: 0.15",True,38293,0,10.55304850493315
structure,structures,NOUN,NOUN,1.0,0.0,,NOUN: 1.00,True,35,0,3.58351893845611
fédératif,fédératives,ADJ,ADJ,,,,,False,0,0,0.0
que,que,PRON,PRON,0.11611059889321292,1.238361633076011,SCONJ,"SCONJ: 0.71, CCONJ: 0.15, PRON: 0.12",True,430,0,6.066108090103747
soi,se,PRON,PRON,0.8260631963800735,0.8193543183609986,CCONJ,"PRON: 0.83, CCONJ: 0.12, ADV: 0.05",True,2063,0,7.6324011266014535
être,sont,AUX,AUX,0.4687470215317024,1.7986756264740116,SCONJ,"AUX: 0.47, SCONJ: 0.23, ADV: 0.20, CCONJ: 0.10",True,8404,0,9.036582045842716
donner,données,VERB,VERB,1.0,0.0,,VERB: 1.00,True,220,0,5.3981627015177525
le,les,DET,DET,0.8207496286735718,0.8327615029897053,ADP,"DET: 0.82, ADP: 0.15",True,38293,0,10.55304850493315
acteur,acteurs,NOUN,NOUN,1.0,0.0,,NOUN: 1.00,True,54,0,4.007333185232471
de,de,ADP,ADP,0.7886818615006483,0.7439947701431047,CCONJ,"ADP: 0.79, CCONJ: 0.21",True,27784,0,10.232251585714021
terrain,terrain,NOUN,NOUN,1.0,0.0,,NOUN: 1.00,True,33,0,3.5263605246161616
.,.,PUNCT,PUNCT,,,,,True,13366,0,9.500544261971474
pour,Pour,ADP,ADP,0.7890790430468303,0.7432394314397186,CCONJ,"ADP: 0.79, CCONJ: 0.21",True,2242,0,7.715569534520208
le,les,DET,DET,0.8207496286735718,0.8327615029897053,ADP,"DET: 0.82, ADP: 0.15",True,38293,0,10.55304850493315
chrétien,chrétiens,NOUN,NOUN,0.681548769260466,0.9026892702055256,PROPN,"NOUN: 0.68, PROPN: 0.32",True,13,0,2.6390573296152584
hellénistique,hellénistiques,ADJ,ADJ,,,,,True,1,0,0.6931471805599453
",",",",PUNCT,PUNCT,,,,,True,16599,0,9.717157974344635
le,la,DET,DET,0.8207496286735718,0.8327615029897053,ADP,"DET: 0.82, ADP: 0.15",True,38293,0,10.55304850493315
notion,notion,NOUN,NOUN,1.0,0.0,,NOUN: 1.00,True,13,0,2.6390573296152584
de,d',ADP,ADP,0.7886818615006483,0.7439947701431047,CCONJ,"ADP: 0.79, CCONJ: 0.21",True,27784,0,10.232251585714021
éros,éros,NOUN,NOUN,,,,,True,2,0,1.0986122886681098
être,est,AUX,AUX,0.4687470215317024,1.7986756264740116,SCONJ,"AUX: 0.47, SCONJ: 0.23, ADV: 0.20, CCONJ: 0.10",True,8404,0,9.036582045842716
complémentaire,complémentaire,ADJ,ADJ,,,,,True,5,0,1.791759469228055
ou,ou,CCONJ,CCONJ,0.514848916000412,0.9993637059064465,ADP,"CCONJ: 0.51, ADP: 0.49",True,802,0,6.688354713946762
soi,s',PRON,PRON,0.8260631963800735,0.8193543183609986,CCONJ,"PRON: 0.83, CCONJ: 0.12, ADV: 0.05",True,2063,0,7.6324011266014535
opposer,oppose,VERB,VERB,1.0,0.0,,VERB: 1.00,True,33,0,3.5263605246161616
(,(,PUNCT,PUNCT,,,,,True,2211,0,7.701652362642226
ce,c',PRON,PRON,0.959635480454852,0.243961008701331,ADV,PRON: 0.96,True,855,0,6.752270376141742
être,est,AUX,AUX,0.4687470215317024,1.7986756264740116,SCONJ,"AUX: 0.47, SCONJ: 0.23, ADV: 0.20, CCONJ: 0.10",True,8404,0,9.036582045842716
selon,selon,ADV,ADP,,,,,False,0,1,0.0
),),PUNCT,PUNCT,,,,,True,2204,0,7.6984827878809465
à,à,ADP,ADP,1.0,0.0,,ADP: 1.00,True,9366,0,9.14494815320913
le,l',DET,DET,0.8207496286735718,0.8327615029897053,ADP,"DET: 0.82, ADP: 0.15",True,38293,0,10.55304850493315
agapè,agapè,NOUN,NOUN,,,,,False,0,0,0.0
.,.,PUNCT,PUNCT,,,,,True,13366,0,9.500544261971474
ce,Ces,DET,DET,0.8764141494570885,0.6891209831462356,ADP,"DET: 0.88, ADP: 0.08",True,1960,0,7.581209826196346
illusion,illusions,NOUN,NOUN,,,,,True,4,0,1.6094379124341003
avoir,ont,AUX,AUX,0.7537049139623345,0.8053529913575782,ADV,"AUX: 0.75, ADV: 0.25",True,2935,0,7.984803389734406
être,été,AUX,AUX,0.4687470215317024,1.7986756264740116,SCONJ,"AUX: 0.47, SCONJ: 0.23, ADV: 0.20, CCONJ: 0.10",True,8404,0,9.036582045842716
particulièrement,particulièrement,ADV,ADV,1.0,0.0,,ADV: 1.00,True,55,0,4.02535169073515
étudier,étudiées,VERB,VERB,1.0,0.0,,VERB: 1.00,True,40,0,3.713572066704308
par,par,ADP,ADP,1.0,0.0,,ADP: 1.00,True,2183,0,7.688913336864796
John,John,PROPN,PROPN,1.0,0.0,,PROPN: 1.00,True,38,0,3.6635616461296463
Chowning,Chowning,PROPN,PROPN,,,,,False,0,0,0.0
(,(,PUNCT,PUNCT,,,,,True,2211,0,7.701652362642226
pionnier,pionnier,NOUN,NOUN,,,,,True,5,0,1.791759469228055
de,de,ADP,ADP,0.7886818615006483,0.7439947701431047,CCONJ,"ADP: 0.79, CCONJ: 0.21",True,27784,0,10.232251585714021
le,la,DET,DET,0.8207496286735718,0.8327615029897053,ADP,"DET: 0.82, ADP: 0.15",True,38293,0,10.55304850493315
synthèse,synthèse,NOUN,NOUN,,,,,True,9,0,2.302585092994046
numérique,numérique,ADJ,ADJ,1.0,0.0,,ADJ: 1.00,True,15,0,2.772588722239781
de,de,ADP,ADP,0.7886818615006483,0.7439947701431047,CCONJ,"ADP: 0.79, CCONJ: 0.21",True,27784,0,10.232251585714021
le,les,DET,DET,0.8207496286735718,0.8327615029897053,ADP,"DET: 0.82, ADP: 0.15",True,38293,0,10.55304850493315
son,sons,NOUN,NOUN,1.0,0.0,,NOUN: 1.00,True,16,0,2.833213344056216
),),PUNCT,PUNCT,,,,,True,2204,0,7.6984827878809465
http://brahms.ircam.fr/textes/c00000018/index.html,http://brahms.ircam.fr/textes/c00000018/index.html,SYM,SYM,,,,,False,0,0,0.0
puis,puis,CCONJ,CCONJ,0.3559281423540778,1.2767857084188168,SCONJ,"SCONJ: 0.58, CCONJ: 0.36",True,232,0,5.4510384535657
par,par,ADP,ADP,1.0,0.0,,ADP: 1.00,True,2183,0,7.688913336864796
Jean-Claude,Jean-Claude,PROPN,PROPN,,,,,True,4,0,1.6094379124341003
Risset,Risset,PROPN,PROPN,,,,,False,0,0,0.0
",",",",PUNCT,PUNCT,,,,,True,16599,0,9.717157974344635
chercheur,chercheurs,NOUN,NOUN,1.0,0.0,,NOUN: 1.00,True,17,0,2.8903717578961645
et,et,CCONJ,CCONJ,0.25644065667983523,1.7170903132548632,SCONJ,"SCONJ: 0.43, ADP: 0.28, CCONJ: 0.26",True,7215,0,8.88405606174246
compositeur,compositeurs,NOUN,NOUN,1.0,0.0,,NOUN: 1.00,True,23,0,3.1780538303479458
",",",",PUNCT,PUNCT,,,,,True,16599,0,9.717157974344635
qui,qui,PRON,PRON,0.8171669946022245,0.8424411100711472,CCONJ,"PRON: 0.82, CCONJ: 0.13, ADV: 0.05",True,1916,0,7.558516743045645
",",",",PUNCT,PUNCT,,,,,True,16599,0,9.717157974344635
à,à,ADP,ADP,1.0,0.0,,ADP: 1.00,True,9366,0,9.14494815320913
le,l',DET,DET,0.8207496286735718,0.8327615029897053,ADP,"DET: 0.82, ADP: 0.15",True,38293,0,10.55304850493315
aide,aide,NOUN,NOUN,1.0,0.0,,NOUN: 1.00,True,51,0,3.9512437185814275
de,de,ADP,ADP,0.7886818615006483,0.7439947701431047,CCONJ,"ADP: 0.79, CCONJ: 0.21",True,27784,0,10.232251585714021
le,l',DET,DET,0.8207496286735718,0.8327615029897053,ADP,"DET: 0.82, ADP: 0.15",True,38293,0,10.55304850493315
ordinateur,ordinateur,NOUN,NOUN,1.0,0.0,,NOUN: 1.00,True,21,0,3.091042453358316
avoir,ont,AUX,AUX,0.7537049139623345,0.8053529913575782,ADV,"AUX: 0.75, ADV: 0.25",True,2935,0,7.984803389734406
créer,créé,VERB,VERB,1.0,0.0,,VERB: 1.00,True,165,0,5.111987788356544
plusieurs,plusieurs,DET,DET,0.7438889760186573,0.8208209660575686,NUM,"DET: 0.74, NUM: 0.26",True,233,0,5.455321115357702
forme,formes,NOUN,NOUN,1.0,0.0,,NOUN: 1.00,True,94,0,4.553876891600541
de,d',ADP,ADP,0.7886818615006483,0.7439947701431047,CCONJ,"ADP: 0.79, CCONJ: 0.21",True,27784,0,10.232251585714021
illusion,illusions,NOUN,NOUN,,,,,True,4,0,1.6094379124341003
intégrer,intégrées,VERB,VERB,1.0,0.0,,VERB: 1.00,True,41,0,3.7376696182833684
dans,dans,ADP,ADP,1.0,0.0,,ADP: 1.00,True,2779,0,7.930206206684683
son,leurs,DET,DET,0.8481722905876147,0.863954061477403,CCONJ,"DET: 0.85, CCONJ: 0.08",True,3876,0,8.262816937670928
œuvre,œuvres,NOUN,NOUN,1.0,0.0,,NOUN: 1.00,True,104,0,4.653960350157523
.,.,PUNCT,PUNCT,,,,,True,13366,0,9.500544261971474
le,L',DET,DET,0.8207496286735718,0.8327615029897053,ADP,"DET: 0.82, ADP: 0.15",True,38293,0,10.55304850493315
élection,élection,NOUN,NOUN,1.0,0.0,,NOUN: 1.00,True,56,0,4.04305126783455
de,de,ADP,ADP,0.7886818615006483,0.7439947701431047,CCONJ,"ADP: 0.79, CCONJ: 0.21",True,27784,0,10.232251585714021
le,le,DET,DET,0.8207496286735718,0.8327615029897053,ADP,"DET: 0.82, ADP: 0.15",True,38293,0,10.55304850493315
24,24,NUM,NUM,1.0,0.0,,NUM: 1.00,True,61,0,4.127134385045092
octobre,octobre,NOUN,NOUN,1.0,0.0,,NOUN: 1.00,True,115,0,4.7535901911063645
1999,1999,NUM,NUM,1.0,0.0,,NUM: 1.00,True,48,0,3.8918202981106265
être,est,AUX,AUX,0.4687470215317024,1.7986756264740116,SCONJ,"AUX: 0.47, SCONJ: 0.23, ADV: 0.20, CCONJ: 0.10",True,8404,0,9.036582045842716
le,la,DET,DET,0.8207496286735718,0.8327615029897053,ADP,"DET: 0.82, ADP: 0.15",True,38293,0,10.55304850493315
premier,première,ADJ,ADJ,1.0,0.0,,ADJ: 1.00,True,675,0,6.516193076042964
élection,élection,NOUN,NOUN,1.0,0.0,,NOUN: 1.00,True,56,0,4.04305126783455
présidentiel,présidentielle,ADJ,ADJ,,,,,True,6,0,1.9459101490553132
pluraliste,pluraliste,ADJ,ADJ,,,,,True,2,0,1.0986122886681098
(,(,PUNCT,PUNCT,,,,,True,2211,0,7.701652362642226
trois,trois,NUM,NUM,0.21329117169768608,0.7477267753799202,DET,"DET: 0.79, NUM: 0.21",True,206,0,5.332718793265369
candidat,candidats,NOUN,NOUN,1.0,0.0,,NOUN: 1.00,True,19,0,2.995732273553991
),),PUNCT,PUNCT,,,,,True,2204,0,7.6984827878809465
",",",",PUNCT,PUNCT,,,,,True,16599,0,9.717157974344635
quoique,quoique,SCONJ,SCONJ,,,,,True,2,0,1.0986122886681098
le,le,DET,DET,0.8207496286735718,0.8327615029897053,ADP,"DET: 0.82, ADP: 0.15",True,38293,0,10.55304850493315
président,président,NOUN,NOUN,1.0,0.0,,NOUN: 1.00,True,121,0,4.804021044733257
Ben,Ben,PROPN,PROPN,0.9939999429769532,0.05291550072631374,NOUN,PROPN: 0.99,True,23,0,3.1780538303479458
Ali,Ali,PROPN,PROPN,,,,,True,14,0,2.70805020110221
avoir,ait,AUX,AUX,0.7537049139623345,0.8053529913575782,ADV,"AUX: 0.75, ADV: 0.25",True,2935,0,7.984803389734406
être,été,AUX,AUX,0.4687470215317024,1.7986756264740116,SCONJ,"AUX: 0.47, SCONJ: 0.23, ADV: 0.20, CCONJ: 0.10",True,8404,0,9.036582045842716
réélire,réélu,VERB,VERB,,,,,True,6,0,1.9459101490553132
avec,avec,ADP,ADP,0.8893781797851439,0.5017887113029871,CCONJ,"ADP: 0.89, CCONJ: 0.11",True,1225,0,7.111512116496157
un,un,DET,DET,0.7741737557418163,1.1225809040946326,ADP,"DET: 0.77, ADP: 0.11, CCONJ: 0.09",True,8933,0,9.097619501912064
score,score,NOUN,NOUN,1.0,0.0,,NOUN: 1.00,True,21,0,3.091042453358316
(,(,PUNCT,PUNCT,,,,,True,2211,0,7.701652362642226
"99,44","99,44",NUM,NUM,,,,,False,0,0,0.0
%,%,SYM,SYM,,,,,True,249,0,5.521460917862246
),),PUNCT,PUNCT,,,,,True,2204,0,7.6984827878809465
comparable,comparable,ADJ,ADJ,,,,,True,7,0,2.0794415416798357
à,à,ADP,ADP,1.0,0.0,,ADP: 1.00,True,9366,0,9.14494815320913
le,les,DET,DET,0.8207496286735718,0.8327615029897053,ADP,"DET: 0.82, ADP: 0.15",True,38293,0,10.55304850493315
élection,élections,NOUN,NOUN,1.0,0.0,,NOUN: 1.00,True,56,0,4.04305126783455
précédent,précédentes,ADJ,ADJ,1.0,0.0,,ADJ: 1.00,True,37,0,3.6375861597263857
.,.,PUNCT,PUNCT,,,,,True,13366,0,9.500544261971474
un,Une,DET,DET,0.7741737557418163,1.1225809040946326,ADP,"DET: 0.77, ADP: 0.11, CCONJ: 0.09",True,8933,0,9.097619501912064
réunion,réunion,NOUN,NOUN,1.0,0.0,,NOUN: 1.00,True,34,0,3.5553480614894135
de,de,ADP,ADP,0.7886818615006483,0.7439947701431047,CCONJ,"ADP: 0.79, CCONJ: 0.21",True,27784,0,10.232251585714021
le,le,DET,DET,0.8207496286735718,0.8327615029897053,ADP,"DET: 0.82, ADP: 0.15",True,38293,0,10.55304850493315
conseil,conseil,NOUN,NOUN,1.0,0.0,,NOUN: 1.00,True,122,0,4.812184355372417
national,national,ADJ,ADJ,1.0,0.0,,ADJ: 1.00,True,180,0,5.198497031265826
de,de,ADP,ADP,0.7886818615006483,0.7439947701431047,CCONJ,"ADP: 0.79, CCONJ: 0.21",True,27784,0,10.232251585714021
le,le,DET,DET,0.8207496286735718,0.8327615029897053,ADP,"DET: 0.82, ADP: 0.15",True,38293,0,10.55304850493315
syndicat,syndicat,NOUN,NOUN,1.0,0.0,,NOUN: 1.00,True,17,0,2.8903717578961645
de,de,ADP,ADP,0.7886818615006483,0.7439947701431047,CCONJ,"ADP: 0.79, CCONJ: 0.21",True,27784,0,10.232251585714021
le,les,DET,DET,0.8207496286735718,0.8327615029897053,ADP,"DET: 0.82, ADP: 0.15",True,38293,0,10.55304850493315
communaux,communaux,NOUN,NOUN,,,,,False,0,0,0.0
être,sera,AUX,AUX,0.4687470215317024,1.7986756264740116,SCONJ,"AUX: 0.47, SCONJ: 0.23, ADV: 0.20, CCONJ: 0.10",True,8404,0,9.036582045842716
organiser,organisée,VERB,VERB,1.0,0.0,,VERB: 1.00,True,85,0,4.454347296253507
à,à,ADP,ADP,1.0,0.0,,ADP: 1.00,True,9366,0,9.14494815320913
le,l',DET,DET,0.8207496286735718,0.8327615029897053,ADP,"DET: 0.82, ADP: 0.15",True,38293,0,10.55304850493315
issue,issue,NOUN,NOUN,1.0,0.0,,NOUN: 1.00,True,18,0,2.9444389791664403
de,de,ADP,ADP,0.7886818615006483,0.7439947701431047,CCONJ,"ADP: 0.79, CCONJ: 0.21",True,27784,0,10.232251585714021
le,la,DET,DET,0.8207496286735718,0.8327615029897053,ADP,"DET: 0.82, ADP: 0.15",True,38293,0,10.55304850493315
grève,grève,NOUN,NOUN,,,,,True,9,0,2.302585092994046
pour,pour,ADP,ADP,0.7890790430468303,0.7432394314397186,CCONJ,"ADP: 0.79, CCONJ: 0.21",True,2242,0,7.715569534520208
faire,faire,VERB,VERB,1.0,0.0,,VERB: 1.00,True,655,0,6.486160788944089
le,le,DET,DET,0.8207496286735718,0.8327615029897053,ADP,"DET: 0.82, ADP: 0.15",True,38293,0,10.55304850493315
bilan,bilan,NOUN,NOUN,1.0,0.0,,NOUN: 1.00,True,13,0,2.6390573296152584
de,de,ADP,ADP,0.7886818615006483,0.7439947701431047,CCONJ,"ADP: 0.79, CCONJ: 0.21",True,27784,0,10.232251585714021
le,le,DET,DET,0.8207496286735718,0.8327615029897053,ADP,"DET: 0.82, ADP: 0.15",True,38293,0,10.55304850493315
mouvement,mouvement,NOUN,NOUN,1.0,0.0,,NOUN: 1.00,True,79,0,4.382026634673881
et,et,CCONJ,CCONJ,0.25644065667983523,1.7170903132548632,SCONJ,"SCONJ: 0.43, ADP: 0.28, CCONJ: 0.26",True,7215,0,8.88405606174246
surtout,surtout,ADV,ADV,1.0,0.0,,ADV: 1.00,True,68,0,4.23410650459726
décider,décider,VERB,VERB,0.9298273399314894,0.3665676543367055,ADJ,"VERB: 0.93, ADJ: 0.07",True,101,0,4.624972813284271
un,des,DET,DET,0.7741737557418163,1.1225809040946326,ADP,"DET: 0.77, ADP: 0.11, CCONJ: 0.09",True,8933,0,9.097619501912064
prochain,prochaines,ADJ,ADJ,1.0,0.0,,ADJ: 1.00,True,43,0,3.784189633918261
action,actions,NOUN,NOUN,1.0,0.0,,NOUN: 1.00,True,78,0,4.3694478524670215
à,à,ADP,ADP,1.0,0.0,,ADP: 1.00,True,9366,0,9.14494815320913
entreprendre,entreprendre,VERB,VERB,1.0,0.0,,VERB: 1.00,True,21,0,3.091042453358316
.,.,PUNCT,PUNCT,,,,,True,13366,0,9.500544261971474
Anne-Sophie,Anne-Sophie,PROPN,PROPN,,,,,True,1,0,0.6931471805599453
Mathis,Mathis,PROPN,PROPN,,,,,False,0,0,0.0
",",",",PUNCT,PUNCT,,,,,True,16599,0,9.717157974344635
naître,née,VERB,VERB,0.9307008365025946,0.36330280715123003,ADJ,"VERB: 0.93, ADJ: 0.07",True,347,0,5.8522024797744745
le,le,DET,DET,0.8207496286735718,0.8327615029897053,ADP,"DET: 0.82, ADP: 0.15",True,38293,0,10.55304850493315
13,13,NUM,NUM,1.0,0.0,,NUM: 1.00,True,57,0,4.060443010546419
juin,juin,NOUN,NOUN,1.0,0.0,,NOUN: 1.00,True,137,0,4.927253685157205
1977,1977,NUM,NUM,1.0,0.0,,NUM: 1.00,True,17,0,2.8903717578961645
à,à,ADP,ADP,1.0,0.0,,ADP: 1.00,True,9366,0,9.14494815320913
Nancy,Nancy,PROPN,PROPN,,,,,True,8,0,2.1972245773362196
",",",",PUNCT,PUNCT,,,,,True,16599,0,9.717157974344635
être,est,AUX,AUX,0.4687470215317024,1.7986756264740116,SCONJ,"AUX: 0.47, SCONJ: 0.23, ADV: 0.20, CCONJ: 0.10",True,8404,0,9.036582045842716
un,une,DET,DET,0.7741737557418163,1.1225809040946326,ADP,"DET: 0.77, ADP: 0.11, CCONJ: 0.09",True,8933,0,9.097619501912064
boxeuse,boxeuse,NOUN,NOUN,,,,,False,0,0,0.0
français,française,ADJ,ADJ,1.0,0.0,,ADJ: 1.00,True,419,0,6.040254711277414
.,.,PUNCT,PUNCT,,,,,True,13366,0,9.500544261971474
