lemma,form,gold_upos,pred_upos,purity,entropy,rival,distribution,in_train,train_freq,pos_err,log_freq
evet,Evet,NOUN,NOUN,0.06449692503540634,2.073848469012467,PROPN,"PROPN: 0.46, PRON: 0.23, ADV: 0.11, CCONJ: 0.11, NOUN: 0.06",True,13,0,2.6390573296152584
.,.,PUNCT,PUNCT,,,,,True,3283,0,8.096817470572319
evet,Evet,NOUN,NOUN,0.06449692503540634,2.073848469012467,PROPN,"PROPN: 0.46, PRON: 0.23, ADV: 0.11, CCONJ: 0.11, NOUN: 0.06",True,13,0,2.6390573296152584
.,.,PUNCT,PUNCT,,,,,True,3283,0,8.096817470572319
evet,Evet,NOUN,NOUN,0.06449692503540634,2.073848469012467,PROPN,"PROPN: 0.46, PRON: 0.23, ADV: 0.11, CCONJ: 0.11, NOUN: 0.06",True,13,0,2.6390573296152584
.,.,PUNCT,PUNCT,,,,,True,3283,0,8.096817470572319
ne,Ne,PRON,PRON,0.657373909218341,1.5595369645973152,PROPN,"PRON: 0.66, PROPN: 0.14, ADV: 0.11, NOUN: 0.06",True,98,0,4.59511985013459
zaman,zaman,NOUN,NOUN,0.7768808568937368,0.7658222066504196,ADJ,"NOUN: 0.78, ADJ: 0.22",True,77,0,4.356708826689592
.,.,PUNCT,PUNCT,,,,,True,3283,0,8.096817470572319
değil,Değil,AUX,AUX,0.684685125302444,0.8992136021504445,VERB,"AUX: 0.68, VERB: 0.32",True,72,0,4.290459441148391
tabii,tabii,ADJ,ADJ,0.013011766794258625,2.327135742553073,AUX,"AUX: 0.39, CCONJ: 0.22, PRON: 0.15, PROPN: 0.10, ADV: 0.08",True,20,0,3.044522437723423
.,.,PUNCT,PUNCT,,,,,True,3283,0,8.096817470572319
sen,Seni,PRON,PRON,0.5975153654339292,1.4960517331359373,ADV,"PRON: 0.60, ADV: 0.28, PROPN: 0.06",True,96,0,4.574710978503383
sev,seviyorum,VERB,VERB,1.0,0.0,,VERB: 1.00,True,44,0,3.8066624897703196
",",",",PUNCT,PUNCT,,,,,True,2285,0,7.734558844354756
.,.,PUNCT,PUNCT,,,,,True,3283,0,8.096817470572319
Ayhan,Ayhan,PROPN,PROPN,0.25632541170720324,2.0928548529135487,PRON,"PRON: 0.40, PROPN: 0.26, ADV: 0.19, CCONJ: 0.09",True,28,0,3.367295829986474
Işık,Işık'ın,PROPN,PROPN,,,,,True,1,0,0.6931471805599453
yer,yerine,NOUN,NOUN,0.6105573897718891,0.964438903111094,ADJ,"NOUN: 0.61, ADJ: 0.39",True,111,0,4.718498871295094
...,...,PUNCT,PUNCT,,,,,True,91,0,4.5217885770490405
o,O,PRON,PRON,0.5961784524857141,1.6538184960634559,ADV,"PRON: 0.60, ADV: 0.24, CCONJ: 0.07, PROPN: 0.05",True,264,0,5.579729825986222
ve,ve,CCONJ,CCONJ,0.23925769350174309,2.411623002364367,NUM,"NUM: 0.34, CCONJ: 0.24, ADJ: 0.14, DET: 0.11, PRON: 0.09, PROPN: 0.06",True,359,0,5.886104031450156
ben,ben,PRON,PRON,0.614767428544865,1.6599914502896118,ADV,"PRON: 0.61, ADV: 0.21, CCONJ: 0.08, PROPN: 0.06",True,310,0,5.739792912179234
asla,asla,ADV,ADV,,,,,False,0,0,0.0
yaşlan,yaşlanmayacağız,VERB,VERB,,,,,True,1,0,0.6931471805599453
.,.,PUNCT,PUNCT,,,,,True,3283,0,8.096817470572319
aşk,Aşkımız,NOUN,NOUN,0.14902600627145401,1.4092659347960323,NUM,"NUM: 0.55, ADJ: 0.31, NOUN: 0.15",True,11,0,2.4849066497880004
asla,asla,ADV,ADV,,,,,False,0,0,0.0
eski,eskimeyecek,VERB,VERB,,,,,False,0,0,0.0
ve,ve,CCONJ,CCONJ,0.23925769350174309,2.411623002364367,NUM,"NUM: 0.34, CCONJ: 0.24, ADJ: 0.14, DET: 0.11, PRON: 0.09, PROPN: 0.06",True,359,0,5.886104031450156
öl,ölmeyecek,VERB,VERB,0.5682293006747299,1.4135799515431988,ADJ,"VERB: 0.57, ADJ: 0.24, NOUN: 0.19",True,39,0,3.6888794541139363
...,...,PUNCT,PUNCT,,,,,True,91,0,4.5217885770490405
ve,Ve,CCONJ,CCONJ,0.23925769350174309,2.411623002364367,NUM,"NUM: 0.34, CCONJ: 0.24, ADJ: 0.14, DET: 0.11, PRON: 0.09, PROPN: 0.06",True,359,0,5.886104031450156
bir,bir,DET,DET,0.49958184875865663,1.6482580173109218,NUM,"DET: 0.50, NUM: 0.30, ADJ: 0.15",True,616,0,6.424869023905388
ilkokul,ilkokul,NOUN,NOUN,,,,,True,1,0,0.6931471805599453
öğrenci,öğrencisiyle,NOUN,NOUN,,,,,True,3,0,1.3862943611198906
",",",",PUNCT,PUNCT,,,,,True,2285,0,7.734558844354756
yirmi,yirmilerinde,NUM,NUM,,,,,True,5,0,1.791759469228055
ki,ki,ADP,ADP,0.352272282719127,2.181690690995641,AUX,"ADP: 0.35, AUX: 0.28, CCONJ: 0.23, NUM: 0.08",True,217,0,5.384495062789089
bir,bir,DET,DET,0.49958184875865663,1.6482580173109218,NUM,"DET: 0.50, NUM: 0.30, ADJ: 0.15",True,616,0,6.424869023905388
kadı,kadının,NOUN,NOUN,,,,,True,2,0,1.0986122886681098
aşk,aşkına,NOUN,NOUN,0.14902600627145401,1.4092659347960323,NUM,"NUM: 0.55, ADJ: 0.31, NOUN: 0.15",True,11,0,2.4849066497880004
hiç,hiç,ADV,ADV,0.14829755248371262,1.3987334442647599,PRON,"PRON: 0.70, ADV: 0.15, PROPN: 0.06",True,45,0,3.828641396489095
kimse,kimse,NOUN,NOUN,0.030071231212396455,1.645199013552493,PRON,"PRON: 0.54, ADV: 0.26, CCONJ: 0.16",True,22,0,3.1354942159291497
artık,artık,ADV,ADV,0.0895164476303238,2.0263396610671656,PRON,"PRON: 0.47, CCONJ: 0.25, PROPN: 0.12, ADV: 0.09",True,30,0,3.4339872044851463
hiçbir,hiçbir,DET,DET,0.5590022920065886,1.4972751375281939,NUM,"DET: 0.56, NUM: 0.32, ADJ: 0.08",True,17,0,2.8903717578961645
şey,şey,NOUN,NOUN,0.7797490937613291,0.7606253858126094,ADJ,"NOUN: 0.78, ADJ: 0.22",True,102,0,4.634728988229636
söyle,söyleyemeyecek,VERB,VERB,0.721528986702589,0.8533590847777625,CCONJ,"VERB: 0.72, CCONJ: 0.28",True,89,0,4.499809670330265
.,.,PUNCT,PUNCT,,,,,True,3283,0,8.096817470572319
kim,Kim,PRON,PRON,0.5973445626800743,1.7438346441668269,ADV,"PRON: 0.60, ADV: 0.14, NOUN: 0.11, PROPN: 0.09, ADJ: 0.05",True,12,0,2.5649493574615367
de,demiş,VERB,VERB,0.7089626585740004,0.8700574815901702,CCONJ,"VERB: 0.71, CCONJ: 0.29",True,295,0,5.69035945432406
öl,öldüğünü,VERB,VERB,0.5682293006747299,1.4135799515431988,ADJ,"VERB: 0.57, ADJ: 0.24, NOUN: 0.19",True,39,0,3.6888794541139363
?,?,PUNCT,PUNCT,,,,,True,125,0,4.836281906951478
..,..,PUNCT,PUNCT,,,,,True,13,0,2.6390573296152584
ama,Ama,CCONJ,CCONJ,0.26313102212215905,1.8047829885976687,PRON,"PRON: 0.46, CCONJ: 0.26, ADV: 0.22",True,139,0,4.941642422609304
işte,işte,ADV,ADV,0.11734689772862172,2.034632031144819,PRON,"PRON: 0.41, CCONJ: 0.29, PROPN: 0.15, ADV: 0.12",True,18,0,2.9444389791664403
gemi,gemi,NOUN,NOUN,,,,,True,1,0,0.6931471805599453
liman,limandan,NOUN,NOUN,,,,,False,0,0,0.0
demir,demir,ADJ,ADJ,,,,,True,2,0,1.0986122886681098
al,al,ADJ,ADJ,,,,,False,0,0,0.0
i,dı,AUX,AUX,0.47697018772995686,1.861138213598426,ADP,"AUX: 0.48, ADP: 0.26, CCONJ: 0.18, PROPN: 0.06",True,546,0,6.304448802421981
.,.,PUNCT,PUNCT,,,,,True,3283,0,8.096817470572319
Türkiye,Türkiye,PROPN,PROPN,0.059663484087279214,2.091524984270449,NUM,"NUM: 0.48, PRON: 0.19, CCONJ: 0.16, ADJ: 0.07, PROPN: 0.06",True,30,0,3.4339872044851463
",",",",PUNCT,PUNCT,,,,,True,2285,0,7.734558844354756
o,o,DET,DET,0.6447660992254824,1.4376147671166477,NUM,"DET: 0.64, NUM: 0.18, ADJ: 0.13",True,113,0,4.736198448394496
liman,limandan,NOUN,NOUN,,,,,False,0,0,0.0
gitgide,gitgide,ADV,ADV,,,,,True,1,0,0.6931471805599453
uzaklaş,uzaklaşıyor,VERB,VERB,,,,,True,1,0,0.6931471805599453
.,.,PUNCT,PUNCT,,,,,True,3283,0,8.096817470572319
mazi,Maziyle,ADJ,NOUN,,,,,False,0,1,0.0
bağ,bağlarını,NOUN,NOUN,,,,,True,2,0,1.0986122886681098
kopar,koparıyor,VERB,VERB,,,,,True,2,0,1.0986122886681098
.,.,PUNCT,PUNCT,,,,,True,3283,0,8.096817470572319
Belgin,Belgin,PROPN,PROPN,,,,,False,0,0,0.0
doruk,Dorukları,NOUN,NOUN,,,,,True,1,0,0.6931471805599453
",",",",PUNCT,PUNCT,,,,,True,2285,0,7.734558844354756
Sadri,Sadri,PROPN,PROPN,,,,,False,0,0,0.0
alışık,Alışıkları,ADJ,ADJ,,,,,False,0,0,0.0
",",",",PUNCT,PUNCT,,,,,True,2285,0,7.734558844354756
kırık,Kırık,ADJ,ADJ,,,,,True,1,0,0.6931471805599453
hayat,Hayatları,NOUN,NOUN,0.23617296238770852,1.163013823457567,PRON,"PRON: 0.68, NOUN: 0.24, ADJ: 0.08",True,32,0,3.4965075614664802
ve,ve,CCONJ,CCONJ,0.23925769350174309,2.411623002364367,NUM,"NUM: 0.34, CCONJ: 0.24, ADJ: 0.14, DET: 0.11, PRON: 0.09, PROPN: 0.06",True,359,0,5.886104031450156
ölümsüz,Ölümsüz,ADJ,ADJ,,,,,False,0,0,0.0
aşk,Aşkları,NOUN,NOUN,0.14902600627145401,1.4092659347960323,NUM,"NUM: 0.55, ADJ: 0.31, NOUN: 0.15",True,11,0,2.4849066497880004
",",",",PUNCT,PUNCT,,,,,True,2285,0,7.734558844354756
eski,eski,ADJ,ADJ,0.12356482321186857,1.5251739549622578,DET,"DET: 0.67, ADJ: 0.12, NUM: 0.11, CCONJ: 0.08",True,21,0,3.091042453358316
resim,resimlerde,NOUN,NOUN,,,,,True,4,0,1.6094379124341003
yan,yanımıza,ADJ,ADJ,0.22369130935054335,0.7668506751450528,NOUN,"NOUN: 0.78, ADJ: 0.22",True,60,0,4.110873864173311
al,aldık,VERB,VERB,1.0,0.0,,VERB: 1.00,True,169,0,5.135798437050262
",",",",PUNCT,PUNCT,,,,,True,2285,0,7.734558844354756
git,gidiyoruz,VERB,VERB,1.0,0.0,,VERB: 1.00,True,116,0,4.762173934797756
.,.,PUNCT,PUNCT,,,,,True,3283,0,8.096817470572319
o,Onların,PRON,PRON,0.5961784524857141,1.6538184960634559,ADV,"PRON: 0.60, ADV: 0.24, CCONJ: 0.07, PROPN: 0.05",True,264,0,5.579729825986222
dış,dışında,ADJ,ADJ,0.45413399165948337,1.2599142994957258,NOUN,"NOUN: 0.49, ADJ: 0.45, VERB: 0.06",True,12,0,2.5649493574615367
",",",",PUNCT,PUNCT,,,,,True,2285,0,7.734558844354756
geçmiş,geçmişe,ADJ,ADJ,,,,,True,9,0,2.302585092994046
ait,ait,ADP,ADP,,,,,True,7,0,2.0794415416798357
ne,ne,PRON,PRON,0.657373909218341,1.5595369645973152,PROPN,"PRON: 0.66, PROPN: 0.14, ADV: 0.11, NOUN: 0.06",True,98,0,4.59511985013459
var,varsa,VERB,VERB,0.919968924709315,0.40228867645093425,ADJ,"VERB: 0.92, ADJ: 0.08",True,49,0,3.912023005428146
bırak,bıraktık,VERB,VERB,1.0,0.0,,VERB: 1.00,True,32,0,3.4965075614664802
geri,geride,ADJ,ADJ,0.11890081834870855,0.526193026563724,NOUN,"NOUN: 0.88, ADJ: 0.12",True,18,0,2.9444389791664403
...,...,PUNCT,PUNCT,,,,,True,91,0,4.5217885770490405
gelecek,Geleceğe,ADJ,ADJ,0.16327465084826548,2.5452423233122383,NUM,"NUM: 0.23, PRON: 0.18, ADV: 0.18, ADJ: 0.16, NOUN: 0.13, PROPN: 0.12",True,13,0,2.6390573296152584
dair,dair,ADP,ADP,,,,,True,1,0,0.6931471805599453
ne,ne,PRON,PRON,0.657373909218341,1.5595369645973152,PROPN,"PRON: 0.66, PROPN: 0.14, ADV: 0.11, NOUN: 0.06",True,98,0,4.59511985013459
var,varsa,VERB,VERB,0.919968924709315,0.40228867645093425,ADJ,"VERB: 0.92, ADJ: 0.08",True,49,0,3.912023005428146
yük,yükte,NOUN,NOUN,,,,,True,7,0,2.0794415416798357
hafif,hafif,ADJ,ADJ,,,,,True,7,0,2.0794415416798357
",",",",PUNCT,PUNCT,,,,,True,2285,0,7.734558844354756
paha,pahada,NOUN,NOUN,,,,,False,0,0,0.0
ağır,ağır,ADJ,ADJ,0.22275478610867838,1.9445765749793675,PRON,"PRON: 0.32, NOUN: 0.31, ADJ: 0.22, ADV: 0.15",True,11,0,2.4849066497880004
",",",",PUNCT,PUNCT,,,,,True,2285,0,7.734558844354756
biz,bizle,PRON,PRON,0.5140713310358356,1.872132039681025,ADV,"PRON: 0.51, ADV: 0.19, CCONJ: 0.17, PROPN: 0.06, NOUN: 0.05",True,86,0,4.465908118654584
i,ledir,AUX,AUX,0.47697018772995686,1.861138213598426,ADP,"AUX: 0.48, ADP: 0.26, CCONJ: 0.18, PROPN: 0.06",True,546,0,6.304448802421981
.,.,PUNCT,PUNCT,,,,,True,3283,0,8.096817470572319
umut,Umutlar,NOUN,NOUN,,,,,True,7,0,2.0794415416798357
biz,bizle,PRON,PRON,0.5140713310358356,1.872132039681025,ADV,"PRON: 0.51, ADV: 0.19, CCONJ: 0.17, PROPN: 0.06, NOUN: 0.05",True,86,0,4.465908118654584
i,ledir,AUX,AUX,0.47697018772995686,1.861138213598426,ADP,"AUX: 0.48, ADP: 0.26, CCONJ: 0.18, PROPN: 0.06",True,546,0,6.304448802421981
.,.,PUNCT,PUNCT,,,,,True,3283,0,8.096817470572319
ah,Ah'lara,NOUN,NOUN,,,,,False,0,0,0.0
",",",",PUNCT,PUNCT,,,,,True,2285,0,7.734558844354756
vah,vah'lara,NOUN,NOUN,,,,,False,0,0,0.0
gerek,gerek,NOUN,NOUN,,,,,True,10,0,2.3978952727983707
yok,yok,ADJ,ADJ,0.19004932758774726,1.3228686251346322,VERB,"VERB: 0.63, ADJ: 0.19, ADV: 0.18",True,51,0,3.9512437185814275
.,.,PUNCT,PUNCT,,,,,True,3283,0,8.096817470572319
güverte,Güverteye,NOUN,NOUN,,,,,False,0,0,0.0
çık,çıkınca,VERB,VERB,1.0,0.0,,VERB: 1.00,True,80,0,4.394449154672439
geri,geride,ADJ,ADJ,0.11890081834870855,0.526193026563724,NOUN,"NOUN: 0.88, ADJ: 0.12",True,18,0,2.9444389791664403
bırak,bıraktığımız,VERB,VERB,1.0,0.0,,VERB: 1.00,True,32,0,3.4965075614664802
manzara,manzaraya,NOUN,NOUN,,,,,False,0,0,0.0
bir,bir,ADV,ADV,0.23299744110966192,1.0714237035875651,PRON,"PRON: 0.72, ADV: 0.23",True,28,0,3.367295829986474
bak,bakın,VERB,VERB,1.0,0.0,,VERB: 1.00,True,85,0,4.454347296253507
.,.,PUNCT,PUNCT,,,,,True,3283,0,8.096817470572319
liman,Limanda,NOUN,NOUN,,,,,False,0,0,0.0
sokak,sokak,NOUN,NOUN,0.3777121795078377,1.5657247527389495,PRON,"NOUN: 0.38, PRON: 0.36, ADJ: 0.26",True,16,0,2.833213344056216
çatış,çatışmaları,VERB,VERB,,,,,False,0,0,0.0
...,...,PUNCT,PUNCT,,,,,True,91,0,4.5217885770490405
patla,patlayan,VERB,VERB,,,,,True,7,0,2.0794415416798357
silah,silahlar,NOUN,NOUN,,,,,True,1,0,0.6931471805599453
",",",",PUNCT,PUNCT,,,,,True,2285,0,7.734558844354756
hava,havada,NOUN,NOUN,0.29029750329497095,1.9737188215195793,PRON,"PRON: 0.30, NOUN: 0.29, ADJ: 0.21, PROPN: 0.19",True,17,0,2.8903717578961645
uçuş,uçuşan,VERB,VERB,,,,,True,1,0,0.6931471805599453
taş,taşlar,ADJ,ADJ,,,,,True,3,0,1.3862943611198906
...,...,PUNCT,PUNCT,,,,,True,91,0,4.5217885770490405
ve,Ve,CCONJ,CCONJ,0.23925769350174309,2.411623002364367,NUM,"NUM: 0.34, CCONJ: 0.24, ADJ: 0.14, DET: 0.11, PRON: 0.09, PROPN: 0.06",True,359,0,5.886104031450156
o,o,DET,DET,0.6447660992254824,1.4376147671166477,NUM,"DET: 0.64, NUM: 0.18, ADJ: 0.13",True,113,0,4.736198448394496
film,filmden,NOUN,NOUN,,,,,True,4,0,1.6094379124341003
gitgide,gitgide,ADV,ADV,,,,,True,1,0,0.6931471805599453
uzaklaş,uzaklaşıyoruz,VERB,VERB,,,,,True,1,0,0.6931471805599453
.,.,PUNCT,PUNCT,,,,,True,3283,0,8.096817470572319
resim,Resim,NOUN,NOUN,,,,,True,4,0,1.6094379124341003
",",",",PUNCT,PUNCT,,,,,True,2285,0,7.734558844354756
daha,daha,ADV,ADV,0.16216742905437215,2.279909832774521,PRON,"PRON: 0.30, CCONJ: 0.27, PROPN: 0.19, ADV: 0.16",True,127,0,4.852030263919617
bir,bir,NUM,NUM,0.3916735022215744,1.8552050660223744,DET,"DET: 0.40, NUM: 0.39, ADJ: 0.09, PROPN: 0.06, NOUN: 0.06",True,170,0,5.14166355650266
hafta,haftada,NOUN,NOUN,1.0,0.0,,NOUN: 1.00,True,19,0,2.995732273553991
küçül,küçülüyor,VERB,VERB,,,,,False,0,0,0.0
...,...,PUNCT,PUNCT,,,,,True,91,0,4.5217885770490405
kışkırtıcı,Kışkırtıcıların,ADJ,ADJ,,,,,False,0,0,0.0
",",",",PUNCT,PUNCT,,,,,True,2285,0,7.734558844354756
provokatör,provokatörlerin,ADJ,ADJ,,,,,False,0,0,0.0
ses,sesleri,NOUN,NOUN,0.3237009019450614,1.9450836951989445,PRON,"NOUN: 0.32, PRON: 0.31, PROPN: 0.20, ADJ: 0.17",True,32,0,3.4965075614664802
duy,duyulmuyor,VERB,VERB,1.0,0.0,,VERB: 1.00,True,35,0,3.58351893845611
.,.,PUNCT,PUNCT,,,,,True,3283,0,8.096817470572319
gemi,Gemi,NOUN,NOUN,,,,,True,1,0,0.6931471805599453
uzaklaş,uzaklaştıkça,VERB,VERB,,,,,True,1,0,0.6931471805599453
el,el,NOUN,NOUN,0.685323078074829,0.8984985975836332,ADJ,"NOUN: 0.69, ADJ: 0.31",True,81,0,4.406719247264253
-,-,PUNCT,PUNCT,,,,,True,74,0,4.31748811353631
kol,kol,NOUN,NOUN,0.23456548889104384,1.9729883115525322,ADJ,"ADJ: 0.30, PRON: 0.28, NOUN: 0.23, PROPN: 0.18",True,13,0,2.6390573296152584
hareket,hareketleri,NOUN,NOUN,0.46389258541889833,1.4825736885831595,ADJ,"NOUN: 0.46, ADJ: 0.36, VERB: 0.17",True,14,0,2.70805020110221
",",",",PUNCT,PUNCT,,,,,True,2285,0,7.734558844354756
çırpınış,çırpınışları,NOUN,NOUN,,,,,True,1,0,0.6931471805599453
gör,görülmez,VERB,VERB,1.0,0.0,,VERB: 1.00,True,81,0,4.406719247264253
ol,oluyor,VERB,VERB,1.0,0.0,,VERB: 1.00,True,603,0,6.403574197934815
.,.,PUNCT,PUNCT,,,,,True,3283,0,8.096817470572319
Türkiye,Türkiye,PROPN,PROPN,0.059663484087279214,2.091524984270449,NUM,"NUM: 0.48, PRON: 0.19, CCONJ: 0.16, ADJ: 0.07, PROPN: 0.06",True,30,0,3.4339872044851463
",",",",PUNCT,PUNCT,,,,,True,2285,0,7.734558844354756
anlamsız,anlamsız,ADJ,ADJ,,,,,True,1,0,0.6931471805599453
iç,iç,ADJ,ADJ,0.5266476463656918,0.9979501219428724,NOUN,"ADJ: 0.53, NOUN: 0.47",True,71,0,4.276666119016055
savaş,savaş,NOUN,NOUN,,,,,True,9,0,2.302585092994046
korkut,korkutmalarına,VERB,VERB,,,,,True,2,0,1.0986122886681098
iltifat,iltifat,NOUN,NOUN,,,,,False,0,0,0.0
et,etmiyor,VERB,VERB,0.021423477839648417,2.0747581498935594,AUX,"AUX: 0.33, ADP: 0.33, CCONJ: 0.23",True,260,0,5.564520407322694
.,.,PUNCT,PUNCT,,,,,True,3283,0,8.096817470572319
beş,Beş,NUM,NUM,0.5130197036369758,1.6874725574389133,DET,"NUM: 0.51, DET: 0.31, ADJ: 0.11, PROPN: 0.05",True,20,0,3.044522437723423
bin,bin,NUM,NUM,0.9754567681468136,0.1662405167880201,NOUN,NUM: 0.98,True,25,0,3.258096538021482
asker,askerinin,NOUN,NOUN,,,,,True,4,0,1.6094379124341003
harekat,harekatında,NOUN,NOUN,,,,,True,5,0,1.791759469228055
pirinç,pirinç,NOUN,NOUN,,,,,False,0,0,0.0
ve,ve,CCONJ,CCONJ,0.23925769350174309,2.411623002364367,NUM,"NUM: 0.34, CCONJ: 0.24, ADJ: 0.14, DET: 0.11, PRON: 0.09, PROPN: 0.06",True,359,0,5.886104031450156
ekmek,ekmek,NOUN,NOUN,,,,,True,7,0,2.0794415416798357
stok,stoku,NOUN,NOUN,,,,,True,2,0,1.0986122886681098
yap,yapmıyor,VERB,VERB,1.0,0.0,,VERB: 1.00,True,209,0,5.3471075307174685
.,.,PUNCT,PUNCT,,,,,True,3283,0,8.096817470572319
pazar,Pazar,NOUN,NOUN,,,,,True,3,0,1.3862943611198906
gün,günü,NOUN,NOUN,0.7766440096348868,0.7662482696838814,ADJ,"NOUN: 0.78, ADJ: 0.22",True,91,0,4.5217885770490405
kır,kırlara,NOUN,NOUN,,,,,True,2,0,1.0986122886681098
çık,çıkmayı,VERB,VERB,1.0,0.0,,VERB: 1.00,True,80,0,4.394449154672439
seç,seçiyor,VERB,VERB,,,,,True,6,0,1.9459101490553132
.,.,PUNCT,PUNCT,,,,,True,3283,0,8.096817470572319
dağ,Dağda,NOUN,NOUN,,,,,False,0,0,0.0
ki,ki,ADP,ADP,0.352272282719127,2.181690690995641,AUX,"ADP: 0.35, AUX: 0.28, CCONJ: 0.23, NUM: 0.08",True,217,0,5.384495062789089
üç,üç,NUM,NUM,0.19830835997211554,1.9502238270590824,DET,"DET: 0.50, NUM: 0.20, ADJ: 0.14, PROPN: 0.10, CCONJ: 0.07",True,28,0,3.367295829986474
beş,beş,NUM,NUM,0.5130197036369758,1.6874725574389133,DET,"NUM: 0.51, DET: 0.31, ADJ: 0.11, PROPN: 0.05",True,20,0,3.044522437723423
bin,bin,NUM,NUM,0.9754567681468136,0.1662405167880201,NOUN,NUM: 0.98,True,25,0,3.258096538021482
-,-,PUNCT,PUNCT,,,,,True,74,0,4.31748811353631
silah,silah,NOUN,NOUN,,,,,True,1,0,0.6931471805599453
li,lı,ADP,ADP,0.2797323618856777,2.3836488217196035,AUX,"AUX: 0.30, ADP: 0.28, CCONJ: 0.23, NUM: 0.08",True,182,0,5.209486152841421
adam,adamın,NOUN,NOUN,0.48168004535673414,1.5142431721146627,PROPN,"NOUN: 0.48, PROPN: 0.28, ADJ: 0.24",True,41,0,3.7376696182833684
",",",",PUNCT,PUNCT,,,,,True,2285,0,7.734558844354756
gelecek,geleceğini,ADJ,ADJ,0.16327465084826548,2.5452423233122383,NUM,"NUM: 0.23, PRON: 0.18, ADV: 0.18, ADJ: 0.16, NOUN: 0.13, PROPN: 0.12",True,13,0,2.6390573296152584
tehdit,tehdit,NOUN,NOUN,,,,,True,5,0,1.791759469228055
et,edemeyeceğini,VERB,VERB,0.021423477839648417,2.0747581498935594,AUX,"AUX: 0.33, ADP: 0.33, CCONJ: 0.23",True,260,0,5.564520407322694
anla,anlıyor,VERB,VERB,1.0,0.0,,VERB: 1.00,True,44,0,3.8066624897703196
.,.,PUNCT,PUNCT,,,,,True,3283,0,8.096817470572319
kimi,Kimi,DET,DET,0.7211686473829088,0.9023106254697965,ADJ,"DET: 0.72, ADJ: 0.27",True,11,0,2.4849066497880004
politikacı,politikacıların,NOUN,NOUN,,,,,True,1,0,0.6931471805599453
",",",",PUNCT,PUNCT,,,,,True,2285,0,7.734558844354756
ekonomist,ekonomistlerin,NOUN,NOUN,,,,,False,0,0,0.0
",",",",PUNCT,PUNCT,,,,,True,2285,0,7.734558844354756
stratejist,stratejistlerin,NOUN,NOUN,,,,,False,0,0,0.0
siyasi,siyasi,ADJ,ADJ,,,,,True,2,0,1.0986122886681098
",",",",PUNCT,PUNCT,,,,,True,2285,0,7.734558844354756
iktisadi,iktisadi,ADJ,ADJ,,,,,True,1,0,0.6931471805599453
ve,ve,CCONJ,CCONJ,0.23925769350174309,2.411623002364367,NUM,"NUM: 0.34, CCONJ: 0.24, ADJ: 0.14, DET: 0.11, PRON: 0.09, PROPN: 0.06",True,359,0,5.886104031450156
sosyal,sosyal,ADJ,ADJ,0.17861963209151616,1.9105491253953644,DET,"DET: 0.35, NUM: 0.35, ADJ: 0.18, PROPN: 0.12",True,12,0,2.5649493574615367
kuşku,kuşku,NOUN,NOUN,,,,,True,4,0,1.6094379124341003
dalga,dalgalarına,ADV,ADV,,,,,False,0,0,0.0
rağmen,rağmen,ADP,ADP,,,,,True,7,0,2.0794415416798357
gemi,gemi,NOUN,NOUN,,,,,True,1,0,0.6931471805599453
yürü,yürüyor,VERB,VERB,0.9696329731056629,0.1962291533592685,NOUN,VERB: 0.97,True,18,0,2.9444389791664403
...,...,PUNCT,PUNCT,,,,,True,91,0,4.5217885770490405
Türkiye,Türkiye,PROPN,PROPN,0.059663484087279214,2.091524984270449,NUM,"NUM: 0.48, PRON: 0.19, CCONJ: 0.16, ADJ: 0.07, PROPN: 0.06",True,30,0,3.4339872044851463
",",",",PUNCT,PUNCT,,,,,True,2285,0,7.734558844354756
geçmiş,geçmişle,ADJ,ADJ,,,,,True,9,0,2.302585092994046
ve,ve,CCONJ,CCONJ,0.23925769350174309,2.411623002364367,NUM,"NUM: 0.34, CCONJ: 0.24, ADJ: 0.14, DET: 0.11, PRON: 0.09, PROPN: 0.06",True,359,0,5.886104031450156
geçmiş,geçmişin,ADJ,ADJ,,,,,True,9,0,2.302585092994046
korku,korkularıyla,NOUN,NOUN,0.7747892094697927,0.7695687527417757,ADJ,"NOUN: 0.77, ADJ: 0.23",True,20,0,3.044522437723423
bağ,bağlarını,NOUN,NOUN,,,,,True,2,0,1.0986122886681098
kop,kopardı,VERB,VERB,,,,,True,5,0,1.791759469228055
git,gidiyor,VERB,VERB,1.0,0.0,,VERB: 1.00,True,116,0,4.762173934797756
.,.,PUNCT,PUNCT,,,,,True,3283,0,8.096817470572319
rota,Rotası,NOUN,NOUN,,,,,True,1,0,0.6931471805599453
barış,barışa,NOUN,NOUN,,,,,True,4,0,1.6094379124341003
",",",",PUNCT,PUNCT,,,,,True,2285,0,7.734558844354756
insanca,insanca,ADJ,NOUN,,,,,False,0,1,0.0
ve,ve,CCONJ,CCONJ,0.23925769350174309,2.411623002364367,NUM,"NUM: 0.34, CCONJ: 0.24, ADJ: 0.14, DET: 0.11, PRON: 0.09, PROPN: 0.06",True,359,0,5.886104031450156
modern,modern,ADJ,ADJ,,,,,False,0,0,0.0
hayat,hayatlara,NOUN,NOUN,0.23617296238770852,1.163013823457567,PRON,"PRON: 0.68, NOUN: 0.24, ADJ: 0.08",True,32,0,3.4965075614664802
doğru,doğru,ADP,ADP,0.603356309009717,1.3846799551995925,CCONJ,"ADP: 0.60, CCONJ: 0.30, ADV: 0.06",True,20,0,3.044522437723423
...,...,PUNCT,PUNCT,,,,,True,91,0,4.5217885770490405
ve,Ve,CCONJ,CCONJ,0.23925769350174309,2.411623002364367,NUM,"NUM: 0.34, CCONJ: 0.24, ADJ: 0.14, DET: 0.11, PRON: 0.09, PROPN: 0.06",True,359,0,5.886104031450156
güneş,güneş,NOUN,NOUN,,,,,True,5,0,1.791759469228055
li,li,ADP,ADP,0.2797323618856777,2.3836488217196035,AUX,"AUX: 0.30, ADP: 0.28, CCONJ: 0.23, NUM: 0.08",True,182,0,5.209486152841421
liman,limanlara,NOUN,NOUN,,,,,False,0,0,0.0
...,...,PUNCT,PUNCT,,,,,True,91,0,4.5217885770490405
inan,İnanmıyorsanız,VERB,VERB,1.0,0.0,,VERB: 1.00,True,23,0,3.1780538303479458
",",",",PUNCT,PUNCT,,,,,True,2285,0,7.734558844354756
Türkiye,Türkiye'nin,PROPN,PROPN,0.059663484087279214,2.091524984270449,NUM,"NUM: 0.48, PRON: 0.19, CCONJ: 0.16, ADJ: 0.07, PROPN: 0.06",True,30,0,3.4339872044851463
kent,kentlerinde,NOUN,NOUN,0.19980911044983704,0.9289402513014646,PRON,"PRON: 0.77, NOUN: 0.20",True,14,0,2.70805020110221
ve,ve,CCONJ,CCONJ,0.23925769350174309,2.411623002364367,NUM,"NUM: 0.34, CCONJ: 0.24, ADJ: 0.14, DET: 0.11, PRON: 0.09, PROPN: 0.06",True,359,0,5.886104031450156
kasaba,kasabalarında,NOUN,NOUN,,,,,True,3,0,1.3862943611198906
bir,bir,DET,DET,0.49958184875865663,1.6482580173109218,NUM,"DET: 0.50, NUM: 0.30, ADJ: 0.15",True,616,0,6.424869023905388
pazar,pazar,NOUN,NOUN,,,,,True,3,0,1.3862943611198906
gün,günü,NOUN,NOUN,0.7766440096348868,0.7662482696838814,ADJ,"NOUN: 0.78, ADJ: 0.22",True,91,0,4.5217885770490405
sokak,sokağa,NOUN,NOUN,0.3777121795078377,1.5657247527389495,PRON,"NOUN: 0.38, PRON: 0.36, ADJ: 0.26",True,16,0,2.833213344056216
çık,çıkın,VERB,VERB,1.0,0.0,,VERB: 1.00,True,80,0,4.394449154672439
.,.,PUNCT,PUNCT,,,,,True,3283,0,8.096817470572319
gemi,Geminin,NOUN,NOUN,,,,,True,1,0,0.6931471805599453
güverte,güvertesinden,NOUN,NOUN,,,,,False,0,0,0.0
",",",",PUNCT,PUNCT,,,,,True,2285,0,7.734558844354756
ufuk,ufuk,NOUN,NOUN,,,,,True,1,0,0.6931471805599453
çizgi,çizgisine,NOUN,NOUN,,,,,True,2,0,1.0986122886681098
bak,bakın,VERB,VERB,1.0,0.0,,VERB: 1.00,True,85,0,4.454347296253507
.,.,PUNCT,PUNCT,,,,,True,3283,0,8.096817470572319
biz,Biz,PRON,PRON,0.5140713310358356,1.872132039681025,ADV,"PRON: 0.51, ADV: 0.19, CCONJ: 0.17, PROPN: 0.06, NOUN: 0.05",True,86,0,4.465908118654584
",",",",PUNCT,PUNCT,,,,,True,2285,0,7.734558844354756
geçmiş,geçmişte,ADJ,ADJ,,,,,True,9,0,2.302585092994046
ne,ne,PRON,PRON,0.657373909218341,1.5595369645973152,PROPN,"PRON: 0.66, PROPN: 0.14, ADV: 0.11, NOUN: 0.06",True,98,0,4.59511985013459
var,varsa,VERB,VERB,0.919968924709315,0.40228867645093425,ADJ,"VERB: 0.92, ADJ: 0.08",True,49,0,3.912023005428146
güzel,güzel,ADJ,ADJ,0.7615705877435232,0.7924186769244242,NOUN,"ADJ: 0.76, NOUN: 0.24",True,31,0,3.4657359027997265
ol,olan,VERB,VERB,1.0,0.0,,VERB: 1.00,True,603,0,6.403574197934815
",",",",PUNCT,PUNCT,,,,,True,2285,0,7.734558844354756
yan,yanımıza,ADJ,ADJ,0.22369130935054335,0.7668506751450528,NOUN,"NOUN: 0.78, ADJ: 0.22",True,60,0,4.110873864173311
al,aldık,VERB,VERB,1.0,0.0,,VERB: 1.00,True,169,0,5.135798437050262
",",",",PUNCT,PUNCT,,,,,True,2285,0,7.734558844354756
kalbi,kalbimize,ADJ,ADJ,,,,,True,2,0,1.0986122886681098
göm,gömdük,VERB,VERB,,,,,True,1,0,0.6931471805599453
.,.,PUNCT,PUNCT,,,,,True,3283,0,8.096817470572319
Belgin,Belgin,PROPN,PROPN,,,,,False,0,0,0.0
doruk,Dorukları,NOUN,NOUN,,,,,True,1,0,0.6931471805599453
da,da,CCONJ,CCONJ,0.13730810580889885,1.6721173968196932,AUX,"AUX: 0.44, ADP: 0.38, CCONJ: 0.14",True,275,0,5.62040086571715
git,gittiğimiz,VERB,VERB,1.0,0.0,,VERB: 1.00,True,116,0,4.762173934797756
yer,yere,NOUN,NOUN,0.6105573897718891,0.964438903111094,ADJ,"NOUN: 0.61, ADJ: 0.39",True,111,0,4.718498871295094
götür,götürüyoruz,VERB,VERB,1.0,0.0,,VERB: 1.00,True,11,0,2.4849066497880004
.,.,PUNCT,PUNCT,,,,,True,3283,0,8.096817470572319
resim,Resmine,NOUN,NOUN,,,,,True,4,0,1.6094379124341003
bak,bakıp,VERB,VERB,1.0,0.0,,VERB: 1.00,True,85,0,4.454347296253507
bir,bir,NUM,NUM,0.3916735022215744,1.8552050660223744,DET,"DET: 0.40, NUM: 0.39, ADJ: 0.09, PROPN: 0.06, NOUN: 0.06",True,170,0,5.14166355650266
parça,parça,NOUN,NOUN,,,,,True,9,0,2.302585092994046
gözyaşı,gözyaşı,NOUN,NOUN,,,,,True,2,0,1.0986122886681098
dök,döküyorsak,VERB,VERB,,,,,True,10,0,2.3978952727983707
eğer,eğer,CCONJ,CCONJ,,,,,True,9,0,2.302585092994046
",",",",PUNCT,PUNCT,,,,,True,2285,0,7.734558844354756
o,onu,PRON,PRON,0.5961784524857141,1.6538184960634559,ADV,"PRON: 0.60, ADV: 0.24, CCONJ: 0.07, PROPN: 0.05",True,264,0,5.579729825986222
da,da,CCONJ,CCONJ,0.13730810580889885,1.6721173968196932,AUX,"AUX: 0.44, ADP: 0.38, CCONJ: 0.14",True,275,0,5.62040086571715
aşk,aşkımızın,NOUN,NOUN,0.14902600627145401,1.4092659347960323,NUM,"NUM: 0.55, ADJ: 0.31, NOUN: 0.15",True,11,0,2.4849066497880004
imkan,imkan,NOUN,ADV,,,,,True,9,1,2.302585092994046
siz,sız,ADP,ADP,0.3340274831620072,2.1348321686976823,AUX,"ADP: 0.33, AUX: 0.31, CCONJ: 0.24",True,28,0,3.367295829986474
lik,lığına,ADP,ADP,0.33964052826958785,2.298304718960893,AUX,"ADP: 0.34, AUX: 0.27, CCONJ: 0.22, NUM: 0.08",True,26,0,3.295836866004329
ver,verin,VERB,VERB,1.0,0.0,,VERB: 1.00,True,138,0,4.9344739331306915
...,...,PUNCT,PUNCT,,,,,True,91,0,4.5217885770490405
resmi,Resmi,ADJ,ADJ,,,,,True,3,0,1.3862943611198906
tarih,tarihle,NOUN,NOUN,0.6852014470842112,0.8986351291097746,ADJ,"NOUN: 0.69, ADJ: 0.31",True,31,0,3.4657359027997265
",",",",PUNCT,PUNCT,,,,,True,2285,0,7.734558844354756
alternatif,alternatif,NOUN,NOUN,,,,,True,1,0,0.6931471805599453
tarih,tarih,NOUN,NOUN,0.6852014470842112,0.8986351291097746,ADJ,"NOUN: 0.69, ADJ: 0.31",True,31,0,3.4657359027997265
ara,arasında,ADJ,ADJ,0.45952551652597307,0.9952680248528016,NOUN,"NOUN: 0.54, ADJ: 0.46",True,73,0,4.30406509320417
bir,bir,DET,DET,0.49958184875865663,1.6482580173109218,NUM,"DET: 0.50, NUM: 0.30, ADJ: 0.15",True,616,0,6.424869023905388
seçim,seçim,NOUN,NOUN,0.1106570531404891,2.2285537930105863,CCONJ,"CCONJ: 0.32, PROPN: 0.23, ADV: 0.17, ADJ: 0.16, NOUN: 0.11",True,12,0,2.5649493574615367
yap,yapmak,VERB,VERB,1.0,0.0,,VERB: 1.00,True,209,0,5.3471075307174685
zorun,zorunda,NOUN,NOUN,,,,,True,3,0,1.3862943611198906
i,ymışız,AUX,AUX,0.47697018772995686,1.861138213598426,ADP,"AUX: 0.48, ADP: 0.26, CCONJ: 0.18, PROPN: 0.06",True,546,0,6.304448802421981
.,.,PUNCT,PUNCT,,,,,True,3283,0,8.096817470572319
öyle,Öyle,ADV,ADV,0.13971307685069986,1.047214932529053,PRON,"PRON: 0.78, ADV: 0.14",True,18,0,2.9444389791664403
de,diyorlar,VERB,VERB,0.7089626585740004,0.8700574815901702,CCONJ,"VERB: 0.71, CCONJ: 0.29",True,295,0,5.69035945432406
...,...,PUNCT,PUNCT,,,,,True,91,0,4.5217885770490405
bir,Bir,DET,DET,0.49958184875865663,1.6482580173109218,NUM,"DET: 0.50, NUM: 0.30, ADJ: 0.15",True,616,0,6.424869023905388
sabah,sabah,NOUN,NOUN,0.11450917871831384,0.7864342524726671,PRON,"PRON: 0.84, NOUN: 0.11",True,16,0,2.833213344056216
uyan,uyanıyorsunuz,VERB,VERB,,,,,True,9,0,2.302585092994046
ve,ve,CCONJ,CCONJ,0.23925769350174309,2.411623002364367,NUM,"NUM: 0.34, CCONJ: 0.24, ADJ: 0.14, DET: 0.11, PRON: 0.09, PROPN: 0.06",True,359,0,5.886104031450156
o,o,DET,DET,0.6447660992254824,1.4376147671166477,NUM,"DET: 0.64, NUM: 0.18, ADJ: 0.13",True,113,0,4.736198448394496
gün,güne,NOUN,NOUN,0.7766440096348868,0.7662482696838814,ADJ,"NOUN: 0.78, ADJ: 0.22",True,91,0,4.5217885770490405
kadar,kadar,ADP,ADP,0.3692723596113412,1.6932259529300686,AUX,"AUX: 0.42, ADP: 0.37, CCONJ: 0.17",True,105,0,4.663439094112067
ülke,ülkemizin,NOUN,NOUN,0.4198365377202642,1.523664474067324,PRON,"NOUN: 0.42, PRON: 0.38, ADJ: 0.20",True,13,0,2.6390573296152584
ve,ve,CCONJ,CCONJ,0.23925769350174309,2.411623002364367,NUM,"NUM: 0.34, CCONJ: 0.24, ADJ: 0.14, DET: 0.11, PRON: 0.09, PROPN: 0.06",True,359,0,5.886104031450156
yeryüzü,yeryüzünün,NOUN,NOUN,,,,,False,0,0,0.0
geçmiş,geçmişiyle,ADJ,NOUN,,,,,True,9,1,2.302585092994046
ilgili,ilgili,ADJ,ADJ,0.3778449130873198,1.9272226065946012,ADP,"ADJ: 0.38, ADP: 0.25, NOUN: 0.22, VERB: 0.16",True,30,0,3.4339872044851463
pek,pek,ADV,ADV,,,,,True,8,0,2.1972245773362196
çok,çok,ADJ,ADJ,0.11052386614726717,2.2021956458728464,DET,"DET: 0.40, NUM: 0.29, ADJ: 0.11, ADV: 0.07, CCONJ: 0.07",True,38,0,3.6635616461296463
olay,olayın,NOUN,NOUN,0.14473084876938566,0.8987501055667961,PRON,"PRON: 0.80, NOUN: 0.14, ADJ: 0.06",True,34,0,3.5553480614894135
doğru,doğru,ADJ,ADJ,0.048580374412309314,1.4872573401642235,PRON,"PRON: 0.69, NOUN: 0.10, PROPN: 0.09, ADV: 0.07",True,38,0,3.6635616461296463
ol,olmadığını,VERB,VERB,1.0,0.0,,VERB: 1.00,True,603,0,6.403574197934815
öğren,öğreniyorsunuz,VERB,VERB,0.7135740700319955,0.8640595219339143,CCONJ,"VERB: 0.71, CCONJ: 0.29",True,22,0,3.1354942159291497
.,.,PUNCT,PUNCT,,,,,True,3283,0,8.096817470572319
sultan,Sultan,NOUN,PROPN,,,,,False,0,1,0.0
Abdülhamid,Abdülhamid'in,PROPN,PROPN,,,,,False,0,0,0.0
o,o,PRON,DET,0.5961784524857141,1.6538184960634559,ADV,"PRON: 0.60, ADV: 0.24, CCONJ: 0.07, PROPN: 0.05",True,264,1,5.579729825986222
kadar,kadar,ADP,ADP,0.3692723596113412,1.6932259529300686,AUX,"AUX: 0.42, ADP: 0.37, CCONJ: 0.17",True,105,0,4.663439094112067
da,da,CCONJ,CCONJ,0.13730810580889885,1.6721173968196932,AUX,"AUX: 0.44, ADP: 0.38, CCONJ: 0.14",True,275,0,5.62040086571715
kötü,kötü,ADJ,ADJ,,,,,True,9,0,2.302585092994046
bir,bir,DET,DET,0.49958184875865663,1.6482580173109218,NUM,"DET: 0.50, NUM: 0.30, ADJ: 0.15",True,616,0,6.424869023905388
insan,insan,NOUN,NOUN,0.6842686317549259,0.8996789321325918,ADJ,"NOUN: 0.68, ADJ: 0.32",True,68,0,4.23410650459726
ol,olmadığını,VERB,VERB,1.0,0.0,,VERB: 1.00,True,603,0,6.403574197934815
",",",",PUNCT,PUNCT,,,,,True,2285,0,7.734558844354756
Vahdettin,Vahdettin'in,PROPN,PROPN,,,,,True,1,0,0.6931471805599453
sabah,sabah,NOUN,NOUN,0.11450917871831384,0.7864342524726671,PRON,"PRON: 0.84, NOUN: 0.11",True,16,0,2.833213344056216
akşam,akşam,NOUN,NOUN,0.543237782580388,1.4254235433890245,PROPN,"NOUN: 0.54, PROPN: 0.29, ADJ: 0.16",True,13,0,2.6390573296152584
imparatorluk,imparatorluğu,NOUN,NOUN,,,,,True,2,0,1.0986122886681098
İngiliz,İngilizlere,ADJ,ADJ,,,,,True,4,0,1.6094379124341003
sat,satmayı,VERB,VERB,1.0,0.0,,VERB: 1.00,True,12,0,2.5649493574615367
düşün,düşünmediğini,VERB,VERB,0.7113540833748332,0.8669656577665865,CCONJ,"VERB: 0.71, CCONJ: 0.29",True,61,0,4.127134385045092
oku,okuyorsunuz,VERB,VERB,1.0,0.0,,VERB: 1.00,True,29,0,3.4011973816621555
.,.,PUNCT,PUNCT,,,,,True,3283,0,8.096817470572319
Fatih,Fatih'in,PROPN,PROPN,,,,,True,1,0,0.6931471805599453
",",",",PUNCT,PUNCT,,,,,True,2285,0,7.734558844354756
gemi,gemileri,NOUN,NOUN,,,,,True,1,0,0.6931471805599453
Haliç,Haliç'e,PROPN,PROPN,,,,,False,0,0,0.0
kara,karadan,ADJ,ADJ,,,,,True,7,0,2.0794415416798357
in,indirme,VERB,VERB,1.0,0.0,,VERB: 1.00,True,16,0,2.833213344056216
plan,planının,NOUN,NOUN,,,,,True,8,0,2.1972245773362196
Fatih,Fatih'in,PROPN,PROPN,,,,,True,1,0,0.6931471805599453
kafa,kafasından,NOUN,NOUN,0.11312777865829834,1.7506345330582818,PRON,"PRON: 0.60, ADV: 0.14, NOUN: 0.11, PROPN: 0.10, ADJ: 0.05",True,15,0,2.772588722239781
çık,çıkmadığını,VERB,VERB,1.0,0.0,,VERB: 1.00,True,80,0,4.394449154672439
",",",",PUNCT,PUNCT,,,,,True,2285,0,7.734558844354756
Said,Said,PROPN,PROPN,,,,,False,0,0,0.0
Nursi,Nursi'nin,PROPN,PROPN,,,,,False,0,0,0.0
-,-,PUNCT,PUNCT,,,,,True,74,0,4.31748811353631
i,i,NOUN,NOUN,,,,,True,2,0,1.0986122886681098
de,de,CCONJ,CCONJ,0.13783772654910434,1.6723904656042283,AUX,"AUX: 0.44, ADP: 0.38, CCONJ: 0.14",True,326,0,5.7899601708972535
arka,arkasına,ADJ,ADJ,0.2353351102688727,1.4691297226591569,PRON,"PRON: 0.53, NOUN: 0.24, ADJ: 0.24",True,26,0,3.295836866004329
Nurcu,Nurcu,PROPN,PROPN,,,,,False,0,0,0.0
ordu,ordularını,NOUN,NOUN,,,,,True,2,0,1.0986122886681098
topla,toplayıp,VERB,VERB,,,,,True,9,0,2.302585092994046
başkent,başkente,NOUN,NOUN,,,,,True,2,0,1.0986122886681098
yürü,yürüme,VERB,VERB,0.9696329731056629,0.1962291533592685,NOUN,VERB: 0.97,True,18,0,2.9444389791664403
plan,planları,NOUN,NOUN,,,,,True,8,0,2.1972245773362196
yap,yapmadığını,VERB,VERB,1.0,0.0,,VERB: 1.00,True,209,0,5.3471075307174685
işit,işitiyorsunuz,VERB,VERB,,,,,False,0,0,0.0
.,.,PUNCT,PUNCT,,,,,True,3283,0,8.096817470572319
Kristof,Kristof,PROPN,PROPN,,,,,False,0,0,0.0
Kolomb,Kolomb'un,PROPN,PROPN,,,,,False,0,0,0.0
",",",",PUNCT,PUNCT,,,,,True,2285,0,7.734558844354756
öyle,öyle,ADV,ADV,0.13971307685069986,1.047214932529053,PRON,"PRON: 0.78, ADV: 0.14",True,18,0,2.9444389791664403
insanlık,insanlık,NOUN,NOUN,,,,,True,5,0,1.791759469228055
ad,adına,NOUN,NOUN,0.6851128249231325,0.8987345457100178,ADJ,"NOUN: 0.69, ADJ: 0.31",True,27,0,3.332204510175204
keşif,keşiflere,NOUN,NOUN,,,,,True,1,0,0.6931471805599453
çık,çıkmış,VERB,VERB,1.0,0.0,,VERB: 1.00,True,80,0,4.394449154672439
bir,bir,DET,DET,0.49958184875865663,1.6482580173109218,NUM,"DET: 0.50, NUM: 0.30, ADJ: 0.15",True,616,0,6.424869023905388
seyyah,seyyah,NOUN,NOUN,,,,,False,0,0,0.0
değil,değil,AUX,AUX,0.684685125302444,0.8992136021504445,VERB,"AUX: 0.68, VERB: 0.32",True,72,0,4.290459441148391
",",",",PUNCT,PUNCT,,,,,True,2285,0,7.734558844354756
yeni,yeni,ADJ,ADJ,0.22068888520563854,1.3431848495027867,DET,"DET: 0.61, ADJ: 0.22, CCONJ: 0.17",True,50,0,3.9318256327243257
zenginlik,zenginlikler,NOUN,NOUN,,,,,True,3,0,1.3862943611198906
peş,peşinde,NOUN,NOUN,,,,,True,6,0,1.9459101490553132
koş,koşan,VERB,VERB,0.7157210183187309,1.1118797468105879,NOUN,"VERB: 0.72, NOUN: 0.20, ADJ: 0.09",True,17,0,2.8903717578961645
ve,ve,CCONJ,CCONJ,0.23925769350174309,2.411623002364367,NUM,"NUM: 0.34, CCONJ: 0.24, ADJ: 0.14, DET: 0.11, PRON: 0.09, PROPN: 0.06",True,359,0,5.886104031450156
tayfa,tayfasına,NOUN,NOUN,,,,,False,0,0,0.0
kan,kan,NOUN,NOUN,,,,,True,8,0,2.1972245773362196
kus,kusturan,VERB,VERB,,,,,False,0,0,0.0
zalim,zalim,ADJ,ADJ,,,,,True,1,0,0.6931471805599453
bir,bir,DET,DET,0.49958184875865663,1.6482580173109218,NUM,"DET: 0.50, NUM: 0.30, ADJ: 0.15",True,616,0,6.424869023905388
kaptan,kaptan,NOUN,NOUN,,,,,True,5,0,1.791759469228055
ol,olduğunu,VERB,VERB,1.0,0.0,,VERB: 1.00,True,603,0,6.403574197934815
fark,fark,NOUN,NOUN,0.6366314361633321,1.1826654627056212,ADJ,"NOUN: 0.64, ADJ: 0.30, VERB: 0.06",True,16,0,2.833213344056216
et,ediyorsunuz,VERB,VERB,0.021423477839648417,2.0747581498935594,AUX,"AUX: 0.33, ADP: 0.33, CCONJ: 0.23",True,260,0,5.564520407322694
.,.,PUNCT,PUNCT,,,,,True,3283,0,8.096817470572319
Hitler,Hitler'in,PROPN,PROPN,,,,,False,0,0,0.0
Almanya,Almanya,PROPN,PROPN,,,,,True,3,0,1.3862943611198906
için,için,ADP,ADP,0.4371344784042817,1.7284041476856495,AUX,"ADP: 0.44, AUX: 0.27, CCONJ: 0.25",True,159,0,5.075173815233827
kimi,kimi,DET,DET,0.7211686473829088,0.9023106254697965,ADJ,"DET: 0.72, ADJ: 0.27",True,11,0,2.4849066497880004
iyi,iyi,ADJ,ADJ,0.03291619485831978,1.0997597953020077,PRON,"PRON: 0.75, ADV: 0.18",True,58,0,4.07753744390572
şey,şeyler,NOUN,NOUN,0.7797490937613291,0.7606253858126094,ADJ,"NOUN: 0.78, ADJ: 0.22",True,102,0,4.634728988229636
yap,yaptığına,VERB,VERB,1.0,0.0,,VERB: 1.00,True,209,0,5.3471075307174685
",",",",PUNCT,PUNCT,,,,,True,2285,0,7.734558844354756
Karl,Karl,PROPN,PROPN,,,,,True,2,0,1.0986122886681098
mark,mark,NOUN,NOUN,,,,,False,0,0,0.0
i,s'ın,AUX,AUX,0.47697018772995686,1.861138213598426,ADP,"AUX: 0.48, ADP: 0.26, CCONJ: 0.18, PROPN: 0.06",True,546,0,6.304448802421981
dört,dört,NUM,NUM,0.25712852477475157,1.4850692870721207,DET,"DET: 0.59, NUM: 0.26, ADJ: 0.11",True,15,0,2.772588722239781
ayak,ayak,NOUN,NOUN,0.4353059028892786,1.5513317648345821,ADJ,"NOUN: 0.44, ADJ: 0.30, PROPN: 0.27",True,26,0,3.295836866004329
üst,üstünde,ADJ,ADJ,0.46638801387351886,0.9967377258438014,NOUN,"NOUN: 0.53, ADJ: 0.47",True,32,0,3.4965075614664802
çocuk,çocukları,NOUN,NOUN,0.41886901196129345,1.5243676922345937,PRON,"NOUN: 0.42, PRON: 0.38, ADJ: 0.20",True,59,0,4.0943445622221
sırt,sırtında,NOUN,NOUN,,,,,True,6,0,1.9459101490553132
gez,gezdiren,VERB,VERB,,,,,True,8,0,2.1972245773362196
",",",",PUNCT,PUNCT,,,,,True,2285,0,7.734558844354756
büyü,büyümeyen,VERB,VERB,0.3165899743190083,0.9006345605471494,AUX,"AUX: 0.68, VERB: 0.32",True,12,0,2.5649493574615367
bir,bir,DET,DET,0.49958184875865663,1.6482580173109218,NUM,"DET: 0.50, NUM: 0.30, ADJ: 0.15",True,616,0,6.424869023905388
çocuk,çocuk,ADV,ADV,,,,,True,1,0,0.6931471805599453
olarak,olarak,ADP,ADP,0.36855824759231326,2.0508940487493934,AUX,"ADP: 0.37, AUX: 0.30, CCONJ: 0.24",True,71,0,4.276666119016055
kal,kaldığına,VERB,VERB,1.0,0.0,,VERB: 1.00,True,77,0,4.356708826689592
hayret,hayretle,ADV,ADV,,,,,False,0,0,0.0
muttali,muttali,ADJ,ADJ,,,,,False,0,0,0.0
ol,oluyorsunuz,VERB,VERB,1.0,0.0,,VERB: 1.00,True,603,0,6.403574197934815
.,.,PUNCT,PUNCT,,,,,True,3283,0,8.096817470572319
kahraman,Kahramanlarınızın,ADJ,ADJ,,,,,False,0,0,0.0
",",",",PUNCT,PUNCT,,,,,True,2285,0,7.734558844354756
kadın,kadın,ADJ,ADJ,0.22426573119393564,0.7678804621873997,NOUN,"NOUN: 0.78, ADJ: 0.22",True,40,0,3.713572066704308
-,-,PUNCT,PUNCT,,,,,True,74,0,4.31748811353631
erkek,erkek,ADJ,ADJ,0.2550214721482965,1.9837572266938677,DET,"DET: 0.30, ADJ: 0.26, PRON: 0.24, NOUN: 0.20",True,24,0,3.2188758248682006
ilişki,ilişkilerine,NOUN,NOUN,0.6341712050128674,1.193890856830851,ADJ,"NOUN: 0.63, ADJ: 0.30, VERB: 0.06",True,14,0,2.70805020110221
dönük,dönük,ADJ,ADJ,,,,,True,1,0,0.6931471805599453
yön,yönlerinde,NOUN,NOUN,0.77928827027052,0.7614649727678725,ADJ,"NOUN: 0.78, ADJ: 0.22",True,14,0,2.70805020110221
de,de,CCONJ,CCONJ,0.13783772654910434,1.6723904656042283,AUX,"AUX: 0.44, ADP: 0.38, CCONJ: 0.14",True,326,0,5.7899601708972535
",",",",PUNCT,PUNCT,,,,,True,2285,0,7.734558844354756
kulak,kulaklarınıza,NOUN,NOUN,,,,,True,5,0,1.791759469228055
inan,inanamıyor,VERB,VERB,1.0,0.0,,VERB: 1.00,True,23,0,3.1780538303479458
ve,ve,CCONJ,CCONJ,0.23925769350174309,2.411623002364367,NUM,"NUM: 0.34, CCONJ: 0.24, ADJ: 0.14, DET: 0.11, PRON: 0.09, PROPN: 0.06",True,359,0,5.886104031450156
duy,duyduklarınızla,VERB,VERB,1.0,0.0,,VERB: 1.00,True,35,0,3.58351893845611
düş,düş,NOUN,NOUN,,,,,True,3,0,1.3862943611198906
kırıklık,kırıklıklarına,NOUN,NOUN,,,,,True,1,0,0.6931471805599453
duçar,duçar,ADJ,ADJ,,,,,False,0,0,0.0
ol,oluyorsunuz,VERB,VERB,1.0,0.0,,VERB: 1.00,True,603,0,6.403574197934815
.,.,PUNCT,PUNCT,,,,,True,3283,0,8.096817470572319
yarın,Yarına,NOUN,NOUN,,,,,True,7,0,2.0794415416798357
ilişkin,ilişkin,ADP,ADP,0.680428459192524,1.2642720722408258,CCONJ,"ADP: 0.68, CCONJ: 0.23",True,12,0,2.5649493574615367
hesap,hesaplarınız,NOUN,NOUN,0.7790271229504291,0.7619399733343014,ADJ,"NOUN: 0.78, ADJ: 0.22",True,12,0,2.5649493574615367
ve,ve,CCONJ,CCONJ,0.23925769350174309,2.411623002364367,NUM,"NUM: 0.34, CCONJ: 0.24, ADJ: 0.14, DET: 0.11, PRON: 0.09, PROPN: 0.06",True,359,0,5.886104031450156
kaygı,kaygılarınızda,NOUN,NOUN,,,,,True,2,0,1.0986122886681098
tarih,tarihin,NOUN,NOUN,0.6852014470842112,0.8986351291097746,ADJ,"NOUN: 0.69, ADJ: 0.31",True,31,0,3.4657359027997265
yanlış,yanlış,ADJ,ADJ,0.0914264789430462,1.3913938090881726,PRON,"PRON: 0.68, NOUN: 0.14, ADJ: 0.09, ADV: 0.08",True,16,0,2.833213344056216
kurgu,kurgusunda,NOUN,NOUN,,,,,False,0,0,0.0
ki,ki,ADP,ADP,0.352272282719127,2.181690690995641,AUX,"ADP: 0.35, AUX: 0.28, CCONJ: 0.23, NUM: 0.08",True,217,0,5.384495062789089
kare,karelerin,ADJ,NOUN,,,,,False,0,1,0.0
yer,yerlerinin,NOUN,NOUN,0.6105573897718891,0.964438903111094,ADJ,"NOUN: 0.61, ADJ: 0.39",True,111,0,4.718498871295094
değiş,değişmiş,VERB,VERB,1.0,0.0,,VERB: 1.00,True,26,0,3.295836866004329
ol,olması,VERB,VERB,1.0,0.0,,VERB: 1.00,True,603,0,6.403574197934815
ne,ne,PRON,PRON,0.657373909218341,1.5595369645973152,PROPN,"PRON: 0.66, PROPN: 0.14, ADV: 0.11, NOUN: 0.06",True,98,0,4.59511985013459
kadar,kadar,ADP,ADP,0.3692723596113412,1.6932259529300686,AUX,"AUX: 0.42, ADP: 0.37, CCONJ: 0.17",True,105,0,4.663439094112067
etkili,etkili,ADJ,ADJ,,,,,True,1,0,0.6931471805599453
.,.,PUNCT,PUNCT,,,,,True,3283,0,8.096817470572319
doğru,Doğruları,ADJ,ADJ,0.048580374412309314,1.4872573401642235,PRON,"PRON: 0.69, NOUN: 0.10, PROPN: 0.09, ADV: 0.07",True,38,0,3.6635616461296463
bil,bilmek,VERB,VERB,0.6930942464089043,1.0036086273143747,CCONJ,"VERB: 0.69, CCONJ: 0.28",True,101,0,4.624972813284271
zorun,zorunda,NOUN,NOUN,,,,,True,3,0,1.3862943611198906
i,yız,AUX,AUX,0.47697018772995686,1.861138213598426,ADP,"AUX: 0.48, ADP: 0.26, CCONJ: 0.18, PROPN: 0.06",True,546,0,6.304448802421981
",",",",PUNCT,PUNCT,,,,,True,2285,0,7.734558844354756
bu,bu,PRON,PRON,0.7006788109102466,1.3923524752663319,ADV,"PRON: 0.70, ADV: 0.14, CCONJ: 0.09, NOUN: 0.05",True,171,0,5.147494476813453
doğru,doğru,ADJ,ADJ,0.048580374412309314,1.4872573401642235,PRON,"PRON: 0.69, NOUN: 0.10, PROPN: 0.09, ADV: 0.07",True,38,0,3.6635616461296463
...,...,PUNCT,PUNCT,,,,,True,91,0,4.5217885770490405
yalan,Yalanlara,ADJ,ADJ,,,,,True,6,0,1.9459101490553132
ve,ve,CCONJ,CCONJ,0.23925769350174309,2.411623002364367,NUM,"NUM: 0.34, CCONJ: 0.24, ADJ: 0.14, DET: 0.11, PRON: 0.09, PROPN: 0.06",True,359,0,5.886104031450156
yanlış,yanlışlara,ADJ,ADJ,0.0914264789430462,1.3913938090881726,PRON,"PRON: 0.68, NOUN: 0.14, ADJ: 0.09, ADV: 0.08",True,16,0,2.833213344056216
ömür,ömür,NOUN,NOUN,,,,,True,1,0,0.6931471805599453
boy,boyu,NOUN,NOUN,,,,,True,7,0,2.0794415416798357
mahkum,mahkum,ADJ,ADJ,,,,,False,0,0,0.0
et,edilmiş,VERB,VERB,0.021423477839648417,2.0747581498935594,AUX,"AUX: 0.33, ADP: 0.33, CCONJ: 0.23",True,260,0,5.564520407322694
birey,bireyler,NOUN,NOUN,,,,,True,1,0,0.6931471805599453
ve,ve,CCONJ,CCONJ,0.23925769350174309,2.411623002364367,NUM,"NUM: 0.34, CCONJ: 0.24, ADJ: 0.14, DET: 0.11, PRON: 0.09, PROPN: 0.06",True,359,0,5.886104031450156
toplum,toplumların,NOUN,NOUN,0.48719944933490034,1.5094379631236532,PROPN,"NOUN: 0.49, PROPN: 0.28, ADJ: 0.23",True,16,0,2.833213344056216
dışarı,dışarıdan,NOUN,NOUN,,,,,True,7,0,2.0794415416798357
görüntü,görüntüsünün,NOUN,NOUN,,,,,True,5,0,1.791759469228055
zeka,zeka,NOUN,NOUN,,,,,True,6,0,1.9459101490553132
sefalet,sefaletiyle,NOUN,NOUN,,,,,False,0,0,0.0
eşdeğer,eşdeğer,ADJ,ADJ,,,,,False,0,0,0.0
olacak,olacağı,ADJ,ADJ,0.11600682008236941,0.8841241031373779,NOUN,"NOUN: 0.81, ADJ: 0.12, VERB: 0.07",True,12,0,2.5649493574615367
da,da,CCONJ,CCONJ,0.13730810580889885,1.6721173968196932,AUX,"AUX: 0.44, ADP: 0.38, CCONJ: 0.14",True,275,0,5.62040086571715
doğru,doğru,ADJ,ADJ,0.048580374412309314,1.4872573401642235,PRON,"PRON: 0.69, NOUN: 0.10, PROPN: 0.09, ADV: 0.07",True,38,0,3.6635616461296463
...,...,PUNCT,PUNCT,,,,,True,91,0,4.5217885770490405
dön,Dönmüyor,VERB,VERB,1.0,0.0,,VERB: 1.00,True,37,0,3.6375861597263857
da,da,CCONJ,CCONJ,0.13730810580889885,1.6721173968196932,AUX,"AUX: 0.44, ADP: 0.38, CCONJ: 0.14",True,275,0,5.62040086571715
zaten,zaten,ADV,ADV,0.2332201987875194,1.8728521032390881,PRON,"PRON: 0.41, CCONJ: 0.29, ADV: 0.23, PROPN: 0.05",True,17,0,2.8903717578961645
...,...,PUNCT,PUNCT,,,,,True,91,0,4.5217885770490405
tarih,Tarihi,NOUN,NOUN,0.6852014470842112,0.8986351291097746,ADJ,"NOUN: 0.69, ADJ: 0.31",True,31,0,3.4657359027997265
",",",",PUNCT,PUNCT,,,,,True,2285,0,7.734558844354756
yaşa,yaşanmış,VERB,VERB,1.0,0.0,,VERB: 1.00,True,55,0,4.02535169073515
_,ların,ADP,ADP,,,,,True,70,0,4.2626798770413155
hatıra,hatıra,NOUN,NOUN,,,,,True,2,0,1.0986122886681098
defter,defteri,NOUN,NOUN,,,,,True,1,0,0.6931471805599453
ol,olmaktan,VERB,VERB,1.0,0.0,,VERB: 1.00,True,603,0,6.403574197934815
çıkar,çıkarıp,VERB,VERB,1.0,0.0,,VERB: 1.00,True,34,0,3.5553480614894135
gelecek,geleceğimizin,ADJ,VERB,0.16327465084826548,2.5452423233122383,NUM,"NUM: 0.23, PRON: 0.18, ADV: 0.18, ADJ: 0.16, NOUN: 0.13, PROPN: 0.12",True,13,1,2.6390573296152584
yol,yol,NOUN,NOUN,0.6842241948632438,0.8997285111212396,ADJ,"NOUN: 0.68, ADJ: 0.32",True,46,0,3.8501476017100584
göster,gösteren,VERB,VERB,1.0,0.0,,VERB: 1.00,True,36,0,3.6109179126442243
rehber,rehberi,NOUN,NOUN,,,,,True,2,0,1.0986122886681098
olarak,olarak,ADP,ADP,0.36855824759231326,2.0508940487493934,AUX,"ADP: 0.37, AUX: 0.30, CCONJ: 0.24",True,71,0,4.276666119016055
gör,gördükçe,VERB,VERB,1.0,0.0,,VERB: 1.00,True,81,0,4.406719247264253
",",",",PUNCT,PUNCT,,,,,True,2285,0,7.734558844354756
tarih,tarihi,NOUN,NOUN,0.6852014470842112,0.8986351291097746,ADJ,"NOUN: 0.69, ADJ: 0.31",True,31,0,3.4657359027997265
tekrarla,tekrarlar,VERB,NOUN,,,,,True,2,1,1.0986122886681098
dur,dururuz,VERB,VERB,1.0,0.0,,VERB: 1.00,True,27,0,3.332204510175204
.,.,PUNCT,PUNCT,,,,,True,3283,0,8.096817470572319
o,O,DET,DET,0.6447660992254824,1.4376147671166477,NUM,"DET: 0.64, NUM: 0.18, ADJ: 0.13",True,113,0,4.736198448394496
anlam,anlamda,NOUN,NOUN,1.0,0.0,,NOUN: 1.00,True,14,0,2.70805020110221
",",",",PUNCT,PUNCT,,,,,True,2285,0,7.734558844354756
tarih,tarihin,NOUN,NOUN,0.6852014470842112,0.8986351291097746,ADJ,"NOUN: 0.69, ADJ: 0.31",True,31,0,3.4657359027997265
doğru,doğrusu,ADJ,ADJ,0.048580374412309314,1.4872573401642235,PRON,"PRON: 0.69, NOUN: 0.10, PROPN: 0.09, ADV: 0.07",True,38,0,3.6635616461296463
ya,ya,CCONJ,CCONJ,0.14638418649042423,2.502374351780982,AUX,"AUX: 0.40, PRON: 0.15, CCONJ: 0.15, PROPN: 0.10, ADV: 0.08, ADP: 0.05",True,66,0,4.204692619390966
da,da,CCONJ,CCONJ,0.13730810580889885,1.6721173968196932,AUX,"AUX: 0.44, ADP: 0.38, CCONJ: 0.14",True,275,0,5.62040086571715
yanlış,yanlışı,ADJ,ADJ,0.0914264789430462,1.3913938090881726,PRON,"PRON: 0.68, NOUN: 0.14, ADJ: 0.09, ADV: 0.08",True,16,0,2.833213344056216
çok,çok,ADV,ADV,0.33203987735528007,1.3405495937378578,PRON,"PRON: 0.59, ADV: 0.33, ADJ: 0.05",True,97,0,4.584967478670572
da,da,CCONJ,CCONJ,0.13730810580889885,1.6721173968196932,AUX,"AUX: 0.44, ADP: 0.38, CCONJ: 0.14",True,275,0,5.62040086571715
fark,fark,NOUN,NOUN,0.6366314361633321,1.1826654627056212,ADJ,"NOUN: 0.64, ADJ: 0.30, VERB: 0.06",True,16,0,2.833213344056216
et,etmiyor,VERB,VERB,0.021423477839648417,2.0747581498935594,AUX,"AUX: 0.33, ADP: 0.33, CCONJ: 0.23",True,260,0,5.564520407322694
.,.,PUNCT,PUNCT,,,,,True,3283,0,8.096817470572319
tarih,Tarihi,NOUN,NOUN,0.6852014470842112,0.8986351291097746,ADJ,"NOUN: 0.69, ADJ: 0.31",True,31,0,3.4657359027997265
",",",",PUNCT,PUNCT,,,,,True,2285,0,7.734558844354756
iç,içinden,ADJ,ADJ,0.5266476463656918,0.9979501219428724,NOUN,"ADJ: 0.53, NOUN: 0.47",True,71,0,4.276666119016055
ders,dersler,NOUN,NOUN,,,,,True,4,0,1.6094379124341003
çıkar,çıkarılacak,VERB,VERB,1.0,0.0,,VERB: 1.00,True,34,0,3.5553480614894135
cep,cep,NOUN,NOUN,,,,,True,4,0,1.6094379124341003
kılavuz,kılavuzu,NOUN,NOUN,,,,,False,0,0,0.0
ol,olmaktan,VERB,VERB,1.0,0.0,,VERB: 1.00,True,603,0,6.403574197934815
kültür,kültür,NOUN,NOUN,,,,,True,5,0,1.791759469228055
boyut,boyutuna,NOUN,NOUN,,,,,True,2,0,1.0986122886681098
taşı,taşımak,VERB,VERB,1.0,0.0,,VERB: 1.00,True,20,0,3.044522437723423
gerek,gerekiyor,VERB,VERB,0.5748381538387066,1.4766281055453563,CCONJ,"VERB: 0.57, CCONJ: 0.30, NOUN: 0.07, ADJ: 0.06",True,47,0,3.871201010907891
.,.,PUNCT,PUNCT,,,,,True,3283,0,8.096817470572319
kültür,Kültürün,NOUN,NOUN,,,,,True,5,0,1.791759469228055
her,her,DET,DET,0.5393270671644539,1.4044282159240997,NUM,"DET: 0.54, NUM: 0.36, ADJ: 0.09",True,91,0,4.5217885770490405
türlü,türlüsünün,ADJ,ADJ,,,,,True,9,0,2.302585092994046
de,de,CCONJ,CCONJ,0.13783772654910434,1.6723904656042283,AUX,"AUX: 0.44, ADP: 0.38, CCONJ: 0.14",True,326,0,5.7899601708972535
sahte,sahte,ADJ,ADJ,,,,,False,0,0,0.0
renk,renklerden,NOUN,NOUN,,,,,True,9,0,2.302585092994046
ve,ve,CCONJ,CCONJ,0.23925769350174309,2.411623002364367,NUM,"NUM: 0.34, CCONJ: 0.24, ADJ: 0.14, DET: 0.11, PRON: 0.09, PROPN: 0.06",True,359,0,5.886104031450156
boya,boyalardan,NOUN,NOUN,,,,,True,2,0,1.0986122886681098
arın,arınması,VERB,VERB,,,,,False,0,0,0.0
elzem,elzem,ADJ,ADJ,,,,,False,0,0,0.0
...,...,PUNCT,PUNCT,,,,,True,91,0,4.5217885770490405
resmi,Resmi,ADJ,ADJ,,,,,True,3,0,1.3862943611198906
ve,ve,CCONJ,CCONJ,0.23925769350174309,2.411623002364367,NUM,"NUM: 0.34, CCONJ: 0.24, ADJ: 0.14, DET: 0.11, PRON: 0.09, PROPN: 0.06",True,359,0,5.886104031450156
alternatif,alternatif,NOUN,NOUN,,,,,True,1,0,0.6931471805599453
tarih,tarih,NOUN,NOUN,0.6852014470842112,0.8986351291097746,ADJ,"NOUN: 0.69, ADJ: 0.31",True,31,0,3.4657359027997265
tartış,tartışmalarını,VERB,VERB,1.0,0.0,,VERB: 1.00,True,21,0,3.091042453358316
",",",",PUNCT,PUNCT,,,,,True,2285,0,7.734558844354756
kültür,kültürün,NOUN,NOUN,,,,,True,5,0,1.791759469228055
toz,tozlarından,NOUN,NOUN,,,,,False,0,0,0.0
arın,arınması,VERB,VERB,,,,,False,0,0,0.0
olarak,olarak,ADP,ADP,0.36855824759231326,2.0508940487493934,AUX,"ADP: 0.37, AUX: 0.30, CCONJ: 0.24",True,71,0,4.276666119016055
gör,görmek,VERB,VERB,1.0,0.0,,VERB: 1.00,True,81,0,4.406719247264253
de,de,CCONJ,CCONJ,0.13783772654910434,1.6723904656042283,AUX,"AUX: 0.44, ADP: 0.38, CCONJ: 0.14",True,326,0,5.7899601708972535
en,en,ADV,ADV,0.22782607963906426,2.317896341903966,CCONJ,"CCONJ: 0.30, ADV: 0.23, PROPN: 0.21, ADJ: 0.14, PRON: 0.11",True,92,0,4.532599493153256
doğru,doğrusu,ADJ,ADJ,0.048580374412309314,1.4872573401642235,PRON,"PRON: 0.69, NOUN: 0.10, PROPN: 0.09, ADV: 0.07",True,38,0,3.6635616461296463
...,...,PUNCT,PUNCT,,,,,True,91,0,4.5217885770490405
ama,Ama,CCONJ,CCONJ,0.26313102212215905,1.8047829885976687,PRON,"PRON: 0.46, CCONJ: 0.26, ADV: 0.22",True,139,0,4.941642422609304
o,o,PRON,PRON,0.5961784524857141,1.6538184960634559,ADV,"PRON: 0.60, ADV: 0.24, CCONJ: 0.07, PROPN: 0.05",True,264,0,5.579729825986222
kadar,kadar,ADP,ADP,0.3692723596113412,1.6932259529300686,AUX,"AUX: 0.42, ADP: 0.37, CCONJ: 0.17",True,105,0,4.663439094112067
...,...,PUNCT,PUNCT,,,,,True,91,0,4.5217885770490405
yarın,Yarının,NOUN,NOUN,,,,,True,7,0,2.0794415416798357
yaşam,yaşam,NOUN,NOUN,0.26359129726714015,1.981634508277126,PRON,"PRON: 0.29, NOUN: 0.26, ADJ: 0.26, PROPN: 0.19",True,24,0,3.2188758248682006
tarz,tarzını,NOUN,NOUN,,,,,True,3,0,1.3862943611198906
",",",",PUNCT,PUNCT,,,,,True,2285,0,7.734558844354756
yarın,yarına,NOUN,NOUN,,,,,True,7,0,2.0794415416798357
ait,ait,ADP,ADP,,,,,True,7,0,2.0794415416798357
kural,kurallar,NOUN,NOUN,,,,,True,6,0,1.9459101490553132
belirle,belirleyecek,VERB,VERB,1.0,0.0,,VERB: 1.00,True,19,0,2.995732273553991
ki,ki,CCONJ,CCONJ,0.1806152397797589,1.9747454841180783,AUX,"AUX: 0.51, CCONJ: 0.18, ADP: 0.18, ADV: 0.07",True,81,0,4.406719247264253
",",",",PUNCT,PUNCT,,,,,True,2285,0,7.734558844354756
galiba,galiba,ADV,ADV,,,,,True,6,0,1.9459101490553132
o,onun,PRON,PRON,0.5961784524857141,1.6538184960634559,ADV,"PRON: 0.60, ADV: 0.24, CCONJ: 0.07, PROPN: 0.05",True,264,0,5.579729825986222
ad,adına,NOUN,NOUN,0.6851128249231325,0.8987345457100178,ADJ,"NOUN: 0.69, ADJ: 0.31",True,27,0,3.332204510175204
devrim,devrim,NOUN,NOUN,0.8786247169976588,0.5333011961179083,ADJ,"NOUN: 0.88, ADJ: 0.12",True,12,0,2.5649493574615367
de,diyorlar,VERB,VERB,0.7089626585740004,0.8700574815901702,CCONJ,"VERB: 0.71, CCONJ: 0.29",True,295,0,5.69035945432406
.,.,PUNCT,PUNCT,,,,,True,3283,0,8.096817470572319
dün,Dün,NOUN,NOUN,,,,,True,6,0,1.9459101490553132
ne,ne,PRON,PRON,0.657373909218341,1.5595369645973152,PROPN,"PRON: 0.66, PROPN: 0.14, ADV: 0.11, NOUN: 0.06",True,98,0,4.59511985013459
ol,olduysa,VERB,VERB,1.0,0.0,,VERB: 1.00,True,603,0,6.403574197934815
ol,oldu,VERB,VERB,1.0,0.0,,VERB: 1.00,True,603,0,6.403574197934815
...,...,PUNCT,PUNCT,,,,,True,91,0,4.5217885770490405
bugün,Bugünün,NOUN,NOUN,0.022136295336893458,1.2503911124781508,PRON,"PRON: 0.66, ADV: 0.27, PROPN: 0.05",True,27,0,3.332204510175204
Türkiye,Türkiye'sinde,PROPN,PROPN,0.059663484087279214,2.091524984270449,NUM,"NUM: 0.48, PRON: 0.19, CCONJ: 0.16, ADJ: 0.07, PROPN: 0.06",True,30,0,3.4339872044851463
yaşa,yaşayan,VERB,VERB,1.0,0.0,,VERB: 1.00,True,55,0,4.02535169073515
_,lar,ADP,ADP,,,,,True,70,0,4.2626798770413155
çöz,çözecekler,VERB,VERB,,,,,True,8,0,2.1972245773362196
Türkiye,Türkiye'nin,PROPN,PROPN,0.059663484087279214,2.091524984270449,NUM,"NUM: 0.48, PRON: 0.19, CCONJ: 0.16, ADJ: 0.07, PROPN: 0.06",True,30,0,3.4339872044851463
sorun,sorunlarını,NOUN,NOUN,0.7779423061342887,0.7639070323785578,ADJ,"NOUN: 0.78, ADJ: 0.22",True,18,0,2.9444389791664403
.,.,PUNCT,PUNCT,,,,,True,3283,0,8.096817470572319
yarın,Yarının,NOUN,NOUN,,,,,True,7,0,2.0794415416798357
hayal,hayal,NOUN,NOUN,,,,,True,7,0,2.0794415416798357
et,edilmiş,VERB,VERB,0.021423477839648417,2.0747581498935594,AUX,"AUX: 0.33, ADP: 0.33, CCONJ: 0.23",True,260,0,5.564520407322694
dünya,dünyasına,NOUN,NOUN,0.6875493916276434,0.895982041192993,ADJ,"NOUN: 0.69, ADJ: 0.31",True,50,0,3.9318256327243257
göre,göre,ADP,ADP,0.41770577295576294,1.830188214073782,AUX,"ADP: 0.42, AUX: 0.30, CCONJ: 0.23",True,38,0,3.6635616461296463
vizyon,vizyonları,NOUN,NOUN,,,,,True,1,0,0.6931471805599453
ol,olan,VERB,VERB,1.0,0.0,,VERB: 1.00,True,603,0,6.403574197934815
_,lar,ADP,ADP,,,,,True,70,0,4.2626798770413155
",",",",PUNCT,PUNCT,,,,,True,2285,0,7.734558844354756
yarın,yarına,NOUN,NOUN,,,,,True,7,0,2.0794415416798357
geç,geçecek,VERB,VERB,1.0,0.0,,VERB: 1.00,True,62,0,4.143134726391533
sınır,sınırdan,NOUN,NOUN,,,,,True,6,0,1.9459101490553132
...,...,PUNCT,PUNCT,,,,,True,91,0,4.5217885770490405
bir,Bir,DET,DET,0.49958184875865663,1.6482580173109218,NUM,"DET: 0.50, NUM: 0.30, ADJ: 0.15",True,616,0,6.424869023905388
sabah,sabah,NOUN,NOUN,0.11450917871831384,0.7864342524726671,PRON,"PRON: 0.84, NOUN: 0.11",True,16,0,2.833213344056216
uyan,uyandınız,VERB,VERB,,,,,True,9,0,2.302585092994046
ve,ve,CCONJ,CCONJ,0.23925769350174309,2.411623002364367,NUM,"NUM: 0.34, CCONJ: 0.24, ADJ: 0.14, DET: 0.11, PRON: 0.09, PROPN: 0.06",True,359,0,5.886104031450156
ulusal,ulusal,ADJ,ADJ,,,,,True,4,0,1.6094379124341003
tarih,tarihinizde,NOUN,NOUN,0.6852014470842112,0.8986351291097746,ADJ,"NOUN: 0.69, ADJ: 0.31",True,31,0,3.4657359027997265
ki,ki,ADP,ADP,0.352272282719127,2.181690690995641,AUX,"ADP: 0.35, AUX: 0.28, CCONJ: 0.23, NUM: 0.08",True,217,0,5.384495062789089
bir,bir,DET,DET,0.49958184875865663,1.6482580173109218,NUM,"DET: 0.50, NUM: 0.30, ADJ: 0.15",True,616,0,6.424869023905388
gemi,geminin,NOUN,NOUN,,,,,True,1,0,0.6931471805599453
o,o,PRON,DET,0.5961784524857141,1.6538184960634559,ADV,"PRON: 0.60, ADV: 0.24, CCONJ: 0.07, PROPN: 0.05",True,264,1,5.579729825986222
kadar,kadar,ADP,ADP,0.3692723596113412,1.6932259529300686,AUX,"AUX: 0.42, ADP: 0.37, CCONJ: 0.17",True,105,0,4.663439094112067
da,da,CCONJ,CCONJ,0.13730810580889885,1.6721173968196932,AUX,"AUX: 0.44, ADP: 0.38, CCONJ: 0.14",True,275,0,5.62040086571715
köhne,köhne,ADJ,NOUN,,,,,False,0,1,0.0
ol,olmadığını,VERB,VERB,1.0,0.0,,VERB: 1.00,True,603,0,6.403574197934815
öğren,öğrendiniz,VERB,VERB,0.7135740700319955,0.8640595219339143,CCONJ,"VERB: 0.71, CCONJ: 0.29",True,22,0,3.1354942159291497
.,.,PUNCT,PUNCT,,,,,True,3283,0,8.096817470572319
ve,Ve,CCONJ,CCONJ,0.23925769350174309,2.411623002364367,NUM,"NUM: 0.34, CCONJ: 0.24, ADJ: 0.14, DET: 0.11, PRON: 0.09, PROPN: 0.06",True,359,0,5.886104031450156
fakat,fakat,CCONJ,CCONJ,,,,,True,10,0,2.3978952727983707
bu,bu,DET,DET,0.6017857940157323,1.5300103231456785,NUM,"DET: 0.60, NUM: 0.20, ADJ: 0.15",True,350,0,5.860786223465865
yeni,yeni,ADJ,ADJ,0.22068888520563854,1.3431848495027867,DET,"DET: 0.61, ADJ: 0.22, CCONJ: 0.17",True,50,0,3.9318256327243257
gerçek,gerçek,ADJ,ADJ,0.4623612727439735,0.9959084741375528,NOUN,"NOUN: 0.54, ADJ: 0.46",True,27,0,3.332204510175204
",",",",PUNCT,PUNCT,,,,,True,2285,0,7.734558844354756
Kadıköy,Kadıköy,PROPN,PROPN,,,,,False,0,0,0.0
vapur,vapurunun,NOUN,NOUN,,,,,False,0,0,0.0
karşı,karşıdan,ADJ,ADJ,0.4651418561178153,0.9964911451889301,NOUN,"NOUN: 0.53, ADJ: 0.47",True,15,0,2.772588722239781
karşı,karşıya,ADJ,ADJ,0.4651418561178153,0.9964911451889301,NOUN,"NOUN: 0.53, ADJ: 0.47",True,15,0,2.772588722239781
geçiş,geçiş,NOUN,NOUN,,,,,False,0,0,0.0
süre,süresini,NOUN,NOUN,0.8820365801913382,0.523478306365258,ADJ,"NOUN: 0.88, ADJ: 0.12",True,24,0,3.2188758248682006
hiçbir,hiçbir,DET,DET,0.5590022920065886,1.4972751375281939,NUM,"DET: 0.56, NUM: 0.32, ADJ: 0.08",True,17,0,2.8903717578961645
şekil,şekilde,NOUN,NOUN,0.7768352665630845,0.7659042550828407,ADJ,"NOUN: 0.78, ADJ: 0.22",True,15,0,2.772588722239781
değiş,değiştirmedi,VERB,VERB,1.0,0.0,,VERB: 1.00,True,26,0,3.295836866004329
.,.,PUNCT,PUNCT,,,,,True,3283,0,8.096817470572319
çünkü,Çünkü,CCONJ,CCONJ,0.28720708993411687,1.8754575576945738,PRON,"PRON: 0.41, CCONJ: 0.29, ADV: 0.23, PROPN: 0.05",True,28,0,3.367295829986474
...,...,PUNCT,PUNCT,,,,,True,91,0,4.5217885770490405
biz,Bize,PRON,PRON,0.5140713310358356,1.872132039681025,ADV,"PRON: 0.51, ADV: 0.19, CCONJ: 0.17, PROPN: 0.06, NOUN: 0.05",True,86,0,4.465908118654584
yarın,yarının,NOUN,NOUN,,,,,True,7,0,2.0794415416798357
yeni,yeni,ADJ,ADJ,0.22068888520563854,1.3431848495027867,DET,"DET: 0.61, ADJ: 0.22, CCONJ: 0.17",True,50,0,3.9318256327243257
şarkı,şarkılarını,NOUN,NOUN,,,,,True,6,0,1.9459101490553132
söyle,söyleyecek,VERB,VERB,0.721528986702589,0.8533590847777625,CCONJ,"VERB: 0.72, CCONJ: 0.28",True,89,0,4.499809670330265
yeni,yeni,ADJ,ADJ,0.22068888520563854,1.3431848495027867,DET,"DET: 0.61, ADJ: 0.22, CCONJ: 0.17",True,50,0,3.9318256327243257
insan,insanlar,NOUN,NOUN,0.6842686317549259,0.8996789321325918,ADJ,"NOUN: 0.68, ADJ: 0.32",True,68,0,4.23410650459726
lazım,lazım,ADJ,ADJ,,,,,True,5,0,1.791759469228055
...,...,PUNCT,PUNCT,,,,,True,91,0,4.5217885770490405
tam,Tam,ADJ,ADJ,,,,,True,10,0,2.3978952727983707
dört,dört,NUM,NUM,0.25712852477475157,1.4850692870721207,DET,"DET: 0.59, NUM: 0.26, ADJ: 0.11",True,15,0,2.772588722239781
yıl,yıl,NOUN,NOUN,0.29569595997941395,1.4054086954468807,PRON,"PRON: 0.55, NOUN: 0.30, ADJ: 0.15",True,68,0,4.23410650459726
önce,önce,ADP,ADP,0.5161242363988484,1.7862775296674653,CCONJ,"ADP: 0.52, CCONJ: 0.30, NUM: 0.10",True,41,0,3.7376696182833684
",",",",PUNCT,PUNCT,,,,,True,2285,0,7.734558844354756
ev,evimin,NOUN,NOUN,0.2165987183589658,2.0343315049689665,PRON,"PRON: 0.45, NOUN: 0.22, PROPN: 0.14, ADV: 0.11, ADJ: 0.08",True,113,0,4.736198448394496
tüm,tüm,DET,DET,0.6670142769264794,1.2477219724171198,ADJ,"DET: 0.67, ADJ: 0.19, CCONJ: 0.15",True,27,0,3.332204510175204
eşya,eşyasını,NOUN,NOUN,,,,,True,2,0,1.0986122886681098
kutu,kutulara,NOUN,NOUN,,,,,True,2,0,1.0986122886681098
dol,doldurup,VERB,VERB,1.0,0.0,,VERB: 1.00,True,20,0,3.044522437723423
bir,bir,DET,DET,0.49958184875865663,1.6482580173109218,NUM,"DET: 0.50, NUM: 0.30, ADJ: 0.15",True,616,0,6.424869023905388
depo,depoya,NOUN,NOUN,,,,,False,0,0,0.0
koy,koydular,VERB,VERB,1.0,0.0,,VERB: 1.00,True,23,0,3.1780538303479458
.,.,PUNCT,PUNCT,,,,,True,3283,0,8.096817470572319
ben,Ben,PRON,PRON,0.614767428544865,1.6599914502896118,ADV,"PRON: 0.61, ADV: 0.21, CCONJ: 0.08, PROPN: 0.06",True,310,0,5.739792912179234
uzak,uzak,ADJ,ADJ,0.06612593682668895,1.832694630405033,PRON,"PRON: 0.56, NOUN: 0.17, PROPN: 0.12, ADV: 0.09, ADJ: 0.07",True,15,0,2.772588722239781
bir,bir,DET,DET,0.49958184875865663,1.6482580173109218,NUM,"DET: 0.50, NUM: 0.30, ADJ: 0.15",True,616,0,6.424869023905388
yolculuk,yolculuğa,NOUN,NOUN,,,,,True,7,0,2.0794415416798357
çık,çıkıyordum,VERB,VERB,1.0,0.0,,VERB: 1.00,True,80,0,4.394449154672439
.,.,PUNCT,PUNCT,,,,,True,3283,0,8.096817470572319
okyanus,Okyanus,NOUN,NOUN,,,,,False,0,0,0.0
öte,ötesine,NOUN,NOUN,,,,,True,3,0,1.3862943611198906
...,...,PUNCT,PUNCT,,,,,True,91,0,4.5217885770490405
ne,Ne,ADJ,PRON,,,,,True,5,1,1.791759469228055
zaman,zaman,NOUN,NOUN,0.7768808568937368,0.7658222066504196,ADJ,"NOUN: 0.78, ADJ: 0.22",True,77,0,4.356708826689592
dön,döneceğim,VERB,VERB,1.0,0.0,,VERB: 1.00,True,37,0,3.6375861597263857
de,de,CCONJ,CCONJ,0.13783772654910434,1.6723904656042283,AUX,"AUX: 0.44, ADP: 0.38, CCONJ: 0.14",True,326,0,5.7899601708972535
belli,belli,ADJ,ADJ,0.1552551369395006,1.9247260843151064,PRON,"PRON: 0.53, ADJ: 0.16, NOUN: 0.12, PROPN: 0.11, ADV: 0.08",True,12,0,2.5649493574615367
değil,değildi,AUX,AUX,0.684685125302444,0.8992136021504445,VERB,"AUX: 0.68, VERB: 0.32",True,72,0,4.290459441148391
...,...,PUNCT,PUNCT,,,,,True,91,0,4.5217885770490405
sonunda,Sonunda,ADV,ADV,0.20339385922990083,1.5523752209999948,PRON,"PRON: 0.60, ADV: 0.20, PROPN: 0.16",True,13,0,2.6390573296152584
dön,döndüm,VERB,VERB,1.0,0.0,,VERB: 1.00,True,37,0,3.6375861597263857
.,.,PUNCT,PUNCT,,,,,True,3283,0,8.096817470572319
dün,Dün,NOUN,NOUN,,,,,True,6,0,1.9459101490553132
de,de,CCONJ,CCONJ,0.13783772654910434,1.6723904656042283,AUX,"AUX: 0.44, ADP: 0.38, CCONJ: 0.14",True,326,0,5.7899601708972535
bir,bir,DET,DET,0.49958184875865663,1.6482580173109218,NUM,"DET: 0.50, NUM: 0.30, ADJ: 0.15",True,616,0,6.424869023905388
kamyon,kamyon,NOUN,NOUN,,,,,True,1,0,0.6931471805599453
",",",",PUNCT,PUNCT,,,,,True,2285,0,7.734558844354756
kutu,kutuları,NOUN,NOUN,,,,,True,2,0,1.0986122886681098
ben,bana,PRON,PRON,0.614767428544865,1.6599914502896118,ADV,"PRON: 0.61, ADV: 0.21, CCONJ: 0.08, PROPN: 0.06",True,310,0,5.739792912179234
geri,geri,ADV,ADV,,,,,True,2,0,1.0986122886681098
getir,getirdi,VERB,VERB,1.0,0.0,,VERB: 1.00,True,42,0,3.7612001156935624
.,.,PUNCT,PUNCT,,,,,True,3283,0,8.096817470572319
dört,Dört,NUM,NUM,0.25712852477475157,1.4850692870721207,DET,"DET: 0.59, NUM: 0.26, ADJ: 0.11",True,15,0,2.772588722239781
yıl,yıl,NOUN,NOUN,0.29569595997941395,1.4054086954468807,PRON,"PRON: 0.55, NOUN: 0.30, ADJ: 0.15",True,68,0,4.23410650459726
dir,dır,ADP,ADP,,,,,True,4,0,1.6094379124341003
ben,benden,PRON,PRON,0.614767428544865,1.6599914502896118,ADV,"PRON: 0.61, ADV: 0.21, CCONJ: 0.08, PROPN: 0.06",True,310,0,5.739792912179234
ayrı,ayrı,ADJ,ADJ,0.0983765541110678,2.086618170621456,NUM,"NUM: 0.53, CCONJ: 0.12, ADJ: 0.10, NOUN: 0.10, PROPN: 0.09, ADV: 0.07",True,11,0,2.4849066497880004
dur,duran,VERB,VERB,1.0,0.0,,VERB: 1.00,True,27,0,3.332204510175204
",",",",PUNCT,PUNCT,,,,,True,2285,0,7.734558844354756
dört,dört,NUM,NUM,0.25712852477475157,1.4850692870721207,DET,"DET: 0.59, NUM: 0.26, ADJ: 0.11",True,15,0,2.772588722239781
yıl,yıl,NOUN,NOUN,0.29569595997941395,1.4054086954468807,PRON,"PRON: 0.55, NOUN: 0.30, ADJ: 0.15",True,68,0,4.23410650459726
dir,dır,ADP,ADP,,,,,True,4,0,1.6094379124341003
soğuk,soğuk,ADJ,ADJ,,,,,True,5,0,1.791759469228055
bir,bir,DET,DET,0.49958184875865663,1.6482580173109218,NUM,"DET: 0.50, NUM: 0.30, ADJ: 0.15",True,616,0,6.424869023905388
depo,deponun,NOUN,NOUN,,,,,False,0,0,0.0
duvar,duvarları,NOUN,NOUN,,,,,True,6,0,1.9459101490553132
ara,arasında,ADJ,ADJ,0.45952551652597307,0.9952680248528016,NOUN,"NOUN: 0.54, ADJ: 0.46",True,73,0,4.30406509320417
terk,terk,NOUN,NOUN,0.531543856465604,1.4442761835404323,ADJ,"NOUN: 0.53, ADJ: 0.29, VERB: 0.18",True,14,0,2.70805020110221
et,edilmiş,VERB,VERB,0.021423477839648417,2.0747581498935594,AUX,"AUX: 0.33, ADP: 0.33, CCONJ: 0.23",True,260,0,5.564520407322694
lik,lik,ADP,ADP,0.33964052826958785,2.298304718960893,AUX,"ADP: 0.34, AUX: 0.27, CCONJ: 0.22, NUM: 0.08",True,26,0,3.295836866004329
duygu,duygularını,NOUN,NOUN,0.23079199979938317,1.7073611952753653,PRON,"PRON: 0.45, PROPN: 0.28, NOUN: 0.23",True,35,0,3.58351893845611
yaşa,yaşayan,VERB,VERB,1.0,0.0,,VERB: 1.00,True,55,0,4.02535169073515
eşya,eşyam,NOUN,NOUN,,,,,True,2,0,1.0986122886681098
",",",",PUNCT,PUNCT,,,,,True,2285,0,7.734558844354756
aç,açılıp,VERB,VERB,1.0,0.0,,VERB: 1.00,True,44,0,3.8066624897703196
saç,saçıldı,VERB,VERB,,,,,True,1,0,0.6931471805599453
.,.,PUNCT,PUNCT,,,,,True,3283,0,8.096817470572319
toz,Toz,NOUN,NOUN,,,,,False,0,0,0.0
li,lu,ADP,ADP,0.2797323618856777,2.3836488217196035,AUX,"AUX: 0.30, ADP: 0.28, CCONJ: 0.23, NUM: 0.08",True,182,0,5.209486152841421
ve,ve,CCONJ,CCONJ,0.23925769350174309,2.411623002364367,NUM,"NUM: 0.34, CCONJ: 0.24, ADJ: 0.14, DET: 0.11, PRON: 0.09, PROPN: 0.06",True,359,0,5.886104031450156
solgun,solgun,ADJ,ADJ,,,,,False,0,0,0.0
i,dular,AUX,AUX,0.47697018772995686,1.861138213598426,ADP,"AUX: 0.48, ADP: 0.26, CCONJ: 0.18, PROPN: 0.06",True,546,0,6.304448802421981
.,.,PUNCT,PUNCT,,,,,True,3283,0,8.096817470572319
dört,Dört,NUM,NUM,0.25712852477475157,1.4850692870721207,DET,"DET: 0.59, NUM: 0.26, ADJ: 0.11",True,15,0,2.772588722239781
yıl,yıl,NOUN,NOUN,0.29569595997941395,1.4054086954468807,PRON,"PRON: 0.55, NOUN: 0.30, ADJ: 0.15",True,68,0,4.23410650459726
önce,önce,ADP,ADP,0.5161242363988484,1.7862775296674653,CCONJ,"ADP: 0.52, CCONJ: 0.30, NUM: 0.10",True,41,0,3.7376696182833684
",",",",PUNCT,PUNCT,,,,,True,2285,0,7.734558844354756
tüm,tüm,DET,DET,0.6670142769264794,1.2477219724171198,ADJ,"DET: 0.67, ADJ: 0.19, CCONJ: 0.15",True,27,0,3.332204510175204
bağlantı,bağlantımı,NOUN,NOUN,,,,,True,3,0,1.3862943611198906
kes,kesip,VERB,VERB,1.0,0.0,,VERB: 1.00,True,11,0,2.4849066497880004
at,attığım,VERB,VERB,1.0,0.0,,VERB: 1.00,True,26,0,3.295836866004329
geçmiş,geçmişim,ADJ,ADJ,,,,,True,9,0,2.302585092994046
geri,geri,ADJ,ADJ,0.11890081834870855,0.526193026563724,NOUN,"NOUN: 0.88, ADJ: 0.12",True,18,0,2.9444389791664403
dön,döndü,VERB,VERB,1.0,0.0,,VERB: 1.00,True,37,0,3.6375861597263857
.,.,PUNCT,PUNCT,,,,,True,3283,0,8.096817470572319
mazi,Mazim,ADJ,ADJ,,,,,False,0,0,0.0
kalbi,kalbimde,ADJ,ADJ,,,,,True,2,0,1.0986122886681098
bir,bir,DET,DET,0.49958184875865663,1.6482580173109218,NUM,"DET: 0.50, NUM: 0.30, ADJ: 0.15",True,616,0,6.424869023905388
yara,yara,NOUN,NOUN,,,,,True,7,0,2.0794415416798357
gibi,gibi,ADP,ADP,0.36045769630430313,1.8400611893764562,AUX,"ADP: 0.36, AUX: 0.30, CCONJ: 0.28",True,145,0,4.983606621708336
değil,değildi,AUX,AUX,0.684685125302444,0.8992136021504445,VERB,"AUX: 0.68, VERB: 0.32",True,72,0,4.290459441148391
...,...,PUNCT,PUNCT,,,,,True,91,0,4.5217885770490405
kana,Kanamıyordu,VERB,VERB,,,,,False,0,0,0.0
...,...,PUNCT,PUNCT,,,,,True,91,0,4.5217885770490405
ama,Ama,CCONJ,CCONJ,0.26313102212215905,1.8047829885976687,PRON,"PRON: 0.46, CCONJ: 0.26, ADV: 0.22",True,139,0,4.941642422609304
dök,dökülüp,VERB,VERB,,,,,True,10,0,2.3978952727983707
saç,saçılan,VERB,VERB,,,,,True,1,0,0.6931471805599453
eşya,eşyanın,NOUN,NOUN,,,,,True,2,0,1.0986122886681098
kırgın,kırgın,ADJ,ADJ,,,,,True,2,0,1.0986122886681098
ol,oldukları,VERB,VERB,1.0,0.0,,VERB: 1.00,True,603,0,6.403574197934815
her,her,DET,DET,0.5393270671644539,1.4044282159240997,NUM,"DET: 0.54, NUM: 0.36, ADJ: 0.09",True,91,0,4.5217885770490405
hal,hallerinden,NOUN,NOUN,0.8827204932470027,0.5214900012617804,ADJ,"NOUN: 0.88, ADJ: 0.12",True,40,0,3.713572066704308
belli,belli,ADJ,ADJ,0.1552551369395006,1.9247260843151064,PRON,"PRON: 0.53, ADJ: 0.16, NOUN: 0.12, PROPN: 0.11, ADV: 0.08",True,12,0,2.5649493574615367
i,ydi,AUX,AUX,0.47697018772995686,1.861138213598426,ADP,"AUX: 0.48, ADP: 0.26, CCONJ: 0.18, PROPN: 0.06",True,546,0,6.304448802421981
.,.,PUNCT,PUNCT,,,,,True,3283,0,8.096817470572319
albüm,Albümleri,NOUN,NOUN,,,,,True,2,0,1.0986122886681098
geri,geriye,ADJ,ADJ,0.11890081834870855,0.526193026563724,NOUN,"NOUN: 0.88, ADJ: 0.12",True,18,0,2.9444389791664403
doğru,doğru,ADP,ADP,0.603356309009717,1.3846799551995925,CCONJ,"ADP: 0.60, CCONJ: 0.30, ADV: 0.06",True,20,0,3.044522437723423
çevir,çevirdim,VERB,VERB,1.0,0.0,,VERB: 1.00,True,11,0,2.4849066497880004
.,.,PUNCT,PUNCT,,,,,True,3283,0,8.096817470572319
70,70'lere,NUM,NUM,,,,,False,0,0,0.0
kadar,kadar,ADP,ADP,0.3692723596113412,1.6932259529300686,AUX,"AUX: 0.42, ADP: 0.37, CCONJ: 0.17",True,105,0,4.663439094112067
git,gidebildim,VERB,VERB,1.0,0.0,,VERB: 1.00,True,116,0,4.762173934797756
.,.,PUNCT,PUNCT,,,,,True,3283,0,8.096817470572319
sonra,Sonra,ADV,ADV,0.30381655368036,1.5872488856701816,PRON,"PRON: 0.54, ADV: 0.30, PROPN: 0.11",True,39,0,3.6888794541139363
tuhaf,tuhaf,NOUN,NOUN,,,,,False,0,0,0.0
şey,şeyler,NOUN,NOUN,0.7797490937613291,0.7606253858126094,ADJ,"NOUN: 0.78, ADJ: 0.22",True,102,0,4.634728988229636
ol,oldu,VERB,VERB,1.0,0.0,,VERB: 1.00,True,603,0,6.403574197934815
...,...,PUNCT,PUNCT,,,,,True,91,0,4.5217885770490405
abajur,Abajuru,NOUN,NOUN,,,,,False,0,0,0.0
fiş,fişe,NOUN,NOUN,,,,,False,0,0,0.0
tak,takınca,VERB,VERB,,,,,True,6,0,1.9459101490553132
ışık,ışık,NOUN,NOUN,0.1813970724598075,1.01867441004463,PRON,"PRON: 0.75, NOUN: 0.18, ADJ: 0.07",True,12,0,2.5649493574615367
ver,verdi,VERB,VERB,1.0,0.0,,VERB: 1.00,True,138,0,4.9344739331306915
.,.,PUNCT,PUNCT,,,,,True,3283,0,8.096817470572319
az,Az,ADV,ADV,,,,,True,8,0,2.1972245773362196
daha,daha,ADV,ADV,0.16216742905437215,2.279909832774521,PRON,"PRON: 0.30, CCONJ: 0.27, PROPN: 0.19, ADV: 0.16",True,127,0,4.852030263919617
unut,unutuyordum,VERB,VERB,,,,,True,7,0,2.0794415416798357
:,:,PUNCT,PUNCT,,,,,True,127,0,4.852030263919617
ev,Evde,NOUN,NOUN,0.2165987183589658,2.0343315049689665,PRON,"PRON: 0.45, NOUN: 0.22, PROPN: 0.14, ADV: 0.11, ADJ: 0.08",True,113,0,4.736198448394496
başka,başka,ADJ,ADJ,0.019678146206921186,1.7040643896520111,PRON,"PRON: 0.56, ADV: 0.22, PROPN: 0.14, NOUN: 0.06",True,35,0,3.58351893845611
eşya,eşya,NOUN,NOUN,,,,,True,2,0,1.0986122886681098
da,da,CCONJ,CCONJ,0.13730810580889885,1.6721173968196932,AUX,"AUX: 0.44, ADP: 0.38, CCONJ: 0.14",True,275,0,5.62040086571715
var,vardı,VERB,VERB,0.919968924709315,0.40228867645093425,ADJ,"VERB: 0.92, ADJ: 0.08",True,49,0,3.912023005428146
.,.,PUNCT,PUNCT,,,,,True,3283,0,8.096817470572319
sonradan,Sonradan,ADV,ADV,,,,,True,3,0,1.3862943611198906
hayat,hayatıma,NOUN,NOUN,0.23617296238770852,1.163013823457567,PRON,"PRON: 0.68, NOUN: 0.24, ADJ: 0.08",True,32,0,3.4965075614664802
gir,giren,VERB,VERB,1.0,0.0,,VERB: 1.00,True,63,0,4.1588830833596715
...,...,PUNCT,PUNCT,,,,,True,91,0,4.5217885770490405
birbiri,Birbirleriyle,PRON,PRON,0.6383125076461561,1.5385441389140795,ADV,"PRON: 0.64, ADV: 0.21, PROPN: 0.07, NOUN: 0.05",True,20,0,3.044522437723423
karşılaş,karşılaştılar,VERB,VERB,,,,,True,8,0,2.1972245773362196
...,...,PUNCT,PUNCT,,,,,True,91,0,4.5217885770490405
eski,Eski,ADJ,ADJ,0.12356482321186857,1.5251739549622578,DET,"DET: 0.67, ADJ: 0.12, NUM: 0.11, CCONJ: 0.08",True,21,0,3.091042453358316
abajur,abajurun,NOUN,NOUN,,,,,False,0,0,0.0
ışık,ışığı,NOUN,NOUN,0.1813970724598075,1.01867441004463,PRON,"PRON: 0.75, NOUN: 0.18, ADJ: 0.07",True,12,0,2.5649493574615367
daha,daha,ADV,ADV,0.16216742905437215,2.279909832774521,PRON,"PRON: 0.30, CCONJ: 0.27, PROPN: 0.19, ADV: 0.16",True,127,0,4.852030263919617
sıcak,sıcak,ADJ,ADJ,,,,,True,8,0,2.1972245773362196
i,tı,AUX,AUX,0.47697018772995686,1.861138213598426,ADP,"AUX: 0.48, ADP: 0.26, CCONJ: 0.18, PROPN: 0.06",True,546,0,6.304448802421981
",",",",PUNCT,PUNCT,,,,,True,2285,0,7.734558844354756
ama,ama,CCONJ,CCONJ,0.26313102212215905,1.8047829885976687,PRON,"PRON: 0.46, CCONJ: 0.26, ADV: 0.22",True,139,0,4.941642422609304
daha,daha,ADV,ADV,0.16216742905437215,2.279909832774521,PRON,"PRON: 0.30, CCONJ: 0.27, PROPN: 0.19, ADV: 0.16",True,127,0,4.852030263919617
aydınlık,aydınlık,NOUN,PROPN,,,,,True,2,1,1.0986122886681098
i,değildi,AUX,AUX,0.47697018772995686,1.861138213598426,ADP,"AUX: 0.48, ADP: 0.26, CCONJ: 0.18, PROPN: 0.06",True,546,0,6.304448802421981
.,.,PUNCT,PUNCT,,,,,True,3283,0,8.096817470572319
bir,Bir,DET,DET,0.49958184875865663,1.6482580173109218,NUM,"DET: 0.50, NUM: 0.30, ADJ: 0.15",True,616,0,6.424869023905388
kutu,kutudan,NOUN,NOUN,,,,,True,2,0,1.0986122886681098
eski,eski,ADJ,ADJ,0.12356482321186857,1.5251739549622578,DET,"DET: 0.67, ADJ: 0.12, NUM: 0.11, CCONJ: 0.08",True,21,0,3.091042453358316
bir,bir,DET,DET,0.49958184875865663,1.6482580173109218,NUM,"DET: 0.50, NUM: 0.30, ADJ: 0.15",True,616,0,6.424869023905388
müzik,müzik,NOUN,NOUN,,,,,True,8,0,2.1972245773362196
set,seti,NOUN,NOUN,,,,,True,1,0,0.6931471805599453
çık,çıktı,VERB,VERB,1.0,0.0,,VERB: 1.00,True,80,0,4.394449154672439
.,.,PUNCT,PUNCT,,,,,True,3283,0,8.096817470572319
pikap,Pikabı,NOUN,NOUN,,,,,False,0,0,0.0
var,vardı,VERB,VERB,0.919968924709315,0.40228867645093425,ADJ,"VERB: 0.92, ADJ: 0.08",True,49,0,3.912023005428146
.,.,PUNCT,PUNCT,,,,,True,3283,0,8.096817470572319
cd,CD,NOUN,NOUN,,,,,False,0,0,0.0
çal,çalan,VERB,VERB,1.0,0.0,,VERB: 1.00,True,20,0,3.044522437723423
aygıt,aygıtla,NOUN,NOUN,,,,,True,2,0,1.0986122886681098
bakış,bakış,NOUN,NOUN,,,,,True,5,0,1.791759469228055
i,tılar,AUX,AUX,0.47697018772995686,1.861138213598426,ADP,"AUX: 0.48, ADP: 0.26, CCONJ: 0.18, PROPN: 0.06",True,546,0,6.304448802421981
.,.,PUNCT,PUNCT,,,,,True,3283,0,8.096817470572319
plak,Plaklarda,NOUN,NOUN,,,,,False,0,0,0.0
ki,ki,ADP,ADP,0.352272282719127,2.181690690995641,AUX,"ADP: 0.35, AUX: 0.28, CCONJ: 0.23, NUM: 0.08",True,217,0,5.384495062789089
şarkı,şarkılar,NOUN,NOUN,,,,,True,6,0,1.9459101490553132
unut,unutulmuştu,VERB,VERB,,,,,True,7,0,2.0794415416798357
.,.,PUNCT,PUNCT,,,,,True,3283,0,8.096817470572319
eşya,Eşya,NOUN,NOUN,,,,,True,2,0,1.0986122886681098
ara,arasına,ADJ,ADJ,0.45952551652597307,0.9952680248528016,NOUN,"NOUN: 0.54, ADJ: 0.46",True,73,0,4.30406509320417
yerleş,yerleştirilmiş,VERB,VERB,,,,,True,10,0,2.3978952727983707
gazete,gazeteler,NOUN,NOUN,0.2665356824564089,2.2563546832164114,PRON,"PRON: 0.28, NOUN: 0.27, PROPN: 0.17, ADJ: 0.15, ADV: 0.13",True,13,0,2.6390573296152584
saç,saçıldı,VERB,VERB,,,,,True,1,0,0.6931471805599453
orta,ortaya,ADJ,ADJ,0.38152477258790346,1.2401175427000042,NOUN,"NOUN: 0.56, ADJ: 0.38, VERB: 0.06",True,38,0,3.6635616461296463
.,.,PUNCT,PUNCT,,,,,True,3283,0,8.096817470572319
gün,Günün,NOUN,NOUN,0.7766440096348868,0.7662482696838814,ADJ,"NOUN: 0.78, ADJ: 0.22",True,91,0,4.5217885770490405
gazete,gazeteleriyle,NOUN,NOUN,0.2665356824564089,2.2563546832164114,PRON,"PRON: 0.28, NOUN: 0.27, PROPN: 0.17, ADJ: 0.15, ADV: 0.13",True,13,0,2.6390573296152584
örtüş,örtüştüler,VERB,VERB,,,,,True,1,0,0.6931471805599453
.,.,PUNCT,PUNCT,,,,,True,3283,0,8.096817470572319
Çiller,Çiller,PROPN,PROPN,,,,,True,2,0,1.0986122886681098
",",",",PUNCT,PUNCT,,,,,True,2285,0,7.734558844354756
Karayalçın,Karayalçın,PROPN,PROPN,,,,,False,0,0,0.0
",",",",PUNCT,PUNCT,,,,,True,2285,0,7.734558844354756
Boyner,Boyner,PROPN,PROPN,,,,,False,0,0,0.0
de,de,CCONJ,CCONJ,0.13783772654910434,1.6723904656042283,AUX,"AUX: 0.44, ADP: 0.38, CCONJ: 0.14",True,326,0,5.7899601708972535
yok,yok,ADV,ADV,0.0,0.6417583248544891,VERB,"VERB: 0.84, ADJ: 0.16",True,39,0,3.6888794541139363
i,tu,AUX,AUX,0.47697018772995686,1.861138213598426,ADP,"AUX: 0.48, ADP: 0.26, CCONJ: 0.18, PROPN: 0.06",True,546,0,6.304448802421981
.,.,PUNCT,PUNCT,,,,,True,3283,0,8.096817470572319
kitap,Kitaplar,NOUN,NOUN,0.6850583247487054,0.8987956580835269,ADJ,"NOUN: 0.69, ADJ: 0.31",True,16,0,2.833213344056216
eski,eskimemişti,VERB,VERB,,,,,False,0,0,0.0
belki,belki,ADV,ADV,0.2976823675361869,1.9102296920048334,PRON,"PRON: 0.39, ADV: 0.30, CCONJ: 0.20, PROPN: 0.10",True,25,0,3.258096538021482
.,.,PUNCT,PUNCT,,,,,True,3283,0,8.096817470572319
hala,Hala,ADV,ADV,,,,,True,9,0,2.302585092994046
oku,okuyabilir,VERB,VERB,1.0,0.0,,VERB: 1.00,True,29,0,3.4011973816621555
",",",",PUNCT,PUNCT,,,,,True,2285,0,7.734558844354756
anlat,anlattığı,VERB,VERB,1.0,0.0,,VERB: 1.00,True,69,0,4.248495242049359
aşk,aşklara,NOUN,NOUN,0.14902600627145401,1.4092659347960323,NUM,"NUM: 0.55, ADJ: 0.31, NOUN: 0.15",True,11,0,2.4849066497880004
kat,katılabilir,VERB,VERB,1.0,0.0,,VERB: 1.00,True,19,0,2.995732273553991
",",",",PUNCT,PUNCT,,,,,True,2285,0,7.734558844354756
macera,maceralarında,NOUN,NOUN,,,,,False,0,0,0.0
uzun,uzun,ADJ,ADJ,0.12210348386186666,1.3877243018568113,DET,"DET: 0.53, NUM: 0.35, ADJ: 0.12",True,24,0,3.2188758248682006
yolculuk,yolculuklara,NOUN,NOUN,,,,,True,7,0,2.0794415416798357
çık,çıkabilir,VERB,VERB,1.0,0.0,,VERB: 1.00,True,80,0,4.394449154672439
i,dik,AUX,AUX,0.47697018772995686,1.861138213598426,ADP,"AUX: 0.48, ADP: 0.26, CCONJ: 0.18, PROPN: 0.06",True,546,0,6.304448802421981
.,.,PUNCT,PUNCT,,,,,True,3283,0,8.096817470572319
ama,Ama,CCONJ,CCONJ,0.26313102212215905,1.8047829885976687,PRON,"PRON: 0.46, CCONJ: 0.26, ADV: 0.22",True,139,0,4.941642422609304
çok,çoğunun,ADJ,ADJ,0.11052386614726717,2.2021956458728464,DET,"DET: 0.40, NUM: 0.29, ADJ: 0.11, ADV: 0.07, CCONJ: 0.07",True,38,0,3.6635616461296463
teori,teorileri,NOUN,NOUN,0.26687646551828575,2.2374178409351417,PRON,"NOUN: 0.27, PRON: 0.26, CCONJ: 0.22, PROPN: 0.16, ADJ: 0.09",True,14,0,2.70805020110221
tartış,tartışılır,VERB,VERB,1.0,0.0,,VERB: 1.00,True,21,0,3.091042453358316
ol,olmaktan,VERB,VERB,1.0,0.0,,VERB: 1.00,True,603,0,6.403574197934815
çık,çıkmıştı,VERB,VERB,1.0,0.0,,VERB: 1.00,True,80,0,4.394449154672439
...,...,PUNCT,PUNCT,,,,,True,91,0,4.5217885770490405
ve,Ve,CCONJ,CCONJ,0.23925769350174309,2.411623002364367,NUM,"NUM: 0.34, CCONJ: 0.24, ADJ: 0.14, DET: 0.11, PRON: 0.09, PROPN: 0.06",True,359,0,5.886104031450156
fark,fark,NOUN,NOUN,0.6366314361633321,1.1826654627056212,ADJ,"NOUN: 0.64, ADJ: 0.30, VERB: 0.06",True,16,0,2.833213344056216
et,ettim,VERB,VERB,0.021423477839648417,2.0747581498935594,AUX,"AUX: 0.33, ADP: 0.33, CCONJ: 0.23",True,260,0,5.564520407322694
ki,ki,CCONJ,CCONJ,0.1806152397797589,1.9747454841180783,AUX,"AUX: 0.51, CCONJ: 0.18, ADP: 0.18, ADV: 0.07",True,81,0,4.406719247264253
",",",",PUNCT,PUNCT,,,,,True,2285,0,7.734558844354756
onlarca,onlarca,NUM,NUM,,,,,True,1,0,0.6931471805599453
kutu,kutudan,NOUN,NOUN,,,,,True,2,0,1.0986122886681098
",",",",PUNCT,PUNCT,,,,,True,2285,0,7.734558844354756
yüzlerce,yüzlerce,NUM,NUM,,,,,True,2,0,1.0986122886681098
eşya,eşyanın,NOUN,NOUN,,,,,True,2,0,1.0986122886681098
ara,arasından,ADJ,ADJ,0.45952551652597307,0.9952680248528016,NOUN,"NOUN: 0.54, ADJ: 0.46",True,73,0,4.30406509320417
bir,bir,NUM,NUM,0.3916735022215744,1.8552050660223744,DET,"DET: 0.40, NUM: 0.39, ADJ: 0.09, PROPN: 0.06, NOUN: 0.06",True,170,0,5.14166355650266
tek,tek,ADJ,ADJ,0.08443640996211106,1.3149620958284147,DET,"DET: 0.53, NUM: 0.38, ADJ: 0.08",True,31,0,3.4657359027997265
bilgisayar,bilgisayar,NOUN,NOUN,,,,,True,2,0,1.0986122886681098
disket,disketi,NOUN,NOUN,,,,,False,0,0,0.0
bile,bile,ADV,ADV,0.0,1.3965541340455074,ADP,"ADP: 0.56, CCONJ: 0.36",True,36,0,3.6109179126442243
düş,düşmedi,VERB,VERB,1.0,0.0,,VERB: 1.00,True,32,0,3.4965075614664802
yer,yere,NOUN,NOUN,0.6105573897718891,0.964438903111094,ADJ,"NOUN: 0.61, ADJ: 0.39",True,111,0,4.718498871295094
.,.,PUNCT,PUNCT,,,,,True,3283,0,8.096817470572319
rengarenk,Rengarenk,ADJ,ADJ,,,,,False,0,0,0.0
oyuncak,oyuncaklar,NOUN,NOUN,,,,,True,1,0,0.6931471805599453
",",",",PUNCT,PUNCT,,,,,True,2285,0,7.734558844354756
birkaç,birkaç,DET,DET,0.5516988906261615,1.566308828045479,NUM,"DET: 0.55, NUM: 0.28, ADJ: 0.13",True,22,0,3.1354942159291497
dakika,dakikadan,NOUN,NOUN,,,,,True,7,0,2.0794415416798357
fazla,fazla,ADP,ADP,,,,,False,0,0,0.0
ilgi,ilgisini,NOUN,NOUN,,,,,True,8,0,2.1972245773362196
çek,çekmedi,VERB,VERB,0.5799102140104834,1.4728643172157725,CCONJ,"VERB: 0.58, CCONJ: 0.26, ADV: 0.14",True,40,0,3.713572066704308
küçük,küçük,ADJ,ADJ,0.1447489167000414,2.0397905976212307,DET,"DET: 0.47, NUM: 0.23, ADJ: 0.14, CCONJ: 0.08, PROPN: 0.06",True,24,0,3.2188758248682006
oğul,oğlumun,NOUN,NOUN,0.2220087088110891,2.2805607415733107,PRON,"PRON: 0.25, ADV: 0.24, NOUN: 0.22, PROPN: 0.16, ADJ: 0.13",True,30,0,3.4339872044851463
.,.,PUNCT,PUNCT,,,,,True,3283,0,8.096817470572319
dün,Dün,NOUN,NOUN,,,,,True,6,0,1.9459101490553132
kutu,kutular,NOUN,NOUN,,,,,True,2,0,1.0986122886681098
aç,açılınca,VERB,VERB,1.0,0.0,,VERB: 1.00,True,44,0,3.8066624897703196
...,...,PUNCT,PUNCT,,,,,True,91,0,4.5217885770490405
eski,Eski,ADJ,ADJ,0.12356482321186857,1.5251739549622578,DET,"DET: 0.67, ADJ: 0.12, NUM: 0.11, CCONJ: 0.08",True,21,0,3.091042453358316
eşya,eşyayla,NOUN,NOUN,,,,,True,2,0,1.0986122886681098
haşır,haşır,X,X,,,,,False,0,0,0.0
neşir,neşir,NOUN,NOUN,,,,,False,0,0,0.0
ol,oldum,VERB,VERB,1.0,0.0,,VERB: 1.00,True,603,0,6.403574197934815
.,.,PUNCT,PUNCT,,,,,True,3283,0,8.096817470572319
o,Onun,PRON,PRON,0.5961784524857141,1.6538184960634559,ADV,"PRON: 0.60, ADV: 0.24, CCONJ: 0.07, PROPN: 0.05",True,264,0,5.579729825986222
için,için,ADP,ADP,0.4371344784042817,1.7284041476856495,AUX,"ADP: 0.44, AUX: 0.27, CCONJ: 0.25",True,159,0,5.075173815233827
yaz,yazamadım,VERB,VERB,1.0,0.0,,VERB: 1.00,True,35,0,3.58351893845611
...,...,PUNCT,PUNCT,,,,,True,91,0,4.5217885770490405
ama,Ama,CCONJ,CCONJ,0.26313102212215905,1.8047829885976687,PRON,"PRON: 0.46, CCONJ: 0.26, ADV: 0.22",True,139,0,4.941642422609304
düşün,düşündüm,VERB,VERB,0.7113540833748332,0.8669656577665865,CCONJ,"VERB: 0.71, CCONJ: 0.29",True,61,0,4.127134385045092
...,...,PUNCT,PUNCT,,,,,True,91,0,4.5217885770490405
bu,Bu,DET,DET,0.6017857940157323,1.5300103231456785,NUM,"DET: 0.60, NUM: 0.20, ADJ: 0.15",True,350,0,5.860786223465865
satır,satırlar,NOUN,NOUN,,,,,True,4,0,1.6094379124341003
",",",",PUNCT,PUNCT,,,,,True,2285,0,7.734558844354756
o,o,DET,DET,0.6447660992254824,1.4376147671166477,NUM,"DET: 0.64, NUM: 0.18, ADJ: 0.13",True,113,0,4.736198448394496
düşünce,düşüncelerin,NOUN,NOUN,0.7746699325072259,0.7697813084492007,ADJ,"NOUN: 0.77, ADJ: 0.23",True,13,0,2.6390573296152584
kağıt,kağıda,ADJ,NOUN,,,,,True,4,1,1.6094379124341003
dök,dökülmüş,VERB,VERB,,,,,True,10,0,2.3978952727983707
i,üdür,AUX,AUX,0.47697018772995686,1.861138213598426,ADP,"AUX: 0.48, ADP: 0.26, CCONJ: 0.18, PROPN: 0.06",True,546,0,6.304448802421981
.,.,PUNCT,PUNCT,,,,,True,3283,0,8.096817470572319
köşe,Köşe,NOUN,NOUN,0.4181190297317545,1.5243451774489396,PRON,"NOUN: 0.42, PRON: 0.38, ADJ: 0.20",True,11,0,2.4849066497880004
yazı,yazısı,NOUN,NOUN,,,,,True,4,0,1.6094379124341003
değil,değildir,AUX,AUX,0.684685125302444,0.8992136021504445,VERB,"AUX: 0.68, VERB: 0.32",True,72,0,4.290459441148391
...,...,PUNCT,PUNCT,,,,,True,91,0,4.5217885770490405
ve,Ve,CCONJ,CCONJ,0.23925769350174309,2.411623002364367,NUM,"NUM: 0.34, CCONJ: 0.24, ADJ: 0.14, DET: 0.11, PRON: 0.09, PROPN: 0.06",True,359,0,5.886104031450156
hiç,hiç,ADV,ADV,0.14829755248371262,1.3987334442647599,PRON,"PRON: 0.70, ADV: 0.15, PROPN: 0.06",True,45,0,3.828641396489095
kimse,kimse,NOUN,NOUN,0.030071231212396455,1.645199013552493,PRON,"PRON: 0.54, ADV: 0.26, CCONJ: 0.16",True,22,0,3.1354942159291497
ben,benim,PRON,PRON,0.614767428544865,1.6599914502896118,ADV,"PRON: 0.61, ADV: 0.21, CCONJ: 0.08, PROPN: 0.06",True,310,0,5.739792912179234
eşya,eşyamla,NOUN,NOUN,,,,,True,2,0,1.0986122886681098
ilgili,ilgili,ADJ,ADJ,0.3778449130873198,1.9272226065946012,ADP,"ADJ: 0.38, ADP: 0.25, NOUN: 0.22, VERB: 0.16",True,30,0,3.4339872044851463
düşünce,düşüncelerimi,NOUN,NOUN,0.7746699325072259,0.7697813084492007,ADJ,"NOUN: 0.77, ADJ: 0.23",True,13,0,2.6390573296152584
de,de,CCONJ,CCONJ,0.13783772654910434,1.6723904656042283,AUX,"AUX: 0.44, ADP: 0.38, CCONJ: 0.14",True,326,0,5.7899601708972535
merak,merak,NOUN,NOUN,,,,,True,8,0,2.1972245773362196
et,etmiyordur,VERB,VERB,0.021423477839648417,2.0747581498935594,AUX,"AUX: 0.33, ADP: 0.33, CCONJ: 0.23",True,260,0,5.564520407322694
kuşkusuz,kuşkusuz,ADJ,ADJ,,,,,True,1,0,0.6931471805599453
...,...,PUNCT,PUNCT,,,,,True,91,0,4.5217885770490405
ama,Ama,CCONJ,CCONJ,0.26313102212215905,1.8047829885976687,PRON,"PRON: 0.46, CCONJ: 0.26, ADV: 0.22",True,139,0,4.941642422609304
bu,bu,DET,DET,0.6017857940157323,1.5300103231456785,NUM,"DET: 0.60, NUM: 0.20, ADJ: 0.15",True,350,0,5.860786223465865
düşünce,düşünceleri,NOUN,NOUN,0.7746699325072259,0.7697813084492007,ADJ,"NOUN: 0.77, ADJ: 0.23",True,13,0,2.6390573296152584
ne,neden,PRON,PRON,0.657373909218341,1.5595369645973152,PROPN,"PRON: 0.66, PROPN: 0.14, ADV: 0.11, NOUN: 0.06",True,98,0,4.59511985013459
bura,buraya,NOUN,NOUN,0.05707749199808409,1.3288542344914385,PRON,"PRON: 0.74, ADV: 0.10, PROPN: 0.07, NOUN: 0.06",True,39,0,3.6888794541139363
aktar,aktardığım,VERB,VERB,,,,,True,4,0,1.6094379124341003
",",",",PUNCT,PUNCT,,,,,True,2285,0,7.734558844354756
elbette,elbette,ADV,ADV,,,,,True,1,0,0.6931471805599453
merak,merak,NOUN,NOUN,,,,,True,8,0,2.1972245773362196
et,edilecektir,VERB,VERB,0.021423477839648417,2.0747581498935594,AUX,"AUX: 0.33, ADP: 0.33, CCONJ: 0.23",True,260,0,5.564520407322694
...,...,PUNCT,PUNCT,,,,,True,91,0,4.5217885770490405
dört,Dört,NUM,NUM,0.25712852477475157,1.4850692870721207,DET,"DET: 0.59, NUM: 0.26, ADJ: 0.11",True,15,0,2.772588722239781
yıl,yıl,NOUN,NOUN,0.29569595997941395,1.4054086954468807,PRON,"PRON: 0.55, NOUN: 0.30, ADJ: 0.15",True,68,0,4.23410650459726
depo,depoda,NOUN,NOUN,,,,,False,0,0,0.0
bekle,bekleyen,VERB,VERB,0.7047743026417859,0.8753762910019542,CCONJ,"VERB: 0.70, CCONJ: 0.30",True,27,0,3.332204510175204
ve,ve,CCONJ,CCONJ,0.23925769350174309,2.411623002364367,NUM,"NUM: 0.34, CCONJ: 0.24, ADJ: 0.14, DET: 0.11, PRON: 0.09, PROPN: 0.06",True,359,0,5.886104031450156
soğuk,soğuk,ADJ,ADJ,,,,,True,5,0,1.791759469228055
duvar,duvarların,NOUN,NOUN,,,,,True,6,0,1.9459101490553132
ara,arasında,ADJ,ADJ,0.45952551652597307,0.9952680248528016,NOUN,"NOUN: 0.54, ADJ: 0.46",True,73,0,4.30406509320417
hapset,hapsedilen,VERB,VERB,,,,,True,4,0,1.6094379124341003
geçmiş,geçmişim,ADJ,ADJ,,,,,True,9,0,2.302585092994046
",",",",PUNCT,PUNCT,,,,,True,2285,0,7.734558844354756
ben,bana,PRON,PRON,0.614767428544865,1.6599914502896118,ADV,"PRON: 0.61, ADV: 0.21, CCONJ: 0.08, PROPN: 0.06",True,310,0,5.739792912179234
dünya,dünyayla,NOUN,NOUN,0.6875493916276434,0.895982041192993,ADJ,"NOUN: 0.69, ADJ: 0.31",True,50,0,3.9318256327243257
ara,arasına,ADJ,ADJ,0.45952551652597307,0.9952680248528016,NOUN,"NOUN: 0.54, ADJ: 0.46",True,73,0,4.30406509320417
duvar,duvarlar,NOUN,NOUN,,,,,True,6,0,1.9459101490553132
ör,ören,VERB,VERB,,,,,False,0,0,0.0
bir,bir,DET,DET,0.49958184875865663,1.6482580173109218,NUM,"DET: 0.50, NUM: 0.30, ADJ: 0.15",True,616,0,6.424869023905388
masal,masal,NOUN,NOUN,,,,,True,10,0,2.3978952727983707
ülke,ülkesini,NOUN,NOUN,0.4198365377202642,1.523664474067324,PRON,"NOUN: 0.42, PRON: 0.38, ADJ: 0.20",True,13,0,2.6390573296152584
hatırla,hatırlattı,VERB,VERB,,,,,True,9,0,2.302585092994046
.,.,PUNCT,PUNCT,,,,,True,3283,0,8.096817470572319
sözgelimi,Sözgelimi,ADV,ADV,,,,,False,0,0,0.0
",",",",PUNCT,PUNCT,,,,,True,2285,0,7.734558844354756
gümrük,Gümrük,NOUN,NOUN,,,,,False,0,0,0.0
birlik,Birliği,NOUN,NOUN,,,,,True,9,0,2.302585092994046
gibi,gibi,ADP,ADP,0.36045769630430313,1.8400611893764562,AUX,"ADP: 0.36, AUX: 0.30, CCONJ: 0.28",True,145,0,4.983606621708336
bir,bir,DET,DET,0.49958184875865663,1.6482580173109218,NUM,"DET: 0.50, NUM: 0.30, ADJ: 0.15",True,616,0,6.424869023905388
yolculuk,yolculuğa,NOUN,NOUN,,,,,True,7,0,2.0794415416798357
çık,çıkarken,VERB,VERB,1.0,0.0,,VERB: 1.00,True,80,0,4.394449154672439
",",",",PUNCT,PUNCT,,,,,True,2285,0,7.734558844354756
çevre,çevresinde,NOUN,NOUN,,,,,True,4,0,1.6094379124341003
ki,ki,ADP,ADP,0.352272282719127,2.181690690995641,AUX,"ADP: 0.35, AUX: 0.28, CCONJ: 0.23, NUM: 0.08",True,217,0,5.384495062789089
duvar,duvarları,NOUN,NOUN,,,,,True,6,0,1.9459101490553132
yık,yıkmaya,VERB,VERB,,,,,True,1,0,0.6931471805599453
çalış,çalışınca,VERB,VERB,0.650530576282453,1.1285592750273743,CCONJ,"VERB: 0.65, CCONJ: 0.30",True,64,0,4.174387269895637
",",",",PUNCT,PUNCT,,,,,True,2285,0,7.734558844354756
eski,eski,ADJ,ADJ,0.12356482321186857,1.5251739549622578,DET,"DET: 0.67, ADJ: 0.12, NUM: 0.11, CCONJ: 0.08",True,21,0,3.091042453358316
eşya,eşyayla,NOUN,NOUN,,,,,True,2,0,1.0986122886681098
yeni,yenilerin,ADJ,ADJ,0.22068888520563854,1.3431848495027867,DET,"DET: 0.61, ADJ: 0.22, CCONJ: 0.17",True,50,0,3.9318256327243257
bakış,bakışması,VERB,VERB,,,,,False,0,0,0.0
gibi,gibi,ADP,ADP,0.36045769630430313,1.8400611893764562,AUX,"ADP: 0.36, AUX: 0.30, CCONJ: 0.28",True,145,0,4.983606621708336
",",",",PUNCT,PUNCT,,,,,True,2285,0,7.734558844354756
hüzün,hüzün,NOUN,NOUN,,,,,True,1,0,0.6931471805599453
li,lü,ADP,ADP,0.2797323618856777,2.3836488217196035,AUX,"AUX: 0.30, ADP: 0.28, CCONJ: 0.23, NUM: 0.08",True,182,0,5.209486152841421
ve,ve,CCONJ,CCONJ,0.23925769350174309,2.411623002364367,NUM,"NUM: 0.34, CCONJ: 0.24, ADJ: 0.14, DET: 0.11, PRON: 0.09, PROPN: 0.06",True,359,0,5.886104031450156
çarpıcı,çarpıcı,ADJ,ADJ,,,,,False,0,0,0.0
yalnızlık,yalnızlıklar,NOUN,NOUN,,,,,True,3,0,1.3862943611198906
yaşa,yaşayan,VERB,VERB,1.0,0.0,,VERB: 1.00,True,55,0,4.02535169073515
bir,bir,DET,DET,0.49958184875865663,1.6482580173109218,NUM,"DET: 0.50, NUM: 0.30, ADJ: 0.15",True,616,0,6.424869023905388
ülke,ülkeyi,NOUN,NOUN,0.4198365377202642,1.523664474067324,PRON,"NOUN: 0.42, PRON: 0.38, ADJ: 0.20",True,13,0,2.6390573296152584
...,...,PUNCT,PUNCT,,,,,True,91,0,4.5217885770490405
insan,İnsan,NOUN,NOUN,0.6842686317549259,0.8996789321325918,ADJ,"NOUN: 0.68, ADJ: 0.32",True,68,0,4.23410650459726
hak,haklarından,NOUN,NOUN,0.7806780603786757,0.7589274505193416,ADJ,"NOUN: 0.78, ADJ: 0.22",True,19,0,2.995732273553991
",",",",PUNCT,PUNCT,,,,,True,2285,0,7.734558844354756
sanayi,sanayiine,NOUN,NOUN,,,,,True,3,0,1.3862943611198906
",",",",PUNCT,PUNCT,,,,,True,2285,0,7.734558844354756
kültürel,kültürel,ADJ,ADJ,,,,,True,1,0,0.6931471805599453
ve,ve,CCONJ,CCONJ,0.23925769350174309,2.411623002364367,NUM,"NUM: 0.34, CCONJ: 0.24, ADJ: 0.14, DET: 0.11, PRON: 0.09, PROPN: 0.06",True,359,0,5.886104031450156
toplumsal,toplumsal,ADJ,ADJ,,,,,True,3,0,1.3862943611198906
yaşam,yaşamına,NOUN,NOUN,0.26359129726714015,1.981634508277126,PRON,"PRON: 0.29, NOUN: 0.26, ADJ: 0.26, PROPN: 0.19",True,24,0,3.2188758248682006
değin,değin,ADP,ADP,,,,,False,0,0,0.0
",",",",PUNCT,PUNCT,,,,,True,2285,0,7.734558844354756
iç,içine,ADJ,ADJ,0.5266476463656918,0.9979501219428724,NOUN,"ADJ: 0.53, NOUN: 0.47",True,71,0,4.276666119016055
hapsol,hapsolduğu,VERB,VERB,,,,,False,0,0,0.0
yalnızlık,yalnızlıklarla,NOUN,NOUN,,,,,True,3,0,1.3862943611198906
yaşa,yaşayan,VERB,VERB,1.0,0.0,,VERB: 1.00,True,55,0,4.02535169073515
bir,bir,DET,DET,0.49958184875865663,1.6482580173109218,NUM,"DET: 0.50, NUM: 0.30, ADJ: 0.15",True,616,0,6.424869023905388
ülke,ülkeyi,NOUN,NOUN,0.4198365377202642,1.523664474067324,PRON,"NOUN: 0.42, PRON: 0.38, ADJ: 0.20",True,13,0,2.6390573296152584
...,...,PUNCT,PUNCT,,,,,True,91,0,4.5217885770490405
kutu,Kutular,NOUN,NOUN,,,,,True,2,0,1.0986122886681098
aç,açılınca,VERB,VERB,1.0,0.0,,VERB: 1.00,True,44,0,3.8066624897703196
...,...,PUNCT,PUNCT,,,,,True,91,0,4.5217885770490405
şimdi,Şimdi,ADV,ADV,0.22752642581986968,1.694646457999899,PRON,"PRON: 0.56, ADV: 0.23, CCONJ: 0.14, PROPN: 0.05",True,36,0,3.6109179126442243
akıl,aklıma,NOUN,NOUN,0.5386672765526301,0.9956815746298321,ADJ,"NOUN: 0.54, ADJ: 0.46",True,31,0,3.4657359027997265
gel,geldi,VERB,VERB,1.0,0.0,,VERB: 1.00,True,166,0,5.117993812416755
.,.,PUNCT,PUNCT,,,,,True,3283,0,8.096817470572319
bir,Bir,NUM,ADV,0.3916735022215744,1.8552050660223744,DET,"DET: 0.40, NUM: 0.39, ADJ: 0.09, PROPN: 0.06, NOUN: 0.06",True,170,1,5.14166355650266
de,de,CCONJ,CCONJ,0.13783772654910434,1.6723904656042283,AUX,"AUX: 0.44, ADP: 0.38, CCONJ: 0.14",True,326,0,5.7899601708972535
",",",",PUNCT,PUNCT,,,,,True,2285,0,7.734558844354756
kılıç,kılıç,NOUN,NOUN,,,,,False,0,0,0.0
çık,çıktı,VERB,VERB,1.0,0.0,,VERB: 1.00,True,80,0,4.394449154672439
kutu,kutuların,NOUN,NOUN,,,,,True,2,0,1.0986122886681098
ara,arasından,ADJ,ADJ,0.45952551652597307,0.9952680248528016,NOUN,"NOUN: 0.54, ADJ: 0.46",True,73,0,4.30406509320417
.,.,PUNCT,PUNCT,,,,,True,3283,0,8.096817470572319
oğul,Oğlum,NOUN,NOUN,0.2220087088110891,2.2805607415733107,PRON,"PRON: 0.25, ADV: 0.24, NOUN: 0.22, PROPN: 0.16, ADJ: 0.13",True,30,0,3.4339872044851463
",",",",PUNCT,PUNCT,,,,,True,2285,0,7.734558844354756
ne,Ne,PRON,PRON,0.657373909218341,1.5595369645973152,PROPN,"PRON: 0.66, PROPN: 0.14, ADV: 0.11, NOUN: 0.06",True,98,0,4.59511985013459
iş,işe,NOUN,NOUN,0.46442635400175103,1.4429440308933483,PRON,"NOUN: 0.46, PRON: 0.39, ADJ: 0.14",True,70,0,4.2626798770413155
yara,yaradığını,VERB,VERB,,,,,True,1,0,0.6931471805599453
",",",",PUNCT,PUNCT,,,,,True,2285,0,7.734558844354756
sor,sordu,VERB,VERB,1.0,0.0,,VERB: 1.00,True,49,0,3.912023005428146
.,.,PUNCT,PUNCT,,,,,True,3283,0,8.096817470572319
hiç,Hiç,ADV,ADV,0.14829755248371262,1.3987334442647599,PRON,"PRON: 0.70, ADV: 0.15, PROPN: 0.06",True,45,0,3.828641396489095
kullan,kullanmadım,VERB,VERB,1.0,0.0,,VERB: 1.00,True,32,0,3.4965075614664802
...,...,PUNCT,PUNCT,,,,,True,91,0,4.5217885770490405
keşke,Keşke,ADV,ADV,,,,,True,2,0,1.0986122886681098
hayat,hayata,NOUN,NOUN,0.23617296238770852,1.163013823457567,PRON,"PRON: 0.68, NOUN: 0.24, ADJ: 0.08",True,32,0,3.4965075614664802
ve,ve,CCONJ,CCONJ,0.23925769350174309,2.411623002364367,NUM,"NUM: 0.34, CCONJ: 0.24, ADJ: 0.14, DET: 0.11, PRON: 0.09, PROPN: 0.06",True,359,0,5.886104031450156
aşk,aşka,NOUN,NOUN,0.14902600627145401,1.4092659347960323,NUM,"NUM: 0.55, ADJ: 0.31, NOUN: 0.15",True,11,0,2.4849066497880004
dair,dair,ADP,ADP,,,,,True,1,0,0.6931471805599453
konuş,konuşsaydınız,VERB,VERB,1.0,0.0,,VERB: 1.00,True,61,0,4.127134385045092
önce,önce,ADV,ADV,0.27453839774370165,1.600366977632288,PRON,"PRON: 0.56, ADV: 0.27, PROPN: 0.12",True,27,0,3.332204510175204
.,.,PUNCT,PUNCT,,,,,True,3283,0,8.096817470572319
keşke,Keşke,ADV,ADV,,,,,True,2,0,1.0986122886681098
hayat,hayata,NOUN,NOUN,0.23617296238770852,1.163013823457567,PRON,"PRON: 0.68, NOUN: 0.24, ADJ: 0.08",True,32,0,3.4965075614664802
ve,ve,CCONJ,CCONJ,0.23925769350174309,2.411623002364367,NUM,"NUM: 0.34, CCONJ: 0.24, ADJ: 0.14, DET: 0.11, PRON: 0.09, PROPN: 0.06",True,359,0,5.886104031450156
aşk,aşka,NOUN,NOUN,0.14902600627145401,1.4092659347960323,NUM,"NUM: 0.55, ADJ: 0.31, NOUN: 0.15",True,11,0,2.4849066497880004
dair,dair,ADP,ADP,,,,,True,1,0,0.6931471805599453
konuş,konuşsaydınız,VERB,VERB,1.0,0.0,,VERB: 1.00,True,61,0,4.127134385045092
önce,önce,ADV,ADV,0.27453839774370165,1.600366977632288,PRON,"PRON: 0.56, ADV: 0.27, PROPN: 0.12",True,27,0,3.332204510175204
.,.,PUNCT,PUNCT,,,,,True,3283,0,8.096817470572319
zaman,Zaman,NOUN,NOUN,0.7768808568937368,0.7658222066504196,ADJ,"NOUN: 0.78, ADJ: 0.22",True,77,0,4.356708826689592
yanlış,yanlış,ADV,ADV,,,,,False,0,0,0.0
i,tı,AUX,AUX,0.47697018772995686,1.861138213598426,ADP,"AUX: 0.48, ADP: 0.26, CCONJ: 0.18, PROPN: 0.06",True,546,0,6.304448802421981
bir,bir,NUM,NUM,0.3916735022215744,1.8552050660223744,DET,"DET: 0.40, NUM: 0.39, ADJ: 0.09, PROPN: 0.06, NOUN: 0.06",True,170,0,5.14166355650266
kere,kere,NOUN,NOUN,,,,,True,6,0,1.9459101490553132
.,.,PUNCT,PUNCT,,,,,True,3283,0,8.096817470572319
Güneş,Güneş,PROPN,PROPN,,,,,True,2,0,1.0986122886681098
bat,batarken,VERB,VERB,,,,,False,0,0,0.0
ve,ve,CCONJ,CCONJ,0.23925769350174309,2.411623002364367,NUM,"NUM: 0.34, CCONJ: 0.24, ADJ: 0.14, DET: 0.11, PRON: 0.09, PROPN: 0.06",True,359,0,5.886104031450156
eylül,eylül,NOUN,NOUN,,,,,False,0,0,0.0
rüzgar,rüzgarları,NOUN,NOUN,,,,,False,0,0,0.0
kuru,kuruyan,VERB,VERB,,,,,False,0,0,0.0
ot,otların,NOUN,NOUN,,,,,True,3,0,1.3862943611198906
üst,üstünde,ADJ,ADJ,0.46638801387351886,0.9967377258438014,NOUN,"NOUN: 0.53, ADJ: 0.47",True,32,0,3.4965075614664802
belli,belli,ADJ,ADJ,0.1552551369395006,1.9247260843151064,PRON,"PRON: 0.53, ADJ: 0.16, NOUN: 0.12, PROPN: 0.11, ADV: 0.08",True,12,0,2.5649493574615367
belirsiz,belirsiz,ADJ,ADJ,,,,,True,1,0,0.6931471805599453
gezin,gezinirken,VERB,VERB,,,,,False,0,0,0.0
buluş,buluşmalıydınız,VERB,VERB,,,,,True,6,0,1.9459101490553132
.,.,PUNCT,PUNCT,,,,,True,3283,0,8.096817470572319
mekan,Mekan,NOUN,NOUN,,,,,True,5,0,1.791759469228055
da,da,CCONJ,CCONJ,0.13730810580889885,1.6721173968196932,AUX,"AUX: 0.44, ADP: 0.38, CCONJ: 0.14",True,275,0,5.62040086571715
bir,bir,DET,DET,0.49958184875865663,1.6482580173109218,NUM,"DET: 0.50, NUM: 0.30, ADJ: 0.15",True,616,0,6.424869023905388
deniz,deniz,NOUN,NOUN,0.11277227649261523,1.2939931838944154,PRON,"PRON: 0.69, PROPN: 0.17, NOUN: 0.11",True,15,0,2.772588722239781
kenar,kenarı,ADJ,ADJ,,,,,True,7,0,2.0794415416798357
ol,olmalıydı,VERB,VERB,1.0,0.0,,VERB: 1.00,True,603,0,6.403574197934815
.,.,PUNCT,PUNCT,,,,,True,3283,0,8.096817470572319
Emirgan,Emirgan'da,PROPN,PROPN,,,,,True,1,0,0.6931471805599453
bir,bir,DET,DET,0.49958184875865663,1.6482580173109218,NUM,"DET: 0.50, NUM: 0.30, ADJ: 0.15",True,616,0,6.424869023905388
çay,çay,NOUN,NOUN,,,,,True,2,0,1.0986122886681098
bahçe,bahçesi,NOUN,NOUN,,,,,True,3,0,1.3862943611198906
mesela,mesela,ADV,ADV,,,,,True,4,0,1.6094379124341003
...,...,PUNCT,PUNCT,,,,,True,91,0,4.5217885770490405
ya,Ya,CCONJ,CCONJ,0.14638418649042423,2.502374351780982,AUX,"AUX: 0.40, PRON: 0.15, CCONJ: 0.15, PROPN: 0.10, ADV: 0.08, ADP: 0.05",True,66,0,4.204692619390966
da,da,CCONJ,CCONJ,0.13730810580889885,1.6721173968196932,AUX,"AUX: 0.44, ADP: 0.38, CCONJ: 0.14",True,275,0,5.62040086571715
bir,bir,DET,DET,0.49958184875865663,1.6482580173109218,NUM,"DET: 0.50, NUM: 0.30, ADJ: 0.15",True,616,0,6.424869023905388
dağ,dağ,NOUN,NOUN,,,,,False,0,0,0.0
ev,evi,NOUN,NOUN,0.2165987183589658,2.0343315049689665,PRON,"PRON: 0.45, NOUN: 0.22, PROPN: 0.14, ADV: 0.11, ADJ: 0.08",True,113,0,4.736198448394496
;,;,PUNCT,PUNCT,,,,,True,84,0,4.442651256490317
kır,kır,NOUN,NOUN,,,,,True,2,0,1.0986122886681098
kahve,kahvesi,NOUN,NOUN,0.7752798666190834,0.7686931469257793,ADJ,"NOUN: 0.78, ADJ: 0.22",True,19,0,2.995732273553991
...,...,PUNCT,PUNCT,,,,,True,91,0,4.5217885770490405
kimse,Kimseye,NOUN,NOUN,0.030071231212396455,1.645199013552493,PRON,"PRON: 0.54, ADV: 0.26, CCONJ: 0.16",True,22,0,3.1354942159291497
da,da,CCONJ,CCONJ,0.13730810580889885,1.6721173968196932,AUX,"AUX: 0.44, ADP: 0.38, CCONJ: 0.14",True,275,0,5.62040086571715
haber,haber,NOUN,NOUN,0.5432773143633932,1.42471049861644,PROPN,"NOUN: 0.54, PROPN: 0.29, ADJ: 0.16",True,29,0,3.4011973816621555
ver,vermemeliydiniz,VERB,VERB,1.0,0.0,,VERB: 1.00,True,138,0,4.9344739331306915
.,.,PUNCT,PUNCT,,,,,True,3283,0,8.096817470572319
üst,Üstünüzde,ADJ,ADJ,0.46638801387351886,0.9967377258438014,NOUN,"NOUN: 0.53, ADJ: 0.47",True,32,0,3.4965075614664802
kare,kare,ADJ,ADJ,,,,,False,0,0,0.0
li,li,ADP,ADP,0.2797323618856777,2.3836488217196035,AUX,"AUX: 0.30, ADP: 0.28, CCONJ: 0.23, NUM: 0.08",True,182,0,5.209486152841421
gömlek,gömlekler,NOUN,NOUN,,,,,True,5,0,1.791759469228055
",",",",PUNCT,PUNCT,,,,,True,2285,0,7.734558844354756
rahat,rahat,ADJ,ADJ,0.2216196684498641,1.326380625699443,PRON,"PRON: 0.62, ADJ: 0.22, NOUN: 0.16",True,12,0,2.5649493574615367
pantolon,pantolonlarla,NOUN,NOUN,0.06507999932098735,1.2980144433313037,PRON,"PRON: 0.73, PROPN: 0.13, NOUN: 0.07, ADV: 0.05",True,15,0,2.772588722239781
.,.,PUNCT,PUNCT,,,,,True,3283,0,8.096817470572319
sık,Sıkılmış,VERB,VERB,,,,,True,1,0,0.6931471805599453
kravat,kravatların,NOUN,NOUN,,,,,True,4,0,1.6094379124341003
ve,ve,CCONJ,CCONJ,0.23925769350174309,2.411623002364367,NUM,"NUM: 0.34, CCONJ: 0.24, ADJ: 0.14, DET: 0.11, PRON: 0.09, PROPN: 0.06",True,359,0,5.886104031450156
dar,dar,ADJ,ADJ,,,,,True,1,0,0.6931471805599453
pabuç,pabuçların,NOUN,NOUN,,,,,False,0,0,0.0
esaret,esaretinde,NOUN,NOUN,,,,,False,0,0,0.0
boğ,boğulmadan,VERB,VERB,,,,,True,2,0,1.0986122886681098
.,.,PUNCT,PUNCT,,,,,True,3283,0,8.096817470572319
merhaba,Merhaba,NOUN,NOUN,,,,,False,0,0,0.0
...,...,PUNCT,PUNCT,,,,,True,91,0,4.5217885770490405
merhaba,Merhaba,NOUN,NOUN,,,,,False,0,0,0.0
...,...,PUNCT,PUNCT,,,,,True,91,0,4.5217885770490405
bu,Bu,DET,DET,0.6017857940157323,1.5300103231456785,NUM,"DET: 0.60, NUM: 0.20, ADJ: 0.15",True,350,0,5.860786223465865
yıl,yıl,NOUN,NOUN,0.29569595997941395,1.4054086954468807,PRON,"PRON: 0.55, NOUN: 0.30, ADJ: 0.15",True,68,0,4.23410650459726
sonbahar,sonbahar,NOUN,NOUN,,,,,False,0,0,0.0
serin,serin,ADJ,ADJ,,,,,False,0,0,0.0
geç,geçiyor,VERB,VERB,1.0,0.0,,VERB: 1.00,True,62,0,4.143134726391533
!,!,PUNCT,PUNCT,,,,,True,39,0,3.6888794541139363
..,..,PUNCT,PUNCT,,,,,True,13,0,2.6390573296152584
öyle,Öyle,ADV,ADV,0.13971307685069986,1.047214932529053,PRON,"PRON: 0.78, ADV: 0.14",True,18,0,2.9444389791664403
...,...,PUNCT,PUNCT,,,,,True,91,0,4.5217885770490405
öyle,Öyle,ADV,ADV,0.13971307685069986,1.047214932529053,PRON,"PRON: 0.78, ADV: 0.14",True,18,0,2.9444389791664403
...,...,PUNCT,PUNCT,,,,,True,91,0,4.5217885770490405
şu,Şu,DET,DET,0.6473703379030218,1.4318787820731502,NUM,"DET: 0.65, NUM: 0.18, ADJ: 0.13",True,22,0,3.1354942159291497
ağaç,ağacı,NOUN,NOUN,,,,,True,6,0,1.9459101490553132
bil,biliyor,VERB,VERB,0.6930942464089043,1.0036086273143747,CCONJ,"VERB: 0.69, CCONJ: 0.28",True,101,0,4.624972813284271
mi,musunuz,AUX,AUX,0.49179730733219285,1.8739792138931677,CCONJ,"AUX: 0.49, CCONJ: 0.24, ADP: 0.18, ADV: 0.05",True,112,0,4.727387818712341
.,.,PUNCT,PUNCT,,,,,True,3283,0,8.096817470572319
ardıç,Ardıç,NOUN,NOUN,,,,,False,0,0,0.0
ol,olmalı,VERB,VERB,1.0,0.0,,VERB: 1.00,True,603,0,6.403574197934815
...,...,PUNCT,PUNCT,,,,,True,91,0,4.5217885770490405
galiba,Galiba,ADV,ADV,,,,,True,6,0,1.9459101490553132
...,...,PUNCT,PUNCT,,,,,True,91,0,4.5217885770490405
söyle,Söyleyin,VERB,VERB,0.721528986702589,0.8533590847777625,CCONJ,"VERB: 0.72, CCONJ: 0.28",True,89,0,4.499809670330265
bak,bakalım,VERB,VERB,1.0,0.0,,VERB: 1.00,True,85,0,4.454347296253507
",",",",PUNCT,PUNCT,,,,,True,2285,0,7.734558844354756
Marquez,Marquez'in,PROPN,PROPN,,,,,False,0,0,0.0
son,son,ADJ,ADJ,0.1777361734882735,2.377263529052741,DET,"DET: 0.32, CCONJ: 0.22, ADJ: 0.18, NUM: 0.16, PROPN: 0.08, NOUN: 0.05",True,59,0,4.0943445622221
roman,romanını,NOUN,NOUN,,,,,True,2,0,1.0986122886681098
oku,okudunuz,VERB,VERB,1.0,0.0,,VERB: 1.00,True,29,0,3.4011973816621555
mi,mu,AUX,AUX,0.49179730733219285,1.8739792138931677,CCONJ,"AUX: 0.49, CCONJ: 0.24, ADP: 0.18, ADV: 0.05",True,112,0,4.727387818712341
.,.,PUNCT,PUNCT,,,,,True,3283,0,8.096817470572319
ben,Beni,PRON,PRON,0.614767428544865,1.6599914502896118,ADV,"PRON: 0.61, ADV: 0.21, CCONJ: 0.08, PROPN: 0.06",True,310,0,5.739792912179234
sınav,sınava,NOUN,NOUN,,,,,True,1,0,0.6931471805599453
mi,mı,AUX,AUX,0.49179730733219285,1.8739792138931677,CCONJ,"AUX: 0.49, CCONJ: 0.24, ADP: 0.18, ADV: 0.05",True,112,0,4.727387818712341
çek,çekiyorsunuz,VERB,VERB,0.5799102140104834,1.4728643172157725,CCONJ,"VERB: 0.58, CCONJ: 0.26, ADV: 0.14",True,40,0,3.713572066704308
?,?,PUNCT,PUNCT,,,,,True,125,0,4.836281906951478
hayır,Hayır,NOUN,NOUN,,,,,True,5,0,1.791759469228055
",",",",PUNCT,PUNCT,,,,,True,2285,0,7.734558844354756
oku,okumadım,VERB,VERB,1.0,0.0,,VERB: 1.00,True,29,0,3.4011973816621555
",",",",PUNCT,PUNCT,,,,,True,2285,0,7.734558844354756
yayınla,yayınlandı,VERB,VERB,,,,,True,2,0,1.0986122886681098
mi,mı,AUX,AUX,0.49179730733219285,1.8739792138931677,CCONJ,"AUX: 0.49, CCONJ: 0.24, ADP: 0.18, ADV: 0.05",True,112,0,4.727387818712341
.,.,PUNCT,PUNCT,,,,,True,3283,0,8.096817470572319
henüz,Henüz,ADV,ADV,,,,,True,4,0,1.6094379124341003
Türkçe,Türkçeye,ADJ,ADJ,,,,,True,2,0,1.0986122886681098
çevir,çevrilmemiş,VERB,VERB,1.0,0.0,,VERB: 1.00,True,11,0,2.4849066497880004
.,.,PUNCT,PUNCT,,,,,True,3283,0,8.096817470572319
ben,Ben,PRON,PRON,0.614767428544865,1.6599914502896118,ADV,"PRON: 0.61, ADV: 0.21, CCONJ: 0.08, PROPN: 0.06",True,310,0,5.739792912179234
İngilizce,İngilizcesinden,ADJ,ADJ,,,,,True,3,0,1.3862943611198906
oku,okuyorum,VERB,VERB,1.0,0.0,,VERB: 1.00,True,29,0,3.4011973816621555
.,.,PUNCT,PUNCT,,,,,True,3283,0,8.096817470572319
bu,Bu,DET,DET,0.6017857940157323,1.5300103231456785,NUM,"DET: 0.60, NUM: 0.20, ADJ: 0.15",True,350,0,5.860786223465865
ara,ara,ADJ,ADJ,0.45952551652597307,0.9952680248528016,NOUN,"NOUN: 0.54, ADJ: 0.46",True,73,0,4.30406509320417
pek,pek,ADV,ADV,,,,,True,8,0,2.1972245773362196
vakit,vaktim,NOUN,NOUN,0.5463097621223367,1.4427697434215667,VERB,"NOUN: 0.55, VERB: 0.25, ADJ: 0.20",True,14,0,2.70805020110221
ol,olmuyor,VERB,VERB,1.0,0.0,,VERB: 1.00,True,603,0,6.403574197934815
.,.,PUNCT,PUNCT,,,,,True,3283,0,8.096817470572319
o,O,DET,DET,0.6447660992254824,1.4376147671166477,NUM,"DET: 0.64, NUM: 0.18, ADJ: 0.13",True,113,0,4.736198448394496
sıra,sırada,NOUN,NOUN,0.21801908515437277,2.0406772673437534,PRON,"PRON: 0.45, NOUN: 0.22, PROPN: 0.14, ADV: 0.11, ADJ: 0.08",True,28,0,3.367295829986474
",",",",PUNCT,PUNCT,,,,,True,2285,0,7.734558844354756
akşam,akşam,NOUN,NOUN,0.543237782580388,1.4254235433890245,PROPN,"NOUN: 0.54, PROPN: 0.29, ADJ: 0.16",True,13,0,2.6390573296152584
gezinti,gezintisine,NOUN,NOUN,,,,,True,1,0,0.6931471805599453
çık,çıkmış,VERB,VERB,1.0,0.0,,VERB: 1.00,True,80,0,4.394449154672439
genç,gençlerin,ADJ,ADJ,0.15943629528422282,2.0337205078539937,DET,"DET: 0.46, NUM: 0.23, ADJ: 0.16, CCONJ: 0.08, PROPN: 0.06",True,16,0,2.833213344056216
selam,selamlarına,NOUN,NOUN,,,,,False,0,0,0.0
karşılık,karşılık,NOUN,NOUN,,,,,True,8,0,2.1972245773362196
ver,verilir,VERB,VERB,1.0,0.0,,VERB: 1.00,True,138,0,4.9344739331306915
.,.,PUNCT,PUNCT,,,,,True,3283,0,8.096817470572319
çocuk,Çocukların,NOUN,NOUN,0.41886901196129345,1.5243676922345937,PRON,"NOUN: 0.42, PRON: 0.38, ADJ: 0.20",True,59,0,4.0943445622221
iş,işi,NOUN,NOUN,0.46442635400175103,1.4429440308933483,PRON,"NOUN: 0.46, PRON: 0.39, ADJ: 0.14",True,70,0,4.2626798770413155
zor,zor,ADJ,ADJ,0.22223016687522598,0.7642188650529111,NOUN,"NOUN: 0.78, ADJ: 0.22",True,22,0,3.1354942159291497
.,.,PUNCT,PUNCT,,,,,True,3283,0,8.096817470572319
şu,Şu,DET,DET,0.6473703379030218,1.4318787820731502,NUM,"DET: 0.65, NUM: 0.18, ADJ: 0.13",True,22,0,3.1354942159291497
üniversite,üniversite,NOUN,NOUN,,,,,True,9,0,2.302585092994046
iş,işini,NOUN,NOUN,0.46442635400175103,1.4429440308933483,PRON,"NOUN: 0.46, PRON: 0.39, ADJ: 0.14",True,70,0,4.2626798770413155
bir,bir,ADV,NUM,0.23299744110966192,1.0714237035875651,PRON,"PRON: 0.72, ADV: 0.23",True,28,1,3.367295829986474
türlü,türlü,ADJ,ADJ,,,,,True,9,0,2.302585092994046
otur,oturtamadık,VERB,VERB,1.0,0.0,,VERB: 1.00,True,54,0,4.007333185232471
.,.,PUNCT,PUNCT,,,,,True,3283,0,8.096817470572319
evet,Evet,NOUN,NOUN,0.06449692503540634,2.073848469012467,PROPN,"PROPN: 0.46, PRON: 0.23, ADV: 0.11, CCONJ: 0.11, NOUN: 0.06",True,13,0,2.6390573296152584
",",",",PUNCT,PUNCT,,,,,True,2285,0,7.734558844354756
ben,bence,PRON,PRON,0.614767428544865,1.6599914502896118,ADV,"PRON: 0.61, ADV: 0.21, CCONJ: 0.08, PROPN: 0.06",True,310,0,5.739792912179234
sistem,sistemi,NOUN,NOUN,,,,,True,4,0,1.6094379124341003
yeni,yeni,ADJ,ADJ,0.22068888520563854,1.3431848495027867,DET,"DET: 0.61, ADJ: 0.22, CCONJ: 0.17",True,50,0,3.9318256327243257
baş,baştan,NOUN,ADV,0.1890902731140519,1.8430796248904169,PRON,"PRON: 0.46, ADJ: 0.21, NOUN: 0.19, PROPN: 0.15",True,54,1,4.007333185232471
göz,gözden,NOUN,NOUN,0.48581680668839844,1.5108829755725355,PROPN,"NOUN: 0.49, PROPN: 0.28, ADJ: 0.24",True,49,0,3.912023005428146
geçir,geçirmeli,VERB,VERB,1.0,0.0,,VERB: 1.00,True,24,0,3.2188758248682006
.,.,PUNCT,PUNCT,,,,,True,3283,0,8.096817470572319
daha,Daha,ADV,ADV,0.16216742905437215,2.279909832774521,PRON,"PRON: 0.30, CCONJ: 0.27, PROPN: 0.19, ADV: 0.16",True,127,0,4.852030263919617
bu,bunun,PRON,PRON,0.7006788109102466,1.3923524752663319,ADV,"PRON: 0.70, ADV: 0.14, CCONJ: 0.09, NOUN: 0.05",True,171,0,5.147494476813453
mezuniyet,mezuniyeti,NOUN,NOUN,,,,,False,0,0,0.0
",",",",PUNCT,PUNCT,,,,,True,2285,0,7.734558844354756
işsizlik,işsizliği,NOUN,NOUN,,,,,True,2,0,1.0986122886681098
",",",",PUNCT,PUNCT,,,,,True,2285,0,7.734558844354756
askerlik,askerliği,NOUN,NOUN,,,,,True,1,0,0.6931471805599453
",",",",PUNCT,PUNCT,,,,,True,2285,0,7.734558844354756
güneydoğu,Güneydoğu,ADJ,ADJ,,,,,True,3,0,1.3862943611198906
kaygı,kaygısı,NOUN,NOUN,,,,,True,2,0,1.0986122886681098
var,var,ADJ,ADJ,0.06842400166907717,1.0397429867758838,VERB,"VERB: 0.74, ADV: 0.19, ADJ: 0.07",True,87,0,4.477336814478207
.,.,PUNCT,PUNCT,,,,,True,3283,0,8.096817470572319
siz,Siz,PRON,PRON,0.6489290710050605,1.4471589459833951,ADV,"PRON: 0.65, ADV: 0.22, CCONJ: 0.08",True,49,0,3.912023005428146
üniversite,üniversiteyi,NOUN,NOUN,,,,,True,9,0,2.302585092994046
İstanbul,İstanbul'da,PROPN,PROPN,0.10006478786388039,1.6489388048066846,PRON,"PRON: 0.64, NOUN: 0.13, PROPN: 0.10, ADV: 0.08, ADJ: 0.06",True,26,0,3.295836866004329
mi,mı,AUX,AUX,0.49179730733219285,1.8739792138931677,CCONJ,"AUX: 0.49, CCONJ: 0.24, ADP: 0.18, ADV: 0.05",True,112,0,4.727387818712341
oku,okumuştunuz,VERB,VERB,1.0,0.0,,VERB: 1.00,True,29,0,3.4011973816621555
.,.,PUNCT,PUNCT,,,,,True,3283,0,8.096817470572319
hayır,Hayır,NOUN,NOUN,,,,,True,5,0,1.791759469228055
",",",",PUNCT,PUNCT,,,,,True,2285,0,7.734558844354756
İstanbul,İstanbul'a,PROPN,PROPN,0.10006478786388039,1.6489388048066846,PRON,"PRON: 0.64, NOUN: 0.13, PROPN: 0.10, ADV: 0.08, ADJ: 0.06",True,26,0,3.295836866004329
sonra,sonra,ADV,ADV,0.30381655368036,1.5872488856701816,PRON,"PRON: 0.54, ADV: 0.30, PROPN: 0.11",True,39,0,3.6888794541139363
gel,geldim,VERB,VERB,1.0,0.0,,VERB: 1.00,True,166,0,5.117993812416755
ben,ben,PRON,PRON,0.614767428544865,1.6599914502896118,ADV,"PRON: 0.61, ADV: 0.21, CCONJ: 0.08, PROPN: 0.06",True,310,0,5.739792912179234
.,.,PUNCT,PUNCT,,,,,True,3283,0,8.096817470572319
çocukluk,Çocukluğumuz,NOUN,NOUN,,,,,True,5,0,1.791759469228055
hep,hep,ADV,ADV,0.17309001779684272,1.7271777054178834,PRON,"PRON: 0.51, CCONJ: 0.25, ADV: 0.17",True,25,0,3.258096538021482
Anadolu,Anadolu'da,PROPN,PROPN,,,,,True,7,0,2.0794415416798357
geç,geçti,VERB,VERB,1.0,0.0,,VERB: 1.00,True,62,0,4.143134726391533
.,.,PUNCT,PUNCT,,,,,True,3283,0,8.096817470572319
Anadolu,Anadolu'da,PROPN,PROPN,,,,,True,7,0,2.0794415416798357
zor,zor,ADJ,ADJ,0.22223016687522598,0.7642188650529111,NOUN,"NOUN: 0.78, ADJ: 0.22",True,22,0,3.1354942159291497
ol,olmalı,VERB,VERB,1.0,0.0,,VERB: 1.00,True,603,0,6.403574197934815
kız,kız,ADJ,ADJ,0.08697606722257128,1.2687323826082555,NOUN,"NOUN: 0.60, PROPN: 0.31, ADJ: 0.09",True,72,0,4.290459441148391
-,-,PUNCT,PUNCT,,,,,True,74,0,4.31748811353631
erkek,erkek,ADJ,ADJ,0.2550214721482965,1.9837572266938677,DET,"DET: 0.30, ADJ: 0.26, PRON: 0.24, NOUN: 0.20",True,24,0,3.2188758248682006
ilişki,ilişkileri,NOUN,NOUN,0.6341712050128674,1.193890856830851,ADJ,"NOUN: 0.63, ADJ: 0.30, VERB: 0.06",True,14,0,2.70805020110221
.,.,PUNCT,PUNCT,,,,,True,3283,0,8.096817470572319
yok,Yok,ADV,ADV,0.0,0.6417583248544891,VERB,"VERB: 0.84, ADJ: 0.16",True,39,0,3.6888794541139363
can,canım,NOUN,NOUN,0.21229396720273427,1.8300251612537353,PRON,"PRON: 0.47, NOUN: 0.21, ADJ: 0.17, PROPN: 0.15",True,12,0,2.5649493574615367
",",",",PUNCT,PUNCT,,,,,True,2285,0,7.734558844354756
aşk,aşk,NOUN,NOUN,0.14902600627145401,1.4092659347960323,NUM,"NUM: 0.55, ADJ: 0.31, NOUN: 0.15",True,11,0,2.4849066497880004
her,her,DET,DET,0.5393270671644539,1.4044282159240997,NUM,"DET: 0.54, NUM: 0.36, ADJ: 0.09",True,91,0,4.5217885770490405
iklim,iklimde,NOUN,NOUN,,,,,True,2,0,1.0986122886681098
bir,bir,DET,DET,0.49958184875865663,1.6482580173109218,NUM,"DET: 0.50, NUM: 0.30, ADJ: 0.15",True,616,0,6.424869023905388
yer,yer,NOUN,NOUN,0.6105573897718891,0.964438903111094,ADJ,"NOUN: 0.61, ADJ: 0.39",True,111,0,4.718498871295094
bul,bulur,VERB,VERB,1.0,0.0,,VERB: 1.00,True,56,0,4.04305126783455
kendi,kendine,PRON,PRON,0.6796575105452602,1.4263748283851931,ADV,"PRON: 0.68, ADV: 0.19, PROPN: 0.06",True,126,0,4.844187086458591
.,.,PUNCT,PUNCT,,,,,True,3283,0,8.096817470572319
gülümse,Gülümsemeler,VERB,VERB,,,,,True,2,0,1.0986122886681098
...,...,PUNCT,PUNCT,,,,,True,91,0,4.5217885770490405
gülümse,Gülümsemeler,VERB,VERB,,,,,True,2,0,1.0986122886681098
.,.,PUNCT,PUNCT,,,,,True,3283,0,8.096817470572319
aşk,Aşk,NOUN,NOUN,0.14902600627145401,1.4092659347960323,NUM,"NUM: 0.55, ADJ: 0.31, NOUN: 0.15",True,11,0,2.4849066497880004
evlilik,evliliği,NOUN,NOUN,,,,,True,2,0,1.0986122886681098
mi,miydi,AUX,AUX,0.49179730733219285,1.8739792138931677,CCONJ,"AUX: 0.49, CCONJ: 0.24, ADP: 0.18, ADV: 0.05",True,112,0,4.727387818712341
siz,sizin,PRON,PRON,0.6489290710050605,1.4471589459833951,ADV,"PRON: 0.65, ADV: 0.22, CCONJ: 0.08",True,49,0,3.912023005428146
ki,ki,ADP,ADP,0.352272282719127,2.181690690995641,AUX,"ADP: 0.35, AUX: 0.28, CCONJ: 0.23, NUM: 0.08",True,217,0,5.384495062789089
.,.,PUNCT,PUNCT,,,,,True,3283,0,8.096817470572319
evlilik,Evlilik,NOUN,NOUN,,,,,True,2,0,1.0986122886681098
aşk,aşkı,NOUN,NOUN,0.14902600627145401,1.4092659347960323,NUM,"NUM: 0.55, ADJ: 0.31, NOUN: 0.15",True,11,0,2.4849066497880004
de,desek,VERB,VERB,0.7089626585740004,0.8700574815901702,CCONJ,"VERB: 0.71, CCONJ: 0.29",True,295,0,5.69035945432406
!,!,PUNCT,PUNCT,,,,,True,39,0,3.6888794541139363
..,..,PUNCT,PUNCT,,,,,True,13,0,2.6390573296152584
yine,Yine,ADV,ADV,0.23735574991736438,1.9589772928384734,PRON,"PRON: 0.42, ADV: 0.24, CCONJ: 0.22, PROPN: 0.10",True,19,0,2.995732273553991
gülümse,gülümsemeler,VERB,VERB,,,,,True,2,0,1.0986122886681098
...,...,PUNCT,PUNCT,,,,,True,91,0,4.5217885770490405
ilk,İlk,ADJ,ADJ,0.121493136275404,1.1638215395306515,DET,"DET: 0.70, NUM: 0.17, ADJ: 0.12",True,33,0,3.5263605246161616
gençlik,gençlik,NOUN,NOUN,,,,,False,0,0,0.0
aşk,aşklarına,NOUN,NOUN,0.14902600627145401,1.4092659347960323,NUM,"NUM: 0.55, ADJ: 0.31, NOUN: 0.15",True,11,0,2.4849066497880004
dair,dair,ADP,ADP,,,,,True,1,0,0.6931471805599453
uzun,uzun,ADJ,ADJ,0.12210348386186666,1.3877243018568113,DET,"DET: 0.53, NUM: 0.35, ADJ: 0.12",True,24,0,3.2188758248682006
ve,ve,CCONJ,CCONJ,0.23925769350174309,2.411623002364367,NUM,"NUM: 0.34, CCONJ: 0.24, ADJ: 0.14, DET: 0.11, PRON: 0.09, PROPN: 0.06",True,359,0,5.886104031450156
fısıltı,fısıltı,NOUN,NOUN,,,,,True,1,0,0.6931471805599453
li,lı,ADP,ADP,0.2797323618856777,2.3836488217196035,AUX,"AUX: 0.30, ADP: 0.28, CCONJ: 0.23, NUM: 0.08",True,182,0,5.209486152841421
bir,bir,DET,DET,0.49958184875865663,1.6482580173109218,NUM,"DET: 0.50, NUM: 0.30, ADJ: 0.15",True,616,0,6.424869023905388
diyalog,diyalog,NOUN,NOUN,,,,,True,1,0,0.6931471805599453
...,...,PUNCT,PUNCT,,,,,True,91,0,4.5217885770490405
şey,Şeye,NOUN,NOUN,0.7797490937613291,0.7606253858126094,ADJ,"NOUN: 0.78, ADJ: 0.22",True,102,0,4.634728988229636
git,gittik,VERB,VERB,1.0,0.0,,VERB: 1.00,True,116,0,4.762173934797756
geçen,geçen,ADJ,ADJ,,,,,True,5,0,1.791759469228055
akşam,akşam,NOUN,NOUN,0.543237782580388,1.4254235433890245,PROPN,"NOUN: 0.54, PROPN: 0.29, ADJ: 0.16",True,13,0,2.6390573296152584
...,...,PUNCT,PUNCT,,,,,True,91,0,4.5217885770490405
cesur,Cesur,ADJ,ADJ,,,,,True,1,0,0.6931471805599453
yürek,Yürek,NOUN,NOUN,,,,,True,1,0,0.6931471805599453
film,filmine,NOUN,NOUN,,,,,True,4,0,1.6094379124341003
.,.,PUNCT,PUNCT,,,,,True,3283,0,8.096817470572319
nasıl,Nasıl,ADV,ADV,0.22688879708691875,1.6551093959198966,PRON,"PRON: 0.59, ADV: 0.23, PROPN: 0.07, NOUN: 0.06",True,24,0,3.2188758248682006
i,dı,AUX,AUX,0.47697018772995686,1.861138213598426,ADP,"AUX: 0.48, ADP: 0.26, CCONJ: 0.18, PROPN: 0.06",True,546,0,6.304448802421981
.,.,PUNCT,PUNCT,,,,,True,3283,0,8.096817470572319
aşk,Aşk,NOUN,NOUN,0.14902600627145401,1.4092659347960323,NUM,"NUM: 0.55, ADJ: 0.31, NOUN: 0.15",True,11,0,2.4849066497880004
dey,deyince,VERB,VERB,,,,,True,9,0,2.302585092994046
akıl,aklıma,NOUN,NOUN,0.5386672765526301,0.9956815746298321,ADJ,"NOUN: 0.54, ADJ: 0.46",True,31,0,3.4657359027997265
gel,geldi,VERB,VERB,1.0,0.0,,VERB: 1.00,True,166,0,5.117993812416755
.,.,PUNCT,PUNCT,,,,,True,3283,0,8.096817470572319
o,O,DET,DET,0.6447660992254824,1.4376147671166477,NUM,"DET: 0.64, NUM: 0.18, ADJ: 0.13",True,113,0,4.736198448394496
sıra,sırada,ADV,ADV,,,,,True,1,0,0.6931471805599453
",",",",PUNCT,PUNCT,,,,,True,2285,0,7.734558844354756
iş,iş,NOUN,NOUN,0.46442635400175103,1.4429440308933483,PRON,"NOUN: 0.46, PRON: 0.39, ADJ: 0.14",True,70,0,4.2626798770413155
dönüş,dönüşü,NOUN,NOUN,,,,,True,2,0,1.0986122886681098
yorgun,yorgun,ADJ,ADJ,,,,,True,3,0,1.3862943611198906
ve,ve,CCONJ,CCONJ,0.23925769350174309,2.411623002364367,NUM,"NUM: 0.34, CCONJ: 0.24, ADJ: 0.14, DET: 0.11, PRON: 0.09, PROPN: 0.06",True,359,0,5.886104031450156
dalgın,dalgın,ADJ,ADJ,,,,,False,0,0,0.0
adım,adımlarla,NOUN,NOUN,,,,,True,10,0,2.3978952727983707
geç,geçip,VERB,VERB,1.0,0.0,,VERB: 1.00,True,62,0,4.143134726391533
git,giden,VERB,VERB,1.0,0.0,,VERB: 1.00,True,116,0,4.762173934797756
_,lerden,ADP,ADP,,,,,True,70,0,4.2626798770413155
bir,bir,NUM,NUM,0.3916735022215744,1.8552050660223744,DET,"DET: 0.40, NUM: 0.39, ADJ: 0.09, PROPN: 0.06, NOUN: 0.06",True,170,0,5.14166355650266
iki,ikisinin,NUM,NUM,0.27698505514822225,1.5675874170394526,DET,"DET: 0.55, NUM: 0.28, ADJ: 0.13",True,83,0,4.430816798843313
göz,gözleri,NOUN,NOUN,0.48581680668839844,1.5108829755725355,PROPN,"NOUN: 0.49, PROPN: 0.28, ADJ: 0.24",True,49,0,3.912023005428146
takıl,takılır,VERB,VERB,,,,,True,2,0,1.0986122886681098
kenar,kenarda,ADJ,ADJ,,,,,True,7,0,2.0794415416798357
ki,kilere,ADP,ADP,0.352272282719127,2.181690690995641,AUX,"ADP: 0.35, AUX: 0.28, CCONJ: 0.23, NUM: 0.08",True,217,0,5.384495062789089
.,.,PUNCT,PUNCT,,,,,True,3283,0,8.096817470572319
iyi,İyi,ADJ,ADJ,0.03291619485831978,1.0997597953020077,PRON,"PRON: 0.75, ADV: 0.18",True,58,0,4.07753744390572
akşam,akşamlar,NOUN,NOUN,0.543237782580388,1.4254235433890245,PROPN,"NOUN: 0.54, PROPN: 0.29, ADJ: 0.16",True,13,0,2.6390573296152584
...,...,PUNCT,PUNCT,,,,,True,91,0,4.5217885770490405
iyi,İyi,ADJ,ADJ,0.03291619485831978,1.0997597953020077,PRON,"PRON: 0.75, ADV: 0.18",True,58,0,4.07753744390572
akşam,akşamlar,NOUN,NOUN,0.543237782580388,1.4254235433890245,PROPN,"NOUN: 0.54, PROPN: 0.29, ADJ: 0.16",True,13,0,2.6390573296152584
...,...,PUNCT,PUNCT,,,,,True,91,0,4.5217885770490405
uzun,Uzun,ADJ,ADJ,0.12210348386186666,1.3877243018568113,DET,"DET: 0.53, NUM: 0.35, ADJ: 0.12",True,24,0,3.2188758248682006
bir,bir,DET,DET,0.49958184875865663,1.6482580173109218,NUM,"DET: 0.50, NUM: 0.30, ADJ: 0.15",True,616,0,6.424869023905388
sessizlik,sessizlik,NOUN,NOUN,,,,,True,2,0,1.0986122886681098
...,...,PUNCT,PUNCT,,,,,True,91,0,4.5217885770490405
ülke,Ülke,NOUN,NOUN,0.4198365377202642,1.523664474067324,PRON,"NOUN: 0.42, PRON: 0.38, ADJ: 0.20",True,13,0,2.6390573296152584
ekonomi,ekonomisiyle,NOUN,NOUN,,,,,True,5,0,1.791759469228055
kişisel,kişisel,ADJ,ADJ,,,,,False,0,0,0.0
hayat,hayatların,NOUN,NOUN,0.23617296238770852,1.163013823457567,PRON,"PRON: 0.68, NOUN: 0.24, ADJ: 0.08",True,32,0,3.4965075614664802
girdap,girdabından,NOUN,NOUN,,,,,False,0,0,0.0
çıkış,çıkış,NOUN,NOUN,,,,,True,4,0,1.6094379124341003
ara,arasında,ADJ,ADJ,0.45952551652597307,0.9952680248528016,NOUN,"NOUN: 0.54, ADJ: 0.46",True,73,0,4.30406509320417
ki,ki,ADP,ADP,0.352272282719127,2.181690690995641,AUX,"ADP: 0.35, AUX: 0.28, CCONJ: 0.23, NUM: 0.08",True,217,0,5.384495062789089
denklem,denklemin,NOUN,NOUN,,,,,False,0,0,0.0
çözüm,çözümü,NOUN,NOUN,,,,,True,10,0,2.3978952727983707
uyku,uykularımı,NOUN,NOUN,,,,,True,6,0,1.9459101490553132
böl,bölüyor,VERB,VERB,,,,,True,3,0,1.3862943611198906
.,.,PUNCT,PUNCT,,,,,True,3283,0,8.096817470572319
o,Onlar,PRON,PRON,0.5961784524857141,1.6538184960634559,ADV,"PRON: 0.60, ADV: 0.24, CCONJ: 0.07, PROPN: 0.05",True,264,0,5.579729825986222
çalış,çalışıyorlar,VERB,VERB,0.650530576282453,1.1285592750273743,CCONJ,"VERB: 0.65, CCONJ: 0.30",True,64,0,4.174387269895637
...,...,PUNCT,PUNCT,,,,,True,91,0,4.5217885770490405
çalış,çalışmak,VERB,VERB,0.650530576282453,1.1285592750273743,CCONJ,"VERB: 0.65, CCONJ: 0.30",True,64,0,4.174387269895637
da,da,CCONJ,CCONJ,0.13730810580889885,1.6721173968196932,AUX,"AUX: 0.44, ADP: 0.38, CCONJ: 0.14",True,275,0,5.62040086571715
değil,değil,CCONJ,CCONJ,0.0,0.0,VERB,VERB: 1.00,True,20,0,3.044522437723423
",",",",PUNCT,PUNCT,,,,,True,2285,0,7.734558844354756
hayat,hayatla,NOUN,NOUN,0.23617296238770852,1.163013823457567,PRON,"PRON: 0.68, NOUN: 0.24, ADJ: 0.08",True,32,0,3.4965075614664802
boğuş,boğuşuyorlar,VERB,VERB,,,,,False,0,0,0.0
.,.,PUNCT,PUNCT,,,,,True,3283,0,8.096817470572319
ve,Ve,CCONJ,CCONJ,0.23925769350174309,2.411623002364367,NUM,"NUM: 0.34, CCONJ: 0.24, ADJ: 0.14, DET: 0.11, PRON: 0.09, PROPN: 0.06",True,359,0,5.886104031450156
kendi,kendi,PRON,PRON,0.6796575105452602,1.4263748283851931,ADV,"PRON: 0.68, ADV: 0.19, PROPN: 0.06",True,126,0,4.844187086458591
mercek,merceklerinden,NOUN,NOUN,,,,,False,0,0,0.0
bak,bakıldığında,VERB,VERB,1.0,0.0,,VERB: 1.00,True,85,0,4.454347296253507
haklı,haklı,ADJ,ADJ,,,,,True,5,0,1.791759469228055
i,lar,AUX,AUX,0.47697018772995686,1.861138213598426,ADP,"AUX: 0.48, ADP: 0.26, CCONJ: 0.18, PROPN: 0.06",True,546,0,6.304448802421981
.,.,PUNCT,PUNCT,,,,,True,3283,0,8.096817470572319
hangi,Hangi,ADJ,ADJ,,,,,True,5,0,1.791759469228055
özür,özür,NOUN,NOUN,,,,,True,1,0,0.6931471805599453
",",",",PUNCT,PUNCT,,,,,True,2285,0,7.734558844354756
on,onların,NUM,NUM,0.6219187351173523,1.783965877110234,PROPN,"NUM: 0.62, PROPN: 0.10, DET: 0.10, ADJ: 0.08, CCONJ: 0.07",True,21,0,3.091042453358316
haklılık,haklılığını,NOUN,NOUN,,,,,False,0,0,0.0
değiş,değiştirebilir,VERB,VERB,1.0,0.0,,VERB: 1.00,True,26,0,3.295836866004329
ki,ki,CCONJ,CCONJ,0.1806152397797589,1.9747454841180783,AUX,"AUX: 0.51, CCONJ: 0.18, ADP: 0.18, ADV: 0.07",True,81,0,4.406719247264253
!,!,PUNCT,PUNCT,,,,,True,39,0,3.6888794541139363
..,..,PUNCT,PUNCT,,,,,True,13,0,2.6390573296152584
o,Onda,PRON,PRON,0.5961784524857141,1.6538184960634559,ADV,"PRON: 0.60, ADV: 0.24, CCONJ: 0.07, PROPN: 0.05",True,264,0,5.579729825986222
...,...,PUNCT,PUNCT,,,,,True,91,0,4.5217885770490405
ben,Ben,PRON,PRON,0.614767428544865,1.6599914502896118,ADV,"PRON: 0.61, ADV: 0.21, CCONJ: 0.08, PROPN: 0.06",True,310,0,5.739792912179234
biz,bizim,PRON,PRON,0.5140713310358356,1.872132039681025,ADV,"PRON: 0.51, ADV: 0.19, CCONJ: 0.17, PROPN: 0.06, NOUN: 0.05",True,86,0,4.465908118654584
planlamacı,planlamacıları,NOUN,NOUN,,,,,False,0,0,0.0
da,da,CCONJ,CCONJ,0.13730810580889885,1.6721173968196932,AUX,"AUX: 0.44, ADP: 0.38, CCONJ: 0.14",True,275,0,5.62040086571715
çağır,çağırdım,VERB,VERB,,,,,True,10,0,2.3978952727983707
...,...,PUNCT,PUNCT,,,,,True,91,0,4.5217885770490405
zor,Zor,ADJ,ADJ,0.22223016687522598,0.7642188650529111,NOUN,"NOUN: 0.78, ADJ: 0.22",True,22,0,3.1354942159291497
bir,bir,DET,DET,0.49958184875865663,1.6482580173109218,NUM,"DET: 0.50, NUM: 0.30, ADJ: 0.15",True,616,0,6.424869023905388
görüşme,görüşme,NOUN,NOUN,,,,,True,5,0,1.791759469228055
ol,olacak,VERB,VERB,1.0,0.0,,VERB: 1.00,True,603,0,6.403574197934815
.,.,PUNCT,PUNCT,,,,,True,3283,0,8.096817470572319
pazartesi,Pazartesi,NOUN,NOUN,,,,,True,1,0,0.6931471805599453
biz,biz,PRON,PRON,0.5140713310358356,1.872132039681025,ADV,"PRON: 0.51, ADV: 0.19, CCONJ: 0.17, PROPN: 0.06, NOUN: 0.05",True,86,0,4.465908118654584
de,de,CCONJ,CCONJ,0.13783772654910434,1.6723904656042283,AUX,"AUX: 0.44, ADP: 0.38, CCONJ: 0.14",True,326,0,5.7899601708972535
kat,katılacağız,VERB,VERB,1.0,0.0,,VERB: 1.00,True,19,0,2.995732273553991
.,.,PUNCT,PUNCT,,,,,True,3283,0,8.096817470572319
bir,Bir,DET,DET,0.49958184875865663,1.6482580173109218,NUM,"DET: 0.50, NUM: 0.30, ADJ: 0.15",True,616,0,6.424869023905388
çay,çay,NOUN,NOUN,,,,,True,2,0,1.0986122886681098
daha,daha,ADV,ADV,0.16216742905437215,2.279909832774521,PRON,"PRON: 0.30, CCONJ: 0.27, PROPN: 0.19, ADV: 0.16",True,127,0,4.852030263919617
...,...,PUNCT,PUNCT,,,,,True,91,0,4.5217885770490405
yok,Yok,ADV,ADV,0.0,0.6417583248544891,VERB,"VERB: 0.84, ADJ: 0.16",True,39,0,3.6888794541139363
",",",",PUNCT,PUNCT,,,,,True,2285,0,7.734558844354756
fazla,fazlası,ADJ,ADJ,,,,,True,6,0,1.9459101490553132
korkut,korkutuyor,VERB,VERB,,,,,True,2,0,1.0986122886681098
.,.,PUNCT,PUNCT,,,,,True,3283,0,8.096817470572319
anne,Anneme,NOUN,NOUN,0.022677746240264553,1.7793257576975863,PRON,"PRON: 0.58, ADV: 0.16, PROPN: 0.16, CCONJ: 0.07",True,91,0,4.5217885770490405
doktor,doktorlar,NOUN,NOUN,,,,,True,6,0,1.9459101490553132
tümüyle,tümüyle,ADV,ADV,,,,,True,3,0,1.3862943611198906
yasakla,yasakladı,VERB,VERB,,,,,True,3,0,1.3862943611198906
.,.,PUNCT,PUNCT,,,,,True,3283,0,8.096817470572319
ne,Nesi,PRON,PRON,0.657373909218341,1.5595369645973152,PROPN,"PRON: 0.66, PROPN: 0.14, ADV: 0.11, NOUN: 0.06",True,98,0,4.59511985013459
var,var,ADJ,ADJ,0.06842400166907717,1.0397429867758838,VERB,"VERB: 0.74, ADV: 0.19, ADJ: 0.07",True,87,0,4.477336814478207
.,.,PUNCT,PUNCT,,,,,True,3283,0,8.096817470572319
yaşlılık,Yaşlılık,NOUN,NOUN,,,,,False,0,0,0.0
işte,işte,ADV,ADV,0.11734689772862172,2.034632031144819,PRON,"PRON: 0.41, CCONJ: 0.29, PROPN: 0.15, ADV: 0.12",True,18,0,2.9444389791664403
",",",",PUNCT,PUNCT,,,,,True,2285,0,7.734558844354756
çarpıntı,çarpıntılar,NOUN,NOUN,,,,,False,0,0,0.0
...,...,PUNCT,PUNCT,,,,,True,91,0,4.5217885770490405
ben,Ben,PRON,PRON,0.614767428544865,1.6599914502896118,ADV,"PRON: 0.61, ADV: 0.21, CCONJ: 0.08, PROPN: 0.06",True,310,0,5.739792912179234
her,her,DET,DET,0.5393270671644539,1.4044282159240997,NUM,"DET: 0.54, NUM: 0.36, ADJ: 0.09",True,91,0,4.5217885770490405
sabah,sabah,NOUN,NOUN,0.11450917871831384,0.7864342524726671,PRON,"PRON: 0.84, NOUN: 0.11",True,16,0,2.833213344056216
yürü,yürüyorum,VERB,VERB,0.9696329731056629,0.1962291533592685,NOUN,VERB: 0.97,True,18,0,2.9444389791664403
.,.,PUNCT,PUNCT,,,,,True,3283,0,8.096817470572319
bu,Bu,DET,DET,0.6017857940157323,1.5300103231456785,NUM,"DET: 0.60, NUM: 0.20, ADJ: 0.15",True,350,0,5.860786223465865
pazar,pazar,NOUN,NOUN,,,,,True,3,0,1.3862943611198906
biz,bize,PRON,PRON,0.5140713310358356,1.872132039681025,ADV,"PRON: 0.51, ADV: 0.19, CCONJ: 0.17, PROPN: 0.06, NOUN: 0.05",True,86,0,4.465908118654584
kat,katılsanıza,VERB,VERB,1.0,0.0,,VERB: 1.00,True,19,0,2.995732273553991
...,...,PUNCT,PUNCT,,,,,True,91,0,4.5217885770490405
çocuk,Çocuklar,NOUN,NOUN,0.41886901196129345,1.5243676922345937,PRON,"NOUN: 0.42, PRON: 0.38, ADJ: 0.20",True,59,0,4.0943445622221
izin,izin,NOUN,NOUN,,,,,True,8,0,2.1972245773362196
ver,verirse,VERB,VERB,1.0,0.0,,VERB: 1.00,True,138,0,4.9344739331306915
.,.,PUNCT,PUNCT,,,,,True,3283,0,8.096817470572319
okul,Okullar,NOUN,NOUN,0.2139880437269205,1.2311670930831178,PRON,"PRON: 0.67, NOUN: 0.21, ADJ: 0.12",True,28,0,3.367295829986474
aç,açılıyor,VERB,VERB,1.0,0.0,,VERB: 1.00,True,44,0,3.8066624897703196
ya,ya,CCONJ,CCONJ,0.14638418649042423,2.502374351780982,AUX,"AUX: 0.40, PRON: 0.15, CCONJ: 0.15, PROPN: 0.10, ADV: 0.08, ADP: 0.05",True,66,0,4.204692619390966
...,...,PUNCT,PUNCT,,,,,True,91,0,4.5217885770490405
git,Gitmeden,VERB,VERB,1.0,0.0,,VERB: 1.00,True,116,0,4.762173934797756
önce,önce,ADP,ADP,0.5161242363988484,1.7862775296674653,CCONJ,"ADP: 0.52, CCONJ: 0.30, NUM: 0.10",True,41,0,3.7376696182833684
birlikte,birlikte,ADV,ADV,,,,,True,8,0,2.1972245773362196
son,son,ADJ,ADJ,0.1777361734882735,2.377263529052741,DET,"DET: 0.32, CCONJ: 0.22, ADJ: 0.18, NUM: 0.16, PROPN: 0.08, NOUN: 0.05",True,59,0,4.0943445622221
pazar,pazarımız,NOUN,NOUN,,,,,True,3,0,1.3862943611198906
.,.,PUNCT,PUNCT,,,,,True,3283,0,8.096817470572319
sessizlik,Sessizlik,NOUN,NOUN,,,,,True,2,0,1.0986122886681098
dudak,dudaklardan,NOUN,NOUN,,,,,True,3,0,1.3862943611198906
mırıltı,mırıltıyla,NOUN,NOUN,,,,,False,0,0,0.0
dök,dökülen,VERB,VERB,,,,,True,10,0,2.3978952727983707
bir,bir,DET,DET,0.49958184875865663,1.6482580173109218,NUM,"DET: 0.50, NUM: 0.30, ADJ: 0.15",True,616,0,6.424869023905388
şarkı,şarkı,NOUN,NOUN,,,,,True,6,0,1.9459101490553132
.,.,PUNCT,PUNCT,,,,,True,3283,0,8.096817470572319
Pnon,Pnon,NOUN,NOUN,,,,,False,0,0,0.0
alaturka,alaturkası,ADJ,NOUN,,,,,False,0,1,0.0
...,...,PUNCT,PUNCT,,,,,True,91,0,4.5217885770490405
bazen,Bazen,ADV,ADV,,,,,True,5,0,1.791759469228055
arkadaş,arkadaşlarla,NOUN,NOUN,0.6069614961121822,0.9667324334699345,ADJ,"NOUN: 0.61, ADJ: 0.39",True,20,0,3.044522437723423
toplantı,toplantıda,NOUN,NOUN,0.31752943967823205,1.3195026054314372,PRON,"PRON: 0.58, NOUN: 0.32, ADJ: 0.10",True,13,0,2.6390573296152584
i,yken,AUX,AUX,0.47697018772995686,1.861138213598426,ADP,"AUX: 0.48, ADP: 0.26, CCONJ: 0.18, PROPN: 0.06",True,546,0,6.304448802421981
de,de,CCONJ,CCONJ,0.13783772654910434,1.6723904656042283,AUX,"AUX: 0.44, ADP: 0.38, CCONJ: 0.14",True,326,0,5.7899601708972535
dil,dilime,NOUN,NOUN,0.2352579076082893,1.9736918137901505,ADJ,"ADJ: 0.30, PRON: 0.28, NOUN: 0.24, PROPN: 0.18",True,13,0,2.6390573296152584
takıl,takılıveriyor,VERB,VERB,,,,,True,2,0,1.0986122886681098
.,.,PUNCT,PUNCT,,,,,True,3283,0,8.096817470572319
çal,Çalsın,VERB,VERB,1.0,0.0,,VERB: 1.00,True,20,0,3.044522437723423
saz,sazlar,ADJ,ADJ,,,,,False,0,0,0.0
...,...,PUNCT,PUNCT,,,,,True,91,0,4.5217885770490405
çal,Çalsın,VERB,VERB,1.0,0.0,,VERB: 1.00,True,20,0,3.044522437723423
saz,sazlar,ADJ,ADJ,,,,,False,0,0,0.0
...,...,PUNCT,PUNCT,,,,,True,91,0,4.5217885770490405
abuk,Abuk,X,ADJ,,,,,False,0,1,0.0
sabuk,sabuk,X,ADJ,,,,,False,0,1,0.0
bir,bir,DET,DET,0.49958184875865663,1.6482580173109218,NUM,"DET: 0.50, NUM: 0.30, ADJ: 0.15",True,616,0,6.424869023905388
görüşme,görüşmenin,NOUN,NOUN,,,,,True,5,0,1.791759469228055
ip,ipe,NOUN,NOUN,,,,,True,1,0,0.6931471805599453
sap,sapa,NOUN,NOUN,,,,,False,0,0,0.0
gel,gelmez,VERB,VERB,1.0,0.0,,VERB: 1.00,True,166,0,5.117993812416755
konuş,konuşmaları,VERB,VERB,1.0,0.0,,VERB: 1.00,True,61,0,4.127134385045092
...,...,PUNCT,PUNCT,,,,,True,91,0,4.5217885770490405
hayal,Hayal,NOUN,NOUN,,,,,True,7,0,2.0794415416798357
bu,bu,PRON,PRON,0.7006788109102466,1.3923524752663319,ADV,"PRON: 0.70, ADV: 0.14, CCONJ: 0.09, NOUN: 0.05",True,171,0,5.147494476813453
ya,ya,ADV,CCONJ,,,,,False,0,1,0.0
!,!,PUNCT,PUNCT,,,,,True,39,0,3.6888794541139363
..,..,PUNCT,PUNCT,,,,,True,13,0,2.6390573296152584
ne,Ne,ADJ,ADJ,,,,,True,5,0,1.791759469228055
iş,işe,NOUN,NOUN,0.46442635400175103,1.4429440308933483,PRON,"NOUN: 0.46, PRON: 0.39, ADJ: 0.14",True,70,0,4.2626798770413155
mi,mi,AUX,AUX,0.49179730733219285,1.8739792138931677,CCONJ,"AUX: 0.49, CCONJ: 0.24, ADP: 0.18, ADV: 0.05",True,112,0,4.727387818712341
yara,yarardı,VERB,VERB,,,,,True,1,0,0.6931471805599453
.,.,PUNCT,PUNCT,,,,,True,3283,0,8.096817470572319
san,Sanılıyordu,VERB,VERB,0.7139098762282715,0.863616900307478,CCONJ,"VERB: 0.71, CCONJ: 0.29",True,32,0,3.4965075614664802
ki,ki,CCONJ,CCONJ,0.1806152397797589,1.9747454841180783,AUX,"AUX: 0.51, CCONJ: 0.18, ADP: 0.18, ADV: 0.07",True,81,0,4.406719247264253
",",",",PUNCT,PUNCT,,,,,True,2285,0,7.734558844354756
ülke,ülkenin,NOUN,NOUN,0.4198365377202642,1.523664474067324,PRON,"NOUN: 0.42, PRON: 0.38, ADJ: 0.20",True,13,0,2.6390573296152584
devasa,devasa,ADJ,ADJ,,,,,False,0,0,0.0
sorun,sorunlarına,NOUN,NOUN,0.7779423061342887,0.7639070323785578,ADJ,"NOUN: 0.78, ADJ: 0.22",True,18,0,2.9444389791664403
",",",",PUNCT,PUNCT,,,,,True,2285,0,7.734558844354756
dair,dair,ADP,ADP,,,,,True,1,0,0.6931471805599453
",",",",PUNCT,PUNCT,,,,,True,2285,0,7.734558844354756
basmakalıp,basmakalıp,ADJ,ADJ,,,,,False,0,0,0.0
siyaset,siyaset,NOUN,NOUN,,,,,True,2,0,1.0986122886681098
tirad,tiradlarının,NOUN,NOUN,,,,,False,0,0,0.0
düello,düellosunu,NOUN,NOUN,,,,,False,0,0,0.0
kazan,kazanan,VERB,VERB,1.0,0.0,,VERB: 1.00,True,11,0,2.4849066497880004
muzaffer,muzaffer,ADJ,ADJ,,,,,False,0,0,0.0
ol,olacaktı,VERB,VERB,1.0,0.0,,VERB: 1.00,True,603,0,6.403574197934815
.,.,PUNCT,PUNCT,,,,,True,3283,0,8.096817470572319
bir,Bir,DET,DET,0.49958184875865663,1.6482580173109218,NUM,"DET: 0.50, NUM: 0.30, ADJ: 0.15",True,616,0,6.424869023905388
yer,yerlerde,NOUN,NOUN,0.6105573897718891,0.964438903111094,ADJ,"NOUN: 0.61, ADJ: 0.39",True,111,0,4.718498871295094
buluş,buluşamayacakları,VERB,VERB,,,,,True,6,0,1.9459101490553132
besbelli,besbelli,ADV,ADV,,,,,False,0,0,0.0
i,ydi,AUX,AUX,0.47697018772995686,1.861138213598426,ADP,"AUX: 0.48, ADP: 0.26, CCONJ: 0.18, PROPN: 0.06",True,546,0,6.304448802421981
.,.,PUNCT,PUNCT,,,,,True,3283,0,8.096817470572319
kendi,Kendi,PRON,PRON,0.6796575105452602,1.4263748283851931,ADV,"PRON: 0.68, ADV: 0.19, PROPN: 0.06",True,126,0,4.844187086458591
hayat,hayatlarının,NOUN,NOUN,0.23617296238770852,1.163013823457567,PRON,"PRON: 0.68, NOUN: 0.24, ADJ: 0.08",True,32,0,3.4965075614664802
çember,çemberlerine,NOUN,NOUN,,,,,False,0,0,0.0
uza,uzanan,VERB,VERB,1.0,0.0,,VERB: 1.00,True,22,0,3.1354942159291497
çizgi,çizgilerde,NOUN,NOUN,,,,,True,2,0,1.0986122886681098
buluş,buluşamıyorlardı,VERB,VERB,,,,,True,6,0,1.9459101490553132
daha,daha,ADV,ADV,0.16216742905437215,2.279909832774521,PRON,"PRON: 0.30, CCONJ: 0.27, PROPN: 0.19, ADV: 0.16",True,127,0,4.852030263919617
.,.,PUNCT,PUNCT,,,,,True,3283,0,8.096817470572319
hayat,Hayatlarının,NOUN,NOUN,0.23617296238770852,1.163013823457567,PRON,"PRON: 0.68, NOUN: 0.24, ADJ: 0.08",True,32,0,3.4965075614664802
çizgi,çizgilerini,NOUN,NOUN,,,,,True,2,0,1.0986122886681098
",",",",PUNCT,PUNCT,,,,,True,2285,0,7.734558844354756
hiç,hiç,ADV,ADV,0.14829755248371262,1.3987334442647599,PRON,"PRON: 0.70, ADV: 0.15, PROPN: 0.06",True,45,0,3.828641396489095
değil,değilse,AUX,AUX,0.684685125302444,0.8992136021504445,VERB,"AUX: 0.68, VERB: 0.32",True,72,0,4.290459441148391
çember,çemberlere,NOUN,NOUN,,,,,False,0,0,0.0
teğet,teğet,NOUN,NOUN,,,,,False,0,0,0.0
dokun,dokundurabilselerdi,VERB,VERB,,,,,True,4,0,1.6094379124341003
.,.,PUNCT,PUNCT,,,,,True,3283,0,8.096817470572319
keşke,Keşke,ADV,ADV,,,,,True,2,0,1.0986122886681098
hayat,hayata,NOUN,NOUN,0.23617296238770852,1.163013823457567,PRON,"PRON: 0.68, NOUN: 0.24, ADJ: 0.08",True,32,0,3.4965075614664802
ve,ve,CCONJ,CCONJ,0.23925769350174309,2.411623002364367,NUM,"NUM: 0.34, CCONJ: 0.24, ADJ: 0.14, DET: 0.11, PRON: 0.09, PROPN: 0.06",True,359,0,5.886104031450156
aşk,aşka,NOUN,NOUN,0.14902600627145401,1.4092659347960323,NUM,"NUM: 0.55, ADJ: 0.31, NOUN: 0.15",True,11,0,2.4849066497880004
dair,dair,ADP,ADP,,,,,True,1,0,0.6931471805599453
konuş,konuşsaydınız,VERB,VERB,1.0,0.0,,VERB: 1.00,True,61,0,4.127134385045092
önce,önce,ADV,ADV,0.27453839774370165,1.600366977632288,PRON,"PRON: 0.56, ADV: 0.27, PROPN: 0.12",True,27,0,3.332204510175204
...,...,PUNCT,PUNCT,,,,,True,91,0,4.5217885770490405
keşke,Keşke,ADV,ADV,,,,,True,2,0,1.0986122886681098
...,...,PUNCT,PUNCT,,,,,True,91,0,4.5217885770490405
dün,Dün,NOUN,NOUN,,,,,True,6,0,1.9459101490553132
akşam,akşam,NOUN,NOUN,0.543237782580388,1.4254235433890245,PROPN,"NOUN: 0.54, PROPN: 0.29, ADJ: 0.16",True,13,0,2.6390573296152584
İsrail,İsraille,PROPN,PROPN,,,,,False,0,0,0.0
Filistin,Filistin,PROPN,PROPN,,,,,False,0,0,0.0
Washington,Washington'da,PROPN,PROPN,,,,,False,0,0,0.0
tarihi,tarihi,ADJ,ADJ,,,,,False,0,0,0.0
bir,bir,DET,DET,0.49958184875865663,1.6482580173109218,NUM,"DET: 0.50, NUM: 0.30, ADJ: 0.15",True,616,0,6.424869023905388
barış,barışa,NOUN,NOUN,,,,,True,4,0,1.6094379124341003
imza,imza,NOUN,NOUN,,,,,True,1,0,0.6931471805599453
at,attılar,VERB,VERB,1.0,0.0,,VERB: 1.00,True,26,0,3.295836866004329
.,.,PUNCT,PUNCT,,,,,True,3283,0,8.096817470572319
Washington,Washington,PROPN,PROPN,,,,,False,0,0,0.0
son,son,ADJ,ADJ,0.1777361734882735,2.377263529052741,DET,"DET: 0.32, CCONJ: 0.22, ADJ: 0.18, NUM: 0.16, PROPN: 0.08, NOUN: 0.05",True,59,0,4.0943445622221
celse,celse,NOUN,NOUN,,,,,False,0,0,0.0
i,ydi,AUX,AUX,0.47697018772995686,1.861138213598426,ADP,"AUX: 0.48, ADP: 0.26, CCONJ: 0.18, PROPN: 0.06",True,546,0,6.304448802421981
.,.,PUNCT,PUNCT,,,,,True,3283,0,8.096817470572319
o,O,DET,DET,0.6447660992254824,1.4376147671166477,NUM,"DET: 0.64, NUM: 0.18, ADJ: 0.13",True,113,0,4.736198448394496
barış,barışın,NOUN,NOUN,,,,,True,4,0,1.6094379124341003
temel,temelleri,ADJ,ADJ,0.4653698610024834,0.9965369341463338,NOUN,"NOUN: 0.53, ADJ: 0.47",True,22,0,3.1354942159291497
yıl,yıllar,NOUN,NOUN,0.29569595997941395,1.4054086954468807,PRON,"PRON: 0.55, NOUN: 0.30, ADJ: 0.15",True,68,0,4.23410650459726
önce,önce,ADP,ADP,0.5161242363988484,1.7862775296674653,CCONJ,"ADP: 0.52, CCONJ: 0.30, NUM: 0.10",True,41,0,3.7376696182833684
Norveç,Norveç'te,PROPN,PROPN,,,,,True,1,0,0.6931471805599453
",",",",PUNCT,PUNCT,,,,,True,2285,0,7.734558844354756
orman,ormanda,NOUN,NOUN,,,,,True,2,0,1.0986122886681098
ki,ki,ADP,ADP,0.352272282719127,2.181690690995641,AUX,"ADP: 0.35, AUX: 0.28, CCONJ: 0.23, NUM: 0.08",True,217,0,5.384495062789089
bir,bir,DET,DET,0.49958184875865663,1.6482580173109218,NUM,"DET: 0.50, NUM: 0.30, ADJ: 0.15",True,616,0,6.424869023905388
dağ,dağ,NOUN,NOUN,,,,,False,0,0,0.0
ev,evinde,NOUN,NOUN,0.2165987183589658,2.0343315049689665,PRON,"PRON: 0.45, NOUN: 0.22, PROPN: 0.14, ADV: 0.11, ADJ: 0.08",True,113,0,4.736198448394496
at,atılmıştı,VERB,VERB,1.0,0.0,,VERB: 1.00,True,26,0,3.295836866004329
.,.,PUNCT,PUNCT,,,,,True,3283,0,8.096817470572319
önce,Önce,ADV,ADV,0.27453839774370165,1.600366977632288,PRON,"PRON: 0.56, ADV: 0.27, PROPN: 0.12",True,27,0,3.332204510175204
hayat,hayatlarının,NOUN,NOUN,0.23617296238770852,1.163013823457567,PRON,"PRON: 0.68, NOUN: 0.24, ADJ: 0.08",True,32,0,3.4965075614664802
çizgi,çizgileri,NOUN,NOUN,,,,,True,2,0,1.0986122886681098
teğet,teğet,NOUN,NOUN,,,,,False,0,0,0.0
değ,değdi,VERB,VERB,,,,,True,8,0,2.1972245773362196
birbiri,birbirine,PRON,PRON,0.6383125076461561,1.5385441389140795,ADV,"PRON: 0.64, ADV: 0.21, PROPN: 0.07, NOUN: 0.05",True,20,0,3.044522437723423
...,...,PUNCT,PUNCT,,,,,True,91,0,4.5217885770490405
önce,Önce,ADV,ADV,0.27453839774370165,1.600366977632288,PRON,"PRON: 0.56, ADV: 0.27, PROPN: 0.12",True,27,0,3.332204510175204
tanı,tanıdılar,VERB,VERB,1.0,0.0,,VERB: 1.00,True,21,0,3.091042453358316
...,...,PUNCT,PUNCT,,,,,True,91,0,4.5217885770490405
önce,Önce,ADV,ADV,0.27453839774370165,1.600366977632288,PRON,"PRON: 0.56, ADV: 0.27, PROPN: 0.12",True,27,0,3.332204510175204
tanış,tanıştılar,VERB,VERB,,,,,True,9,0,2.302585092994046
.,.,PUNCT,PUNCT,,,,,True,3283,0,8.096817470572319
huzur,Huzur,NOUN,NOUN,,,,,False,0,0,0.0
orman,ormanında,NOUN,NOUN,,,,,True,2,0,1.0986122886681098
doğ,doğdu,VERB,VERB,1.0,0.0,,VERB: 1.00,True,13,0,2.6390573296152584
Ortadoğu,Ortadoğu,PROPN,PROPN,,,,,False,0,0,0.0
barış,barışı,NOUN,NOUN,,,,,True,4,0,1.6094379124341003
.,.,PUNCT,PUNCT,,,,,True,3283,0,8.096817470572319
başka,Başka,ADJ,ADJ,0.019678146206921186,1.7040643896520111,PRON,"PRON: 0.56, ADV: 0.22, PROPN: 0.14, NOUN: 0.06",True,35,0,3.58351893845611
siyasetçi,siyasetçiler,NOUN,NOUN,,,,,False,0,0,0.0
",",",",PUNCT,PUNCT,,,,,True,2285,0,7.734558844354756
başka,başka,ADJ,ADJ,0.019678146206921186,1.7040643896520111,PRON,"PRON: 0.56, ADV: 0.22, PROPN: 0.14, NOUN: 0.06",True,35,0,3.58351893845611
toplum,toplumlar,NOUN,NOUN,0.48719944933490034,1.5094379631236532,PROPN,"NOUN: 0.49, PROPN: 0.28, ADJ: 0.23",True,16,0,2.833213344056216
",",",",PUNCT,PUNCT,,,,,True,2285,0,7.734558844354756
başka,başka,ADJ,ADJ,0.019678146206921186,1.7040643896520111,PRON,"PRON: 0.56, ADV: 0.22, PROPN: 0.14, NOUN: 0.06",True,35,0,3.58351893845611
ulus,uluslar,NOUN,NOUN,,,,,True,1,0,0.6931471805599453
için,için,ADP,ADP,0.4371344784042817,1.7284041476856495,AUX,"ADP: 0.44, AUX: 0.27, CCONJ: 0.25",True,159,0,5.075173815233827
anla,anlayan,VERB,VERB,1.0,0.0,,VERB: 1.00,True,44,0,3.8066624897703196
_,a,ADP,ADP,,,,,True,70,0,4.2626798770413155
...,...,PUNCT,PUNCT,,,,,True,91,0,4.5217885770490405
bu,Bu,DET,DET,0.6017857940157323,1.5300103231456785,NUM,"DET: 0.60, NUM: 0.20, ADJ: 0.15",True,350,0,5.860786223465865
başlık,başlığı,NOUN,NOUN,0.6878476380513574,0.8956423871772866,ADJ,"NOUN: 0.69, ADJ: 0.31",True,11,0,2.4849066497880004
",",",",PUNCT,PUNCT,,,,,True,2285,0,7.734558844354756
Ankara,Ankara'da,PROPN,PROPN,0.6445927071143654,1.27731531885719,NOUN,"PROPN: 0.64, NOUN: 0.22, ADJ: 0.13",True,15,0,2.772588722239781
hız,hızla,NOUN,ADV,,,,,True,4,1,1.6094379124341003
kriz,krize,NOUN,NOUN,,,,,True,7,0,2.0794415416798357
sürükle,sürüklenen,VERB,VERB,,,,,True,4,0,1.6094379124341003
iktidar,iktidar,NOUN,NOUN,,,,,True,6,0,1.9459101490553132
arayış,arayışıyla,NOUN,NOUN,,,,,True,2,0,1.0986122886681098
ilgili,ilgili,ADJ,ADJ,0.3778449130873198,1.9272226065946012,ADP,"ADJ: 0.38, ADP: 0.25, NOUN: 0.22, VERB: 0.16",True,30,0,3.4339872044851463
yazı,yazı,NOUN,NOUN,,,,,True,4,0,1.6094379124341003
yaz,yazma,VERB,NOUN,1.0,0.0,,VERB: 1.00,True,35,1,3.58351893845611
kriz,krizine,NOUN,NOUN,,,,,True,7,0,2.0794415416798357
gir,girmişken,VERB,VERB,1.0,0.0,,VERB: 1.00,True,63,0,4.1588830833596715
dün,dün,NOUN,NOUN,,,,,True,6,0,1.9459101490553132
akşamüst,akşamüstü,NOUN,NOUN,,,,,False,0,0,0.0
icat,icat,NOUN,NOUN,,,,,True,1,0,0.6931471805599453
et,ettim,VERB,VERB,0.021423477839648417,2.0747581498935594,AUX,"AUX: 0.33, ADP: 0.33, CCONJ: 0.23",True,260,0,5.564520407322694
.,.,PUNCT,PUNCT,,,,,True,3283,0,8.096817470572319
durum,Durumu,NOUN,NOUN,0.8802789915430831,0.5285583806611713,ADJ,"NOUN: 0.88, ADJ: 0.12",True,34,0,3.5553480614894135
çok,çok,ADV,ADV,0.33203987735528007,1.3405495937378578,PRON,"PRON: 0.59, ADV: 0.33, ADJ: 0.05",True,97,0,4.584967478670572
iyi,iyi,ADJ,ADJ,0.03291619485831978,1.0997597953020077,PRON,"PRON: 0.75, ADV: 0.18",True,58,0,4.07753744390572
özetle,özetliyordu,VERB,VERB,,,,,False,0,0,0.0
.,.,PUNCT,PUNCT,,,,,True,3283,0,8.096817470572319
daha,Daha,ADV,ADV,0.16216742905437215,2.279909832774521,PRON,"PRON: 0.30, CCONJ: 0.27, PROPN: 0.19, ADV: 0.16",True,127,0,4.852030263919617
doğru,doğrusu,ADJ,ADJ,0.048580374412309314,1.4872573401642235,PRON,"PRON: 0.69, NOUN: 0.10, PROPN: 0.09, ADV: 0.07",True,38,0,3.6635616461296463
",",",",PUNCT,PUNCT,,,,,True,2285,0,7.734558844354756
bazı,bazılarının,PRON,PRON,,,,,True,6,0,1.9459101490553132
konum,konumuna,NOUN,NOUN,,,,,True,4,0,1.6094379124341003
bu,bundan,PRON,PRON,0.7006788109102466,1.3923524752663319,ADV,"PRON: 0.70, ADV: 0.14, CCONJ: 0.09, NOUN: 0.05",True,171,0,5.147494476813453
daha,daha,ADV,ADV,0.16216742905437215,2.279909832774521,PRON,"PRON: 0.30, CCONJ: 0.27, PROPN: 0.19, ADV: 0.16",True,127,0,4.852030263919617
iyi,iyi,ADJ,ADJ,0.03291619485831978,1.0997597953020077,PRON,"PRON: 0.75, ADV: 0.18",True,58,0,4.07753744390572
yakış,yakışan,VERB,VERB,,,,,True,6,0,1.9459101490553132
bir,bir,DET,DET,0.49958184875865663,1.6482580173109218,NUM,"DET: 0.50, NUM: 0.30, ADJ: 0.15",True,616,0,6.424869023905388
sözcük,sözcük,NOUN,NOUN,0.6078995193599482,0.966141693155228,ADJ,"NOUN: 0.61, ADJ: 0.39",True,11,0,2.4849066497880004
ol,olamazdı,VERB,VERB,1.0,0.0,,VERB: 1.00,True,603,0,6.403574197934815
.,.,PUNCT,PUNCT,,,,,True,3283,0,8.096817470572319
başlık,Başlığı,NOUN,NOUN,0.6878476380513574,0.8956423871772866,ADJ,"NOUN: 0.69, ADJ: 0.31",True,11,0,2.4849066497880004
bul,bulunca,VERB,VERB,1.0,0.0,,VERB: 1.00,True,56,0,4.04305126783455
rahatla,rahatladım,VERB,VERB,,,,,True,9,0,2.302585092994046
",",",",PUNCT,PUNCT,,,,,True,2285,0,7.734558844354756
kriz,krizden,NOUN,NOUN,,,,,True,7,0,2.0794415416798357
kurtul,kurtuldum,VERB,VERB,,,,,True,10,0,2.3978952727983707
...,...,PUNCT,PUNCT,,,,,True,91,0,4.5217885770490405
darı,Darısı,NOUN,ADJ,,,,,True,3,1,1.3862943611198906
memleket,memleketimin,NOUN,NOUN,,,,,True,1,0,0.6931471805599453
baş,başına,NOUN,NOUN,0.1890902731140519,1.8430796248904169,PRON,"PRON: 0.46, ADJ: 0.21, NOUN: 0.19, PROPN: 0.15",True,54,0,4.007333185232471
i,ydı,AUX,AUX,0.47697018772995686,1.861138213598426,ADP,"AUX: 0.48, ADP: 0.26, CCONJ: 0.18, PROPN: 0.06",True,546,0,6.304448802421981
...,...,PUNCT,PUNCT,,,,,True,91,0,4.5217885770490405
ben,Benim,PRON,PRON,0.614767428544865,1.6599914502896118,ADV,"PRON: 0.61, ADV: 0.21, CCONJ: 0.08, PROPN: 0.06",True,310,0,5.739792912179234
güzel,güzel,ADJ,ADJ,0.7615705877435232,0.7924186769244242,NOUN,"ADJ: 0.76, NOUN: 0.24",True,31,0,3.4657359027997265
memleket,memleketimin,NOUN,NOUN,,,,,True,1,0,0.6931471805599453
",",",",PUNCT,PUNCT,,,,,True,2285,0,7.734558844354756
ben,benim,PRON,PRON,0.614767428544865,1.6599914502896118,ADV,"PRON: 0.61, ADV: 0.21, CCONJ: 0.08, PROPN: 0.06",True,310,0,5.739792912179234
işçi,işçimin,NOUN,NOUN,,,,,True,10,0,2.3978952727983707
",",",",PUNCT,PUNCT,,,,,True,2285,0,7.734558844354756
ben,benim,PRON,PRON,0.614767428544865,1.6599914502896118,ADV,"PRON: 0.61, ADV: 0.21, CCONJ: 0.08, PROPN: 0.06",True,310,0,5.739792912179234
köylü,köylümün,ADJ,NOUN,,,,,True,4,1,1.6094379124341003
",",",",PUNCT,PUNCT,,,,,True,2285,0,7.734558844354756
ben,benim,PRON,PRON,0.614767428544865,1.6599914502896118,ADV,"PRON: 0.61, ADV: 0.21, CCONJ: 0.08, PROPN: 0.06",True,310,0,5.739792912179234
memur,memurumun,NOUN,NOUN,,,,,True,10,0,2.3978952727983707
",",",",PUNCT,PUNCT,,,,,True,2285,0,7.734558844354756
ben,benim,PRON,PRON,0.614767428544865,1.6599914502896118,ADV,"PRON: 0.61, ADV: 0.21, CCONJ: 0.08, PROPN: 0.06",True,310,0,5.739792912179234
cümle,cümle,NOUN,NOUN,,,,,True,1,0,0.6931471805599453
ahali,ahalimin,NOUN,NOUN,,,,,False,0,0,0.0
kader,kaderini,NOUN,NOUN,,,,,True,2,0,1.0986122886681098
on,on,NUM,NUM,0.6219187351173523,1.783965877110234,PROPN,"NUM: 0.62, PROPN: 0.10, DET: 0.10, ADJ: 0.08, CCONJ: 0.07",True,21,0,3.091042453358316
yıl,yıllar,NOUN,NOUN,0.29569595997941395,1.4054086954468807,PRON,"PRON: 0.55, NOUN: 0.30, ADJ: 0.15",True,68,0,4.23410650459726
dir,dır,ADP,ADP,,,,,True,4,0,1.6094379124341003
aynı,aynı,ADJ,ADJ,0.11957005345771128,1.4044471997085064,DET,"DET: 0.58, NUM: 0.29, ADJ: 0.12",True,44,0,3.8066624897703196
insan,insanlar,NOUN,NOUN,0.6842686317549259,0.8996789321325918,ADJ,"NOUN: 0.68, ADJ: 0.32",True,68,0,4.23410650459726
çiz,çiziyordu,VERB,VERB,,,,,True,4,0,1.6094379124341003
...,...,PUNCT,PUNCT,,,,,True,91,0,4.5217885770490405
çeyrek,Çeyrek,ADJ,ADJ,,,,,True,1,0,0.6931471805599453
asır,asır,NOUN,NOUN,,,,,False,0,0,0.0
i,dır,AUX,AUX,0.47697018772995686,1.861138213598426,ADP,"AUX: 0.48, ADP: 0.26, CCONJ: 0.18, PROPN: 0.06",True,546,0,6.304448802421981
",",",",PUNCT,PUNCT,,,,,True,2285,0,7.734558844354756
milyonlarca,milyonlarca,NUM,NUM,,,,,True,1,0,0.6931471805599453
insan,insanın,NOUN,NOUN,0.6842686317549259,0.8996789321325918,ADJ,"NOUN: 0.68, ADJ: 0.32",True,68,0,4.23410650459726
ve,ve,CCONJ,CCONJ,0.23925769350174309,2.411623002364367,NUM,"NUM: 0.34, CCONJ: 0.24, ADJ: 0.14, DET: 0.11, PRON: 0.09, PROPN: 0.06",True,359,0,5.886104031450156
üç,üç,NUM,NUM,0.19830835997211554,1.9502238270590824,DET,"DET: 0.50, NUM: 0.20, ADJ: 0.14, PROPN: 0.10, CCONJ: 0.07",True,28,0,3.367295829986474
kuşak,kuşak,NOUN,NOUN,,,,,False,0,0,0.0
nüfus,nüfusun,NOUN,NOUN,,,,,True,1,0,0.6931471805599453
kader,kaderini,NOUN,NOUN,,,,,True,2,0,1.0986122886681098
terk,terk,NOUN,NOUN,0.531543856465604,1.4442761835404323,ADJ,"NOUN: 0.53, ADJ: 0.29, VERB: 0.18",True,14,0,2.70805020110221
ve,ve,CCONJ,CCONJ,0.23925769350174309,2.411623002364367,NUM,"NUM: 0.34, CCONJ: 0.24, ADJ: 0.14, DET: 0.11, PRON: 0.09, PROPN: 0.06",True,359,0,5.886104031450156
teslim,teslim,NOUN,NOUN,,,,,True,4,0,1.6094379124341003
et,ettiği,VERB,VERB,0.021423477839648417,2.0747581498935594,AUX,"AUX: 0.33, ADP: 0.33, CCONJ: 0.23",True,260,0,5.564520407322694
liderlik,liderlik,NOUN,NOUN,,,,,False,0,0,0.0
kadro,kadroları,NOUN,NOUN,,,,,True,1,0,0.6931471805599453
güç,güçlerini,ADJ,ADJ,0.38891220072976296,0.9640939642669308,NOUN,"NOUN: 0.61, ADJ: 0.39",True,13,0,2.6390573296152584
nere,nereden,PRON,PRON,0.5735438291128842,1.611292883227183,ADV,"PRON: 0.57, ADV: 0.19, NOUN: 0.17, ADJ: 0.07",True,19,0,2.995732273553991
al,alıyordu,VERB,VERB,1.0,0.0,,VERB: 1.00,True,169,0,5.135798437050262
.,.,PUNCT,PUNCT,,,,,True,3283,0,8.096817470572319
karizma,Karizma,NOUN,NOUN,,,,,False,0,0,0.0
ya,ya,CCONJ,CCONJ,0.14638418649042423,2.502374351780982,AUX,"AUX: 0.40, PRON: 0.15, CCONJ: 0.15, PROPN: 0.10, ADV: 0.08, ADP: 0.05",True,66,0,4.204692619390966
da,da,CCONJ,CCONJ,0.13730810580889885,1.6721173968196932,AUX,"AUX: 0.44, ADP: 0.38, CCONJ: 0.14",True,275,0,5.62040086571715
karizmatik,karizmatik,ADJ,ADJ,,,,,False,0,0,0.0
ol,olma,VERB,VERB,1.0,0.0,,VERB: 1.00,True,603,0,6.403574197934815
",",",",PUNCT,PUNCT,,,,,True,2285,0,7.734558844354756
toplum,toplumların,NOUN,NOUN,0.48719944933490034,1.5094379631236532,PROPN,"NOUN: 0.49, PROPN: 0.28, ADJ: 0.23",True,16,0,2.833213344056216
kader,kaderine,NOUN,NOUN,,,,,True,2,0,1.0986122886681098
yön,yön,NOUN,NOUN,0.77928827027052,0.7614649727678725,ADJ,"NOUN: 0.78, ADJ: 0.22",True,14,0,2.70805020110221
ver,vermede,VERB,VERB,1.0,0.0,,VERB: 1.00,True,138,0,4.9344739331306915
ve,ve,CCONJ,CCONJ,0.23925769350174309,2.411623002364367,NUM,"NUM: 0.34, CCONJ: 0.24, ADJ: 0.14, DET: 0.11, PRON: 0.09, PROPN: 0.06",True,359,0,5.886104031450156
kitle,kitleleri,NOUN,NOUN,,,,,True,1,0,0.6931471805599453
etkile,etkilemede,VERB,VERB,1.0,0.0,,VERB: 1.00,True,12,0,2.5649493574615367
siyasal,siyasal,ADJ,ADJ,,,,,True,4,0,1.6094379124341003
kişilik,kişiliklerin,NOUN,NOUN,,,,,True,4,0,1.6094379124341003
sahip,sahip,NOUN,NOUN,0.3038164652958034,1.4036184408627501,ADJ,"ADJ: 0.55, NOUN: 0.30, VERB: 0.15",True,13,0,2.6390573296152584
ol,oldukları,VERB,VERB,1.0,0.0,,VERB: 1.00,True,603,0,6.403574197934815
güç,güç,ADJ,ADJ,0.38891220072976296,0.9640939642669308,NOUN,"NOUN: 0.61, ADJ: 0.39",True,13,0,2.6390573296152584
ve,ve,CCONJ,CCONJ,0.23925769350174309,2.411623002364367,NUM,"NUM: 0.34, CCONJ: 0.24, ADJ: 0.14, DET: 0.11, PRON: 0.09, PROPN: 0.06",True,359,0,5.886104031450156
yetenek,yeteneğin,NOUN,NOUN,,,,,True,1,0,0.6931471805599453
ad,adı,NOUN,NOUN,0.6851128249231325,0.8987345457100178,ADJ,"NOUN: 0.69, ADJ: 0.31",True,27,0,3.332204510175204
i,ydı,AUX,AUX,0.47697018772995686,1.861138213598426,ADP,"AUX: 0.48, ADP: 0.26, CCONJ: 0.18, PROPN: 0.06",True,546,0,6.304448802421981
...,...,PUNCT,PUNCT,,,,,True,91,0,4.5217885770490405
kriz,Kriz,NOUN,NOUN,,,,,True,7,0,2.0794415416798357
dönem,dönemleri,NOUN,NOUN,0.7783666083208991,0.7631388327684836,ADJ,"NOUN: 0.78, ADJ: 0.22",True,22,0,3.1354942159291497
o,onlara,PRON,PRON,0.5961784524857141,1.6538184960634559,ADV,"PRON: 0.60, ADV: 0.24, CCONJ: 0.07, PROPN: 0.05",True,264,0,5.579729825986222
hayat,hayat,NOUN,NOUN,0.23617296238770852,1.163013823457567,PRON,"PRON: 0.68, NOUN: 0.24, ADJ: 0.08",True,32,0,3.4965075614664802
ver,veriyor,VERB,VERB,1.0,0.0,,VERB: 1.00,True,138,0,4.9344739331306915
.,.,PUNCT,PUNCT,,,,,True,3283,0,8.096817470572319
ses,Sesleri,NOUN,NOUN,0.3237009019450614,1.9450836951989445,PRON,"NOUN: 0.32, PRON: 0.31, PROPN: 0.20, ADJ: 0.17",True,32,0,3.4965075614664802
ve,ve,CCONJ,CCONJ,0.23925769350174309,2.411623002364367,NUM,"NUM: 0.34, CCONJ: 0.24, ADJ: 0.14, DET: 0.11, PRON: 0.09, PROPN: 0.06",True,359,0,5.886104031450156
nefes,nefesleri,NOUN,NOUN,,,,,True,2,0,1.0986122886681098
kriz,krizlerle,NOUN,NOUN,,,,,True,7,0,2.0794415416798357
güçlen,güçleniyor,VERB,VERB,,,,,True,1,0,0.6931471805599453
.,.,PUNCT,PUNCT,,,,,True,3283,0,8.096817470572319
karizma,Karizma,NOUN,NOUN,,,,,False,0,0,0.0
değil,değil,CCONJ,CCONJ,0.0,0.0,VERB,VERB: 1.00,True,20,0,3.044522437723423
krizma,krizma,NOUN,NOUN,,,,,False,0,0,0.0
sahip,sahibi,NOUN,NOUN,0.3038164652958034,1.4036184408627501,ADJ,"ADJ: 0.55, NOUN: 0.30, VERB: 0.15",True,13,0,2.6390573296152584
ol,oluyorlar,VERB,VERB,1.0,0.0,,VERB: 1.00,True,603,0,6.403574197934815
.,.,PUNCT,PUNCT,,,,,True,3283,0,8.096817470572319
krizmatik,Krizmatik,ADJ,ADJ,,,,,False,0,0,0.0
lider,liderler,NOUN,NOUN,,,,,False,0,0,0.0
kendi,kendileri,PRON,PRON,0.6796575105452602,1.4263748283851931,ADV,"PRON: 0.68, ADV: 0.19, PROPN: 0.06",True,126,0,4.844187086458591
iktidar,iktidarda,NOUN,NOUN,,,,,True,6,0,1.9459101490553132
i,yken,AUX,AUX,0.47697018772995686,1.861138213598426,ADP,"AUX: 0.48, ADP: 0.26, CCONJ: 0.18, PROPN: 0.06",True,546,0,6.304448802421981
ortalık,ortalığın,NOUN,NOUN,,,,,True,4,0,1.6094379124341003
sütliman,sütliman,ADJ,NOUN,,,,,False,0,1,0.0
ol,olmasını,VERB,VERB,1.0,0.0,,VERB: 1.00,True,603,0,6.403574197934815
iste,istiyorlar,VERB,VERB,0.6774524752691933,1.0218601397810432,CCONJ,"VERB: 0.68, CCONJ: 0.30",True,117,0,4.770684624465665
...,...,PUNCT,PUNCT,,,,,True,91,0,4.5217885770490405
karşıt,Karşıtları,ADJ,ADJ,,,,,False,0,0,0.0
ya,ya,CCONJ,CCONJ,0.14638418649042423,2.502374351780982,AUX,"AUX: 0.40, PRON: 0.15, CCONJ: 0.15, PROPN: 0.10, ADV: 0.08, ADP: 0.05",True,66,0,4.204692619390966
da,da,CCONJ,CCONJ,0.13730810580889885,1.6721173968196932,AUX,"AUX: 0.44, ADP: 0.38, CCONJ: 0.14",True,275,0,5.62040086571715
muhalif,muhalifleri,NOUN,NOUN,,,,,False,0,0,0.0
iktidar,iktidar,NOUN,NOUN,,,,,True,6,0,1.9459101490553132
şans,şansını,NOUN,NOUN,,,,,True,1,0,0.6931471805599453
el,elde,NOUN,NOUN,0.685323078074829,0.8984985975836332,ADJ,"NOUN: 0.69, ADJ: 0.31",True,81,0,4.406719247264253
et,etmişlerse,VERB,VERB,0.021423477839648417,2.0747581498935594,AUX,"AUX: 0.33, ADP: 0.33, CCONJ: 0.23",True,260,0,5.564520407322694
süt,sütü,NOUN,NOUN,,,,,True,9,0,2.302585092994046
çalkala,çalkalıyor,VERB,VERB,,,,,False,0,0,0.0
",",",",PUNCT,PUNCT,,,,,True,2285,0,7.734558844354756
liman,limanı,NOUN,NOUN,,,,,False,0,0,0.0
dalgalan,dalgalandırıyorlar,VERB,VERB,,,,,False,0,0,0.0
.,.,PUNCT,PUNCT,,,,,True,3283,0,8.096817470572319
rahat,Rahat,ADJ,ADJ,0.2216196684498641,1.326380625699443,PRON,"PRON: 0.62, ADJ: 0.22, NOUN: 0.16",True,12,0,2.5649493574615367
bırak,bırakmıyorlar,VERB,VERB,1.0,0.0,,VERB: 1.00,True,32,0,3.4965075614664802
.,.,PUNCT,PUNCT,,,,,True,3283,0,8.096817470572319
muhalif,Muhalifleri,NOUN,NOUN,,,,,False,0,0,0.0
",",",",PUNCT,PUNCT,,,,,True,2285,0,7.734558844354756
halk,halkın,NOUN,NOUN,,,,,True,5,0,1.791759469228055
yüzde,yüzde,NOUN,NOUN,,,,,True,1,0,0.6931471805599453
kırk,kırk,NUM,NUM,,,,,True,6,0,1.9459101490553132
bir,bir,NUM,NUM,0.3916735022215744,1.8552050660223744,DET,"DET: 0.40, NUM: 0.39, ADJ: 0.09, PROPN: 0.06, NOUN: 0.06",True,170,0,5.14166355650266
buçuk,buçuğunun,ADJ,ADJ,,,,,True,1,0,0.6931471805599453
oy,oy,NOUN,NOUN,,,,,True,5,0,1.791759469228055
destek,desteğine,NOUN,NOUN,,,,,True,3,0,1.3862943611198906
mazhar,mazhar,ADJ,ADJ,,,,,False,0,0,0.0
ol,olmuşlarsa,VERB,VERB,1.0,0.0,,VERB: 1.00,True,603,0,6.403574197934815
",",",",PUNCT,PUNCT,,,,,True,2285,0,7.734558844354756
bu,bu,DET,DET,0.6017857940157323,1.5300103231456785,NUM,"DET: 0.60, NUM: 0.20, ADJ: 0.15",True,350,0,5.860786223465865
sonuç,sonuca,NOUN,NOUN,0.7759101640039916,0.7675654193217389,ADJ,"NOUN: 0.78, ADJ: 0.22",True,17,0,2.8903717578961645
asla,asla,ADV,ADV,,,,,False,0,0,0.0
razı,razı,ADJ,ADJ,,,,,True,5,0,1.791759469228055
ol,olmuyorlar,VERB,VERB,1.0,0.0,,VERB: 1.00,True,603,0,6.403574197934815
.,.,PUNCT,PUNCT,,,,,True,3283,0,8.096817470572319
zorla,Zorlama,VERB,VERB,,,,,True,8,0,2.1972245773362196
li,lı,ADP,ADP,0.2797323618856777,2.3836488217196035,AUX,"AUX: 0.30, ADP: 0.28, CCONJ: 0.23, NUM: 0.08",True,182,0,5.209486152841421
ve,ve,CCONJ,CCONJ,0.23925769350174309,2.411623002364367,NUM,"NUM: 0.34, CCONJ: 0.24, ADJ: 0.14, DET: 0.11, PRON: 0.09, PROPN: 0.06",True,359,0,5.886104031450156
dört,dört,NUM,NUM,0.25712852477475157,1.4850692870721207,DET,"DET: 0.59, NUM: 0.26, ADJ: 0.11",True,15,0,2.772588722239781
yama,yama,NOUN,NOUN,,,,,True,1,0,0.6931471805599453
li,lı,ADP,ADP,0.2797323618856777,2.3836488217196035,AUX,"AUX: 0.30, ADP: 0.28, CCONJ: 0.23, NUM: 0.08",True,182,0,5.209486152841421
bohça,bohçalarla,NOUN,NOUN,,,,,False,0,0,0.0
kırk,kırk,NUM,NUM,,,,,True,6,0,1.9459101490553132
bir,bir,NUM,NUM,0.3916735022215744,1.8552050660223744,DET,"DET: 0.40, NUM: 0.39, ADJ: 0.09, PROPN: 0.06, NOUN: 0.06",True,170,0,5.14166355650266
buçuk,buçuğu,ADJ,NOUN,,,,,True,1,1,0.6931471805599453
mahzun,mahzun,ADJ,ADJ,,,,,False,0,0,0.0
ve,ve,CCONJ,CCONJ,0.23925769350174309,2.411623002364367,NUM,"NUM: 0.34, CCONJ: 0.24, ADJ: 0.14, DET: 0.11, PRON: 0.09, PROPN: 0.06",True,359,0,5.886104031450156
ülke,ülkeyi,NOUN,NOUN,0.4198365377202642,1.523664474067324,PRON,"NOUN: 0.42, PRON: 0.38, ADJ: 0.20",True,13,0,2.6390573296152584
kriz,krizlere,NOUN,NOUN,,,,,True,7,0,2.0794415416798357
mahkum,mahkum,ADJ,ADJ,,,,,False,0,0,0.0
et,ediyorlar,VERB,VERB,0.021423477839648417,2.0747581498935594,AUX,"AUX: 0.33, ADP: 0.33, CCONJ: 0.23",True,260,0,5.564520407322694
.,.,PUNCT,PUNCT,,,,,True,3283,0,8.096817470572319
tümüyle,Tümüyle,ADV,ADV,,,,,True,3,0,1.3862943611198906
meşru,meşru,ADJ,ADJ,,,,,True,1,0,0.6931471805599453
yol,yollarla,NOUN,NOUN,0.6842241948632438,0.8997285111212396,ADJ,"NOUN: 0.68, ADJ: 0.32",True,46,0,3.8501476017100584
yüksek,yüksek,ADJ,ADJ,0.11209530699364736,1.6429335598108414,PRON,"PRON: 0.63, PROPN: 0.13, ADJ: 0.11, ADV: 0.10",True,11,0,2.4849066497880004
rakım,rakım,NOUN,NOUN,,,,,False,0,0,0.0
li,lı,ADP,ADP,0.2797323618856777,2.3836488217196035,AUX,"AUX: 0.30, ADP: 0.28, CCONJ: 0.23, NUM: 0.08",True,182,0,5.209486152841421
tepe,tepeye,NOUN,NOUN,,,,,True,3,0,1.3862943611198906
çık,çıkmış,VERB,VERB,1.0,0.0,,VERB: 1.00,True,80,0,4.394449154672439
adam,adamı,NOUN,NOUN,0.48168004535673414,1.5142431721146627,PROPN,"NOUN: 0.48, PROPN: 0.28, ADJ: 0.24",True,41,0,3.7376696182833684
şişman,şişman,ADJ,ADJ,,,,,False,0,0,0.0
ve,ve,CCONJ,CCONJ,0.23925769350174309,2.411623002364367,NUM,"NUM: 0.34, CCONJ: 0.24, ADJ: 0.14, DET: 0.11, PRON: 0.09, PROPN: 0.06",True,359,0,5.886104031450156
ahali,ahaliyi,NOUN,NOUN,,,,,False,0,0,0.0
pişman,pişman,ADJ,ADJ,,,,,False,0,0,0.0
eyle,eyliyorlar,VERB,VERB,,,,,True,1,0,0.6931471805599453
.,.,PUNCT,PUNCT,,,,,True,3283,0,8.096817470572319
ne,Ne,CCONJ,PRON,,,,,True,12,1,2.5649493574615367
kendi,kendileri,PRON,PRON,0.6796575105452602,1.4263748283851931,ADV,"PRON: 0.68, ADV: 0.19, PROPN: 0.06",True,126,0,4.844187086458591
et,ediyor,VERB,VERB,0.021423477839648417,2.0747581498935594,AUX,"AUX: 0.33, ADP: 0.33, CCONJ: 0.23",True,260,0,5.564520407322694
rahat,rahat,ADJ,ADJ,0.2216196684498641,1.326380625699443,PRON,"PRON: 0.62, ADJ: 0.22, NOUN: 0.16",True,12,0,2.5649493574615367
",",",",PUNCT,PUNCT,,,,,True,2285,0,7.734558844354756
ne,ne,CCONJ,PRON,,,,,True,12,1,2.5649493574615367
alem,aleme,NOUN,NOUN,,,,,True,2,0,1.0986122886681098
ver,veriyorlar,VERB,VERB,1.0,0.0,,VERB: 1.00,True,138,0,4.9344739331306915
huzur,huzur,NOUN,NOUN,,,,,False,0,0,0.0
...,...,PUNCT,PUNCT,,,,,True,91,0,4.5217885770490405
o,Onlardan,PRON,PRON,0.5961784524857141,1.6538184960634559,ADV,"PRON: 0.60, ADV: 0.24, CCONJ: 0.07, PROPN: 0.05",True,264,0,5.579729825986222
çok,çok,ADV,ADV,0.33203987735528007,1.3405495937378578,PRON,"PRON: 0.59, ADV: 0.33, ADJ: 0.05",True,97,0,4.584967478670572
var,var,ADJ,ADJ,0.06842400166907717,1.0397429867758838,VERB,"VERB: 0.74, ADV: 0.19, ADJ: 0.07",True,87,0,4.477336814478207
.,.,PUNCT,PUNCT,,,,,True,3283,0,8.096817470572319
o,Onlar,PRON,PRON,0.5961784524857141,1.6538184960634559,ADV,"PRON: 0.60, ADV: 0.24, CCONJ: 0.07, PROPN: 0.05",True,264,0,5.579729825986222
krizma,krizmalarıyla,NOUN,NOUN,,,,,False,0,0,0.0
yaşa,yaşıyorlar,VERB,VERB,1.0,0.0,,VERB: 1.00,True,55,0,4.02535169073515
.,.,PUNCT,PUNCT,,,,,True,3283,0,8.096817470572319
inan,İnanmıyor,VERB,VERB,1.0,0.0,,VERB: 1.00,True,23,0,3.1780538303479458
mi,musunuz,AUX,AUX,0.49179730733219285,1.8739792138931677,CCONJ,"AUX: 0.49, CCONJ: 0.24, ADP: 0.18, ADV: 0.05",True,112,0,4.727387818712341
.,.,PUNCT,PUNCT,,,,,True,3283,0,8.096817470572319
bu,Bu,DET,DET,0.6017857940157323,1.5300103231456785,NUM,"DET: 0.60, NUM: 0.20, ADJ: 0.15",True,350,0,5.860786223465865
hükümet,hükümet,NOUN,NOUN,0.06934936055114478,2.227581929206392,PRON,"PRON: 0.45, PROPN: 0.14, NUM: 0.14, DET: 0.14, NOUN: 0.07, ADJ: 0.06",True,11,0,2.4849066497880004
neden,neden,ADV,ADV,,,,,True,3,0,1.3862943611198906
dağıl,dağıldı,VERB,VERB,,,,,True,4,0,1.6094379124341003
.,.,PUNCT,PUNCT,,,,,True,3283,0,8.096817470572319
merkez,Merkez,NOUN,NOUN,0.3660173118717512,0.9475649198781134,ADJ,"ADJ: 0.63, NOUN: 0.37",True,15,0,2.772588722239781
sağ,sağ,ADJ,ADJ,,,,,True,10,0,2.3978952727983707
parti,partiler,NOUN,NOUN,0.5371772023324642,0.9960082914984981,ADJ,"NOUN: 0.54, ADJ: 0.46",True,15,0,2.772588722239781
ne,neden,PRON,PRON,0.657373909218341,1.5595369645973152,PROPN,"PRON: 0.66, PROPN: 0.14, ADV: 0.11, NOUN: 0.06",True,98,0,4.59511985013459
bir,bir,NUM,NUM,0.3916735022215744,1.8552050660223744,DET,"DET: 0.40, NUM: 0.39, ADJ: 0.09, PROPN: 0.06, NOUN: 0.06",True,170,0,5.14166355650266
ara,araya,ADJ,ADJ,0.45952551652597307,0.9952680248528016,NOUN,"NOUN: 0.54, ADJ: 0.46",True,73,0,4.30406509320417
gel,gelemedi,VERB,VERB,1.0,0.0,,VERB: 1.00,True,166,0,5.117993812416755
?,?,PUNCT,PUNCT,,,,,True,125,0,4.836281906951478
ne,Neden,PRON,PRON,0.657373909218341,1.5595369645973152,PROPN,"PRON: 0.66, PROPN: 0.14, ADV: 0.11, NOUN: 0.06",True,98,0,4.59511985013459
yeni,yeni,ADJ,ADJ,0.22068888520563854,1.3431848495027867,DET,"DET: 0.61, ADJ: 0.22, CCONJ: 0.17",True,50,0,3.9318256327243257
alternatif,alternatifler,NOUN,NOUN,,,,,True,1,0,0.6931471805599453
üre,üretilemedi,VERB,VERB,1.0,0.0,,VERB: 1.00,True,20,0,3.044522437723423
.,.,PUNCT,PUNCT,,,,,True,3283,0,8.096817470572319
Türkiye,Türkiye'nin,PROPN,PROPN,0.059663484087279214,2.091524984270449,NUM,"NUM: 0.48, PRON: 0.19, CCONJ: 0.16, ADJ: 0.07, PROPN: 0.06",True,30,0,3.4339872044851463
en,en,ADV,ADV,0.22782607963906426,2.317896341903966,CCONJ,"CCONJ: 0.30, ADV: 0.23, PROPN: 0.21, ADJ: 0.14, PRON: 0.11",True,92,0,4.532599493153256
önem,önem,NOUN,NOUN,0.43315904159061264,0.9870702301970621,ADJ,"ADJ: 0.57, NOUN: 0.43",True,28,0,3.367295829986474
li,li,ADP,ADP,0.2797323618856777,2.3836488217196035,AUX,"AUX: 0.30, ADP: 0.28, CCONJ: 0.23, NUM: 0.08",True,182,0,5.209486152841421
konu,konusu,NOUN,NOUN,0.7783535075459214,0.7631625742520879,ADJ,"NOUN: 0.78, ADJ: 0.22",True,51,0,3.9512437185814275
ne,ne,ADJ,PRON,,,,,True,5,1,1.791759469228055
peki,peki,ADV,ADV,,,,,True,8,0,2.1972245773362196
.,.,PUNCT,PUNCT,,,,,True,3283,0,8.096817470572319
başta,Başta,ADV,ADV,,,,,False,0,0,0.0
güneydoğu,Güneydoğu,ADJ,ADJ,,,,,True,3,0,1.3862943611198906
sorun,sorunu,NOUN,NOUN,0.7779423061342887,0.7639070323785578,ADJ,"NOUN: 0.78, ADJ: 0.22",True,18,0,2.9444389791664403
...,...,PUNCT,PUNCT,,,,,True,91,0,4.5217885770490405
özelleş,Özelleştirme,VERB,VERB,,,,,False,0,0,0.0
...,...,PUNCT,PUNCT,,,,,True,91,0,4.5217885770490405
enflasyon,Enflasyon,NOUN,NOUN,,,,,True,4,0,1.6094379124341003
...,...,PUNCT,PUNCT,,,,,True,91,0,4.5217885770490405
gümrük,Gümrük,NOUN,NOUN,,,,,False,0,0,0.0
birlik,Birliği,NOUN,NOUN,,,,,True,9,0,2.302585092994046
...,...,PUNCT,PUNCT,,,,,True,91,0,4.5217885770490405
demokratikleş,Demokratikleşme,VERB,VERB,,,,,True,1,0,0.6931471805599453
...,...,PUNCT,PUNCT,,,,,True,91,0,4.5217885770490405
bu,Bunların,PRON,PRON,0.7006788109102466,1.3923524752663319,ADV,"PRON: 0.70, ADV: 0.14, CCONJ: 0.09, NOUN: 0.05",True,171,0,5.147494476813453
tümü,tümü,PRON,PRON,,,,,False,0,0,0.0
üzer,üzerinde,NOUN,NOUN,0.3732858720878324,1.2061022689833243,ADJ,"ADJ: 0.58, NOUN: 0.37, VERB: 0.05",True,45,0,3.828641396489095
neredeyse,neredeyse,ADV,ADV,,,,,True,4,0,1.6094379124341003
hiçbir,hiçbir,DET,DET,0.5590022920065886,1.4972751375281939,NUM,"DET: 0.56, NUM: 0.32, ADJ: 0.08",True,17,0,2.8903717578961645
görüş,görüş,NOUN,NOUN,0.7803822039871812,0.7594689953928054,ADJ,"NOUN: 0.78, ADJ: 0.22",True,14,0,2.70805020110221
ayrılık,ayrılığı,NOUN,NOUN,,,,,False,0,0,0.0
yok,yok,ADJ,ADJ,0.19004932758774726,1.3228686251346322,VERB,"VERB: 0.63, ADJ: 0.19, ADV: 0.18",True,51,0,3.9512437185814275
.,.,PUNCT,PUNCT,,,,,True,3283,0,8.096817470572319
neredeyse,Neredeyse,ADV,ADV,,,,,True,4,0,1.6094379124341003
herkes,herkes,NOUN,NOUN,0.021457731122855418,1.6956728993253833,PRON,"PRON: 0.56, ADV: 0.23, CCONJ: 0.14, PROPN: 0.05",True,27,0,3.332204510175204
aynı,aynı,ADJ,ADJ,0.11957005345771128,1.4044471997085064,DET,"DET: 0.58, NUM: 0.29, ADJ: 0.12",True,44,0,3.8066624897703196
şey,şeyi,NOUN,NOUN,0.7797490937613291,0.7606253858126094,ADJ,"NOUN: 0.78, ADJ: 0.22",True,102,0,4.634728988229636
söyle,söylüyor,VERB,VERB,0.721528986702589,0.8533590847777625,CCONJ,"VERB: 0.72, CCONJ: 0.28",True,89,0,4.499809670330265
...,...,PUNCT,PUNCT,,,,,True,91,0,4.5217885770490405
peki,Peki,ADV,ADV,,,,,True,8,0,2.1972245773362196
kriz,kriz,NOUN,NOUN,,,,,True,7,0,2.0794415416798357
nere,nereden,PRON,PRON,0.5735438291128842,1.611292883227183,ADV,"PRON: 0.57, ADV: 0.19, NOUN: 0.17, ADJ: 0.07",True,19,0,2.995732273553991
çık,çıkıyor,VERB,VERB,1.0,0.0,,VERB: 1.00,True,80,0,4.394449154672439
.,.,PUNCT,PUNCT,,,,,True,3283,0,8.096817470572319
kriz,Kriz,NOUN,NOUN,,,,,True,7,0,2.0794415416798357
neden,nedeni,NOUN,NOUN,0.6864847591447512,0.8971896139560198,ADJ,"NOUN: 0.69, ADJ: 0.31",True,30,0,3.4339872044851463
bu,bu,DET,DET,0.6017857940157323,1.5300103231456785,NUM,"DET: 0.60, NUM: 0.20, ADJ: 0.15",True,350,0,5.860786223465865
yaşamsal,yaşamsal,ADJ,ADJ,,,,,False,0,0,0.0
sorun,sorunlardan,NOUN,NOUN,0.7779423061342887,0.7639070323785578,ADJ,"NOUN: 0.78, ADJ: 0.22",True,18,0,2.9444389791664403
biri,biri,PRON,PRON,0.5133797510665434,1.4806435961268336,ADJ,"PRON: 0.51, ADJ: 0.27, NOUN: 0.21",True,41,0,3.7376696182833684
ol,olsa,VERB,VERB,1.0,0.0,,VERB: 1.00,True,603,0,6.403574197934815
mesele,mesele,NOUN,NOUN,,,,,True,4,0,1.6094379124341003
yok,yok,ADJ,ADJ,0.19004932758774726,1.3228686251346322,VERB,"VERB: 0.63, ADJ: 0.19, ADV: 0.18",True,51,0,3.9512437185814275
.,.,PUNCT,PUNCT,,,,,True,3283,0,8.096817470572319
bu,Bu,DET,DET,0.6017857940157323,1.5300103231456785,NUM,"DET: 0.60, NUM: 0.20, ADJ: 0.15",True,350,0,5.860786223465865
sorun,sorunların,NOUN,NOUN,0.7779423061342887,0.7639070323785578,ADJ,"NOUN: 0.78, ADJ: 0.22",True,18,0,2.9444389791664403
çözüm,çözümünde,NOUN,NOUN,,,,,True,10,0,2.3978952727983707
ki,ki,ADP,ADP,0.352272282719127,2.181690690995641,AUX,"ADP: 0.35, AUX: 0.28, CCONJ: 0.23, NUM: 0.08",True,217,0,5.384495062789089
anlaşmazlık,anlaşmazlık,NOUN,NOUN,,,,,False,0,0,0.0
gerekçe,gerekçe,NOUN,NOUN,,,,,True,2,0,1.0986122886681098
göster,gösterilse,VERB,VERB,1.0,0.0,,VERB: 1.00,True,36,0,3.6109179126442243
",",",",PUNCT,PUNCT,,,,,True,2285,0,7.734558844354756
o,o,PRON,PRON,0.5961784524857141,1.6538184960634559,ADV,"PRON: 0.60, ADV: 0.24, CCONJ: 0.07, PROPN: 0.05",True,264,0,5.579729825986222
da,da,CCONJ,CCONJ,0.13730810580889885,1.6721173968196932,AUX,"AUX: 0.44, ADP: 0.38, CCONJ: 0.14",True,275,0,5.62040086571715
anlaş,anlaşılabilir,VERB,VERB,,,,,True,6,0,1.9459101490553132
.,.,PUNCT,PUNCT,,,,,True,3283,0,8.096817470572319
iki,İkisi,NUM,NUM,0.27698505514822225,1.5675874170394526,DET,"DET: 0.55, NUM: 0.28, ADJ: 0.13",True,83,0,4.430816798843313
de,de,CCONJ,CCONJ,0.13783772654910434,1.6723904656042283,AUX,"AUX: 0.44, ADP: 0.38, CCONJ: 0.14",True,326,0,5.7899601708972535
i,değil,AUX,AUX,0.47697018772995686,1.861138213598426,ADP,"AUX: 0.48, ADP: 0.26, CCONJ: 0.18, PROPN: 0.06",True,546,0,6.304448802421981
.,.,PUNCT,PUNCT,,,,,True,3283,0,8.096817470572319
ama,Ama,CCONJ,CCONJ,0.26313102212215905,1.8047829885976687,PRON,"PRON: 0.46, CCONJ: 0.26, ADV: 0.22",True,139,0,4.941642422609304
kriz,kriz,NOUN,NOUN,,,,,True,7,0,2.0794415416798357
var,var,ADJ,ADJ,0.06842400166907717,1.0397429867758838,VERB,"VERB: 0.74, ADV: 0.19, ADJ: 0.07",True,87,0,4.477336814478207
.,.,PUNCT,PUNCT,,,,,True,3283,0,8.096817470572319
siz,Siz,PRON,PRON,0.6489290710050605,1.4471589459833951,ADV,"PRON: 0.65, ADV: 0.22, CCONJ: 0.08",True,49,0,3.912023005428146
neden,nedenini,NOUN,NOUN,0.6864847591447512,0.8971896139560198,ADJ,"NOUN: 0.69, ADJ: 0.31",True,30,0,3.4339872044851463
anla,anlayabiliyor,VERB,VERB,1.0,0.0,,VERB: 1.00,True,44,0,3.8066624897703196
mi,musunuz,AUX,AUX,0.49179730733219285,1.8739792138931677,CCONJ,"AUX: 0.49, CCONJ: 0.24, ADP: 0.18, ADV: 0.05",True,112,0,4.727387818712341
.,.,PUNCT,PUNCT,,,,,True,3283,0,8.096817470572319
ya,Ya,CCONJ,CCONJ,0.14638418649042423,2.502374351780982,AUX,"AUX: 0.40, PRON: 0.15, CCONJ: 0.15, PROPN: 0.10, ADV: 0.08, ADP: 0.05",True,66,0,4.204692619390966
da,da,CCONJ,CCONJ,0.13730810580889885,1.6721173968196932,AUX,"AUX: 0.44, ADP: 0.38, CCONJ: 0.14",True,275,0,5.62040086571715
hala,hala,ADV,ADV,,,,,True,9,0,2.302585092994046
anla,anlayamıyor,VERB,VERB,1.0,0.0,,VERB: 1.00,True,44,0,3.8066624897703196
mi,musunuz,AUX,AUX,0.49179730733219285,1.8739792138931677,CCONJ,"AUX: 0.49, CCONJ: 0.24, ADP: 0.18, ADV: 0.05",True,112,0,4.727387818712341
.,.,PUNCT,PUNCT,,,,,True,3283,0,8.096817470572319
aslında,Aslında,ADV,ADV,0.16757190669466912,1.749891309250188,CCONJ,"CCONJ: 0.43, PRON: 0.35, ADV: 0.17",True,21,0,3.091042453358316
askeri,askeri,ADJ,ADJ,0.10674025728410493,1.4827300346237717,DET,"DET: 0.60, NUM: 0.25, ADJ: 0.11",True,20,0,3.044522437723423
darbe,darbelerin,NOUN,NOUN,,,,,True,2,0,1.0986122886681098
hak,hakkını,NOUN,NOUN,0.7806780603786757,0.7589274505193416,ADJ,"NOUN: 0.78, ADJ: 0.22",True,19,0,2.995732273553991
ye,yemeyelim,VERB,VERB,0.31499665175351066,0.8988572844523286,AUX,"AUX: 0.69, VERB: 0.31",True,26,0,3.295836866004329
.,.,PUNCT,PUNCT,,,,,True,3283,0,8.096817470572319
hiçbiri,Hiçbiri,PRON,PRON,,,,,True,6,0,1.9459101490553132
",",",",PUNCT,PUNCT,,,,,True,2285,0,7.734558844354756
hiçbiri,hiçbirimize,PRON,PRON,,,,,True,6,0,1.9459101490553132
sürpriz,sürpriz,NOUN,NOUN,,,,,True,4,0,1.6094379124341003
ol,olmadı,VERB,VERB,1.0,0.0,,VERB: 1.00,True,603,0,6.403574197934815
...,...,PUNCT,PUNCT,,,,,True,91,0,4.5217885770490405
Allah,Allah,PROPN,PROPN,,,,,True,5,0,1.791759469228055
Allah,Allah,PROPN,PROPN,,,,,True,5,0,1.791759469228055
",",",",PUNCT,PUNCT,,,,,True,2285,0,7.734558844354756
bu,bu,PRON,PRON,0.7006788109102466,1.3923524752663319,ADV,"PRON: 0.70, ADV: 0.14, CCONJ: 0.09, NOUN: 0.05",True,171,0,5.147494476813453
da,da,CCONJ,CCONJ,0.13730810580889885,1.6721173968196932,AUX,"AUX: 0.44, ADP: 0.38, CCONJ: 0.14",True,275,0,5.62040086571715
nere,nereden,PRON,PRON,0.5735438291128842,1.611292883227183,ADV,"PRON: 0.57, ADV: 0.19, NOUN: 0.17, ADJ: 0.07",True,19,0,2.995732273553991
çık,çıktı,VERB,VERB,1.0,0.0,,VERB: 1.00,True,80,0,4.394449154672439
?,?,PUNCT,PUNCT,,,,,True,125,0,4.836281906951478
diye,diye,ADP,ADP,0.26515728248607623,2.352927457262911,AUX,"AUX: 0.34, ADP: 0.27, PRON: 0.15, CCONJ: 0.13",True,107,0,4.68213122712422
sor,sormadık,VERB,VERB,1.0,0.0,,VERB: 1.00,True,49,0,3.912023005428146
",",",",PUNCT,PUNCT,,,,,True,2285,0,7.734558844354756
şaşır,şaşırmadık,VERB,VERB,,,,,True,5,0,1.791759469228055
.,.,PUNCT,PUNCT,,,,,True,3283,0,8.096817470572319
dolap,Dolapta,NOUN,NOUN,,,,,True,2,0,1.0986122886681098
yeterince,yeterince,ADV,ADV,,,,,True,1,0,0.6931471805599453
makarna,makarna,NOUN,NOUN,,,,,False,0,0,0.0
ve,ve,CCONJ,CCONJ,0.23925769350174309,2.411623002364367,NUM,"NUM: 0.34, CCONJ: 0.24, ADJ: 0.14, DET: 0.11, PRON: 0.09, PROPN: 0.06",True,359,0,5.886104031450156
margarin,margarin,NOUN,NOUN,,,,,False,0,0,0.0
bulun,bulunup,VERB,VERB,1.0,0.0,,VERB: 1.00,True,18,0,2.9444389791664403
bulun,bulunmadığına,VERB,VERB,1.0,0.0,,VERB: 1.00,True,18,0,2.9444389791664403
bak,baktık,VERB,VERB,1.0,0.0,,VERB: 1.00,True,85,0,4.454347296253507
.,.,PUNCT,PUNCT,,,,,True,3283,0,8.096817470572319
sokak,Sokağa,NOUN,NOUN,0.3777121795078377,1.5657247527389495,PRON,"NOUN: 0.38, PRON: 0.36, ADJ: 0.26",True,16,0,2.833213344056216
çık,çıkmamaya,VERB,VERB,1.0,0.0,,VERB: 1.00,True,80,0,4.394449154672439
hazırla,hazırlandık,VERB,VERB,1.0,0.0,,VERB: 1.00,True,25,0,3.258096538021482
.,.,PUNCT,PUNCT,,,,,True,3283,0,8.096817470572319
çünkü,Çünkü,CCONJ,CCONJ,0.28720708993411687,1.8754575576945738,PRON,"PRON: 0.41, CCONJ: 0.29, ADV: 0.23, PROPN: 0.05",True,28,0,3.367295829986474
uyar,uyarıldık,VERB,VERB,,,,,True,4,0,1.6094379124341003
...,...,PUNCT,PUNCT,,,,,True,91,0,4.5217885770490405
o,Onun,PRON,PRON,0.5961784524857141,1.6538184960634559,ADV,"PRON: 0.60, ADV: 0.24, CCONJ: 0.07, PROPN: 0.05",True,264,0,5.579729825986222
iç,için,ADJ,ADP,0.5266476463656918,0.9979501219428724,NOUN,"ADJ: 0.53, NOUN: 0.47",True,71,1,4.276666119016055
i,dir,AUX,AUX,0.47697018772995686,1.861138213598426,ADP,"AUX: 0.48, ADP: 0.26, CCONJ: 0.18, PROPN: 0.06",True,546,0,6.304448802421981
ki,ki,CCONJ,CCONJ,0.1806152397797589,1.9747454841180783,AUX,"AUX: 0.51, CCONJ: 0.18, ADP: 0.18, ADV: 0.07",True,81,0,4.406719247264253
",",",",PUNCT,PUNCT,,,,,True,2285,0,7.734558844354756
askeri,askeri,ADJ,ADJ,0.10674025728410493,1.4827300346237717,DET,"DET: 0.60, NUM: 0.25, ADJ: 0.11",True,20,0,3.044522437723423
darbe,darbelerin,NOUN,NOUN,,,,,True,2,0,1.0986122886681098
hak,hakkını,NOUN,NOUN,0.7806780603786757,0.7589274505193416,ADJ,"NOUN: 0.78, ADJ: 0.22",True,19,0,2.995732273553991
ye,yemeyelim,VERB,VERB,0.31499665175351066,0.8988572844523286,AUX,"AUX: 0.69, VERB: 0.31",True,26,0,3.295836866004329
.,.,PUNCT,PUNCT,,,,,True,3283,0,8.096817470572319
gel,Geliyoruz,VERB,VERB,1.0,0.0,,VERB: 1.00,True,166,0,5.117993812416755
",",",",PUNCT,PUNCT,,,,,True,2285,0,7.734558844354756
de,diyerek,VERB,VERB,0.7089626585740004,0.8700574815901702,CCONJ,"VERB: 0.71, CCONJ: 0.29",True,295,0,5.69035945432406
gel,geldiler,VERB,VERB,1.0,0.0,,VERB: 1.00,True,166,0,5.117993812416755
.,.,PUNCT,PUNCT,,,,,True,3283,0,8.096817470572319
komutan,Komutanlardan,NOUN,NOUN,,,,,True,5,0,1.791759469228055
başkomutan,başkomutanlara,NOUN,NOUN,,,,,False,0,0,0.0
",",",",PUNCT,PUNCT,,,,,True,2285,0,7.734558844354756
başkomutan,başkomutanlardan,NOUN,NOUN,,,,,False,0,0,0.0
başbakan,başbakanlara,NOUN,NOUN,,,,,True,10,0,2.3978952727983707
yaz,yazılmış,VERB,VERB,1.0,0.0,,VERB: 1.00,True,35,0,3.58351893845611
mektup,mektup,NOUN,NOUN,,,,,True,5,0,1.791759469228055
teati,teatilerinin,NOUN,NOUN,,,,,False,0,0,0.0
tanık,tanığı,NOUN,NOUN,,,,,True,6,0,1.9459101490553132
ol,olduk,VERB,VERB,1.0,0.0,,VERB: 1.00,True,603,0,6.403574197934815
.,.,PUNCT,PUNCT,,,,,True,3283,0,8.096817470572319
hadi,Hadi,INTJ,INTJ,,,,,True,9,0,2.302585092994046
biraz,biraz,ADV,ADV,0.2480275191840872,1.1405442588096235,PRON,"PRON: 0.70, ADV: 0.25",True,27,0,3.332204510175204
daha,daha,ADV,ADV,0.16216742905437215,2.279909832774521,PRON,"PRON: 0.30, CCONJ: 0.27, PROPN: 0.19, ADV: 0.16",True,127,0,4.852030263919617
ileri,ileri,ADJ,ADJ,,,,,True,6,0,1.9459101490553132
git,gidelim,VERB,VERB,1.0,0.0,,VERB: 1.00,True,116,0,4.762173934797756
.,.,PUNCT,PUNCT,,,,,True,3283,0,8.096817470572319
seyret,Seyretmekle,VERB,VERB,,,,,True,6,0,1.9459101490553132
de,de,CCONJ,CCONJ,0.13783772654910434,1.6723904656042283,AUX,"AUX: 0.44, ADP: 0.38, CCONJ: 0.14",True,326,0,5.7899601708972535
kal,kalmadık,VERB,VERB,1.0,0.0,,VERB: 1.00,True,77,0,4.356708826689592
.,.,PUNCT,PUNCT,,,,,True,3283,0,8.096817470572319
ses,Ses,ADV,ADV,,,,,True,1,0,0.6931471805599453
siz,siz,ADP,ADP,0.3340274831620072,2.1348321686976823,AUX,"ADP: 0.33, AUX: 0.31, CCONJ: 0.24",True,28,0,3.367295829986474
ce,ce,ADP,ADP,,,,,True,32,0,3.4965075614664802
onayla,onayladık,VERB,VERB,,,,,True,1,0,0.6931471805599453
.,.,PUNCT,PUNCT,,,,,True,3283,0,8.096817470572319
bas,Bastırılmış,VERB,VERB,1.0,0.0,,VERB: 1.00,True,11,0,2.4849066497880004
memnuniyet,memnuniyetler,NOUN,NOUN,,,,,False,0,0,0.0
duy,duyduk,VERB,VERB,1.0,0.0,,VERB: 1.00,True,35,0,3.58351893845611
.,.,PUNCT,PUNCT,,,,,True,3283,0,8.096817470572319
iyi,İyi,ADJ,ADJ,0.03291619485831978,1.0997597953020077,PRON,"PRON: 0.75, ADV: 0.18",True,58,0,4.07753744390572
ki,ki,CCONJ,CCONJ,0.1806152397797589,1.9747454841180783,AUX,"AUX: 0.51, CCONJ: 0.18, ADP: 0.18, ADV: 0.07",True,81,0,4.406719247264253
ordu,ordu,NOUN,NOUN,,,,,True,2,0,1.0986122886681098
ses,sesini,NOUN,NOUN,0.3237009019450614,1.9450836951989445,PRON,"NOUN: 0.32, PRON: 0.31, PROPN: 0.20, ADJ: 0.17",True,32,0,3.4965075614664802
yüksel,yükseltti,VERB,VERB,,,,,True,9,0,2.302585092994046
",",",",PUNCT,PUNCT,,,,,True,2285,0,7.734558844354756
şimdi,şimdi,ADV,ADV,0.22752642581986968,1.694646457999899,PRON,"PRON: 0.56, ADV: 0.23, CCONJ: 0.14, PROPN: 0.05",True,36,0,3.6109179126442243
ne,ne,PRON,PRON,0.657373909218341,1.5595369645973152,PROPN,"PRON: 0.66, PROPN: 0.14, ADV: 0.11, NOUN: 0.06",True,98,0,4.59511985013459
yap,yapacaklar,VERB,VERB,1.0,0.0,,VERB: 1.00,True,209,0,5.3471075307174685
bak,bakalım,VERB,VERB,1.0,0.0,,VERB: 1.00,True,85,0,4.454347296253507
",",",",PUNCT,PUNCT,,,,,True,2285,0,7.734558844354756
dey,deyip,VERB,VERB,,,,,True,9,0,2.302585092994046
bekle,bekledik,VERB,VERB,0.7047743026417859,0.8753762910019542,CCONJ,"VERB: 0.70, CCONJ: 0.30",True,27,0,3.332204510175204
.,.,PUNCT,PUNCT,,,,,True,3283,0,8.096817470572319
yalan,Yalan,ADJ,ADJ,,,,,True,6,0,1.9459101490553132
mi,mı,AUX,AUX,0.49179730733219285,1.8739792138931677,CCONJ,"AUX: 0.49, CCONJ: 0.24, ADP: 0.18, ADV: 0.05",True,112,0,4.727387818712341
?,?,PUNCT,PUNCT,,,,,True,125,0,4.836281906951478
de,Demedik,VERB,VERB,0.7089626585740004,0.8700574815901702,CCONJ,"VERB: 0.71, CCONJ: 0.29",True,295,0,5.69035945432406
mi,mi,AUX,AUX,0.49179730733219285,1.8739792138931677,CCONJ,"AUX: 0.49, CCONJ: 0.24, ADP: 0.18, ADV: 0.05",True,112,0,4.727387818712341
.,.,PUNCT,PUNCT,,,,,True,3283,0,8.096817470572319
Arjantin,Arjantin'den,PROPN,PROPN,,,,,False,0,0,0.0
Yunanistan,Yunanistan'a,PROPN,PROPN,,,,,False,0,0,0.0
",",",",PUNCT,PUNCT,,,,,True,2285,0,7.734558844354756
darbe,darbe,NOUN,NOUN,,,,,True,2,0,1.0986122886681098
deprem,depremleriyle,NOUN,NOUN,,,,,True,3,0,1.3862943611198906
sars,sarsılmış,VERB,VERB,,,,,True,1,0,0.6931471805599453
pek,pek,ADV,ADV,,,,,True,8,0,2.1972245773362196
çok,çok,ADJ,ADJ,0.11052386614726717,2.2021956458728464,DET,"DET: 0.40, NUM: 0.29, ADJ: 0.11, ADV: 0.07, CCONJ: 0.07",True,38,0,3.6635616461296463
ülke,ülke,NOUN,NOUN,0.4198365377202642,1.523664474067324,PRON,"NOUN: 0.42, PRON: 0.38, ADJ: 0.20",True,13,0,2.6390573296152584
",",",",PUNCT,PUNCT,,,,,True,2285,0,7.734558844354756
enkaz,enkaz,NOUN,NOUN,,,,,False,0,0,0.0
kaldırma,kaldırma,NOUN,NOUN,,,,,True,1,0,0.6931471805599453
çalış,çalışmaları,VERB,VERB,0.650530576282453,1.1285592750273743,CCONJ,"VERB: 0.65, CCONJ: 0.30",True,64,0,4.174387269895637
sıra,sırasında,NOUN,NOUN,0.21801908515437277,2.0406772673437534,PRON,"PRON: 0.45, NOUN: 0.22, PROPN: 0.14, ADV: 0.11, ADJ: 0.08",True,28,0,3.367295829986474
mahkeme,mahkemeler,NOUN,NOUN,,,,,True,7,0,2.0794415416798357
kurt,kurdu,NOUN,NOUN,,,,,True,3,0,1.3862943611198906
.,.,PUNCT,PUNCT,,,,,True,3283,0,8.096817470572319
darbeci,Darbecileri,NOUN,NOUN,,,,,False,0,0,0.0
yargıç,yargıç,NOUN,NOUN,,,,,False,0,0,0.0
ön,önüne,ADJ,ADJ,0.45739573711896436,1.2559973268911384,NOUN,"NOUN: 0.49, ADJ: 0.46, VERB: 0.06",True,36,0,3.6109179126442243
çıkar,çıkar,NOUN,NOUN,,,,,False,0,0,0.0
i,dı,AUX,AUX,0.47697018772995686,1.861138213598426,ADP,"AUX: 0.48, ADP: 0.26, CCONJ: 0.18, PROPN: 0.06",True,546,0,6.304448802421981
.,.,PUNCT,PUNCT,,,,,True,3283,0,8.096817470572319
biz,Biz,PRON,PRON,0.5140713310358356,1.872132039681025,ADV,"PRON: 0.51, ADV: 0.19, CCONJ: 0.17, PROPN: 0.06, NOUN: 0.05",True,86,0,4.465908118654584
çıkar,çıkaramadık,VERB,VERB,1.0,0.0,,VERB: 1.00,True,34,0,3.5553480614894135
.,.,PUNCT,PUNCT,,,,,True,3283,0,8.096817470572319
çünkü,Çünkü,CCONJ,CCONJ,0.28720708993411687,1.8754575576945738,PRON,"PRON: 0.41, CCONJ: 0.29, ADV: 0.23, PROPN: 0.05",True,28,0,3.367295829986474
",",",",PUNCT,PUNCT,,,,,True,2285,0,7.734558844354756
sanık,sanık,NOUN,NOUN,,,,,False,0,0,0.0
sandalye,sandalyesinde,NOUN,NOUN,,,,,True,1,0,0.6931471805599453
otur,oturan,VERB,VERB,1.0,0.0,,VERB: 1.00,True,54,0,4.007333185232471
darbeci,darbecilerden,NOUN,NOUN,,,,,False,0,0,0.0
biri,birisi,PRON,PRON,0.5133797510665434,1.4806435961268336,ADJ,"PRON: 0.51, ADJ: 0.27, NOUN: 0.21",True,41,0,3.7376696182833684
kalk,kalkıp,VERB,VERB,0.318376600131841,0.9026073263581879,AUX,"AUX: 0.68, VERB: 0.32",True,20,0,3.044522437723423
dinleyici,dinleyici,NOUN,NOUN,,,,,False,0,0,0.0
sıra,sıralarına,NOUN,NOUN,0.21801908515437277,2.0406772673437534,PRON,"PRON: 0.45, NOUN: 0.22, PROPN: 0.14, ADV: 0.11, ADJ: 0.08",True,28,0,3.367295829986474
parmak,parmağını,NOUN,NOUN,,,,,True,6,0,1.9459101490553132
uza,uzatsa,VERB,VERB,1.0,0.0,,VERB: 1.00,True,22,0,3.1354942159291497
ve,ve,CCONJ,CCONJ,0.23925769350174309,2.411623002364367,NUM,"NUM: 0.34, CCONJ: 0.24, ADJ: 0.14, DET: 0.11, PRON: 0.09, PROPN: 0.06",True,359,0,5.886104031450156
sor,sorsa,VERB,VERB,1.0,0.0,,VERB: 1.00,True,49,0,3.912023005428146
.,.,PUNCT,PUNCT,,,,,True,3283,0,8.096817470572319
siz,Siz,PRON,PRON,0.6489290710050605,1.4471589459833951,ADV,"PRON: 0.65, ADV: 0.22, CCONJ: 0.08",True,49,0,3.912023005428146
iste,istemediniz,VERB,VERB,0.6774524752691933,1.0218601397810432,CCONJ,"VERB: 0.68, CCONJ: 0.30",True,117,0,4.770684624465665
mi,mi,AUX,AUX,0.49179730733219285,1.8739792138931677,CCONJ,"AUX: 0.49, CCONJ: 0.24, ADP: 0.18, ADV: 0.05",True,112,0,4.727387818712341
.,.,PUNCT,PUNCT,,,,,True,3283,0,8.096817470572319
ne,Ne,PRON,PRON,0.657373909218341,1.5595369645973152,PROPN,"PRON: 0.66, PROPN: 0.14, ADV: 0.11, NOUN: 0.06",True,98,0,4.59511985013459
de,derdik,VERB,VERB,0.7089626585740004,0.8700574815901702,CCONJ,"VERB: 0.71, CCONJ: 0.29",True,295,0,5.69035945432406
.,.,PUNCT,PUNCT,,,,,True,3283,0,8.096817470572319
ne,Ne,PRON,PRON,0.657373909218341,1.5595369645973152,PROPN,"PRON: 0.66, PROPN: 0.14, ADV: 0.11, NOUN: 0.06",True,98,0,4.59511985013459
de,diyecektik,VERB,VERB,0.7089626585740004,0.8700574815901702,CCONJ,"VERB: 0.71, CCONJ: 0.29",True,295,0,5.69035945432406
.,.,PUNCT,PUNCT,,,,,True,3283,0,8.096817470572319
Türkiye,Türkiye'de,PROPN,PROPN,0.059663484087279214,2.091524984270449,NUM,"NUM: 0.48, PRON: 0.19, CCONJ: 0.16, ADJ: 0.07, PROPN: 0.06",True,30,0,3.4339872044851463
darbeci,darbeciler,NOUN,NOUN,,,,,False,0,0,0.0
el,ellerini,NOUN,NOUN,0.685323078074829,0.8984985975836332,ADJ,"NOUN: 0.69, ADJ: 0.31",True,81,0,4.406719247264253
kol,kollarını,NOUN,NOUN,0.23456548889104384,1.9729883115525322,ADJ,"ADJ: 0.30, PRON: 0.28, NOUN: 0.23, PROPN: 0.18",True,13,0,2.6390573296152584
salla,sallayarak,VERB,VERB,,,,,True,4,0,1.6094379124341003
dolaş,dolaşıyor,VERB,VERB,0.7164036002470938,1.0680650298299488,ADJ,"VERB: 0.72, ADJ: 0.23, NOUN: 0.06",True,14,0,2.70805020110221
",",",",PUNCT,PUNCT,,,,,True,2285,0,7.734558844354756
evet,evet,NOUN,NOUN,0.06449692503540634,2.073848469012467,PROPN,"PROPN: 0.46, PRON: 0.23, ADV: 0.11, CCONJ: 0.11, NOUN: 0.06",True,13,0,2.6390573296152584
...,...,PUNCT,PUNCT,,,,,True,91,0,4.5217885770490405
bazen,Bazen,ADV,ADV,,,,,True,5,0,1.791759469228055
şarkı,şarkı,NOUN,NOUN,,,,,True,6,0,1.9459101490553132
söyle,söylerken,VERB,VERB,0.721528986702589,0.8533590847777625,CCONJ,"VERB: 0.72, CCONJ: 0.28",True,89,0,4.499809670330265
de,de,CCONJ,CCONJ,0.13783772654910434,1.6723904656042283,AUX,"AUX: 0.44, ADP: 0.38, CCONJ: 0.14",True,326,0,5.7899601708972535
ol,olur,VERB,VERB,1.0,0.0,,VERB: 1.00,True,603,0,6.403574197934815
bu,bu,PRON,PRON,0.7006788109102466,1.3923524752663319,ADV,"PRON: 0.70, ADV: 0.14, CCONJ: 0.09, NOUN: 0.05",True,171,0,5.147494476813453
",",",",PUNCT,PUNCT,,,,,True,2285,0,7.734558844354756
arkadaş,arkadaşlar,NOUN,NOUN,0.6069614961121822,0.9667324334699345,ADJ,"NOUN: 0.61, ADJ: 0.39",True,20,0,3.044522437723423
bil,bilir,VERB,VERB,0.6930942464089043,1.0036086273143747,CCONJ,"VERB: 0.69, CCONJ: 0.28",True,101,0,4.624972813284271
(,(,PUNCT,PUNCT,,,,,True,61,0,4.127134385045092
arkadaş,arkadaşlar,NOUN,NOUN,0.6069614961121822,0.9667324334699345,ADJ,"NOUN: 0.61, ADJ: 0.39",True,20,0,3.044522437723423
",",",",PUNCT,PUNCT,,,,,True,2285,0,7.734558844354756
yani,yani,CCONJ,CCONJ,0.1511960876553542,1.9943093975910733,PRON,"PRON: 0.43, PROPN: 0.22, ADV: 0.17, CCONJ: 0.15",True,17,0,2.8903717578961645
bıyık,bıyıklarına,NOUN,NOUN,,,,,True,2,0,1.0986122886681098
ak,ak,ADJ,ADJ,,,,,True,1,0,0.6931471805599453
düş,düşmüş,VERB,VERB,1.0,0.0,,VERB: 1.00,True,32,0,3.4965075614664802
emekli,emekli,ADJ,ADJ,,,,,True,5,0,1.791759469228055
sarhoş,sarhoşlar,ADJ,ADJ,,,,,True,1,0,0.6931471805599453
göz,gözlerini,NOUN,NOUN,0.48581680668839844,1.5108829755725355,PROPN,"NOUN: 0.49, PROPN: 0.28, ADJ: 0.24",True,49,0,3.912023005428146
yum,yumup,VERB,VERB,,,,,False,0,0,0.0
baş,başlarını,NOUN,NOUN,0.1890902731140519,1.8430796248904169,PRON,"PRON: 0.46, ADJ: 0.21, NOUN: 0.19, PROPN: 0.15",True,54,0,4.007333185232471
hafif,hafif,ADJ,ADJ,,,,,True,7,0,2.0794415416798357
ce,çe,ADP,ADP,,,,,True,32,0,3.4965075614664802
eğ,eğerek,VERB,VERB,,,,,True,3,0,1.3862943611198906
onayla,onaylıyorlar,VERB,VERB,,,,,True,1,0,0.6931471805599453
),),PUNCT,PUNCT,,,,,True,65,0,4.189654742026425
oku,okursa,VERB,VERB,1.0,0.0,,VERB: 1.00,True,29,0,3.4011973816621555
hüzzam,hüzzam,NOUN,NOUN,,,,,False,0,0,0.0
oku,okur,VERB,VERB,1.0,0.0,,VERB: 1.00,True,29,0,3.4011973816621555
",",",",PUNCT,PUNCT,,,,,True,2285,0,7.734558844354756
herkes,herkesi,NOUN,NOUN,0.021457731122855418,1.6956728993253833,PRON,"PRON: 0.56, ADV: 0.23, CCONJ: 0.14, PROPN: 0.05",True,27,0,3.332204510175204
kahırlan,kahırlandırır,VERB,VERB,,,,,False,0,0,0.0
.,.,PUNCT,PUNCT,,,,,True,3283,0,8.096817470572319
kıskan,Kıskanmanın,VERB,VERB,,,,,False,0,0,0.0
çaresizlik,çaresizliğinden,NOUN,NOUN,,,,,True,6,0,1.9459101490553132
ve,ve,CCONJ,CCONJ,0.23925769350174309,2.411623002364367,NUM,"NUM: 0.34, CCONJ: 0.24, ADJ: 0.14, DET: 0.11, PRON: 0.09, PROPN: 0.06",True,359,0,5.886104031450156
iç,içimde,ADJ,ADJ,0.5266476463656918,0.9979501219428724,NOUN,"ADJ: 0.53, NOUN: 0.47",True,71,0,4.276666119016055
yarat,yarattığı,VERB,VERB,1.0,0.0,,VERB: 1.00,True,29,0,3.4011973816621555
aşağıla,aşağılanma,VERB,VERB,,,,,False,0,0,0.0
duygu,duygusundan,NOUN,NOUN,0.23079199979938317,1.7073611952753653,PRON,"PRON: 0.45, PROPN: 0.28, NOUN: 0.23",True,35,0,3.58351893845611
kurtul,kurtulmak,VERB,VERB,,,,,True,10,0,2.3978952727983707
ve,ve,CCONJ,CCONJ,0.23925769350174309,2.411623002364367,NUM,"NUM: 0.34, CCONJ: 0.24, ADJ: 0.14, DET: 0.11, PRON: 0.09, PROPN: 0.06",True,359,0,5.886104031450156
ben,bana,PRON,PRON,0.614767428544865,1.6599914502896118,ADV,"PRON: 0.61, ADV: 0.21, CCONJ: 0.08, PROPN: 0.06",True,310,0,5.739792912179234
kaçınılmaz,kaçınılmaz,ADJ,ADJ,,,,,False,0,0,0.0
gözük,gözüken,VERB,VERB,,,,,True,1,0,0.6931471805599453
o,o,PRON,PRON,0.5961784524857141,1.6538184960634559,ADV,"PRON: 0.60, ADV: 0.24, CCONJ: 0.07, PROPN: 0.05",True,264,0,5.579729825986222
terk,terk,NOUN,NOUN,0.531543856465604,1.4442761835404323,ADJ,"NOUN: 0.53, ADJ: 0.29, VERB: 0.18",True,14,0,2.70805020110221
et,edilme,VERB,VERB,0.021423477839648417,2.0747581498935594,AUX,"AUX: 0.33, ADP: 0.33, CCONJ: 0.23",True,260,0,5.564520407322694
gün,gününun,NOUN,NOUN,0.7766440096348868,0.7662482696838814,ADJ,"NOUN: 0.78, ADJ: 0.22",True,91,0,4.5217885770490405
acı,acısını,ADJ,ADJ,0.3103537033349995,0.8935813262787496,NOUN,"NOUN: 0.69, ADJ: 0.31",True,15,0,2.772588722239781
daha,daha,ADV,ADV,0.16216742905437215,2.279909832774521,PRON,"PRON: 0.30, CCONJ: 0.27, PROPN: 0.19, ADV: 0.16",True,127,0,4.852030263919617
baştan,baştan,ADV,ADV,,,,,True,1,0,0.6931471805599453
hafifle,hafifletmek,VERB,VERB,,,,,True,2,0,1.0986122886681098
için,için,ADP,ADP,0.4371344784042817,1.7284041476856495,AUX,"ADP: 0.44, AUX: 0.27, CCONJ: 0.25",True,159,0,5.075173815233827
",",",",PUNCT,PUNCT,,,,,True,2285,0,7.734558844354756
hayat,hayatıma,NOUN,NOUN,0.23617296238770852,1.163013823457567,PRON,"PRON: 0.68, NOUN: 0.24, ADJ: 0.08",True,32,0,3.4965075614664802
kat,kattığım,VERB,VERB,1.0,0.0,,VERB: 1.00,True,19,0,2.995732273553991
kadın,kadınların,ADJ,ADJ,0.22426573119393564,0.7678804621873997,NOUN,"NOUN: 0.78, ADJ: 0.22",True,40,0,3.713572066704308
sayı,sayısı,NOUN,NOUN,,,,,True,5,0,1.791759469228055
art,artıyordu,VERB,VERB,,,,,True,7,0,2.0794415416798357
.,.,PUNCT,PUNCT,,,,,True,3283,0,8.096817470572319
yaz,Yazları,NOUN,NOUN,,,,,True,2,0,1.0986122886681098
",",",",PUNCT,PUNCT,,,,,True,2285,0,7.734558844354756
harman,harman,NOUN,NOUN,,,,,False,0,0,0.0
yer,yerlerinden,NOUN,NOUN,0.6105573897718891,0.964438903111094,ADJ,"NOUN: 0.61, ADJ: 0.39",True,111,0,4.718498871295094
kalk,kalkıp,VERB,VERB,0.318376600131841,0.9026073263581879,AUX,"AUX: 0.68, VERB: 0.32",True,20,0,3.044522437723423
uç,uçup,VERB,VERB,,,,,True,4,0,1.6094379124341003
gel,gelen,VERB,VERB,1.0,0.0,,VERB: 1.00,True,166,0,5.117993812416755
ve,ve,CCONJ,CCONJ,0.23925769350174309,2.411623002364367,NUM,"NUM: 0.34, CCONJ: 0.24, ADJ: 0.14, DET: 0.11, PRON: 0.09, PROPN: 0.06",True,359,0,5.886104031450156
insan,insanı,NOUN,NOUN,0.6842686317549259,0.8996789321325918,ADJ,"NOUN: 0.68, ADJ: 0.32",True,68,0,4.23410650459726
hışır,hışır,ADV,ADV,,,,,False,0,0,0.0
hışır,hışır,NOUN,NOUN,,,,,False,0,0,0.0
kaşın,kaşındıran,VERB,VERB,,,,,False,0,0,0.0
yal,yal,NOUN,NOUN,,,,,False,0,0,0.0
toz,tozlarını,NOUN,NOUN,,,,,False,0,0,0.0
kokla,kokladıkları,VERB,VERB,,,,,False,0,0,0.0
Mihalıcık,Mihalıcık,PROPN,PROPN,,,,,False,0,0,0.0
köy,Köyü,NOUN,NOUN,,,,,True,7,0,2.0794415416798357
yer,yerine,NOUN,NOUN,0.6105573897718891,0.964438903111094,ADJ,"NOUN: 0.61, ADJ: 0.39",True,111,0,4.718498871295094
",",",",PUNCT,PUNCT,,,,,True,2285,0,7.734558844354756
şimdi,şimdi,ADV,ADV,0.22752642581986968,1.694646457999899,PRON,"PRON: 0.56, ADV: 0.23, CCONJ: 0.14, PROPN: 0.05",True,36,0,3.6109179126442243
Sapanca,Sapanca'nın,PROPN,PROPN,,,,,False,0,0,0.0
hanımeli,hanımeli,NOUN,NOUN,,,,,False,0,0,0.0
koku,koku,NOUN,NOUN,,,,,True,4,0,1.6094379124341003
li,lu,ADP,ADP,0.2797323618856777,2.3836488217196035,AUX,"AUX: 0.30, ADP: 0.28, CCONJ: 0.23, NUM: 0.08",True,182,0,5.209486152841421
durgun,durgun,ADJ,ADJ,,,,,True,1,0,0.6931471805599453
mavi,mavi,ADJ,ADJ,,,,,True,2,0,1.0986122886681098
göl,göle,NOUN,NOUN,,,,,True,1,0,0.6931471805599453
bak,bakan,VERB,VERB,1.0,0.0,,VERB: 1.00,True,85,0,4.454347296253507
dubleks,dubleks,NOUN,NOUN,,,,,False,0,0,0.0
ev,evine,NOUN,NOUN,0.2165987183589658,2.0343315049689665,PRON,"PRON: 0.45, NOUN: 0.22, PROPN: 0.14, ADV: 0.11, ADJ: 0.08",True,113,0,4.736198448394496
gel,gelebilmek,VERB,VERB,1.0,0.0,,VERB: 1.00,True,166,0,5.117993812416755
için,için,ADP,ADP,0.4371344784042817,1.7284041476856495,AUX,"ADP: 0.44, AUX: 0.27, CCONJ: 0.25",True,159,0,5.075173815233827
",",",",PUNCT,PUNCT,,,,,True,2285,0,7.734558844354756
kolay,kolay,ADJ,ADJ,0.05305027922457994,2.006643736694274,PRON,"PRON: 0.45, ADV: 0.21, PROPN: 0.19, NOUN: 0.10, ADJ: 0.05",True,13,0,2.6390573296152584
değil,değil,AUX,AUX,0.684685125302444,0.8992136021504445,VERB,"AUX: 0.68, VERB: 0.32",True,72,0,4.290459441148391
işte,işte,ADV,ADV,0.11734689772862172,2.034632031144819,PRON,"PRON: 0.41, CCONJ: 0.29, PROPN: 0.15, ADV: 0.12",True,18,0,2.9444389791664403
",",",",PUNCT,PUNCT,,,,,True,2285,0,7.734558844354756
böyle,böyle,ADV,ADV,0.158683827175278,1.5460276291544226,PRON,"PRON: 0.66, ADV: 0.16, PROPN: 0.07, ADJ: 0.06, NOUN: 0.05",True,35,0,3.58351893845611
gece,gece,ADV,ADV,,,,,True,2,0,1.0986122886681098
gündüz,gündüz,NOUN,NOUN,,,,,True,3,0,1.3862943611198906
çalış,çalışmak,VERB,VERB,0.650530576282453,1.1285592750273743,CCONJ,"VERB: 0.65, CCONJ: 0.30",True,64,0,4.174387269895637
gerek,gerekiyordu,VERB,VERB,0.5748381538387066,1.4766281055453563,CCONJ,"VERB: 0.57, CCONJ: 0.30, NOUN: 0.07, ADJ: 0.06",True,47,0,3.871201010907891
.,.,PUNCT,PUNCT,,,,,True,3283,0,8.096817470572319
çarp,Çarpılırsın,VERB,VERB,,,,,True,7,0,2.0794415416798357
.,.,PUNCT,PUNCT,,,,,True,3283,0,8.096817470572319
tüketici,Tüketici,NOUN,NOUN,,,,,True,2,0,1.0986122886681098
kredi,kredisinin,NOUN,NOUN,0.0060854232819286475,1.8233904323480616,NUM,"NUM: 0.57, ADJ: 0.17, DET: 0.11, CCONJ: 0.08, PROPN: 0.06",True,12,0,2.5649493574615367
yabancı,yabancı,ADJ,ADJ,,,,,True,7,0,2.0794415416798357
para,para,NOUN,NOUN,0.23514448544243344,1.7957240914597472,PRON,"PRON: 0.48, NOUN: 0.24, PROPN: 0.15, ADJ: 0.13",True,27,0,3.332204510175204
birim,birimi,NOUN,NOUN,,,,,False,0,0,0.0
cins,cinsinden,ADJ,ADJ,,,,,True,2,0,1.0986122886681098
kullan,kullanılması,VERB,VERB,1.0,0.0,,VERB: 1.00,True,32,0,3.4965075614664802
durum,durumunda,NOUN,NOUN,0.8802789915430831,0.5285583806611713,ADJ,"NOUN: 0.88, ADJ: 0.12",True,34,0,3.5553480614894135
",",",",PUNCT,PUNCT,,,,,True,2285,0,7.734558844354756
geri,geri,ADV,ADV,,,,,True,2,0,1.0986122886681098
öde,ödemeye,VERB,VERB,1.0,0.0,,VERB: 1.00,True,19,0,2.995732273553991
ilişkin,ilişkin,ADP,ADP,0.680428459192524,1.2642720722408258,CCONJ,"ADP: 0.68, CCONJ: 0.23",True,12,0,2.5649493574615367
taksit,taksitlerin,NOUN,NOUN,,,,,True,3,0,1.3862943611198906
ve,ve,CCONJ,CCONJ,0.23925769350174309,2.411623002364367,NUM,"NUM: 0.34, CCONJ: 0.24, ADJ: 0.14, DET: 0.11, PRON: 0.09, PROPN: 0.06",True,359,0,5.886104031450156
toplam,toplam,NOUN,NOUN,,,,,True,1,0,0.6931471805599453
kredi,kredi,NOUN,NOUN,0.0060854232819286475,1.8233904323480616,NUM,"NUM: 0.57, ADJ: 0.17, DET: 0.11, CCONJ: 0.08, PROPN: 0.06",True,12,0,2.5649493574615367
tutar,tutarının,NOUN,NOUN,,,,,True,3,0,1.3862943611198906
hesapla,hesaplanmasında,VERB,VERB,,,,,False,0,0,0.0
",",",",PUNCT,PUNCT,,,,,True,2285,0,7.734558844354756
hangi,hangi,ADJ,ADJ,,,,,True,5,0,1.791759469228055
tarih,tarihte,NOUN,NOUN,0.6852014470842112,0.8986351291097746,ADJ,"NOUN: 0.69, ADJ: 0.31",True,31,0,3.4657359027997265
ki,ki,ADP,ADP,0.352272282719127,2.181690690995641,AUX,"ADP: 0.35, AUX: 0.28, CCONJ: 0.23, NUM: 0.08",True,217,0,5.384495062789089
kur,kurun,NOUN,NOUN,,,,,True,1,0,0.6931471805599453
dikkat,dikkate,NOUN,NOUN,0.6088085136107217,0.9655641535362572,ADJ,"NOUN: 0.61, ADJ: 0.39",True,15,0,2.772588722239781
al,alınacağına,VERB,VERB,1.0,0.0,,VERB: 1.00,True,169,0,5.135798437050262
ilişkin,ilişkin,ADP,ADP,0.680428459192524,1.2642720722408258,CCONJ,"ADP: 0.68, CCONJ: 0.23",True,12,0,2.5649493574615367
bilgi,bilginin,NOUN,NOUN,0.7731879277876431,0.7724124997453677,ADJ,"NOUN: 0.77, ADJ: 0.23",True,31,0,3.4657359027997265
sözleşme,sözleşmede,NOUN,NOUN,,,,,True,3,0,1.3862943611198906
yer,yer,NOUN,NOUN,0.6105573897718891,0.964438903111094,ADJ,"NOUN: 0.61, ADJ: 0.39",True,111,0,4.718498871295094
al,alması,VERB,VERB,1.0,0.0,,VERB: 1.00,True,169,0,5.135798437050262
koşul,koşulu,NOUN,NOUN,,,,,True,1,0,0.6931471805599453
getir,getiriliyor,VERB,VERB,1.0,0.0,,VERB: 1.00,True,42,0,3.7612001156935624
.,.,PUNCT,PUNCT,,,,,True,3283,0,8.096817470572319
o,O,DET,DET,0.6447660992254824,1.4376147671166477,NUM,"DET: 0.64, NUM: 0.18, ADJ: 0.13",True,113,0,4.736198448394496
sözcük,sözcüğü,NOUN,NOUN,0.6078995193599482,0.966141693155228,ADJ,"NOUN: 0.61, ADJ: 0.39",True,11,0,2.4849066497880004
",",",",PUNCT,PUNCT,,,,,True,2285,0,7.734558844354756
bugün,bugüne,NOUN,NOUN,0.022136295336893458,1.2503911124781508,PRON,"PRON: 0.66, ADV: 0.27, PROPN: 0.05",True,27,0,3.332204510175204
kadar,kadar,ADP,ADP,0.3692723596113412,1.6932259529300686,AUX,"AUX: 0.42, ADP: 0.37, CCONJ: 0.17",True,105,0,4.663439094112067
iç,içine,ADJ,ADJ,0.5266476463656918,0.9979501219428724,NOUN,"ADJ: 0.53, NOUN: 0.47",True,71,0,4.276666119016055
sıkış,sıkıştırıldığı,VERB,VERB,,,,,True,2,0,1.0986122886681098
ideolojik,ideolojik,ADJ,ADJ,,,,,True,8,0,2.1972245773362196
boyut,boyutunun,NOUN,NOUN,,,,,True,2,0,1.0986122886681098
dış,dışında,ADJ,ADJ,0.45413399165948337,1.2599142994957258,NOUN,"NOUN: 0.49, ADJ: 0.45, VERB: 0.06",True,12,0,2.5649493574615367
algıla,algılayarak,VERB,VERB,,,,,True,6,0,1.9459101490553132
de,diyorum,VERB,VERB,0.7089626585740004,0.8700574815901702,CCONJ,"VERB: 0.71, CCONJ: 0.29",True,295,0,5.69035945432406
ki,ki,CCONJ,CCONJ,0.1806152397797589,1.9747454841180783,AUX,"AUX: 0.51, CCONJ: 0.18, ADP: 0.18, ADV: 0.07",True,81,0,4.406719247264253
",",",",PUNCT,PUNCT,,,,,True,2285,0,7.734558844354756
toplum,toplumlar,NOUN,NOUN,0.48719944933490034,1.5094379631236532,PROPN,"NOUN: 0.49, PROPN: 0.28, ADJ: 0.23",True,16,0,2.833213344056216
da,da,CCONJ,CCONJ,0.13730810580889885,1.6721173968196932,AUX,"AUX: 0.44, ADP: 0.38, CCONJ: 0.14",True,275,0,5.62040086571715
",",",",PUNCT,PUNCT,,,,,True,2285,0,7.734558844354756
birey,bireyler,NOUN,NOUN,,,,,True,1,0,0.6931471805599453
de,de,CCONJ,CCONJ,0.13783772654910434,1.6723904656042283,AUX,"AUX: 0.44, ADP: 0.38, CCONJ: 0.14",True,326,0,5.7899601708972535
",",",",PUNCT,PUNCT,,,,,True,2285,0,7.734558844354756
yarın,yarına,NOUN,NOUN,,,,,True,7,0,2.0794415416798357
ait,ait,ADP,ADP,,,,,True,7,0,2.0794415416798357
plan,planlarıyla,NOUN,NOUN,,,,,True,8,0,2.1972245773362196
",",",",PUNCT,PUNCT,,,,,True,2285,0,7.734558844354756
tasarım,tasarımlarıyla,NOUN,NOUN,,,,,True,1,0,0.6931471805599453
",",",",PUNCT,PUNCT,,,,,True,2285,0,7.734558844354756
hayal,hayalleriyle,NOUN,NOUN,,,,,True,7,0,2.0794415416798357
sıçra,sıçrayarak,VERB,VERB,,,,,True,4,0,1.6094379124341003
geç,geçecekler,VERB,VERB,1.0,0.0,,VERB: 1.00,True,62,0,4.143134726391533
",",",",PUNCT,PUNCT,,,,,True,2285,0,7.734558844354756
dün,dünden,NOUN,NOUN,,,,,True,6,0,1.9459101490553132
yarın,yarına,NOUN,NOUN,,,,,True,7,0,2.0794415416798357
...,...,PUNCT,PUNCT,,,,,True,91,0,4.5217885770490405
telefon,Telefon,NOUN,NOUN,0.6896431117106226,0.8935849951313106,ADJ,"NOUN: 0.69, ADJ: 0.31",True,13,0,2.6390573296152584
çal,çalıyor,VERB,VERB,1.0,0.0,,VERB: 1.00,True,20,0,3.044522437723423
.,.,PUNCT,PUNCT,,,,,True,3283,0,8.096817470572319
boşver,Boşver,VERB,VERB,,,,,False,0,0,0.0
.,.,PUNCT,PUNCT,,,,,True,3283,0,8.096817470572319
yer,Yerimden,NOUN,NOUN,0.6105573897718891,0.964438903111094,ADJ,"NOUN: 0.61, ADJ: 0.39",True,111,0,4.718498871295094
fırla,fırladım,VERB,VERB,,,,,True,5,0,1.791759469228055
.,.,PUNCT,PUNCT,,,,,True,3283,0,8.096817470572319
nar,Nar,NOUN,NOUN,,,,,False,0,0,0.0
çiçek,çiçeği,NOUN,NOUN,,,,,True,1,0,0.6931471805599453
renk,renginde,NOUN,NOUN,,,,,True,9,0,2.302585092994046
ki,ki,ADP,ADP,0.352272282719127,2.181690690995641,AUX,"ADP: 0.35, AUX: 0.28, CCONJ: 0.23, NUM: 0.08",True,217,0,5.384495062789089
tırnak,tırnaklarıyla,NOUN,NOUN,,,,,True,1,0,0.6931471805599453
",",",",PUNCT,PUNCT,,,,,True,2285,0,7.734558844354756
o,o,DET,DET,0.6447660992254824,1.4376147671166477,NUM,"DET: 0.64, NUM: 0.18, ADJ: 0.13",True,113,0,4.736198448394496
uzun,uzun,ADJ,ADJ,0.12210348386186666,1.3877243018568113,DET,"DET: 0.53, NUM: 0.35, ADJ: 0.12",True,24,0,3.2188758248682006
beyaz,beyaz,ADJ,ADJ,0.08771521443795713,1.4066009842302882,DET,"DET: 0.63, NUM: 0.24, ADJ: 0.09",True,20,0,3.044522437723423
parmak,parmak,NOUN,NOUN,,,,,True,6,0,1.9459101490553132
li,lı,ADP,ADP,0.2797323618856777,2.3836488217196035,AUX,"AUX: 0.30, ADP: 0.28, CCONJ: 0.23, NUM: 0.08",True,182,0,5.209486152841421
el,elleri,NOUN,NOUN,0.685323078074829,0.8984985975836332,ADJ,"NOUN: 0.69, ADJ: 0.31",True,81,0,4.406719247264253
ben,bana,PRON,PRON,0.614767428544865,1.6599914502896118,ADV,"PRON: 0.61, ADV: 0.21, CCONJ: 0.08, PROPN: 0.06",True,310,0,5.739792912179234
sahip,sahibinden,NOUN,NOUN,0.3038164652958034,1.4036184408627501,ADJ,"ADJ: 0.55, NOUN: 0.30, VERB: 0.15",True,13,0,2.6390573296152584
çok,çok,ADV,ADV,0.33203987735528007,1.3405495937378578,PRON,"PRON: 0.59, ADV: 0.33, ADJ: 0.05",True,97,0,4.584967478670572
daha,daha,ADV,ADV,0.16216742905437215,2.279909832774521,PRON,"PRON: 0.30, CCONJ: 0.27, PROPN: 0.19, ADV: 0.16",True,127,0,4.852030263919617
yakın,yakın,ADJ,ADJ,0.15381550000503325,2.1107736313294096,PRON,"PRON: 0.43, NOUN: 0.18, ADJ: 0.15, PROPN: 0.14, ADV: 0.10",True,20,0,3.044522437723423
ve,ve,CCONJ,CCONJ,0.23925769350174309,2.411623002364367,NUM,"NUM: 0.34, CCONJ: 0.24, ADJ: 0.14, DET: 0.11, PRON: 0.09, PROPN: 0.06",True,359,0,5.886104031450156
tanı,tanıdık,VERB,ADJ,1.0,0.0,,VERB: 1.00,True,21,1,3.091042453358316
gel,geliyordu,VERB,VERB,1.0,0.0,,VERB: 1.00,True,166,0,5.117993812416755
;,;,PUNCT,PUNCT,,,,,True,84,0,4.442651256490317
o,onların,PRON,PRON,0.5961784524857141,1.6538184960634559,ADV,"PRON: 0.60, ADV: 0.24, CCONJ: 0.07, PROPN: 0.05",True,264,0,5.579729825986222
dokunuş,dokunuşlarını,NOUN,NOUN,,,,,False,0,0,0.0
",",",",PUNCT,PUNCT,,,,,True,2285,0,7.734558844354756
sahip,sahibinden,NOUN,NOUN,0.3038164652958034,1.4036184408627501,ADJ,"ADJ: 0.55, NOUN: 0.30, VERB: 0.15",True,13,0,2.6390573296152584
çok,çok,ADP,ADV,,,,,True,5,1,1.791759469228055
ben,benim,PRON,PRON,0.614767428544865,1.6599914502896118,ADV,"PRON: 0.61, ADV: 0.21, CCONJ: 0.08, PROPN: 0.06",True,310,0,5.739792912179234
istek,isteklerime,NOUN,NOUN,,,,,True,3,0,1.3862943611198906
uy,uyabildiklerini,VERB,VERB,,,,,True,9,0,2.302585092994046
",",",",PUNCT,PUNCT,,,,,True,2285,0,7.734558844354756
ben,benim,PRON,PRON,0.614767428544865,1.6599914502896118,ADV,"PRON: 0.61, ADV: 0.21, CCONJ: 0.08, PROPN: 0.06",True,310,0,5.739792912179234
emir,emirlerimle,NOUN,NOUN,,,,,False,0,0,0.0
hareket,hareket,NOUN,NOUN,0.46389258541889833,1.4825736885831595,ADJ,"NOUN: 0.46, ADJ: 0.36, VERB: 0.17",True,14,0,2.70805020110221
et,ettiklerini,VERB,VERB,0.021423477839648417,2.0747581498935594,AUX,"AUX: 0.33, ADP: 0.33, CCONJ: 0.23",True,260,0,5.564520407322694
bil,biliyordum,VERB,VERB,0.6930942464089043,1.0036086273143747,CCONJ,"VERB: 0.69, CCONJ: 0.28",True,101,0,4.624972813284271
ve,ve,CCONJ,CCONJ,0.23925769350174309,2.411623002364367,NUM,"NUM: 0.34, CCONJ: 0.24, ADJ: 0.14, DET: 0.11, PRON: 0.09, PROPN: 0.06",True,359,0,5.886104031450156
el,eller,NOUN,NOUN,0.685323078074829,0.8984985975836332,ADJ,"NOUN: 0.69, ADJ: 0.31",True,81,0,4.406719247264253
ben,benim,PRON,PRON,0.614767428544865,1.6599914502896118,ADV,"PRON: 0.61, ADV: 0.21, CCONJ: 0.08, PROPN: 0.06",True,310,0,5.739792912179234
bellek,belleğime,NOUN,NOUN,,,,,False,0,0,0.0
gir,girip,VERB,VERB,1.0,0.0,,VERB: 1.00,True,63,0,4.1588830833596715
ora,oradan,NOUN,NOUN,0.06614595594686694,1.725004869700506,PRON,"PRON: 0.60, PROPN: 0.15, ADV: 0.12, NOUN: 0.07, ADJ: 0.06",True,29,0,3.4011973816621555
inan,inanılmaz,VERB,VERB,1.0,0.0,,VERB: 1.00,True,23,0,3.1780538303479458
seviş,sevişmeler,VERB,NOUN,,,,,True,9,1,2.302585092994046
çıkar,çıkartıyorlardı,VERB,VERB,1.0,0.0,,VERB: 1.00,True,34,0,3.5553480614894135
.,.,PUNCT,PUNCT,,,,,True,3283,0,8.096817470572319
başka,Başkalarının,ADJ,ADJ,0.019678146206921186,1.7040643896520111,PRON,"PRON: 0.56, ADV: 0.22, PROPN: 0.14, NOUN: 0.06",True,35,0,3.58351893845611
en,en,ADV,ADV,0.22782607963906426,2.317896341903966,CCONJ,"CCONJ: 0.30, ADV: 0.23, PROPN: 0.21, ADJ: 0.14, PRON: 0.11",True,92,0,4.532599493153256
iyi,iyi,ADJ,ADJ,0.03291619485831978,1.0997597953020077,PRON,"PRON: 0.75, ADV: 0.18",True,58,0,4.07753744390572
gizle,gizlenen,VERB,VERB,,,,,True,1,0,0.6931471805599453
sır,sırlarına,NOUN,NOUN,,,,,True,6,0,1.9459101490553132
bile,bile,ADV,ADV,0.0,1.3965541340455074,ADP,"ADP: 0.56, CCONJ: 0.36",True,36,0,3.6109179126442243
ulaş,ulaşmanın,VERB,VERB,1.0,0.0,,VERB: 1.00,True,28,0,3.367295829986474
daima,daima,ADV,ADV,,,,,True,1,0,0.6931471805599453
bir,bir,NUM,NUM,0.3916735022215744,1.8552050660223744,DET,"DET: 0.40, NUM: 0.39, ADJ: 0.09, PROPN: 0.06, NOUN: 0.06",True,170,0,5.14166355650266
yol,yolu,NOUN,NOUN,0.6842241948632438,0.8997285111212396,ADJ,"NOUN: 0.68, ADJ: 0.32",True,46,0,3.8501476017100584
bulun,bulunurdu,VERB,VERB,1.0,0.0,,VERB: 1.00,True,18,0,2.9444389791664403
",",",",PUNCT,PUNCT,,,,,True,2285,0,7.734558844354756
ama,ama,CCONJ,CCONJ,0.26313102212215905,1.8047829885976687,PRON,"PRON: 0.46, CCONJ: 0.26, ADV: 0.22",True,139,0,4.941642422609304
insan,insanın,NOUN,NOUN,0.6842686317549259,0.8996789321325918,ADJ,"NOUN: 0.68, ADJ: 0.32",True,68,0,4.23410650459726
kendi,kendi,PRON,PRON,0.6796575105452602,1.4263748283851931,ADV,"PRON: 0.68, ADV: 0.19, PROPN: 0.06",True,126,0,4.844187086458591
sır,sırlarına,NOUN,NOUN,,,,,True,6,0,1.9459101490553132
eriş,erişmesi,VERB,VERB,,,,,False,0,0,0.0
neredeyse,neredeyse,ADV,ADV,,,,,True,4,0,1.6094379124341003
imkânsız,imkansız,ADJ,ADJ,,,,,True,2,0,1.0986122886681098
i,dı,AUX,AUX,0.47697018772995686,1.861138213598426,ADP,"AUX: 0.48, ADP: 0.26, CCONJ: 0.18, PROPN: 0.06",True,546,0,6.304448802421981
ve,ve,CCONJ,CCONJ,0.23925769350174309,2.411623002364367,NUM,"NUM: 0.34, CCONJ: 0.24, ADJ: 0.14, DET: 0.11, PRON: 0.09, PROPN: 0.06",True,359,0,5.886104031450156
yazarlık,yazarlık,NOUN,NOUN,,,,,False,0,0,0.0
bu,bu,DET,DET,0.6017857940157323,1.5300103231456785,NUM,"DET: 0.60, NUM: 0.20, ADJ: 0.15",True,350,0,5.860786223465865
imkan,imkan,NOUN,NOUN,,,,,True,9,0,2.302585092994046
siz,sız,ADP,ADP,0.3340274831620072,2.1348321686976823,AUX,"ADP: 0.33, AUX: 0.31, CCONJ: 0.24",True,28,0,3.367295829986474
_,ı,ADP,ADP,,,,,True,70,0,4.2626798770413155
yaşa,yaşamak,VERB,VERB,1.0,0.0,,VERB: 1.00,True,55,0,4.02535169073515
i,tı,AUX,AUX,0.47697018772995686,1.861138213598426,ADP,"AUX: 0.48, ADP: 0.26, CCONJ: 0.18, PROPN: 0.06",True,546,0,6.304448802421981
sürekli,sürekli,ADV,ADV,,,,,True,6,0,1.9459101490553132
.,.,PUNCT,PUNCT,,,,,True,3283,0,8.096817470572319
her,Her,DET,DET,0.5393270671644539,1.4044282159240997,NUM,"DET: 0.54, NUM: 0.36, ADJ: 0.09",True,91,0,4.5217885770490405
sabah,sabah,NOUN,NOUN,0.11450917871831384,0.7864342524726671,PRON,"PRON: 0.84, NOUN: 0.11",True,16,0,2.833213344056216
bir,bir,DET,NUM,0.49958184875865663,1.6482580173109218,NUM,"DET: 0.50, NUM: 0.30, ADJ: 0.15",True,616,1,6.424869023905388
başka,başkası,ADJ,ADJ,0.019678146206921186,1.7040643896520111,PRON,"PRON: 0.56, ADV: 0.22, PROPN: 0.14, NOUN: 0.06",True,35,0,3.58351893845611
gibi,gibi,ADP,ADP,0.36045769630430313,1.8400611893764562,AUX,"ADP: 0.36, AUX: 0.30, CCONJ: 0.28",True,145,0,4.983606621708336
",",",",PUNCT,PUNCT,,,,,True,2285,0,7.734558844354756
pişmanlık,pişmanlıklarla,NOUN,NOUN,,,,,False,0,0,0.0
ve,ve,CCONJ,CCONJ,0.23925769350174309,2.411623002364367,NUM,"NUM: 0.34, CCONJ: 0.24, ADJ: 0.14, DET: 0.11, PRON: 0.09, PROPN: 0.06",True,359,0,5.886104031450156
sıkıntı,sıkıntıyla,NOUN,NOUN,,,,,True,5,0,1.791759469228055
uyan,uyanırım,VERB,VERB,,,,,True,9,0,2.302585092994046
.,.,PUNCT,PUNCT,,,,,True,3283,0,8.096817470572319
tam,Tam,ADV,ADV,,,,,True,9,0,2.302585092994046
da,da,CCONJ,CCONJ,0.13730810580889885,1.6721173968196932,AUX,"AUX: 0.44, ADP: 0.38, CCONJ: 0.14",True,275,0,5.62040086571715
o,o,PRON,PRON,0.5961784524857141,1.6538184960634559,ADV,"PRON: 0.60, ADV: 0.24, CCONJ: 0.07, PROPN: 0.05",True,264,0,5.579729825986222
satır,satır,NOUN,NOUN,,,,,True,4,0,1.6094379124341003
gibi,gibi,ADP,ADP,0.36045769630430313,1.8400611893764562,AUX,"ADP: 0.36, AUX: 0.30, CCONJ: 0.28",True,145,0,4.983606621708336
i,ydim,AUX,AUX,0.47697018772995686,1.861138213598426,ADP,"AUX: 0.48, ADP: 0.26, CCONJ: 0.18, PROPN: 0.06",True,546,0,6.304448802421981
o,o,DET,DET,0.6447660992254824,1.4376147671166477,NUM,"DET: 0.64, NUM: 0.18, ADJ: 0.13",True,113,0,4.736198448394496
sabah,sabah,NOUN,NOUN,0.11450917871831384,0.7864342524726671,PRON,"PRON: 0.84, NOUN: 0.11",True,16,0,2.833213344056216
",",",",PUNCT,PUNCT,,,,,True,2285,0,7.734558844354756
bir,bir,NUM,NUM,0.3916735022215744,1.8552050660223744,DET,"DET: 0.40, NUM: 0.39, ADJ: 0.09, PROPN: 0.06, NOUN: 0.06",True,170,0,5.14166355650266
başka,başkası,ADJ,ADJ,0.019678146206921186,1.7040643896520111,PRON,"PRON: 0.56, ADV: 0.22, PROPN: 0.14, NOUN: 0.06",True,35,0,3.58351893845611
gibi,gibi,ADP,ADP,0.36045769630430313,1.8400611893764562,AUX,"ADP: 0.36, AUX: 0.30, CCONJ: 0.28",True,145,0,4.983606621708336
",",",",PUNCT,PUNCT,,,,,True,2285,0,7.734558844354756
pişman,pişman,ADJ,ADJ,,,,,False,0,0,0.0
ve,ve,CCONJ,CCONJ,0.23925769350174309,2.411623002364367,NUM,"NUM: 0.34, CCONJ: 0.24, ADJ: 0.14, DET: 0.11, PRON: 0.09, PROPN: 0.06",True,359,0,5.886104031450156
sıkıntı,sıkıntı,NOUN,NOUN,,,,,True,5,0,1.791759469228055
li,lı,ADP,ADP,0.2797323618856777,2.3836488217196035,AUX,"AUX: 0.30, ADP: 0.28, CCONJ: 0.23, NUM: 0.08",True,182,0,5.209486152841421
.,.,PUNCT,PUNCT,,,,,True,3283,0,8.096817470572319
buhar,Buharlar,NOUN,NOUN,,,,,False,0,0,0.0
fışkır,fışkırtan,VERB,VERB,,,,,True,1,0,0.6931471805599453
kayna,kaynar,VERB,ADJ,,,,,True,1,1,0.6931471805599453
su,suyla,NOUN,NOUN,0.37788059771129073,1.5666120185629735,PRON,"NOUN: 0.38, PRON: 0.36, ADJ: 0.26",True,23,0,3.1780538303479458
bir,bir,DET,DET,0.49958184875865663,1.6482580173109218,NUM,"DET: 0.50, NUM: 0.30, ADJ: 0.15",True,616,0,6.424869023905388
duş,duş,NOUN,NOUN,,,,,False,0,0,0.0
al,aldım,VERB,VERB,1.0,0.0,,VERB: 1.00,True,169,0,5.135798437050262
;,;,PUNCT,PUNCT,,,,,True,84,0,4.442651256490317
su,su,NOUN,NOUN,0.37788059771129073,1.5666120185629735,PRON,"NOUN: 0.38, PRON: 0.36, ADJ: 0.26",True,23,0,3.1780538303479458
cilt,cildimi,NOUN,NOUN,,,,,False,0,0,0.0
yak,yakarak,VERB,VERB,,,,,True,5,0,1.791759469228055
tazele,tazeliyordu,VERB,VERB,,,,,False,0,0,0.0
ben,beni,PRON,PRON,0.614767428544865,1.6599914502896118,ADV,"PRON: 0.61, ADV: 0.21, CCONJ: 0.08, PROPN: 0.06",True,310,0,5.739792912179234
",",",",PUNCT,PUNCT,,,,,True,2285,0,7.734558844354756
sonra,sonra,ADP,ADV,0.3753969513334362,1.9295725955468828,AUX,"ADP: 0.38, AUX: 0.28, CCONJ: 0.27, ADV: 0.06",True,66,1,4.204692619390966
bir,bir,DET,DET,0.49958184875865663,1.6482580173109218,NUM,"DET: 0.50, NUM: 0.30, ADJ: 0.15",True,616,0,6.424869023905388
çay,çay,NOUN,NOUN,,,,,True,2,0,1.0986122886681098
",",",",PUNCT,PUNCT,,,,,True,2285,0,7.734558844354756
birkaç,birkaç,DET,DET,0.5516988906261615,1.566308828045479,NUM,"DET: 0.55, NUM: 0.28, ADJ: 0.13",True,22,0,3.1354942159291497
ayçöreği,ayçöreği,NOUN,NOUN,,,,,False,0,0,0.0
",",",",PUNCT,PUNCT,,,,,True,2285,0,7.734558844354756
sabah,sabah,NOUN,NOUN,0.11450917871831384,0.7864342524726671,PRON,"PRON: 0.84, NOUN: 0.11",True,16,0,2.833213344056216
gazete,gazeteleri,NOUN,NOUN,0.2665356824564089,2.2563546832164114,PRON,"PRON: 0.28, NOUN: 0.27, PROPN: 0.17, ADJ: 0.15, ADV: 0.13",True,13,0,2.6390573296152584
",",",",PUNCT,PUNCT,,,,,True,2285,0,7.734558844354756
cinayet,cinayetler,NOUN,NOUN,,,,,True,2,0,1.0986122886681098
ve,ve,CCONJ,CCONJ,0.23925769350174309,2.411623002364367,NUM,"NUM: 0.34, CCONJ: 0.24, ADJ: 0.14, DET: 0.11, PRON: 0.09, PROPN: 0.06",True,359,0,5.886104031450156
yeniden,yeniden,ADV,ADV,0.21097570581915642,1.7793365705047433,PRON,"PRON: 0.55, ADV: 0.21, PROPN: 0.14, ADJ: 0.06",True,17,0,2.8903717578961645
hayat,hayata,NOUN,NOUN,0.23617296238770852,1.163013823457567,PRON,"PRON: 0.68, NOUN: 0.24, ADJ: 0.08",True,32,0,3.4965075614664802
dön,döndüm,VERB,VERB,1.0,0.0,,VERB: 1.00,True,37,0,3.6375861597263857
.,.,PUNCT,PUNCT,,,,,True,3283,0,8.096817470572319
ev,Evden,NOUN,NOUN,0.2165987183589658,2.0343315049689665,PRON,"PRON: 0.45, NOUN: 0.22, PROPN: 0.14, ADV: 0.11, ADJ: 0.08",True,113,0,4.736198448394496
çık,çıktığımda,VERB,VERB,1.0,0.0,,VERB: 1.00,True,80,0,4.394449154672439
kız,kızı,ADJ,ADJ,0.08697606722257128,1.2687323826082555,NOUN,"NOUN: 0.60, PROPN: 0.31, ADJ: 0.09",True,72,0,4.290459441148391
ve,ve,CCONJ,CCONJ,0.23925769350174309,2.411623002364367,NUM,"NUM: 0.34, CCONJ: 0.24, ADJ: 0.14, DET: 0.11, PRON: 0.09, PROPN: 0.06",True,359,0,5.886104031450156
kitap,kitabı,NOUN,NOUN,0.6850583247487054,0.8987956580835269,ADJ,"NOUN: 0.69, ADJ: 0.31",True,16,0,2.833213344056216
yeniden,yeniden,ADV,ADV,0.21097570581915642,1.7793365705047433,PRON,"PRON: 0.55, ADV: 0.21, PROPN: 0.14, ADJ: 0.06",True,17,0,2.8903717578961645
unut,unutmuştum,VERB,VERB,,,,,True,7,0,2.0794415416798357
.,.,PUNCT,PUNCT,,,,,True,3283,0,8.096817470572319
ben,Beni,PRON,PRON,0.614767428544865,1.6599914502896118,ADV,"PRON: 0.61, ADV: 0.21, CCONJ: 0.08, PROPN: 0.06",True,310,0,5.739792912179234
terk,terk,NOUN,NOUN,0.531543856465604,1.4442761835404323,ADJ,"NOUN: 0.53, ADJ: 0.29, VERB: 0.18",True,14,0,2.70805020110221
et,etmekte,VERB,VERB,0.021423477839648417,2.0747581498935594,AUX,"AUX: 0.33, ADP: 0.33, CCONJ: 0.23",True,260,0,5.564520407322694
ol,olan,VERB,VERB,1.0,0.0,,VERB: 1.00,True,603,0,6.403574197934815
sevgili,sevgilimle,ADJ,ADJ,0.25860373899170014,1.5658712432471438,NOUN,"NOUN: 0.38, PRON: 0.36, ADJ: 0.26",True,12,0,2.5649493574615367
buluş,buluşup,VERB,VERB,,,,,True,6,0,1.9459101490553132
yemek,yemek,NOUN,NOUN,0.26741932950086694,2.120315689705492,PRON,"PRON: 0.30, NOUN: 0.27, ADJ: 0.21, PROPN: 0.19",True,23,0,3.1780538303479458
ye,yiyecektim,VERB,VERB,0.31499665175351066,0.8988572844523286,AUX,"AUX: 0.69, VERB: 0.31",True,26,0,3.295836866004329
.,.,PUNCT,PUNCT,,,,,True,3283,0,8.096817470572319
Boğaz,Boğaz'ın,PROPN,PROPN,,,,,False,0,0,0.0
su,suları,NOUN,NOUN,0.37788059771129073,1.5666120185629735,PRON,"NOUN: 0.38, PRON: 0.36, ADJ: 0.26",True,23,0,3.1780538303479458
da,da,CCONJ,CCONJ,0.13730810580889885,1.6721173968196932,AUX,"AUX: 0.44, ADP: 0.38, CCONJ: 0.14",True,275,0,5.62040086571715
sabah,sabahın,NOUN,NOUN,0.11450917871831384,0.7864342524726671,PRON,"PRON: 0.84, NOUN: 0.11",True,16,0,2.833213344056216
dinginlik,dinginliğine,NOUN,NOUN,,,,,False,0,0,0.0
uy,uymuş,VERB,VERB,,,,,True,9,0,2.302585092994046
",",",",PUNCT,PUNCT,,,,,True,2285,0,7.734558844354756
ağır,ağır,ADJ,ADJ,0.22275478610867838,1.9445765749793675,PRON,"PRON: 0.32, NOUN: 0.31, ADJ: 0.22, ADV: 0.15",True,11,0,2.4849066497880004
kıpırtı,kıpırtılarla,NOUN,NOUN,,,,,False,0,0,0.0
ak,akıyordu,VERB,VERB,,,,,True,3,0,1.3862943611198906
.,.,PUNCT,PUNCT,,,,,True,3283,0,8.096817470572319
boya,Boyalarının,NOUN,NOUN,,,,,True,2,0,1.0986122886681098
alt,altından,ADJ,ADJ,0.5754490403850242,1.2043036029571808,NOUN,"ADJ: 0.58, NOUN: 0.37",True,18,0,2.9444389791664403
kırmızı,kırmızı,ADJ,ADJ,,,,,True,6,0,1.9459101490553132
yama,yamaları,NOUN,NOUN,,,,,True,1,0,0.6931471805599453
görün,görünen,VERB,VERB,1.0,0.0,,VERB: 1.00,True,24,0,3.2188758248682006
büyük,büyük,ADJ,ADJ,0.14477411515577987,1.3823539050949016,DET,"DET: 0.57, NUM: 0.29, ADJ: 0.14",True,65,0,4.189654742026425
bir,bir,DET,DET,0.49958184875865663,1.6482580173109218,NUM,"DET: 0.50, NUM: 0.30, ADJ: 0.15",True,616,0,6.424869023905388
gemi,gemi,NOUN,NOUN,,,,,True,1,0,0.6931471805599453
Karadeniz,Karadeniz'e,PROPN,PROPN,,,,,False,0,0,0.0
doğru,doğru,ADP,ADP,0.603356309009717,1.3846799551995925,CCONJ,"ADP: 0.60, CCONJ: 0.30, ADV: 0.06",True,20,0,3.044522437723423
git,gidiyordu,VERB,VERB,1.0,0.0,,VERB: 1.00,True,116,0,4.762173934797756
.,.,PUNCT,PUNCT,,,,,True,3283,0,8.096817470572319
sezon,Sezonu,NOUN,NOUN,,,,,False,0,0,0.0
kapa,kapamakta,VERB,VERB,1.0,0.0,,VERB: 1.00,True,31,0,3.4657359027997265
inatçı,inatçı,ADJ,ADJ,,,,,False,0,0,0.0
bir,bir,DET,DET,0.49958184875865663,1.6482580173109218,NUM,"DET: 0.50, NUM: 0.30, ADJ: 0.15",True,616,0,6.424869023905388
genç,genç,ADJ,ADJ,0.15943629528422282,2.0337205078539937,DET,"DET: 0.46, NUM: 0.23, ADJ: 0.16, CCONJ: 0.08, PROPN: 0.06",True,16,0,2.833213344056216
sürat,sürat,NOUN,NOUN,,,,,False,0,0,0.0
motor,motoruyla,NOUN,NOUN,,,,,True,3,0,1.3862943611198906
gör,göremediğim,VERB,VERB,1.0,0.0,,VERB: 1.00,True,81,0,4.406719247264253
biri,birine,PRON,PRON,0.5133797510665434,1.4806435961268336,ADJ,"PRON: 0.51, ADJ: 0.27, NOUN: 0.21",True,41,0,3.7376696182833684
fiyaka,fiyakalar,NOUN,NOUN,,,,,True,1,0,0.6931471805599453
yap,yapıyordu,VERB,VERB,1.0,0.0,,VERB: 1.00,True,209,0,5.3471075307174685
daire,daireler,NOUN,NOUN,,,,,True,4,0,1.6094379124341003
çiz,çizerek,VERB,VERB,,,,,True,4,0,1.6094379124341003
.,.,PUNCT,PUNCT,,,,,True,3283,0,8.096817470572319
serin,Serin,ADJ,ADJ,,,,,False,0,0,0.0
hava,havayla,NOUN,NOUN,0.29029750329497095,1.9737188215195793,PRON,"PRON: 0.30, NOUN: 0.29, ADJ: 0.21, PROPN: 0.19",True,17,0,2.8903717578961645
hafif,hafif,ADJ,ADJ,,,,,True,7,0,2.0794415416798357
ce,çe,ADP,ADP,,,,,True,32,0,3.4965075614664802
ürper,ürpermekten,VERB,VERB,,,,,False,0,0,0.0
",",",",PUNCT,PUNCT,,,,,True,2285,0,7.734558844354756
hayat,hayatın,NOUN,NOUN,0.23617296238770852,1.163013823457567,PRON,"PRON: 0.68, NOUN: 0.24, ADJ: 0.08",True,32,0,3.4965075614664802
gerçeklik,gerçekliğine,NOUN,NOUN,0.11394477672167459,2.264354211969574,ADJ,"ADJ: 0.26, NUM: 0.23, DET: 0.23, CCONJ: 0.16, NOUN: 0.11",True,11,0,2.4849066497880004
dokun,dokunmaktan,VERB,VERB,,,,,True,4,0,1.6094379124341003
ve,ve,CCONJ,CCONJ,0.23925769350174309,2.411623002364367,NUM,"NUM: 0.34, CCONJ: 0.24, ADJ: 0.14, DET: 0.11, PRON: 0.09, PROPN: 0.06",True,359,0,5.886104031450156
sır,sırlarını,NOUN,NOUN,,,,,True,6,0,1.9459101490553132
hisset,hissetmekten,VERB,VERB,0.7158765697562461,0.8610086165807805,CCONJ,"VERB: 0.72, CCONJ: 0.28",True,13,0,2.6390573296152584
hoşnut,hoşnut,ADJ,ADJ,,,,,True,1,0,0.6931471805599453
i,tum,AUX,AUX,0.47697018772995686,1.861138213598426,ADP,"AUX: 0.48, ADP: 0.26, CCONJ: 0.18, PROPN: 0.06",True,546,0,6.304448802421981
.,.,PUNCT,PUNCT,,,,,True,3283,0,8.096817470572319
buluş,Buluştuğumuzda,VERB,VERB,,,,,True,6,0,1.9459101490553132
",",",",PUNCT,PUNCT,,,,,True,2285,0,7.734558844354756
artık,artık,ADV,ADV,0.0895164476303238,2.0263396610671656,PRON,"PRON: 0.47, CCONJ: 0.25, PROPN: 0.12, ADV: 0.09",True,30,0,3.4339872044851463
sevgili,sevgilim,ADJ,NOUN,0.25860373899170014,1.5658712432471438,NOUN,"NOUN: 0.38, PRON: 0.36, ADJ: 0.26",True,12,1,2.5649493574615367
ol,olup,VERB,VERB,1.0,0.0,,VERB: 1.00,True,603,0,6.403574197934815
ol,olmadığını,VERB,VERB,1.0,0.0,,VERB: 1.00,True,603,0,6.403574197934815
bil,bilmediğim,VERB,VERB,0.6930942464089043,1.0036086273143747,CCONJ,"VERB: 0.69, CCONJ: 0.28",True,101,0,4.624972813284271
eski,eski,ADJ,ADJ,0.12356482321186857,1.5251739549622578,DET,"DET: 0.67, ADJ: 0.12, NUM: 0.11, CCONJ: 0.08",True,21,0,3.091042453358316
sevgili,sevgilim,ADJ,NOUN,0.25860373899170014,1.5658712432471438,NOUN,"NOUN: 0.38, PRON: 0.36, ADJ: 0.26",True,12,1,2.5649493574615367
mutsuz,mutsuz,ADJ,ADJ,,,,,True,3,0,1.3862943611198906
i,du,AUX,AUX,0.47697018772995686,1.861138213598426,ADP,"AUX: 0.48, ADP: 0.26, CCONJ: 0.18, PROPN: 0.06",True,546,0,6.304448802421981
.,.,PUNCT,PUNCT,,,,,True,3283,0,8.096817470572319
bir,Bir,DET,DET,0.49958184875865663,1.6482580173109218,NUM,"DET: 0.50, NUM: 0.30, ADJ: 0.15",True,616,0,6.424869023905388
köpek,köpeğin,NOUN,NOUN,0.2580625161877512,1.0560002241100372,PRON,"PRON: 0.70, NOUN: 0.26",True,22,0,3.1354942159291497
bütün,bütün,ADJ,ADJ,0.1561306664363315,1.657842220698849,DET,"DET: 0.62, ADJ: 0.16, NUM: 0.10, CCONJ: 0.07, PROPN: 0.05",True,35,0,3.58351893845611
koku,kokuları,NOUN,NOUN,,,,,True,4,0,1.6094379124341003
birbiri,birbirinden,PRON,PRON,0.6383125076461561,1.5385441389140795,ADV,"PRON: 0.64, ADV: 0.21, PROPN: 0.07, NOUN: 0.05",True,20,0,3.044522437723423
ayırdet,ayırdedip,VERB,VERB,,,,,False,0,0,0.0
insan,insanların,NOUN,NOUN,0.6842686317549259,0.8996789321325918,ADJ,"NOUN: 0.68, ADJ: 0.32",True,68,0,4.23410650459726
duygu,duygularını,NOUN,NOUN,0.23079199979938317,1.7073611952753653,PRON,"PRON: 0.45, PROPN: 0.28, NOUN: 0.23",True,35,0,3.58351893845611
koku,kokularından,NOUN,NOUN,,,,,True,4,0,1.6094379124341003
anla,anlamaları,VERB,VERB,1.0,0.0,,VERB: 1.00,True,44,0,3.8066624897703196
gibi,gibi,ADP,ADP,0.36045769630430313,1.8400611893764562,AUX,"ADP: 0.36, AUX: 0.30, CCONJ: 0.28",True,145,0,4.983606621708336
kadın,kadınların,ADJ,ADJ,0.22426573119393564,0.7678804621873997,NOUN,"NOUN: 0.78, ADJ: 0.22",True,40,0,3.713572066704308
ses,sesini,NOUN,NOUN,0.3237009019450614,1.9450836951989445,PRON,"NOUN: 0.32, PRON: 0.31, PROPN: 0.20, ADJ: 0.17",True,32,0,3.4965075614664802
tanı,tanırdım,VERB,VERB,1.0,0.0,,VERB: 1.00,True,21,0,3.091042453358316
",",",",PUNCT,PUNCT,,,,,True,2285,0,7.734558844354756
her,her,DET,DET,0.5393270671644539,1.4044282159240997,NUM,"DET: 0.54, NUM: 0.36, ADJ: 0.09",True,91,0,4.5217885770490405
ton,tonunu,NOUN,NOUN,,,,,True,2,0,1.0986122886681098
bil,bilirdim,VERB,VERB,0.6930942464089043,1.0036086273143747,CCONJ,"VERB: 0.69, CCONJ: 0.28",True,101,0,4.624972813284271
",",",",PUNCT,PUNCT,,,,,True,2285,0,7.734558844354756
yalnız,yalnız,ADJ,ADJ,,,,,True,4,0,1.6094379124341003
ce,ca,ADP,ADP,,,,,True,32,0,3.4965075614664802
kulak,kulaklarımla,NOUN,NOUN,,,,,True,5,0,1.791759469228055
değil,değil,CCONJ,CCONJ,0.0,0.0,VERB,VERB: 1.00,True,20,0,3.044522437723423
bütün,bütün,ADJ,ADJ,0.1561306664363315,1.657842220698849,DET,"DET: 0.62, ADJ: 0.16, NUM: 0.10, CCONJ: 0.07, PROPN: 0.05",True,35,0,3.58351893845611
vücut,vücudumla,NOUN,NOUN,,,,,True,4,0,1.6094379124341003
duy,duyardım,VERB,VERB,1.0,0.0,,VERB: 1.00,True,35,0,3.58351893845611
o,onların,PRON,PRON,0.5961784524857141,1.6538184960634559,ADV,"PRON: 0.60, ADV: 0.24, CCONJ: 0.07, PROPN: 0.05",True,264,0,5.579729825986222
ses,sesini,NOUN,NOUN,0.3237009019450614,1.9450836951989445,PRON,"NOUN: 0.32, PRON: 0.31, PROPN: 0.20, ADJ: 0.17",True,32,0,3.4965075614664802
.,.,PUNCT,PUNCT,,,,,True,3283,0,8.096817470572319
yüz,Yüzlerini,NOUN,NOUN,0.4177442495739065,0.9803883989493742,ADJ,"ADJ: 0.58, NOUN: 0.42",True,30,0,3.4339872044851463
",",",",PUNCT,PUNCT,,,,,True,2285,0,7.734558844354756
bakış,bakışlarını,NOUN,NOUN,,,,,True,5,0,1.791759469228055
",",",",PUNCT,PUNCT,,,,,True,2285,0,7.734558844354756
söz,sözlerini,NOUN,NOUN,0.777721631080761,0.7643059703618319,ADJ,"NOUN: 0.78, ADJ: 0.22",True,40,0,3.713572066704308
",",",",PUNCT,PUNCT,,,,,True,2285,0,7.734558844354756
hatta,hatta,CCONJ,CCONJ,0.22138976689706663,2.5796359281558345,DET,"DET: 0.24, CCONJ: 0.22, PRON: 0.19, PROPN: 0.16, ADV: 0.09, NUM: 0.08",True,14,0,2.70805020110221
ses,seslerini,NOUN,NOUN,0.3237009019450614,1.9450836951989445,PRON,"NOUN: 0.32, PRON: 0.31, PROPN: 0.20, ADJ: 0.17",True,32,0,3.4965075614664802
bile,bile,ADV,ADV,0.0,1.3965541340455074,ADP,"ADP: 0.56, CCONJ: 0.36",True,36,0,3.6109179126442243
değiş,değiştirebilirler,VERB,VERB,1.0,0.0,,VERB: 1.00,True,26,0,3.295836866004329
",",",",PUNCT,PUNCT,,,,,True,2285,0,7.734558844354756
ama,ama,CCONJ,CCONJ,0.26313102212215905,1.8047829885976687,PRON,"PRON: 0.46, CCONJ: 0.26, ADV: 0.22",True,139,0,4.941642422609304
o,o,DET,DET,0.6447660992254824,1.4376147671166477,NUM,"DET: 0.64, NUM: 0.18, ADJ: 0.13",True,113,0,4.736198448394496
ses,seslerin,NOUN,NOUN,0.3237009019450614,1.9450836951989445,PRON,"NOUN: 0.32, PRON: 0.31, PROPN: 0.20, ADJ: 0.17",True,32,0,3.4965075614664802
iç,içinde,ADJ,ADJ,0.5266476463656918,0.9979501219428724,NOUN,"ADJ: 0.53, NOUN: 0.47",True,71,0,4.276666119016055
ki,ki,ADP,ADP,0.352272282719127,2.181690690995641,AUX,"ADP: 0.35, AUX: 0.28, CCONJ: 0.23, NUM: 0.08",True,217,0,5.384495062789089
küçücük,küçücük,ADJ,ADJ,,,,,True,2,0,1.0986122886681098
vurgula,vurgulamaları,VERB,VERB,,,,,True,5,0,1.791759469228055
değiş,değiştiremezlerdi,VERB,VERB,1.0,0.0,,VERB: 1.00,True,26,0,3.295836866004329
.,.,PUNCT,PUNCT,,,,,True,3283,0,8.096817470572319
-,-,PUNCT,PUNCT,,,,,True,74,0,4.31748811353631
neden,Neden,ADV,PRON,,,,,True,3,1,1.3862943611198906
bırak,bıraktın,VERB,VERB,1.0,0.0,,VERB: 1.00,True,32,0,3.4965075614664802
ben,beni,PRON,PRON,0.614767428544865,1.6599914502896118,ADV,"PRON: 0.61, ADV: 0.21, CCONJ: 0.08, PROPN: 0.06",True,310,0,5.739792912179234
.,.,PUNCT,PUNCT,,,,,True,3283,0,8.096817470572319
bu,Bu,PRON,PRON,0.7006788109102466,1.3923524752663319,ADV,"PRON: 0.70, ADV: 0.14, CCONJ: 0.09, NOUN: 0.05",True,171,0,5.147494476813453
",",",",PUNCT,PUNCT,,,,,True,2285,0,7.734558844354756
basit,basit,ADJ,ADJ,,,,,True,6,0,1.9459101490553132
ve,ve,CCONJ,CCONJ,0.23925769350174309,2.411623002364367,NUM,"NUM: 0.34, CCONJ: 0.24, ADJ: 0.14, DET: 0.11, PRON: 0.09, PROPN: 0.06",True,359,0,5.886104031450156
sıradan,sıradan,ADJ,ADJ,,,,,True,3,0,1.3862943611198906
bir,bir,DET,DET,0.49958184875865663,1.6482580173109218,NUM,"DET: 0.50, NUM: 0.30, ADJ: 0.15",True,616,0,6.424869023905388
soru,soru,NOUN,NOUN,0.880042004306064,0.5292401131532956,ADJ,"NOUN: 0.88, ADJ: 0.12",True,24,0,3.2188758248682006
i,ydu,AUX,AUX,0.47697018772995686,1.861138213598426,ADP,"AUX: 0.48, ADP: 0.26, CCONJ: 0.18, PROPN: 0.06",True,546,0,6.304448802421981
",",",",PUNCT,PUNCT,,,,,True,2285,0,7.734558844354756
ama,ama,CCONJ,CCONJ,0.26313102212215905,1.8047829885976687,PRON,"PRON: 0.46, CCONJ: 0.26, ADV: 0.22",True,139,0,4.941642422609304
ilişki,ilişkimizin,NOUN,NOUN,0.6341712050128674,1.193890856830851,ADJ,"NOUN: 0.63, ADJ: 0.30, VERB: 0.06",True,14,0,2.70805020110221
belki,belki,ADV,ADV,0.2976823675361869,1.9102296920048334,PRON,"PRON: 0.39, ADV: 0.30, CCONJ: 0.20, PROPN: 0.10",True,25,0,3.258096538021482
de,de,CCONJ,CCONJ,0.13783772654910434,1.6723904656042283,AUX,"AUX: 0.44, ADP: 0.38, CCONJ: 0.14",True,326,0,5.7899601708972535
bütün,bütün,ADJ,ADJ,0.1561306664363315,1.657842220698849,DET,"DET: 0.62, ADJ: 0.16, NUM: 0.10, CCONJ: 0.07, PROPN: 0.05",True,35,0,3.58351893845611
çıkmaz,çıkmazı,ADJ,ADJ,,,,,False,0,0,0.0
bu,bu,DET,DET,0.6017857940157323,1.5300103231456785,NUM,"DET: 0.60, NUM: 0.20, ADJ: 0.15",True,350,0,5.860786223465865
soru,sorunun,NOUN,NOUN,0.880042004306064,0.5292401131532956,ADJ,"NOUN: 0.88, ADJ: 0.12",True,24,0,3.2188758248682006
yanıt,yanıtında,NOUN,NOUN,,,,,True,5,0,1.791759469228055
gizli,gizli,ADV,ADV,,,,,False,0,0,0.0
i,ydi,AUX,AUX,0.47697018772995686,1.861138213598426,ADP,"AUX: 0.48, ADP: 0.26, CCONJ: 0.18, PROPN: 0.06",True,546,0,6.304448802421981
.,.,PUNCT,PUNCT,,,,,True,3283,0,8.096817470572319
bu,Bu,PRON,DET,0.7006788109102466,1.3923524752663319,ADV,"PRON: 0.70, ADV: 0.14, CCONJ: 0.09, NOUN: 0.05",True,171,1,5.147494476813453
sıradan,sıradan,ADJ,NOUN,,,,,True,3,1,1.3862943611198906
soru,sorunun,NOUN,NOUN,0.880042004306064,0.5292401131532956,ADJ,"NOUN: 0.88, ADJ: 0.12",True,24,0,3.2188758248682006
yanıt,yanıtı,NOUN,NOUN,,,,,True,5,0,1.791759469228055
da,da,CCONJ,CCONJ,0.13730810580889885,1.6721173968196932,AUX,"AUX: 0.44, ADP: 0.38, CCONJ: 0.14",True,275,0,5.62040086571715
aslında,aslında,ADV,ADV,0.16757190669466912,1.749891309250188,CCONJ,"CCONJ: 0.43, PRON: 0.35, ADV: 0.17",True,21,0,3.091042453358316
o,o,DET,DET,0.6447660992254824,1.4376147671166477,NUM,"DET: 0.64, NUM: 0.18, ADJ: 0.13",True,113,0,4.736198448394496
kadar,kadar,ADP,ADP,0.3692723596113412,1.6932259529300686,AUX,"AUX: 0.42, ADP: 0.37, CCONJ: 0.17",True,105,0,4.663439094112067
basit,basit,ADJ,ADJ,,,,,True,6,0,1.9459101490553132
ve,ve,CCONJ,CCONJ,0.23925769350174309,2.411623002364367,NUM,"NUM: 0.34, CCONJ: 0.24, ADJ: 0.14, DET: 0.11, PRON: 0.09, PROPN: 0.06",True,359,0,5.886104031450156
sıradan,sıradan,ADJ,ADJ,,,,,True,3,0,1.3862943611198906
i,dı,AUX,AUX,0.47697018772995686,1.861138213598426,ADP,"AUX: 0.48, ADP: 0.26, CCONJ: 0.18, PROPN: 0.06",True,546,0,6.304448802421981
ki,ki,CCONJ,CCONJ,0.1806152397797589,1.9747454841180783,AUX,"AUX: 0.51, CCONJ: 0.18, ADP: 0.18, ADV: 0.07",True,81,0,4.406719247264253
",",",",PUNCT,PUNCT,,,,,True,2285,0,7.734558844354756
bu,bu,DET,DET,0.6017857940157323,1.5300103231456785,NUM,"DET: 0.60, NUM: 0.20, ADJ: 0.15",True,350,0,5.860786223465865
sıradanlık,sıradanlık,NOUN,NOUN,,,,,False,0,0,0.0
yanıt,yanıtın,NOUN,NOUN,,,,,True,5,0,1.791759469228055
inandırıcılık,inandırıcılığını,NOUN,NOUN,,,,,False,0,0,0.0
yok,yok,ADV,ADJ,0.0,0.6417583248544891,VERB,"VERB: 0.84, ADJ: 0.16",True,39,1,3.6888794541139363
et,ediyordu,VERB,VERB,0.021423477839648417,2.0747581498935594,AUX,"AUX: 0.33, ADP: 0.33, CCONJ: 0.23",True,260,0,5.564520407322694
.,.,PUNCT,PUNCT,,,,,True,3283,0,8.096817470572319
sev,Sevdikçe,VERB,VERB,1.0,0.0,,VERB: 1.00,True,44,0,3.8066624897703196
",",",",PUNCT,PUNCT,,,,,True,2285,0,7.734558844354756
sev,sevdiklerinden,VERB,VERB,1.0,0.0,,VERB: 1.00,True,44,0,3.8066624897703196
daha,daha,ADV,ADV,0.16216742905437215,2.279909832774521,PRON,"PRON: 0.30, CCONJ: 0.27, PROPN: 0.19, ADV: 0.16",True,127,0,4.852030263919617
çok,çok,ADV,ADV,0.33203987735528007,1.3405495937378578,PRON,"PRON: 0.59, ADV: 0.33, ADJ: 0.05",True,97,0,4.584967478670572
kork,korkan,VERB,VERB,0.7024999203136083,0.8782135140153221,CCONJ,"VERB: 0.70, CCONJ: 0.30",True,19,0,2.995732273553991
insan,insanların,NOUN,NOUN,0.6842686317549259,0.8996789321325918,ADJ,"NOUN: 0.68, ADJ: 0.32",True,68,0,4.23410650459726
",",",",PUNCT,PUNCT,,,,,True,2285,0,7.734558844354756
başka,başkalarına,ADJ,ADJ,0.019678146206921186,1.7040643896520111,PRON,"PRON: 0.56, ADV: 0.22, PROPN: 0.14, NOUN: 0.06",True,35,0,3.58351893845611
inan,inanılmaz,VERB,VERB,1.0,0.0,,VERB: 1.00,True,23,0,3.1780538303479458
",",",",PUNCT,PUNCT,,,,,True,2285,0,7.734558844354756
tuhaf,tuhaf,NOUN,NOUN,,,,,False,0,0,0.0
ve,ve,CCONJ,CCONJ,0.23925769350174309,2.411623002364367,NUM,"NUM: 0.34, CCONJ: 0.24, ADJ: 0.14, DET: 0.11, PRON: 0.09, PROPN: 0.06",True,359,0,5.886104031450156
yabancı,yabancı,ADJ,ADJ,,,,,True,7,0,2.0794415416798357
gözük,gözüken,VERB,VERB,,,,,True,1,0,0.6931471805599453
davranış,davranışlarını,NOUN,NOUN,,,,,True,10,0,2.3978952727983707
Sevda,Sevda'ya,PROPN,PROPN,,,,,True,1,0,0.6931471805599453
anlat,anlatmam,VERB,VERB,1.0,0.0,,VERB: 1.00,True,69,0,4.248495242049359
mümkün,mümkün,ADJ,ADJ,,,,,True,5,0,1.791759469228055
değil,değildi,AUX,AUX,0.684685125302444,0.8992136021504445,VERB,"AUX: 0.68, VERB: 0.32",True,72,0,4.290459441148391
.,.,PUNCT,PUNCT,,,,,True,3283,0,8.096817470572319
bu,Bunu,PRON,PRON,0.7006788109102466,1.3923524752663319,ADV,"PRON: 0.70, ADV: 0.14, CCONJ: 0.09, NOUN: 0.05",True,171,0,5.147494476813453
ne,ne,CCONJ,PRON,,,,,True,12,1,2.5649493574615367
anla,anlar,VERB,VERB,1.0,0.0,,VERB: 1.00,True,44,0,3.8066624897703196
ne,ne,CCONJ,ADV,,,,,True,12,1,2.5649493574615367
de,de,CCONJ,CCONJ,0.13783772654910434,1.6723904656042283,AUX,"AUX: 0.44, ADP: 0.38, CCONJ: 0.14",True,326,0,5.7899601708972535
inan,inanırdı,VERB,VERB,1.0,0.0,,VERB: 1.00,True,23,0,3.1780538303479458
.,.,PUNCT,PUNCT,,,,,True,3283,0,8.096817470572319
o,Ona,PRON,PRON,0.5961784524857141,1.6538184960634559,ADV,"PRON: 0.60, ADV: 0.24, CCONJ: 0.07, PROPN: 0.05",True,264,0,5.579729825986222
",",",",PUNCT,PUNCT,,,,,True,2285,0,7.734558844354756
sen,Seni,PRON,PRON,0.5975153654339292,1.4960517331359373,ADV,"PRON: 0.60, ADV: 0.28, PROPN: 0.06",True,96,0,4.574710978503383
çok,çok,ADV,ADV,0.33203987735528007,1.3405495937378578,PRON,"PRON: 0.59, ADV: 0.33, ADJ: 0.05",True,97,0,4.584967478670572
sev,sevdiğim,VERB,VERB,1.0,0.0,,VERB: 1.00,True,44,0,3.8066624897703196
için,için,ADP,ADP,0.4371344784042817,1.7284041476856495,AUX,"ADP: 0.44, AUX: 0.27, CCONJ: 0.25",True,159,0,5.075173815233827
sen,seninle,PRON,PRON,0.5975153654339292,1.4960517331359373,ADV,"PRON: 0.60, ADV: 0.28, PROPN: 0.06",True,96,0,4.574710978503383
ol,olamazdım,VERB,VERB,1.0,0.0,,VERB: 1.00,True,603,0,6.403574197934815
",",",",PUNCT,PUNCT,,,,,True,2285,0,7.734558844354756
sen,sana,PRON,PRON,0.5975153654339292,1.4960517331359373,ADV,"PRON: 0.60, ADV: 0.28, PROPN: 0.06",True,96,0,4.574710978503383
duy,duyduğum,VERB,VERB,1.0,0.0,,VERB: 1.00,True,35,0,3.58351893845611
sevgi,sevgi,NOUN,NOUN,0.44577424110566716,1.3963139220684158,ADJ,"NOUN: 0.45, ADJ: 0.44, VERB: 0.11",True,11,0,2.4849066497880004
çok,çok,ADV,ADV,0.33203987735528007,1.3405495937378578,PRON,"PRON: 0.59, ADV: 0.33, ADJ: 0.05",True,97,0,4.584967478670572
korkut,korkuttu,VERB,VERB,,,,,True,2,0,1.0986122886681098
ben,beni,PRON,PRON,0.614767428544865,1.6599914502896118,ADV,"PRON: 0.61, ADV: 0.21, CCONJ: 0.08, PROPN: 0.06",True,310,0,5.739792912179234
",",",",PUNCT,PUNCT,,,,,True,2285,0,7.734558844354756
de,diyemezdim,VERB,VERB,0.7089626585740004,0.8700574815901702,CCONJ,"VERB: 0.71, CCONJ: 0.29",True,295,0,5.69035945432406
.,.,PUNCT,PUNCT,,,,,True,3283,0,8.096817470572319
o,O,PRON,PRON,0.5961784524857141,1.6538184960634559,ADV,"PRON: 0.60, ADV: 0.24, CCONJ: 0.07, PROPN: 0.05",True,264,0,5.579729825986222
bir,bir,DET,DET,0.49958184875865663,1.6482580173109218,NUM,"DET: 0.50, NUM: 0.30, ADJ: 0.15",True,616,0,6.424869023905388
kadın,kadın,ADJ,ADJ,0.22426573119393564,0.7678804621873997,NOUN,"NOUN: 0.78, ADJ: 0.22",True,40,0,3.713572066704308
i,dı,AUX,AUX,0.47697018772995686,1.861138213598426,ADP,"AUX: 0.48, ADP: 0.26, CCONJ: 0.18, PROPN: 0.06",True,546,0,6.304448802421981
",",",",PUNCT,PUNCT,,,,,True,2285,0,7.734558844354756
sevgi,sevgiden,NOUN,NOUN,0.44577424110566716,1.3963139220684158,ADJ,"NOUN: 0.45, ADJ: 0.44, VERB: 0.11",True,11,0,2.4849066497880004
kork,korkmaz,VERB,VERB,0.7024999203136083,0.8782135140153221,CCONJ,"VERB: 0.70, CCONJ: 0.30",True,19,0,2.995732273553991
",",",",PUNCT,PUNCT,,,,,True,2285,0,7.734558844354756
aksine,aksine,ADV,ADV,,,,,True,1,0,0.6931471805599453
sev,sevdikçe,VERB,VERB,1.0,0.0,,VERB: 1.00,True,44,0,3.8066624897703196
daha,daha,ADV,ADV,0.16216742905437215,2.279909832774521,PRON,"PRON: 0.30, CCONJ: 0.27, PROPN: 0.19, ADV: 0.16",True,127,0,4.852030263919617
cesur,cesur,ADJ,ADJ,,,,,True,1,0,0.6931471805599453
ve,ve,CCONJ,CCONJ,0.23925769350174309,2.411623002364367,NUM,"NUM: 0.34, CCONJ: 0.24, ADJ: 0.14, DET: 0.11, PRON: 0.09, PROPN: 0.06",True,359,0,5.886104031450156
atak,atak,ADJ,ADJ,,,,,True,1,0,0.6931471805599453
ol,olurdu,VERB,VERB,1.0,0.0,,VERB: 1.00,True,603,0,6.403574197934815
.,.,PUNCT,PUNCT,,,,,True,3283,0,8.096817470572319
ben,Ben,PRON,PRON,0.614767428544865,1.6599914502896118,ADV,"PRON: 0.61, ADV: 0.21, CCONJ: 0.08, PROPN: 0.06",True,310,0,5.739792912179234
i,se,AUX,AUX,0.47697018772995686,1.861138213598426,ADP,"AUX: 0.48, ADP: 0.26, CCONJ: 0.18, PROPN: 0.06",True,546,0,6.304448802421981
kork,korkuyordum,VERB,VERB,0.7024999203136083,0.8782135140153221,CCONJ,"VERB: 0.70, CCONJ: 0.30",True,19,0,2.995732273553991
.,.,PUNCT,PUNCT,,,,,True,3283,0,8.096817470572319
bir,Bir,DET,DET,0.49958184875865663,1.6482580173109218,NUM,"DET: 0.50, NUM: 0.30, ADJ: 0.15",True,616,0,6.424869023905388
kadın,kadını,ADJ,ADJ,0.22426573119393564,0.7678804621873997,NOUN,"NOUN: 0.78, ADJ: 0.22",True,40,0,3.713572066704308
daha,daha,ADV,ADV,0.16216742905437215,2.279909832774521,PRON,"PRON: 0.30, CCONJ: 0.27, PROPN: 0.19, ADV: 0.16",True,127,0,4.852030263919617
çok,çok,ADV,ADV,0.33203987735528007,1.3405495937378578,PRON,"PRON: 0.59, ADV: 0.33, ADJ: 0.05",True,97,0,4.584967478670572
sev,sevip,VERB,VERB,1.0,0.0,,VERB: 1.00,True,44,0,3.8066624897703196
daha,daha,ADV,ADV,0.16216742905437215,2.279909832774521,PRON,"PRON: 0.30, CCONJ: 0.27, PROPN: 0.19, ADV: 0.16",True,127,0,4.852030263919617
çok,çok,ADV,ADV,0.33203987735528007,1.3405495937378578,PRON,"PRON: 0.59, ADV: 0.33, ADJ: 0.05",True,97,0,4.584967478670572
bağla,bağlandıkça,VERB,VERB,1.0,0.0,,VERB: 1.00,True,12,0,2.5649493574615367
",",",",PUNCT,PUNCT,,,,,True,2285,0,7.734558844354756
bir,bir,DET,DET,0.49958184875865663,1.6482580173109218,NUM,"DET: 0.50, NUM: 0.30, ADJ: 0.15",True,616,0,6.424869023905388
gün,gün,NOUN,NOUN,0.7766440096348868,0.7662482696838814,ADJ,"NOUN: 0.78, ADJ: 0.22",True,91,0,4.5217885770490405
o,onu,PRON,PRON,0.5961784524857141,1.6538184960634559,ADV,"PRON: 0.60, ADV: 0.24, CCONJ: 0.07, PROPN: 0.05",True,264,0,5.579729825986222
kaybet,kaybedip,VERB,VERB,,,,,True,7,0,2.0794415416798357
yapayalnız,yapayalnız,ADJ,ADJ,,,,,True,1,0,0.6931471805599453
",",",",PUNCT,PUNCT,,,,,True,2285,0,7.734558844354756
acı,acılarla,ADJ,ADJ,0.3103537033349995,0.8935813262787496,NOUN,"NOUN: 0.69, ADJ: 0.31",True,15,0,2.772588722239781
kal,kalma,VERB,VERB,1.0,0.0,,VERB: 1.00,True,77,0,4.356708826689592
korku,korkusu,NOUN,NOUN,0.7747892094697927,0.7695687527417757,ADJ,"NOUN: 0.77, ADJ: 0.23",True,20,0,3.044522437723423
büyü,büyüyordu,VERB,VERB,0.3165899743190083,0.9006345605471494,AUX,"AUX: 0.68, VERB: 0.32",True,12,0,2.5649493574615367
ve,ve,CCONJ,CCONJ,0.23925769350174309,2.411623002364367,NUM,"NUM: 0.34, CCONJ: 0.24, ADJ: 0.14, DET: 0.11, PRON: 0.09, PROPN: 0.06",True,359,0,5.886104031450156
gittikçe,gittikçe,ADV,ADV,,,,,True,2,0,1.0986122886681098
art,artan,VERB,VERB,,,,,True,7,0,2.0794415416798357
bir,bir,DET,DET,0.49958184875865663,1.6482580173109218,NUM,"DET: 0.50, NUM: 0.30, ADJ: 0.15",True,616,0,6.424869023905388
hız,hızla,NOUN,NOUN,,,,,True,4,0,1.6094379124341003
kıskançlık,kıskançlık,NOUN,NOUN,,,,,True,1,0,0.6931471805599453
uçurum,uçurumundan,NOUN,NOUN,,,,,False,0,0,0.0
aşağı,aşağıya,ADJ,ADJ,,,,,True,6,0,1.9459101490553132
yuvarla,yuvarlanıyordum,VERB,VERB,,,,,False,0,0,0.0
.,.,PUNCT,PUNCT,,,,,True,3283,0,8.096817470572319
daha,Daha,ADV,ADV,0.16216742905437215,2.279909832774521,PRON,"PRON: 0.30, CCONJ: 0.27, PROPN: 0.19, ADV: 0.16",True,127,0,4.852030263919617
da,da,CCONJ,CCONJ,0.13730810580889885,1.6721173968196932,AUX,"AUX: 0.44, ADP: 0.38, CCONJ: 0.14",True,275,0,5.62040086571715
kötü,kötüsü,ADJ,ADJ,,,,,True,9,0,2.302585092994046
",",",",PUNCT,PUNCT,,,,,True,2285,0,7.734558844354756
bu,bu,DET,DET,0.6017857940157323,1.5300103231456785,NUM,"DET: 0.60, NUM: 0.20, ADJ: 0.15",True,350,0,5.860786223465865
gerçek,gerçeği,ADJ,ADJ,0.4623612727439735,0.9959084741375528,NOUN,"NOUN: 0.54, ADJ: 0.46",True,27,0,3.332204510175204
bil,bilmeme,VERB,VERB,0.6930942464089043,1.0036086273143747,CCONJ,"VERB: 0.69, CCONJ: 0.28",True,101,0,4.624972813284271
rağmen,rağmen,ADP,ADP,,,,,True,7,0,2.0794415416798357
",",",",PUNCT,PUNCT,,,,,True,2285,0,7.734558844354756
her,her,DET,DET,0.5393270671644539,1.4044282159240997,NUM,"DET: 0.54, NUM: 0.36, ADJ: 0.09",True,91,0,4.5217885770490405
sefer,seferinde,NOUN,NOUN,0.7797630355647779,0.7605999570704445,ADJ,"NOUN: 0.78, ADJ: 0.22",True,13,0,2.6390573296152584
el,elimde,NOUN,NOUN,0.685323078074829,0.8984985975836332,ADJ,"NOUN: 0.69, ADJ: 0.31",True,81,0,4.406719247264253
ol,olmadan,VERB,VERB,1.0,0.0,,VERB: 1.00,True,603,0,6.403574197934815
hep,hep,ADV,ADV,0.17309001779684272,1.7271777054178834,PRON,"PRON: 0.51, CCONJ: 0.25, ADV: 0.17",True,25,0,3.258096538021482
aynı,aynı,ADJ,ADJ,0.11957005345771128,1.4044471997085064,DET,"DET: 0.58, NUM: 0.29, ADJ: 0.12",True,44,0,3.8066624897703196
şey,şeyi,NOUN,NOUN,0.7797490937613291,0.7606253858126094,ADJ,"NOUN: 0.78, ADJ: 0.22",True,102,0,4.634728988229636
yap,yapıyordum,VERB,VERB,1.0,0.0,,VERB: 1.00,True,209,0,5.3471075307174685
",",",",PUNCT,PUNCT,,,,,True,2285,0,7.734558844354756
bu,bunun,PRON,PRON,0.7006788109102466,1.3923524752663319,ADV,"PRON: 0.70, ADV: 0.14, CCONJ: 0.09, NOUN: 0.05",True,171,0,5.147494476813453
ön,önüne,ADJ,ADJ,0.45739573711896436,1.2559973268911384,NOUN,"NOUN: 0.49, ADJ: 0.46, VERB: 0.06",True,36,0,3.6109179126442243
geç,geçemiyordum,VERB,VERB,1.0,0.0,,VERB: 1.00,True,62,0,4.143134726391533
.,.,PUNCT,PUNCT,,,,,True,3283,0,8.096817470572319
tedavi,Tedavisi,NOUN,NOUN,,,,,True,2,0,1.0986122886681098
ol,olmayan,VERB,VERB,1.0,0.0,,VERB: 1.00,True,603,0,6.403574197934815
bir,bir,NUM,DET,0.3916735022215744,1.8552050660223744,DET,"DET: 0.40, NUM: 0.39, ADJ: 0.09, PROPN: 0.06, NOUN: 0.06",True,170,1,5.14166355650266
tür,tür,NOUN,NOUN,0.8808431674424343,0.5269323403232811,ADJ,"NOUN: 0.88, ADJ: 0.12",True,11,0,2.4849066497880004
hastalık,hastalık,NOUN,NOUN,,,,,True,7,0,2.0794415416798357
gibi,gibi,ADP,ADP,0.36045769630430313,1.8400611893764562,AUX,"ADP: 0.36, AUX: 0.30, CCONJ: 0.28",True,145,0,4.983606621708336
i,ydi,AUX,AUX,0.47697018772995686,1.861138213598426,ADP,"AUX: 0.48, ADP: 0.26, CCONJ: 0.18, PROPN: 0.06",True,546,0,6.304448802421981
bu,bu,DET,DET,0.6017857940157323,1.5300103231456785,NUM,"DET: 0.60, NUM: 0.20, ADJ: 0.15",True,350,0,5.860786223465865
korku,korku,NOUN,NOUN,0.7747892094697927,0.7695687527417757,ADJ,"NOUN: 0.77, ADJ: 0.23",True,20,0,3.044522437723423
.,.,PUNCT,PUNCT,,,,,True,3283,0,8.096817470572319
bu,Bunları,PRON,PRON,0.7006788109102466,1.3923524752663319,ADV,"PRON: 0.70, ADV: 0.14, CCONJ: 0.09, NOUN: 0.05",True,171,0,5.147494476813453
Sevda,Sevda'ya,PROPN,PROPN,,,,,True,1,0,0.6931471805599453
anlat,anlatamayacağım,VERB,VERB,1.0,0.0,,VERB: 1.00,True,69,0,4.248495242049359
için,için,ADP,ADP,0.4371344784042817,1.7284041476856495,AUX,"ADP: 0.44, AUX: 0.27, CCONJ: 0.25",True,159,0,5.075173815233827
",",",",PUNCT,PUNCT,,,,,True,2285,0,7.734558844354756
o,onun,PRON,PRON,0.5961784524857141,1.6538184960634559,ADV,"PRON: 0.60, ADV: 0.24, CCONJ: 0.07, PROPN: 0.05",True,264,0,5.579729825986222
soru,sorusunu,NOUN,NOUN,0.880042004306064,0.5292401131532956,ADJ,"NOUN: 0.88, ADJ: 0.12",True,24,0,3.2188758248682006
duy,duyar,VERB,VERB,1.0,0.0,,VERB: 1.00,True,35,0,3.58351893845611
duy,duymaz,VERB,VERB,1.0,0.0,,VERB: 1.00,True,35,0,3.58351893845611
",",",",PUNCT,PUNCT,,,,,True,2285,0,7.734558844354756
yüz,yüzüme,NOUN,NOUN,0.4177442495739065,0.9803883989493742,ADJ,"ADJ: 0.58, NOUN: 0.42",True,30,0,3.4339872044851463
gel,gelen,VERB,VERB,1.0,0.0,,VERB: 1.00,True,166,0,5.117993812416755
bir,bir,DET,DET,0.49958184875865663,1.6482580173109218,NUM,"DET: 0.50, NUM: 0.30, ADJ: 0.15",True,616,0,6.424869023905388
yumruk,yumruğa,ADJ,ADJ,,,,,True,2,0,1.0986122886681098
karşı,karşı,ADV,ADP,,,,,True,3,1,1.3862943611198906
kol,kolumu,NOUN,NOUN,0.23456548889104384,1.9729883115525322,ADJ,"ADJ: 0.30, PRON: 0.28, NOUN: 0.23, PROPN: 0.18",True,13,0,2.6390573296152584
kal,kaldırır,VERB,VERB,1.0,0.0,,VERB: 1.00,True,77,0,4.356708826689592
gibi,gibi,ADP,ADP,0.36045769630430313,1.8400611893764562,AUX,"ADP: 0.36, AUX: 0.30, CCONJ: 0.28",True,145,0,4.983606621708336
içgüdüsel,içgüdüsel,ADJ,ADJ,,,,,False,0,0,0.0
bir,bir,DET,DET,0.49958184875865663,1.6482580173109218,NUM,"DET: 0.50, NUM: 0.30, ADJ: 0.15",True,616,0,6.424869023905388
tepki,tepkiyle,NOUN,NOUN,,,,,True,9,0,2.302585092994046
",",",",PUNCT,PUNCT,,,,,True,2285,0,7.734558844354756
hiç,hiç,ADV,ADV,0.14829755248371262,1.3987334442647599,PRON,"PRON: 0.70, ADV: 0.15, PROPN: 0.06",True,45,0,3.828641396489095
düşün,düşünmeden,VERB,VERB,0.7113540833748332,0.8669656577665865,CCONJ,"VERB: 0.71, CCONJ: 0.29",True,61,0,4.127134385045092
karşılık,karşılık,NOUN,NOUN,,,,,True,8,0,2.1972245773362196
ver,verdim,VERB,VERB,1.0,0.0,,VERB: 1.00,True,138,0,4.9344739331306915
.,.,PUNCT,PUNCT,,,,,True,3283,0,8.096817470572319
bu,Bu,DET,DET,0.6017857940157323,1.5300103231456785,NUM,"DET: 0.60, NUM: 0.20, ADJ: 0.15",True,350,0,5.860786223465865
yanıt,yanıtın,NOUN,NOUN,,,,,True,5,0,1.791759469228055
düşün,düşündüklerimle,VERB,VERB,0.7113540833748332,0.8669656577665865,CCONJ,"VERB: 0.71, CCONJ: 0.29",True,61,0,4.127134385045092
hiç,hiç,ADV,ADV,0.14829755248371262,1.3987334442647599,PRON,"PRON: 0.70, ADV: 0.15, PROPN: 0.06",True,45,0,3.828641396489095
ilgi,ilgisi,NOUN,NOUN,,,,,True,8,0,2.1972245773362196
yok,yok,ADV,ADV,0.0,0.6417583248544891,VERB,"VERB: 0.84, ADJ: 0.16",True,39,0,3.6888794541139363
i,tu,AUX,AUX,0.47697018772995686,1.861138213598426,ADP,"AUX: 0.48, ADP: 0.26, CCONJ: 0.18, PROPN: 0.06",True,546,0,6.304448802421981
",",",",PUNCT,PUNCT,,,,,True,2285,0,7.734558844354756
ama,ama,CCONJ,CCONJ,0.26313102212215905,1.8047829885976687,PRON,"PRON: 0.46, CCONJ: 0.26, ADV: 0.22",True,139,0,4.941642422609304
o,onunla,PRON,PRON,0.5961784524857141,1.6538184960634559,ADV,"PRON: 0.60, ADV: 0.24, CCONJ: 0.07, PROPN: 0.05",True,264,0,5.579729825986222
korku,korkularımı,NOUN,NOUN,0.7747892094697927,0.7695687527417757,ADJ,"NOUN: 0.77, ADJ: 0.23",True,20,0,3.044522437723423
tartış,tartışacak,VERB,VERB,1.0,0.0,,VERB: 1.00,True,21,0,3.091042453358316
bir,bir,DET,DET,0.49958184875865663,1.6482580173109218,NUM,"DET: 0.50, NUM: 0.30, ADJ: 0.15",True,616,0,6.424869023905388
cesaret,cesaretim,NOUN,NOUN,,,,,False,0,0,0.0
ol,olsa,VERB,VERB,1.0,0.0,,VERB: 1.00,True,603,0,6.403574197934815
zaten,zaten,ADV,ADV,0.2332201987875194,1.8728521032390881,PRON,"PRON: 0.41, CCONJ: 0.29, ADV: 0.23, PROPN: 0.05",True,17,0,2.8903717578961645
hayat,hayatım,NOUN,NOUN,0.23617296238770852,1.163013823457567,PRON,"PRON: 0.68, NOUN: 0.24, ADJ: 0.08",True,32,0,3.4965075614664802
başka,başka,ADJ,ADJ,0.019678146206921186,1.7040643896520111,PRON,"PRON: 0.56, ADV: 0.22, PROPN: 0.14, NOUN: 0.06",True,35,0,3.58351893845611
türlü,türlü,ADJ,ADJ,,,,,True,9,0,2.302585092994046
ol,olurdu,VERB,VERB,1.0,0.0,,VERB: 1.00,True,603,0,6.403574197934815
.,.,PUNCT,PUNCT,,,,,True,3283,0,8.096817470572319
-,-,PUNCT,PUNCT,,,,,True,74,0,4.31748811353631
sen,Senin,PRON,PRON,0.5975153654339292,1.4960517331359373,ADV,"PRON: 0.60, ADV: 0.28, PROPN: 0.06",True,96,0,4.574710978503383
yüz,yüzünden,NOUN,NOUN,0.4177442495739065,0.9803883989493742,ADJ,"ADJ: 0.58, NOUN: 0.42",True,30,0,3.4339872044851463
",",",",PUNCT,PUNCT,,,,,True,2285,0,7.734558844354756
de,dedi,VERB,VERB,0.7089626585740004,0.8700574815901702,CCONJ,"VERB: 0.71, CCONJ: 0.29",True,295,0,5.69035945432406
.,.,PUNCT,PUNCT,,,,,True,3283,0,8.096817470572319
iç,İçimi,ADJ,ADJ,0.5266476463656918,0.9979501219428724,NOUN,"ADJ: 0.53, NOUN: 0.47",True,71,0,4.276666119016055
çek,çektim,VERB,VERB,0.5799102140104834,1.4728643172157725,CCONJ,"VERB: 0.58, CCONJ: 0.26, ADV: 0.14",True,40,0,3.713572066704308
",",",",PUNCT,PUNCT,,,,,True,2285,0,7.734558844354756
ses,sesim,NOUN,NOUN,0.3237009019450614,1.9450836951989445,PRON,"NOUN: 0.32, PRON: 0.31, PROPN: 0.20, ADJ: 0.17",True,32,0,3.4965075614664802
tahmin,tahminimden,NOUN,NOUN,,,,,True,4,0,1.6094379124341003
daha,daha,ADV,ADV,0.16216742905437215,2.279909832774521,PRON,"PRON: 0.30, CCONJ: 0.27, PROPN: 0.19, ADV: 0.16",True,127,0,4.852030263919617
dertli,dertli,ADJ,ADJ,,,,,False,0,0,0.0
çık,çıktı,VERB,VERB,1.0,0.0,,VERB: 1.00,True,80,0,4.394449154672439
.,.,PUNCT,PUNCT,,,,,True,3283,0,8.096817470572319
-,-,PUNCT,PUNCT,,,,,True,74,0,4.31748811353631
ben,Ben,PRON,PRON,0.614767428544865,1.6599914502896118,ADV,"PRON: 0.61, ADV: 0.21, CCONJ: 0.08, PROPN: 0.06",True,310,0,5.739792912179234
bir,bir,NUM,NUM,0.3916735022215744,1.8552050660223744,DET,"DET: 0.40, NUM: 0.39, ADJ: 0.09, PROPN: 0.06, NOUN: 0.06",True,170,0,5.14166355650266
şey,şey,NOUN,NOUN,0.7797490937613291,0.7606253858126094,ADJ,"NOUN: 0.78, ADJ: 0.22",True,102,0,4.634728988229636
yap,yapmadım,VERB,VERB,1.0,0.0,,VERB: 1.00,True,209,0,5.3471075307174685
.,.,PUNCT,PUNCT,,,,,True,3283,0,8.096817470572319
ağla,Ağlamaya,VERB,VERB,,,,,True,9,0,2.302585092994046
başla,başladı,VERB,VERB,0.7003594242233127,0.880851097931121,CCONJ,"VERB: 0.70, CCONJ: 0.30",True,83,0,4.430816798843313
",",",",PUNCT,PUNCT,,,,,True,2285,0,7.734558844354756
gözyaşı,gözyaşları,NOUN,NOUN,,,,,True,2,0,1.0986122886681098
da,da,CCONJ,CCONJ,0.13730810580889885,1.6721173968196932,AUX,"AUX: 0.44, ADP: 0.38, CCONJ: 0.14",True,275,0,5.62040086571715
göz,gözleri,NOUN,NOUN,0.48581680668839844,1.5108829755725355,PROPN,"NOUN: 0.49, PROPN: 0.28, ADJ: 0.24",True,49,0,3.912023005428146
gibi,gibi,ADP,ADP,0.36045769630430313,1.8400611893764562,AUX,"ADP: 0.36, AUX: 0.30, CCONJ: 0.28",True,145,0,4.983606621708336
iri,iri,ADJ,ADJ,,,,,True,3,0,1.3862943611198906
i,ydi,AUX,AUX,0.47697018772995686,1.861138213598426,ADP,"AUX: 0.48, ADP: 0.26, CCONJ: 0.18, PROPN: 0.06",True,546,0,6.304448802421981
.,.,PUNCT,PUNCT,,,,,True,3283,0,8.096817470572319
-,-,PUNCT,PUNCT,,,,,True,74,0,4.31748811353631
sen,Sen,PRON,PRON,0.5975153654339292,1.4960517331359373,ADV,"PRON: 0.60, ADV: 0.28, PROPN: 0.06",True,96,0,4.574710978503383
yap,yaptın,VERB,VERB,1.0,0.0,,VERB: 1.00,True,209,0,5.3471075307174685
",",",",PUNCT,PUNCT,,,,,True,2285,0,7.734558844354756
ben,beni,PRON,PRON,0.614767428544865,1.6599914502896118,ADV,"PRON: 0.61, ADV: 0.21, CCONJ: 0.08, PROPN: 0.06",True,310,0,5.739792912179234
yalnız,yalnız,ADV,ADV,,,,,True,8,0,2.1972245773362196
bırak,bıraktın,VERB,VERB,1.0,0.0,,VERB: 1.00,True,32,0,3.4965075614664802
",",",",PUNCT,PUNCT,,,,,True,2285,0,7.734558844354756
hep,hep,ADV,ADV,0.17309001779684272,1.7271777054178834,PRON,"PRON: 0.51, CCONJ: 0.25, ADV: 0.17",True,25,0,3.258096538021482
başka,başkaları,ADJ,ADJ,0.019678146206921186,1.7040643896520111,PRON,"PRON: 0.56, ADV: 0.22, PROPN: 0.14, NOUN: 0.06",True,35,0,3.58351893845611
ol,oldu,VERB,VERB,1.0,0.0,,VERB: 1.00,True,603,0,6.403574197934815
hayat,hayatımızda,NOUN,NOUN,0.23617296238770852,1.163013823457567,PRON,"PRON: 0.68, NOUN: 0.24, ADJ: 0.08",True,32,0,3.4965075614664802
.,.,PUNCT,PUNCT,,,,,True,3283,0,8.096817470572319
-,-,PUNCT,PUNCT,,,,,True,74,0,4.31748811353631
yeniden,Yeniden,ADV,ADV,0.21097570581915642,1.7793365705047433,PRON,"PRON: 0.55, ADV: 0.21, PROPN: 0.14, ADJ: 0.06",True,17,0,2.8903717578961645
dene,deneyebilir,VERB,VERB,,,,,True,5,0,1.791759469228055
i,iz,AUX,AUX,0.47697018772995686,1.861138213598426,ADP,"AUX: 0.48, ADP: 0.26, CCONJ: 0.18, PROPN: 0.06",True,546,0,6.304448802421981
",",",",PUNCT,PUNCT,,,,,True,2285,0,7.734558844354756
de,dedim,VERB,VERB,0.7089626585740004,0.8700574815901702,CCONJ,"VERB: 0.71, CCONJ: 0.29",True,295,0,5.69035945432406
.,.,PUNCT,PUNCT,,,,,True,3283,0,8.096817470572319
-,-,PUNCT,PUNCT,,,,,True,74,0,4.31748811353631
artık,Artık,ADV,ADV,0.0895164476303238,2.0263396610671656,PRON,"PRON: 0.47, CCONJ: 0.25, PROPN: 0.12, ADV: 0.09",True,30,0,3.4339872044851463
ol,olmaz,VERB,VERB,1.0,0.0,,VERB: 1.00,True,603,0,6.403574197934815
",",",",PUNCT,PUNCT,,,,,True,2285,0,7.734558844354756
o,onu,PRON,PRON,0.5961784524857141,1.6538184960634559,ADV,"PRON: 0.60, ADV: 0.24, CCONJ: 0.07, PROPN: 0.05",True,264,0,5.579729825986222
kır,kıramam,VERB,VERB,,,,,True,5,0,1.791759469228055
.,.,PUNCT,PUNCT,,,,,True,3283,0,8.096817470572319
yüz,Yüzüne,NOUN,NOUN,0.4177442495739065,0.9803883989493742,ADJ,"ADJ: 0.58, NOUN: 0.42",True,30,0,3.4339872044851463
bak,baktım,VERB,VERB,1.0,0.0,,VERB: 1.00,True,85,0,4.454347296253507
",",",",PUNCT,PUNCT,,,,,True,2285,0,7.734558844354756
gör,gördüğüm,VERB,VERB,1.0,0.0,,VERB: 1.00,True,81,0,4.406719247264253
en,en,ADV,ADV,0.22782607963906426,2.317896341903966,CCONJ,"CCONJ: 0.30, ADV: 0.23, PROPN: 0.21, ADJ: 0.14, PRON: 0.11",True,92,0,4.532599493153256
güzel,güzel,ADJ,ADJ,0.7615705877435232,0.7924186769244242,NOUN,"ADJ: 0.76, NOUN: 0.24",True,31,0,3.4657359027997265
kadın,kadın,ADJ,ADJ,0.22426573119393564,0.7678804621873997,NOUN,"NOUN: 0.78, ADJ: 0.22",True,40,0,3.713572066704308
i,dı,AUX,AUX,0.47697018772995686,1.861138213598426,ADP,"AUX: 0.48, ADP: 0.26, CCONJ: 0.18, PROPN: 0.06",True,546,0,6.304448802421981
",",",",PUNCT,PUNCT,,,,,True,2285,0,7.734558844354756
iç,içinde,ADJ,ADJ,0.5266476463656918,0.9979501219428724,NOUN,"ADJ: 0.53, NOUN: 0.47",True,71,0,4.276666119016055
altın,altın,ADJ,ADJ,,,,,True,4,0,1.6094379124341003
benek,benekler,NOUN,NOUN,,,,,False,0,0,0.0
ol,olan,VERB,VERB,1.0,0.0,,VERB: 1.00,True,603,0,6.403574197934815
bir,bir,DET,DET,0.49958184875865663,1.6482580173109218,NUM,"DET: 0.50, NUM: 0.30, ADJ: 0.15",True,616,0,6.424869023905388
eş,eşine,ADJ,ADJ,0.05098164604818021,1.7871875435591587,PROPN,"PROPN: 0.36, NOUN: 0.31, PRON: 0.28, ADJ: 0.05",True,19,0,2.995732273553991
bir,bir,NUM,ADV,0.3916735022215744,1.8552050660223744,DET,"DET: 0.40, NUM: 0.39, ADJ: 0.09, PROPN: 0.06, NOUN: 0.06",True,170,1,5.14166355650266
daha,daha,ADV,ADV,0.16216742905437215,2.279909832774521,PRON,"PRON: 0.30, CCONJ: 0.27, PROPN: 0.19, ADV: 0.16",True,127,0,4.852030263919617
hiç,hiç,ADV,ADV,0.14829755248371262,1.3987334442647599,PRON,"PRON: 0.70, ADV: 0.15, PROPN: 0.06",True,45,0,3.828641396489095
rastla,rastlamadığım,VERB,VERB,,,,,True,4,0,1.6094379124341003
çok,çok,ADV,ADJ,0.33203987735528007,1.3405495937378578,PRON,"PRON: 0.59, ADV: 0.33, ADJ: 0.05",True,97,1,4.584967478670572
iri,iri,ADJ,ADJ,,,,,True,3,0,1.3862943611198906
yeşil,yeşil,ADJ,ADJ,,,,,True,9,0,2.302585092994046
göz,gözleri,NOUN,NOUN,0.48581680668839844,1.5108829755725355,PROPN,"NOUN: 0.49, PROPN: 0.28, ADJ: 0.24",True,49,0,3.912023005428146
var,var,ADJ,ADJ,0.06842400166907717,1.0397429867758838,VERB,"VERB: 0.74, ADV: 0.19, ADJ: 0.07",True,87,0,4.477336814478207
i,dı,AUX,AUX,0.47697018772995686,1.861138213598426,ADP,"AUX: 0.48, ADP: 0.26, CCONJ: 0.18, PROPN: 0.06",True,546,0,6.304448802421981
.,.,PUNCT,PUNCT,,,,,True,3283,0,8.096817470572319
o,O,PRON,PRON,0.5961784524857141,1.6538184960634559,ADV,"PRON: 0.60, ADV: 0.24, CCONJ: 0.07, PROPN: 0.05",True,264,0,5.579729825986222
da,da,CCONJ,CCONJ,0.13730810580889885,1.6721173968196932,AUX,"AUX: 0.44, ADP: 0.38, CCONJ: 0.14",True,275,0,5.62040086571715
herkes,herkese,NOUN,NOUN,0.021457731122855418,1.6956728993253833,PRON,"PRON: 0.56, ADV: 0.23, CCONJ: 0.14, PROPN: 0.05",True,27,0,3.332204510175204
gülümse,gülümser,VERB,VERB,,,,,True,2,0,1.0986122886681098
",",",",PUNCT,PUNCT,,,,,True,2285,0,7.734558844354756
şakalaş,şakalaşır,VERB,VERB,,,,,True,1,0,0.6931471805599453
",",",",PUNCT,PUNCT,,,,,True,2285,0,7.734558844354756
saç,saçlarına,NOUN,NOUN,0.21845761954504656,2.041878288407362,PRON,"PRON: 0.45, NOUN: 0.22, PROPN: 0.14, ADV: 0.11, ADJ: 0.08",True,14,0,2.70805020110221
kurdele,kurdele,NOUN,NOUN,,,,,False,0,0,0.0
tak,takılmış,VERB,VERB,,,,,True,6,0,1.9459101490553132
küçük,küçük,ADJ,ADJ,0.1447489167000414,2.0397905976212307,DET,"DET: 0.47, NUM: 0.23, ADJ: 0.14, CCONJ: 0.08, PROPN: 0.06",True,24,0,3.2188758248682006
bir,bir,DET,DET,0.49958184875865663,1.6482580173109218,NUM,"DET: 0.50, NUM: 0.30, ADJ: 0.15",True,616,0,6.424869023905388
kız,kız,ADJ,ADJ,0.08697606722257128,1.2687323826082555,NOUN,"NOUN: 0.60, PROPN: 0.31, ADJ: 0.09",True,72,0,4.290459441148391
gibi,gibi,ADP,ADP,0.36045769630430313,1.8400611893764562,AUX,"ADP: 0.36, AUX: 0.30, CCONJ: 0.28",True,145,0,4.983606621708336
davran,davranırdı,VERB,VERB,,,,,True,5,0,1.791759469228055
.,.,PUNCT,PUNCT,,,,,True,3283,0,8.096817470572319
o,Onun,PRON,PRON,0.5961784524857141,1.6538184960634559,ADV,"PRON: 0.60, ADV: 0.24, CCONJ: 0.07, PROPN: 0.05",True,264,0,5.579729825986222
bir,bir,DET,DET,0.49958184875865663,1.6482580173109218,NUM,"DET: 0.50, NUM: 0.30, ADJ: 0.15",True,616,0,6.424869023905388
çocuk,çocuk,NOUN,NOUN,0.41886901196129345,1.5243676922345937,PRON,"NOUN: 0.42, PRON: 0.38, ADJ: 0.20",True,59,0,4.0943445622221
ol,olmadığını,VERB,VERB,1.0,0.0,,VERB: 1.00,True,603,0,6.403574197934815
",",",",PUNCT,PUNCT,,,,,True,2285,0,7.734558844354756
takın,takındığı,VERB,VERB,,,,,True,1,0,0.6931471805599453
çocuksu,çocuksu,ADJ,ADJ,,,,,False,0,0,0.0
tavır,tavırların,NOUN,NOUN,,,,,True,5,0,1.791759469228055
aslında,aslında,ADV,ADV,0.16757190669466912,1.749891309250188,CCONJ,"CCONJ: 0.43, PRON: 0.35, ADV: 0.17",True,21,0,3.091042453358316
bir,bir,DET,DET,0.49958184875865663,1.6482580173109218,NUM,"DET: 0.50, NUM: 0.30, ADJ: 0.15",True,616,0,6.424869023905388
maske,maske,NOUN,NOUN,,,,,True,2,0,1.0986122886681098
ol,olduğunu,VERB,VERB,1.0,0.0,,VERB: 1.00,True,603,0,6.403574197934815
bir,bir,DET,DET,0.49958184875865663,1.6482580173109218,NUM,"DET: 0.50, NUM: 0.30, ADJ: 0.15",True,616,0,6.424869023905388
tek,tek,ADJ,ADJ,0.08443640996211106,1.3149620958284147,DET,"DET: 0.53, NUM: 0.38, ADJ: 0.08",True,31,0,3.4657359027997265
ben,ben,PRON,PRON,0.614767428544865,1.6599914502896118,ADV,"PRON: 0.61, ADV: 0.21, CCONJ: 0.08, PROPN: 0.06",True,310,0,5.739792912179234
bil,biliyordum,VERB,VERB,0.6930942464089043,1.0036086273143747,CCONJ,"VERB: 0.69, CCONJ: 0.28",True,101,0,4.624972813284271
.,.,PUNCT,PUNCT,,,,,True,3283,0,8.096817470572319
bir,Bir,DET,DET,0.49958184875865663,1.6482580173109218,NUM,"DET: 0.50, NUM: 0.30, ADJ: 0.15",True,616,0,6.424869023905388
kadın,kadınla,ADJ,ADJ,0.22426573119393564,0.7678804621873997,NOUN,"NOUN: 0.78, ADJ: 0.22",True,40,0,3.713572066704308
bir,bir,DET,DET,0.49958184875865663,1.6482580173109218,NUM,"DET: 0.50, NUM: 0.30, ADJ: 0.15",True,616,0,6.424869023905388
erkek,erkeğin,ADJ,ADJ,0.2550214721482965,1.9837572266938677,DET,"DET: 0.30, ADJ: 0.26, PRON: 0.24, NOUN: 0.20",True,24,0,3.2188758248682006
oyna,oynayabileceği,VERB,VERB,1.0,0.0,,VERB: 1.00,True,15,0,2.772588722239781
bütün,bütün,ADJ,ADJ,0.1561306664363315,1.657842220698849,DET,"DET: 0.62, ADJ: 0.16, NUM: 0.10, CCONJ: 0.07, PROPN: 0.05",True,35,0,3.58351893845611
oyun,oyunları,NOUN,NOUN,,,,,True,7,0,2.0794415416798357
oyna,oynamış,VERB,VERB,1.0,0.0,,VERB: 1.00,True,15,0,2.772588722239781
",",",",PUNCT,PUNCT,,,,,True,2285,0,7.734558844354756
kadınlık,kadınlığı,NOUN,NOUN,,,,,True,1,0,0.6931471805599453
da,da,CCONJ,CCONJ,0.13730810580889885,1.6721173968196932,AUX,"AUX: 0.44, ADP: 0.38, CCONJ: 0.14",True,275,0,5.62040086571715
erkeklik,erkekliği,NOUN,NOUN,,,,,False,0,0,0.0
de,de,CCONJ,CCONJ,0.13783772654910434,1.6723904656042283,AUX,"AUX: 0.44, ADP: 0.38, CCONJ: 0.14",True,326,0,5.7899601708972535
son,sonuna,ADJ,ADJ,0.1777361734882735,2.377263529052741,DET,"DET: 0.32, CCONJ: 0.22, ADJ: 0.18, NUM: 0.16, PROPN: 0.08, NOUN: 0.05",True,59,0,4.0943445622221
kadar,kadar,ADP,ADP,0.3692723596113412,1.6932259529300686,AUX,"AUX: 0.42, ADP: 0.37, CCONJ: 0.17",True,105,0,4.663439094112067
yaşa,yaşamıştık,VERB,VERB,1.0,0.0,,VERB: 1.00,True,55,0,4.02535169073515
.,.,PUNCT,PUNCT,,,,,True,3283,0,8.096817470572319
o,Onun,PRON,PRON,0.5961784524857141,1.6538184960634559,ADV,"PRON: 0.60, ADV: 0.24, CCONJ: 0.07, PROPN: 0.05",True,264,0,5.579729825986222
güzellik,güzelliğine,NOUN,NOUN,,,,,True,4,0,1.6094379124341003
duy,duyduğum,VERB,VERB,1.0,0.0,,VERB: 1.00,True,35,0,3.58351893845611
hayranlık,hayranlıkla,NOUN,NOUN,,,,,True,1,0,0.6931471805599453
başla,başlayan,VERB,VERB,0.7003594242233127,0.880851097931121,CCONJ,"VERB: 0.70, CCONJ: 0.30",True,83,0,4.430816798843313
ilişki,ilişki,NOUN,NOUN,0.6341712050128674,1.193890856830851,ADJ,"NOUN: 0.63, ADJ: 0.30, VERB: 0.06",True,14,0,2.70805020110221
daha,daha,ADV,ADV,0.16216742905437215,2.279909832774521,PRON,"PRON: 0.30, CCONJ: 0.27, PROPN: 0.19, ADV: 0.16",True,127,0,4.852030263919617
sonra,sonra,ADV,ADV,0.30381655368036,1.5872488856701816,PRON,"PRON: 0.54, ADV: 0.30, PROPN: 0.11",True,39,0,3.6888794541139363
kesin,kesin,ADJ,ADJ,,,,,True,3,0,1.3862943611198906
bir,bir,DET,DET,0.49958184875865663,1.6482580173109218,NUM,"DET: 0.50, NUM: 0.30, ADJ: 0.15",True,616,0,6.424869023905388
cinsel,cinsel,ADJ,ADJ,,,,,True,1,0,0.6931471805599453
bağımlılık,bağımlılığa,NOUN,NOUN,,,,,True,3,0,1.3862943611198906
dönüş,dönüşmüş,VERB,VERB,1.0,0.0,,VERB: 1.00,True,11,0,2.4849066497880004
ve,ve,CCONJ,CCONJ,0.23925769350174309,2.411623002364367,NUM,"NUM: 0.34, CCONJ: 0.24, ADJ: 0.14, DET: 0.11, PRON: 0.09, PROPN: 0.06",True,359,0,5.886104031450156
hep,hep,ADV,ADV,0.17309001779684272,1.7271777054178834,PRON,"PRON: 0.51, CCONJ: 0.25, ADV: 0.17",True,25,0,3.258096538021482
öyle,öyle,ADV,ADV,0.13971307685069986,1.047214932529053,PRON,"PRON: 0.78, ADV: 0.14",True,18,0,2.9444389791664403
sür,sürmüştü,VERB,VERB,1.0,0.0,,VERB: 1.00,True,29,0,3.4011973816621555
",",",",PUNCT,PUNCT,,,,,True,2285,0,7.734558844354756
hatta,hatta,CCONJ,CCONJ,0.22138976689706663,2.5796359281558345,DET,"DET: 0.24, CCONJ: 0.22, PRON: 0.19, PROPN: 0.16, ADV: 0.09, NUM: 0.08",True,14,0,2.70805020110221
bir,bir,NUM,NUM,0.3916735022215744,1.8552050660223744,DET,"DET: 0.40, NUM: 0.39, ADJ: 0.09, PROPN: 0.06, NOUN: 0.06",True,170,0,5.14166355650266
ara,ara,ADJ,ADJ,0.45952551652597307,0.9952680248528016,NOUN,"NOUN: 0.54, ADJ: 0.46",True,73,0,4.30406509320417
artık,artık,ADV,ADV,0.0895164476303238,2.0263396610671656,PRON,"PRON: 0.47, CCONJ: 0.25, PROPN: 0.12, ADV: 0.09",True,30,0,3.4339872044851463
o,onun,PRON,PRON,0.5961784524857141,1.6538184960634559,ADV,"PRON: 0.60, ADV: 0.24, CCONJ: 0.07, PROPN: 0.05",True,264,0,5.579729825986222
güzellik,güzelliğini,NOUN,NOUN,,,,,True,4,0,1.6094379124341003
bile,bile,ADV,ADV,0.0,1.3965541340455074,ADP,"ADP: 0.56, CCONJ: 0.36",True,36,0,3.6109179126442243
fark,fark,NOUN,NOUN,0.6366314361633321,1.1826654627056212,ADJ,"NOUN: 0.64, ADJ: 0.30, VERB: 0.06",True,16,0,2.833213344056216
et,edemez,VERB,VERB,0.021423477839648417,2.0747581498935594,AUX,"AUX: 0.33, ADP: 0.33, CCONJ: 0.23",True,260,0,5.564520407322694
hal,hale,NOUN,NOUN,0.8827204932470027,0.5214900012617804,ADJ,"NOUN: 0.88, ADJ: 0.12",True,40,0,3.713572066704308
gel,gelmiştim,VERB,VERB,1.0,0.0,,VERB: 1.00,True,166,0,5.117993812416755
.,.,PUNCT,PUNCT,,,,,True,3283,0,8.096817470572319
ben,Beni,PRON,PRON,0.614767428544865,1.6599914502896118,ADV,"PRON: 0.61, ADV: 0.21, CCONJ: 0.08, PROPN: 0.06",True,310,0,5.739792912179234
niye,niye,ADV,ADV,,,,,True,10,0,2.3978952727983707
sev,sevdiğini,VERB,VERB,1.0,0.0,,VERB: 1.00,True,44,0,3.8066624897703196
hiçbir,hiçbir,DET,DET,0.5590022920065886,1.4972751375281939,NUM,"DET: 0.56, NUM: 0.32, ADJ: 0.08",True,17,0,2.8903717578961645
zaman,zaman,NOUN,NOUN,0.7768808568937368,0.7658222066504196,ADJ,"NOUN: 0.78, ADJ: 0.22",True,77,0,4.356708826689592
anla,anlayamamıştım,VERB,VERB,1.0,0.0,,VERB: 1.00,True,44,0,3.8066624897703196
",",",",PUNCT,PUNCT,,,,,True,2285,0,7.734558844354756
ama,ama,CCONJ,CCONJ,0.26313102212215905,1.8047829885976687,PRON,"PRON: 0.46, CCONJ: 0.26, ADV: 0.22",True,139,0,4.941642422609304
ben,beni,PRON,PRON,0.614767428544865,1.6599914502896118,ADV,"PRON: 0.61, ADV: 0.21, CCONJ: 0.08, PROPN: 0.06",True,310,0,5.739792912179234
niye,niye,ADV,ADV,,,,,True,10,0,2.3978952727983707
terk,terk,NOUN,NOUN,0.531543856465604,1.4442761835404323,ADJ,"NOUN: 0.53, ADJ: 0.29, VERB: 0.18",True,14,0,2.70805020110221
et,ettiğini,VERB,VERB,0.021423477839648417,2.0747581498935594,AUX,"AUX: 0.33, ADP: 0.33, CCONJ: 0.23",True,260,0,5.564520407322694
bil,biliyordum,VERB,VERB,0.6930942464089043,1.0036086273143747,CCONJ,"VERB: 0.69, CCONJ: 0.28",True,101,0,4.624972813284271
",",",",PUNCT,PUNCT,,,,,True,2285,0,7.734558844354756
bütün,bütün,ADJ,ADJ,0.1561306664363315,1.657842220698849,DET,"DET: 0.62, ADJ: 0.16, NUM: 0.10, CCONJ: 0.07, PROPN: 0.05",True,35,0,3.58351893845611
kadın,kadınlar,ADJ,ADJ,0.22426573119393564,0.7678804621873997,NOUN,"NOUN: 0.78, ADJ: 0.22",True,40,0,3.713572066704308
ben,beni,PRON,PRON,0.614767428544865,1.6599914502896118,ADV,"PRON: 0.61, ADV: 0.21, CCONJ: 0.08, PROPN: 0.06",True,310,0,5.739792912179234
hep,hep,ADV,ADV,0.17309001779684272,1.7271777054178834,PRON,"PRON: 0.51, CCONJ: 0.25, ADV: 0.17",True,25,0,3.258096538021482
aynı,aynı,ADJ,ADJ,0.11957005345771128,1.4044471997085064,DET,"DET: 0.58, NUM: 0.29, ADJ: 0.12",True,44,0,3.8066624897703196
şekil,şekilde,ADV,ADV,,,,,False,0,0,0.0
ve,ve,CCONJ,CCONJ,0.23925769350174309,2.411623002364367,NUM,"NUM: 0.34, CCONJ: 0.24, ADJ: 0.14, DET: 0.11, PRON: 0.09, PROPN: 0.06",True,359,0,5.886104031450156
aynı,aynı,ADJ,ADJ,0.11957005345771128,1.4044471997085064,DET,"DET: 0.58, NUM: 0.29, ADJ: 0.12",True,44,0,3.8066624897703196
neden,nedenden,NOUN,NOUN,0.6864847591447512,0.8971896139560198,ADJ,"NOUN: 0.69, ADJ: 0.31",True,30,0,3.4339872044851463
terk,terk,NOUN,NOUN,0.531543856465604,1.4442761835404323,ADJ,"NOUN: 0.53, ADJ: 0.29, VERB: 0.18",True,14,0,2.70805020110221
et,ederlerdi,VERB,VERB,0.021423477839648417,2.0747581498935594,AUX,"AUX: 0.33, ADP: 0.33, CCONJ: 0.23",True,260,0,5.564520407322694
zaten,zaten,ADV,ADV,0.2332201987875194,1.8728521032390881,PRON,"PRON: 0.41, CCONJ: 0.29, ADV: 0.23, PROPN: 0.05",True,17,0,2.8903717578961645
.,.,PUNCT,PUNCT,,,,,True,3283,0,8.096817470572319
bütün,Bütün,DET,ADJ,,,,,True,1,1,0.6931471805599453
terk,terk,NOUN,NOUN,0.531543856465604,1.4442761835404323,ADJ,"NOUN: 0.53, ADJ: 0.29, VERB: 0.18",True,14,0,2.70805020110221
et,edişlerde,VERB,NOUN,0.021423477839648417,2.0747581498935594,AUX,"AUX: 0.33, ADP: 0.33, CCONJ: 0.23",True,260,1,5.564520407322694
ol,olduğu,VERB,VERB,1.0,0.0,,VERB: 1.00,True,603,0,6.403574197934815
gibi,gibi,ADP,ADP,0.36045769630430313,1.8400611893764562,AUX,"ADP: 0.36, AUX: 0.30, CCONJ: 0.28",True,145,0,4.983606621708336
kızgınlık,kızgınlık,NOUN,NOUN,,,,,True,2,0,1.0986122886681098
tüken,tükenmeden,VERB,VERB,,,,,False,0,0,0.0
ilişki,ilişki,NOUN,NOUN,0.6341712050128674,1.193890856830851,ADJ,"NOUN: 0.63, ADJ: 0.30, VERB: 0.06",True,14,0,2.70805020110221
bit,bitmiyordu,VERB,VERB,0.6834447404059493,1.0208487657135579,CCONJ,"VERB: 0.68, CCONJ: 0.29",True,29,0,3.4011973816621555
",",",",PUNCT,PUNCT,,,,,True,2285,0,7.734558844354756
bütün,bütün,DET,ADJ,,,,,True,1,1,0.6931471805599453
kadın,kadınlar,ADJ,ADJ,0.22426573119393564,0.7678804621873997,NOUN,"NOUN: 0.78, ADJ: 0.22",True,40,0,3.713572066704308
gibi,gibi,ADP,ADP,0.36045769630430313,1.8400611893764562,AUX,"ADP: 0.36, AUX: 0.30, CCONJ: 0.28",True,145,0,4.983606621708336
o,o,PRON,PRON,0.5961784524857141,1.6538184960634559,ADV,"PRON: 0.60, ADV: 0.24, CCONJ: 0.07, PROPN: 0.05",True,264,0,5.579729825986222
da,da,CCONJ,CCONJ,0.13730810580889885,1.6721173968196932,AUX,"AUX: 0.44, ADP: 0.38, CCONJ: 0.14",True,275,0,5.62040086571715
erkek,erkeğini,ADJ,ADJ,0.2550214721482965,1.9837572266938677,DET,"DET: 0.30, ADJ: 0.26, PRON: 0.24, NOUN: 0.20",True,24,0,3.2188758248682006
öl,öldürmeden,VERB,VERB,0.5682293006747299,1.4135799515431988,ADJ,"VERB: 0.57, ADJ: 0.24, NOUN: 0.19",True,39,0,3.6888794541139363
bırak,bırakmak,VERB,VERB,1.0,0.0,,VERB: 1.00,True,32,0,3.4965075614664802
iste,istemiyordu,VERB,VERB,0.6774524752691933,1.0218601397810432,CCONJ,"VERB: 0.68, CCONJ: 0.30",True,117,0,4.770684624465665
ve,ve,CCONJ,CCONJ,0.23925769350174309,2.411623002364367,NUM,"NUM: 0.34, CCONJ: 0.24, ADJ: 0.14, DET: 0.11, PRON: 0.09, PROPN: 0.06",True,359,0,5.886104031450156
ben,ben,PRON,PRON,0.614767428544865,1.6599914502896118,ADV,"PRON: 0.61, ADV: 0.21, CCONJ: 0.08, PROPN: 0.06",True,310,0,5.739792912179234
çok,çok,ADV,ADV,0.33203987735528007,1.3405495937378578,PRON,"PRON: 0.59, ADV: 0.33, ADJ: 0.05",True,97,0,4.584967478670572
kolay,kolay,ADJ,ADJ,0.05305027922457994,2.006643736694274,PRON,"PRON: 0.45, ADV: 0.21, PROPN: 0.19, NOUN: 0.10, ADJ: 0.05",True,13,0,2.6390573296152584
öl,ölmüyordum,VERB,VERB,0.5682293006747299,1.4135799515431988,ADJ,"VERB: 0.57, ADJ: 0.24, NOUN: 0.19",True,39,0,3.6888794541139363
.,.,PUNCT,PUNCT,,,,,True,3283,0,8.096817470572319
uza,Uzanıp,VERB,VERB,1.0,0.0,,VERB: 1.00,True,22,0,3.1354942159291497
masa,masanın,NOUN,NOUN,0.31818580128896556,1.323079485206322,PRON,"PRON: 0.58, NOUN: 0.32, ADJ: 0.10",True,17,0,2.8903717578961645
üzer,üzerinde,NOUN,NOUN,0.3732858720878324,1.2061022689833243,ADJ,"ADJ: 0.58, NOUN: 0.37, VERB: 0.05",True,45,0,3.828641396489095
dur,duran,VERB,VERB,1.0,0.0,,VERB: 1.00,True,27,0,3.332204510175204
sigara,sigara,NOUN,NOUN,,,,,True,9,0,2.302585092994046
paket,paketinden,NOUN,NOUN,1.0,0.0,,NOUN: 1.00,True,11,0,2.4849066497880004
bir,bir,NUM,DET,0.3916735022215744,1.8552050660223744,DET,"DET: 0.40, NUM: 0.39, ADJ: 0.09, PROPN: 0.06, NOUN: 0.06",True,170,1,5.14166355650266
sigara,sigara,NOUN,NOUN,,,,,True,9,0,2.302585092994046
al,alarak,VERB,VERB,1.0,0.0,,VERB: 1.00,True,169,0,5.135798437050262
",",",",PUNCT,PUNCT,,,,,True,2285,0,7.734558844354756
parmak,parmaklarının,NOUN,NOUN,,,,,True,6,0,1.9459101490553132
uç,ucunda,NOUN,NOUN,,,,,True,8,0,2.1972245773362196
tut,tuttu,VERB,VERB,1.0,0.0,,VERB: 1.00,True,29,0,3.4011973816621555
.,.,PUNCT,PUNCT,,,,,True,3283,0,8.096817470572319
birbiri,Birbirimize,PRON,PRON,0.6383125076461561,1.5385441389140795,ADV,"PRON: 0.64, ADV: 0.21, PROPN: 0.07, NOUN: 0.05",True,20,0,3.044522437723423
hiç,hiç,ADV,ADV,0.14829755248371262,1.3987334442647599,PRON,"PRON: 0.70, ADV: 0.15, PROPN: 0.06",True,45,0,3.828641396489095
dokun,dokunmadan,VERB,VERB,,,,,True,4,0,1.6094379124341003
",",",",PUNCT,PUNCT,,,,,True,2285,0,7.734558844354756
ben,ben,PRON,PRON,0.614767428544865,1.6599914502896118,ADV,"PRON: 0.61, ADV: 0.21, CCONJ: 0.08, PROPN: 0.06",True,310,0,5.739792912179234
o,onun,PRON,PRON,0.5961784524857141,1.6538184960634559,ADV,"PRON: 0.60, ADV: 0.24, CCONJ: 0.07, PROPN: 0.05",True,264,0,5.579729825986222
el,ellerine,NOUN,NOUN,0.685323078074829,0.8984985975836332,ADJ,"NOUN: 0.69, ADJ: 0.31",True,81,0,4.406719247264253
o,o,PRON,PRON,0.5961784524857141,1.6538184960634559,ADV,"PRON: 0.60, ADV: 0.24, CCONJ: 0.07, PROPN: 0.05",True,264,0,5.579729825986222
da,da,CCONJ,CCONJ,0.13730810580889885,1.6721173968196932,AUX,"AUX: 0.44, ADP: 0.38, CCONJ: 0.14",True,275,0,5.62040086571715
ben,benim,PRON,PRON,0.614767428544865,1.6599914502896118,ADV,"PRON: 0.61, ADV: 0.21, CCONJ: 0.08, PROPN: 0.06",True,310,0,5.739792912179234
göz,gözlerime,NOUN,NOUN,0.48581680668839844,1.5108829755725355,PROPN,"NOUN: 0.49, PROPN: 0.28, ADJ: 0.24",True,49,0,3.912023005428146
bak,bakarak,VERB,VERB,1.0,0.0,,VERB: 1.00,True,85,0,4.454347296253507
seviş,sevişirdik,VERB,VERB,,,,,True,9,0,2.302585092994046
kalabalık,kalabalığın,NOUN,NOUN,,,,,True,4,0,1.6094379124341003
iç,içinde,ADJ,ADJ,0.5266476463656918,0.9979501219428724,NOUN,"ADJ: 0.53, NOUN: 0.47",True,71,0,4.276666119016055
.,.,PUNCT,PUNCT,,,,,True,3283,0,8.096817470572319
-,-,PUNCT,PUNCT,,,,,True,74,0,4.31748811353631
el,Ellerini,NOUN,NOUN,0.685323078074829,0.8984985975836332,ADJ,"NOUN: 0.69, ADJ: 0.31",True,81,0,4.406719247264253
masa,masanın,NOUN,NOUN,0.31818580128896556,1.323079485206322,PRON,"PRON: 0.58, NOUN: 0.32, ADJ: 0.10",True,17,0,2.8903717578961645
üst,üstüne,ADJ,ADJ,0.46638801387351886,0.9967377258438014,NOUN,"NOUN: 0.53, ADJ: 0.47",True,32,0,3.4965075614664802
koy,koy,VERB,VERB,1.0,0.0,,VERB: 1.00,True,23,0,3.1780538303479458
",",",",PUNCT,PUNCT,,,,,True,2285,0,7.734558844354756
de,dedim,VERB,VERB,0.7089626585740004,0.8700574815901702,CCONJ,"VERB: 0.71, CCONJ: 0.29",True,295,0,5.69035945432406
.,.,PUNCT,PUNCT,,,,,True,3283,0,8.096817470572319
bu,Bunu,PRON,PRON,0.7006788109102466,1.3923524752663319,ADV,"PRON: 0.70, ADV: 0.14, CCONJ: 0.09, NOUN: 0.05",True,171,0,5.147494476813453
söyle,söylemek,VERB,VERB,0.721528986702589,0.8533590847777625,CCONJ,"VERB: 0.72, CCONJ: 0.28",True,89,0,4.499809670330265
için,için,ADP,ADP,0.4371344784042817,1.7284041476856495,AUX,"ADP: 0.44, AUX: 0.27, CCONJ: 0.25",True,159,0,5.075173815233827
yanlış,yanlış,ADJ,ADJ,0.0914264789430462,1.3913938090881726,PRON,"PRON: 0.68, NOUN: 0.14, ADJ: 0.09, ADV: 0.08",True,16,0,2.833213344056216
bir,bir,DET,DET,0.49958184875865663,1.6482580173109218,NUM,"DET: 0.50, NUM: 0.30, ADJ: 0.15",True,616,0,6.424869023905388
zaman,zaman,NOUN,NOUN,0.7768808568937368,0.7658222066504196,ADJ,"NOUN: 0.78, ADJ: 0.22",True,77,0,4.356708826689592
i,dı,AUX,AUX,0.47697018772995686,1.861138213598426,ADP,"AUX: 0.48, ADP: 0.26, CCONJ: 0.18, PROPN: 0.06",True,546,0,6.304448802421981
",",",",PUNCT,PUNCT,,,,,True,2285,0,7.734558844354756
ama,ama,CCONJ,CCONJ,0.26313102212215905,1.8047829885976687,PRON,"PRON: 0.46, CCONJ: 0.26, ADV: 0.22",True,139,0,4.941642422609304
dayan,dayanamamıştım,VERB,VERB,,,,,True,8,0,2.1972245773362196
.,.,PUNCT,PUNCT,,,,,True,3283,0,8.096817470572319
yeniden,Yeniden,ADV,ADV,0.21097570581915642,1.7793365705047433,PRON,"PRON: 0.55, ADV: 0.21, PROPN: 0.14, ADJ: 0.06",True,17,0,2.8903717578961645
",",",",PUNCT,PUNCT,,,,,True,2285,0,7.734558844354756
el,Ellerini,NOUN,NOUN,0.685323078074829,0.8984985975836332,ADJ,"NOUN: 0.69, ADJ: 0.31",True,81,0,4.406719247264253
masa,masanın,NOUN,NOUN,0.31818580128896556,1.323079485206322,PRON,"PRON: 0.58, NOUN: 0.32, ADJ: 0.10",True,17,0,2.8903717578961645
üst,üstüne,ADJ,ADJ,0.46638801387351886,0.9967377258438014,NOUN,"NOUN: 0.53, ADJ: 0.47",True,32,0,3.4965075614664802
koy,koy,VERB,VERB,1.0,0.0,,VERB: 1.00,True,23,0,3.1780538303479458
",",",",PUNCT,PUNCT,,,,,True,2285,0,7.734558844354756
de,dedim,VERB,VERB,0.7089626585740004,0.8700574815901702,CCONJ,"VERB: 0.71, CCONJ: 0.29",True,295,0,5.69035945432406
",",",",PUNCT,PUNCT,,,,,True,2285,0,7.734558844354756
ses,sesimde,NOUN,NOUN,0.3237009019450614,1.9450836951989445,PRON,"NOUN: 0.32, PRON: 0.31, PROPN: 0.20, ADJ: 0.17",True,32,0,3.4965075614664802
köle,kölesine,NOUN,NOUN,,,,,True,2,0,1.0986122886681098
emret,emreden,VERB,VERB,,,,,False,0,0,0.0
bir,bir,DET,DET,0.49958184875865663,1.6482580173109218,NUM,"DET: 0.50, NUM: 0.30, ADJ: 0.15",True,616,0,6.424869023905388
efendi,efendinin,NOUN,NOUN,,,,,True,7,0,2.0794415416798357
ses,sesi,NOUN,NOUN,0.3237009019450614,1.9450836951989445,PRON,"NOUN: 0.32, PRON: 0.31, PROPN: 0.20, ADJ: 0.17",True,32,0,3.4965075614664802
var,vardı,VERB,VERB,0.919968924709315,0.40228867645093425,ADJ,"VERB: 0.92, ADJ: 0.08",True,49,0,3.912023005428146
ve,ve,CCONJ,CCONJ,0.23925769350174309,2.411623002364367,NUM,"NUM: 0.34, CCONJ: 0.24, ADJ: 0.14, DET: 0.11, PRON: 0.09, PROPN: 0.06",True,359,0,5.886104031450156
o,o,PRON,PRON,0.5961784524857141,1.6538184960634559,ADV,"PRON: 0.60, ADV: 0.24, CCONJ: 0.07, PROPN: 0.05",True,264,0,5.579729825986222
ben,benim,PRON,PRON,0.614767428544865,1.6599914502896118,ADV,"PRON: 0.61, ADV: 0.21, CCONJ: 0.08, PROPN: 0.06",True,310,0,5.739792912179234
köle,kölem,NOUN,NOUN,,,,,True,2,0,1.0986122886681098
i,di,AUX,AUX,0.47697018772995686,1.861138213598426,ADP,"AUX: 0.48, ADP: 0.26, CCONJ: 0.18, PROPN: 0.06",True,546,0,6.304448802421981
.,.,PUNCT,PUNCT,,,,,True,3283,0,8.096817470572319
yıl,Yılların,NOUN,NOUN,0.29569595997941395,1.4054086954468807,PRON,"PRON: 0.55, NOUN: 0.30, ADJ: 0.15",True,68,0,4.23410650459726
yerleş,yerleştirdiği,VERB,VERB,,,,,True,10,0,2.3978952727983707
bir,bir,DET,DET,0.49958184875865663,1.6482580173109218,NUM,"DET: 0.50, NUM: 0.30, ADJ: 0.15",True,616,0,6.424869023905388
alışkanlık,alışkanlıkla,NOUN,NOUN,,,,,False,0,0,0.0
iste,istemeden,VERB,VERB,0.6774524752691933,1.0218601397810432,CCONJ,"VERB: 0.68, CCONJ: 0.30",True,117,0,4.770684624465665
el,ellerini,NOUN,NOUN,0.685323078074829,0.8984985975836332,ADJ,"NOUN: 0.69, ADJ: 0.31",True,81,0,4.406719247264253
masa,masanın,NOUN,NOUN,0.31818580128896556,1.323079485206322,PRON,"PRON: 0.58, NOUN: 0.32, ADJ: 0.10",True,17,0,2.8903717578961645
üst,üstüne,ADJ,ADJ,0.46638801387351886,0.9967377258438014,NOUN,"NOUN: 0.53, ADJ: 0.47",True,32,0,3.4965075614664802
koy,koydu,VERB,VERB,1.0,0.0,,VERB: 1.00,True,23,0,3.1780538303479458
.,.,PUNCT,PUNCT,,,,,True,3283,0,8.096817470572319
-,-,PUNCT,PUNCT,,,,,True,74,0,4.31748811353631
hadi,Hadi,INTJ,INTJ,,,,,True,9,0,2.302585092994046
ev,eve,NOUN,NOUN,0.2165987183589658,2.0343315049689665,PRON,"PRON: 0.45, NOUN: 0.22, PROPN: 0.14, ADV: 0.11, ADJ: 0.08",True,113,0,4.736198448394496
git,gidelim,VERB,VERB,1.0,0.0,,VERB: 1.00,True,116,0,4.762173934797756
",",",",PUNCT,PUNCT,,,,,True,2285,0,7.734558844354756
de,dedim,VERB,VERB,0.7089626585740004,0.8700574815901702,CCONJ,"VERB: 0.71, CCONJ: 0.29",True,295,0,5.69035945432406
.,.,PUNCT,PUNCT,,,,,True,3283,0,8.096817470572319
dümdüz,Dümdüz,ADJ,ADJ,,,,,True,1,0,0.6931471805599453
",",",",PUNCT,PUNCT,,,,,True,2285,0,7.734558844354756
soğuk,soğuk,ADJ,ADJ,,,,,True,5,0,1.791759469228055
bir,bir,DET,DET,0.49958184875865663,1.6482580173109218,NUM,"DET: 0.50, NUM: 0.30, ADJ: 0.15",True,616,0,6.424869023905388
ses,sesle,NOUN,NOUN,0.3237009019450614,1.9450836951989445,PRON,"NOUN: 0.32, PRON: 0.31, PROPN: 0.20, ADJ: 0.17",True,32,0,3.4965075614664802
karşılık,karşılık,NOUN,NOUN,,,,,True,8,0,2.1972245773362196
ver,verdi,VERB,VERB,1.0,0.0,,VERB: 1.00,True,138,0,4.9344739331306915
.,.,PUNCT,PUNCT,,,,,True,3283,0,8.096817470572319
-,-,PUNCT,PUNCT,,,,,True,74,0,4.31748811353631
iste,İstemiyorum,VERB,VERB,0.6774524752691933,1.0218601397810432,CCONJ,"VERB: 0.68, CCONJ: 0.30",True,117,0,4.770684624465665
.,.,PUNCT,PUNCT,,,,,True,3283,0,8.096817470572319
-,-,PUNCT,PUNCT,,,,,True,74,0,4.31748811353631
iste,İstemesen,VERB,VERB,0.6774524752691933,1.0218601397810432,CCONJ,"VERB: 0.68, CCONJ: 0.30",True,117,0,4.770684624465665
de,de,CCONJ,CCONJ,0.13783772654910434,1.6723904656042283,AUX,"AUX: 0.44, ADP: 0.38, CCONJ: 0.14",True,326,0,5.7899601708972535
git,gidelim,VERB,VERB,1.0,0.0,,VERB: 1.00,True,116,0,4.762173934797756
.,.,PUNCT,PUNCT,,,,,True,3283,0,8.096817470572319
yüz,Yüzüme,NOUN,NOUN,0.4177442495739065,0.9803883989493742,ADJ,"ADJ: 0.58, NOUN: 0.42",True,30,0,3.4339872044851463
bak,bakıp,VERB,VERB,1.0,0.0,,VERB: 1.00,True,85,0,4.454347296253507
dudak,dudaklarını,NOUN,NOUN,,,,,True,3,0,1.3862943611198906
büz,büzdü,VERB,VERB,,,,,False,0,0,0.0
.,.,PUNCT,PUNCT,,,,,True,3283,0,8.096817470572319
artık,Artık,ADV,ADV,0.0895164476303238,2.0263396610671656,PRON,"PRON: 0.47, CCONJ: 0.25, PROPN: 0.12, ADV: 0.09",True,30,0,3.4339872044851463
sen,seninle,PRON,PRON,0.5975153654339292,1.4960517331359373,ADV,"PRON: 0.60, ADV: 0.28, PROPN: 0.06",True,96,0,4.574710978503383
seviş,sevişmeyeceğim,VERB,VERB,,,,,True,9,0,2.302585092994046
.,.,PUNCT,PUNCT,,,,,True,3283,0,8.096817470572319
ah,Ah,INTJ,INTJ,,,,,False,0,0,0.0
",",",",PUNCT,PUNCT,,,,,True,2285,0,7.734558844354756
kadın,kadınların,ADJ,ADJ,0.22426573119393564,0.7678804621873997,NOUN,"NOUN: 0.78, ADJ: 0.22",True,40,0,3.713572066704308
bu,bu,DET,DET,0.6017857940157323,1.5300103231456785,NUM,"DET: 0.60, NUM: 0.20, ADJ: 0.15",True,350,0,5.860786223465865
kesin,kesin,ADJ,ADJ,,,,,True,3,0,1.3862943611198906
söz,sözleri,NOUN,NOUN,0.777721631080761,0.7643059703618319,ADJ,"NOUN: 0.78, ADJ: 0.22",True,40,0,3.713572066704308
",",",",PUNCT,PUNCT,,,,,True,2285,0,7.734558844354756
yap,yapamayacakları,VERB,VERB,1.0,0.0,,VERB: 1.00,True,209,0,5.3471075307174685
şey,şeyleri,NOUN,NOUN,0.7797490937613291,0.7606253858126094,ADJ,"NOUN: 0.78, ADJ: 0.22",True,102,0,4.634728988229636
o,o,DET,DET,0.6447660992254824,1.4376147671166477,NUM,"DET: 0.64, NUM: 0.18, ADJ: 0.13",True,113,0,4.736198448394496
kadar,kadar,ADP,ADP,0.3692723596113412,1.6932259529300686,AUX,"AUX: 0.42, ADP: 0.37, CCONJ: 0.17",True,105,0,4.663439094112067
kesin,kesin,ADJ,ADJ,,,,,True,3,0,1.3862943611198906
bir,bir,DET,DET,0.49958184875865663,1.6482580173109218,NUM,"DET: 0.50, NUM: 0.30, ADJ: 0.15",True,616,0,6.424869023905388
şekil,şekilde,NOUN,NOUN,0.7768352665630845,0.7659042550828407,ADJ,"NOUN: 0.78, ADJ: 0.22",True,15,0,2.772588722239781
söyle,söylerler,VERB,VERB,0.721528986702589,0.8533590847777625,CCONJ,"VERB: 0.72, CCONJ: 0.28",True,89,0,4.499809670330265
ki,ki,CCONJ,CCONJ,0.1806152397797589,1.9747454841180783,AUX,"AUX: 0.51, CCONJ: 0.18, ADP: 0.18, ADV: 0.07",True,81,0,4.406719247264253
;,;,PUNCT,PUNCT,,,,,True,84,0,4.442651256490317
inan,inanırsanız,VERB,VERB,1.0,0.0,,VERB: 1.00,True,23,0,3.1780538303479458
sonra,sonra,ADV,ADV,0.30381655368036,1.5872488856701816,PRON,"PRON: 0.54, ADV: 0.30, PROPN: 0.11",True,39,0,3.6888794541139363
çok,çok,ADV,ADV,0.33203987735528007,1.3405495937378578,PRON,"PRON: 0.59, ADV: 0.33, ADJ: 0.05",True,97,0,4.584967478670572
şaşır,şaşırırsınız,VERB,VERB,,,,,True,5,0,1.791759469228055
.,.,PUNCT,PUNCT,,,,,True,3283,0,8.096817470572319
ama,Ama,CCONJ,CCONJ,0.26313102212215905,1.8047829885976687,PRON,"PRON: 0.46, CCONJ: 0.26, ADV: 0.22",True,139,0,4.941642422609304
gene,gene,ADV,ADV,,,,,True,7,0,2.0794415416798357
de,de,CCONJ,CCONJ,0.13783772654910434,1.6723904656042283,AUX,"AUX: 0.44, ADP: 0.38, CCONJ: 0.14",True,326,0,5.7899601708972535
o,o,DET,DET,0.6447660992254824,1.4376147671166477,NUM,"DET: 0.64, NUM: 0.18, ADJ: 0.13",True,113,0,4.736198448394496
gün,gün,NOUN,NOUN,0.7766440096348868,0.7662482696838814,ADJ,"NOUN: 0.78, ADJ: 0.22",True,91,0,4.5217885770490405
ben,benimle,PRON,PRON,0.614767428544865,1.6599914502896118,ADV,"PRON: 0.61, ADV: 0.21, CCONJ: 0.08, PROPN: 0.06",True,310,0,5.739792912179234
yat,yatmadı,VERB,VERB,1.0,0.0,,VERB: 1.00,True,23,0,3.1780538303479458
.,.,PUNCT,PUNCT,,,,,True,3283,0,8.096817470572319
bu,Buna,PRON,PRON,0.7006788109102466,1.3923524752663319,ADV,"PRON: 0.70, ADV: 0.14, CCONJ: 0.09, NOUN: 0.05",True,171,0,5.147494476813453
karşılık,karşılık,NOUN,NOUN,,,,,True,8,0,2.1972245773362196
ben,ben,PRON,PRON,0.614767428544865,1.6599914502896118,ADV,"PRON: 0.61, ADV: 0.21, CCONJ: 0.08, PROPN: 0.06",True,310,0,5.739792912179234
de,de,CCONJ,CCONJ,0.13783772654910434,1.6723904656042283,AUX,"AUX: 0.44, ADP: 0.38, CCONJ: 0.14",True,326,0,5.7899601708972535
o,onun,PRON,PRON,0.5961784524857141,1.6538184960634559,ADV,"PRON: 0.60, ADV: 0.24, CCONJ: 0.07, PROPN: 0.05",True,264,0,5.579729825986222
mutsuzluk,mutsuzluk,NOUN,NOUN,,,,,True,1,0,0.6931471805599453
oyun,oyununu,NOUN,NOUN,,,,,True,7,0,2.0794415416798357
oyna,oynamadım,VERB,VERB,1.0,0.0,,VERB: 1.00,True,15,0,2.772588722239781
.,.,PUNCT,PUNCT,,,,,True,3283,0,8.096817470572319
sıkıntı,Sıkıntı,NOUN,NOUN,,,,,True,5,0,1.791759469228055
li,lı,ADP,ADP,0.2797323618856777,2.3836488217196035,AUX,"AUX: 0.30, ADP: 0.28, CCONJ: 0.23, NUM: 0.08",True,182,0,5.209486152841421
bir,bir,DET,DET,0.49958184875865663,1.6482580173109218,NUM,"DET: 0.50, NUM: 0.30, ADJ: 0.15",True,616,0,6.424869023905388
şekil,şekilde,ADV,ADV,,,,,False,0,0,0.0
ayrıl,ayrıldık,VERB,VERB,1.0,0.0,,VERB: 1.00,True,13,0,2.6390573296152584
.,.,PUNCT,PUNCT,,,,,True,3283,0,8.096817470572319
iki,İkimiz,NUM,NUM,0.27698505514822225,1.5675874170394526,DET,"DET: 0.55, NUM: 0.28, ADJ: 0.13",True,83,0,4.430816798843313
de,de,CCONJ,CCONJ,0.13783772654910434,1.6723904656042283,AUX,"AUX: 0.44, ADP: 0.38, CCONJ: 0.14",True,326,0,5.7899601708972535
kendi,kendimizi,PRON,PRON,0.6796575105452602,1.4263748283851931,ADV,"PRON: 0.68, ADV: 0.19, PROPN: 0.06",True,126,0,4.844187086458591
yenik,yenik,ADJ,ADJ,,,,,False,0,0,0.0
hisset,hissediyorduk,VERB,VERB,0.7158765697562461,0.8610086165807805,CCONJ,"VERB: 0.72, CCONJ: 0.28",True,13,0,2.6390573296152584
",",",",PUNCT,PUNCT,,,,,True,2285,0,7.734558844354756
bu,bu,DET,DET,0.6017857940157323,1.5300103231456785,NUM,"DET: 0.60, NUM: 0.20, ADJ: 0.15",True,350,0,5.860786223465865
",",",",PUNCT,PUNCT,,,,,True,2285,0,7.734558844354756
ilişki,ilişkimiz,NOUN,NOUN,0.6341712050128674,1.193890856830851,ADJ,"NOUN: 0.63, ADJ: 0.30, VERB: 0.06",True,14,0,2.70805020110221
sür,süreceği,VERB,VERB,1.0,0.0,,VERB: 1.00,True,29,0,3.4011973816621555
anlam,anlamına,NOUN,NOUN,1.0,0.0,,NOUN: 1.00,True,14,0,2.70805020110221
gel,geliyordu,VERB,VERB,1.0,0.0,,VERB: 1.00,True,166,0,5.117993812416755
.,.,PUNCT,PUNCT,,,,,True,3283,0,8.096817470572319
ben,Ben,PRON,PRON,0.614767428544865,1.6599914502896118,ADV,"PRON: 0.61, ADV: 0.21, CCONJ: 0.08, PROPN: 0.06",True,310,0,5.739792912179234
de,de,CCONJ,CCONJ,0.13783772654910434,1.6723904656042283,AUX,"AUX: 0.44, ADP: 0.38, CCONJ: 0.14",True,326,0,5.7899601708972535
yeni,yeni,ADJ,ADJ,0.22068888520563854,1.3431848495027867,DET,"DET: 0.61, ADJ: 0.22, CCONJ: 0.17",True,50,0,3.9318256327243257
kadın,kadınlar,ADJ,ADJ,0.22426573119393564,0.7678804621873997,NOUN,"NOUN: 0.78, ADJ: 0.22",True,40,0,3.713572066704308
bul,buluyordum,VERB,VERB,1.0,0.0,,VERB: 1.00,True,56,0,4.04305126783455
",",",",PUNCT,PUNCT,,,,,True,2285,0,7.734558844354756
daha,daha,ADV,ADV,0.16216742905437215,2.279909832774521,PRON,"PRON: 0.30, CCONJ: 0.27, PROPN: 0.19, ADV: 0.16",True,127,0,4.852030263919617
önceleri,önceleri,ADV,ADV,,,,,True,1,0,0.6931471805599453
tanış,tanıştığım,VERB,VERB,,,,,True,9,0,2.302585092994046
",",",",PUNCT,PUNCT,,,,,True,2285,0,7.734558844354756
bir,bir,NUM,NUM,0.3916735022215744,1.8552050660223744,DET,"DET: 0.40, NUM: 0.39, ADJ: 0.09, PROPN: 0.06, NOUN: 0.06",True,170,0,5.14166355650266
-,-,PUNCT,PUNCT,,,,,True,74,0,4.31748811353631
iki,iki,NUM,NUM,0.27698505514822225,1.5675874170394526,DET,"DET: 0.55, NUM: 0.28, ADJ: 0.13",True,83,0,4.430816798843313
günlük,günlüğüne,ADJ,ADJ,,,,,True,4,0,1.6094379124341003
birlikte,birlikte,ADV,ADV,,,,,True,8,0,2.1972245773362196
ol,olduğum,VERB,VERB,1.0,0.0,,VERB: 1.00,True,603,0,6.403574197934815
kadın,kadınları,ADJ,ADJ,0.22426573119393564,0.7678804621873997,NOUN,"NOUN: 0.78, ADJ: 0.22",True,40,0,3.713572066704308
ara,arayıp,VERB,VERB,1.0,0.0,,VERB: 1.00,True,33,0,3.5263605246161616
on,onlarla,NUM,NUM,0.6219187351173523,1.783965877110234,PROPN,"NUM: 0.62, PROPN: 0.10, DET: 0.10, ADJ: 0.08, CCONJ: 0.07",True,21,0,3.091042453358316
ilişki,ilişkilerimi,NOUN,NOUN,0.6341712050128674,1.193890856830851,ADJ,"NOUN: 0.63, ADJ: 0.30, VERB: 0.06",True,14,0,2.70805020110221
sıkılaş,sıkılaştırıyordum,VERB,VERB,,,,,False,0,0,0.0
.,.,PUNCT,PUNCT,,,,,True,3283,0,8.096817470572319
öyle,Öyle,ADJ,ADJ,,,,,True,9,0,2.302585092994046
gün,günler,NOUN,NOUN,0.7766440096348868,0.7662482696838814,ADJ,"NOUN: 0.78, ADJ: 0.22",True,91,0,4.5217885770490405
ol,oluyordu,VERB,VERB,1.0,0.0,,VERB: 1.00,True,603,0,6.403574197934815
ki,ki,CCONJ,CCONJ,0.1806152397797589,1.9747454841180783,AUX,"AUX: 0.51, CCONJ: 0.18, ADP: 0.18, ADV: 0.07",True,81,0,4.406719247264253
",",",",PUNCT,PUNCT,,,,,True,2285,0,7.734558844354756
bazen,bazen,ADV,ADV,,,,,True,5,0,1.791759469228055
sabah,sabah,NOUN,NOUN,0.11450917871831384,0.7864342524726671,PRON,"PRON: 0.84, NOUN: 0.11",True,16,0,2.833213344056216
başka,başka,ADJ,ADP,0.019678146206921186,1.7040643896520111,PRON,"PRON: 0.56, ADV: 0.22, PROPN: 0.14, NOUN: 0.06",True,35,1,3.58351893845611
;,;,PUNCT,PUNCT,,,,,True,84,0,4.442651256490317
öğlen,öğlen,NOUN,NOUN,,,,,True,1,0,0.6931471805599453
başka,başka,ADJ,ADJ,0.019678146206921186,1.7040643896520111,PRON,"PRON: 0.56, ADV: 0.22, PROPN: 0.14, NOUN: 0.06",True,35,0,3.58351893845611
",",",",PUNCT,PUNCT,,,,,True,2285,0,7.734558844354756
akşam,akşam,NOUN,NOUN,0.543237782580388,1.4254235433890245,PROPN,"NOUN: 0.54, PROPN: 0.29, ADJ: 0.16",True,13,0,2.6390573296152584
başka,başka,ADJ,ADJ,0.019678146206921186,1.7040643896520111,PRON,"PRON: 0.56, ADV: 0.22, PROPN: 0.14, NOUN: 0.06",True,35,0,3.58351893845611
bir,bir,DET,DET,0.49958184875865663,1.6482580173109218,NUM,"DET: 0.50, NUM: 0.30, ADJ: 0.15",True,616,0,6.424869023905388
kadın,kadınla,ADJ,ADJ,0.22426573119393564,0.7678804621873997,NOUN,"NOUN: 0.78, ADJ: 0.22",True,40,0,3.713572066704308
buluş,buluşuyor,VERB,VERB,,,,,True,6,0,1.9459101490553132
",",",",PUNCT,PUNCT,,,,,True,2285,0,7.734558844354756
hepsi,hepsine,PRON,PRON,0.6644839348782725,1.5765557219480961,ADV,"PRON: 0.66, ADV: 0.11, CCONJ: 0.10, ADJ: 0.08, NOUN: 0.05",True,17,0,2.8903717578961645
ayrı,ayrı,ADJ,ADJ,0.0983765541110678,2.086618170621456,NUM,"NUM: 0.53, CCONJ: 0.12, ADJ: 0.10, NOUN: 0.10, PROPN: 0.09, ADV: 0.07",True,11,0,2.4849066497880004
ayrı,ayrı,ADJ,ADJ,0.0983765541110678,2.086618170621456,NUM,"NUM: 0.53, CCONJ: 0.12, ADJ: 0.10, NOUN: 0.10, PROPN: 0.09, ADV: 0.07",True,11,0,2.4849066497880004
hikaye,hikayeler,NOUN,NOUN,,,,,True,5,0,1.791759469228055
anlat,anlatıyordum,VERB,VERB,1.0,0.0,,VERB: 1.00,True,69,0,4.248495242049359
.,.,PUNCT,PUNCT,,,,,True,3283,0,8.096817470572319
ayrılık,Ayrılıkların,NOUN,NOUN,,,,,False,0,0,0.0
hüzün,hüzünleriyle,NOUN,NOUN,,,,,True,1,0,0.6931471805599453
yeni,yeni,ADJ,ADJ,0.22068888520563854,1.3431848495027867,DET,"DET: 0.61, ADJ: 0.22, CCONJ: 0.17",True,50,0,3.9318256327243257
birliktelik,birlikteliklerin,NOUN,NOUN,,,,,True,1,0,0.6931471805599453
neşe,neşesi,NOUN,NOUN,,,,,True,3,0,1.3862943611198906
birbiri,birbirine,PRON,PRON,0.6383125076461561,1.5385441389140795,ADV,"PRON: 0.64, ADV: 0.21, PROPN: 0.07, NOUN: 0.05",True,20,0,3.044522437723423
karış,karışıyor,VERB,VERB,,,,,True,7,0,2.0794415416798357
",",",",PUNCT,PUNCT,,,,,True,2285,0,7.734558844354756
aynı,aynı,ADJ,ADJ,0.11957005345771128,1.4044471997085064,DET,"DET: 0.58, NUM: 0.29, ADJ: 0.12",True,44,0,3.8066624897703196
gün,günde,NOUN,NOUN,0.7766440096348868,0.7662482696838814,ADJ,"NOUN: 0.78, ADJ: 0.22",True,91,0,4.5217885770490405
birkaç,birkaç,DET,DET,0.5516988906261615,1.566308828045479,NUM,"DET: 0.55, NUM: 0.28, ADJ: 0.13",True,22,0,3.1354942159291497
duygu,duyguyu,NOUN,NOUN,0.23079199979938317,1.7073611952753653,PRON,"PRON: 0.45, PROPN: 0.28, NOUN: 0.23",True,35,0,3.58351893845611
bir,bir,NUM,NUM,0.3916735022215744,1.8552050660223744,DET,"DET: 0.40, NUM: 0.39, ADJ: 0.09, PROPN: 0.06, NOUN: 0.06",True,170,0,5.14166355650266
-,-,PUNCT,PUNCT,,,,,True,74,0,4.31748811353631
iki,iki,NUM,NUM,0.27698505514822225,1.5675874170394526,DET,"DET: 0.55, NUM: 0.28, ADJ: 0.13",True,83,0,4.430816798843313
saat,saat,NOUN,NOUN,0.355905210057268,1.8860925341581882,PRON,"NOUN: 0.36, PRON: 0.32, PROPN: 0.21, ADJ: 0.12",True,25,0,3.258096538021482
ara,arayla,ADJ,ADJ,0.45952551652597307,0.9952680248528016,NOUN,"NOUN: 0.54, ADJ: 0.46",True,73,0,4.30406509320417
yaşa,yaşıyordum,VERB,VERB,1.0,0.0,,VERB: 1.00,True,55,0,4.02535169073515
.,.,PUNCT,PUNCT,,,,,True,3283,0,8.096817470572319
sürekli,Sürekli,ADV,ADV,,,,,True,6,0,1.9459101490553132
olarak,olarak,ADP,ADP,0.36855824759231326,2.0508940487493934,AUX,"ADP: 0.37, AUX: 0.30, CCONJ: 0.24",True,71,0,4.276666119016055
bir,bir,DET,DET,0.49958184875865663,1.6482580173109218,NUM,"DET: 0.50, NUM: 0.30, ADJ: 0.15",True,616,0,6.424869023905388
duygu,duygudan,NOUN,NOUN,0.23079199979938317,1.7073611952753653,PRON,"PRON: 0.45, PROPN: 0.28, NOUN: 0.23",True,35,0,3.58351893845611
bir,bir,DET,DET,0.49958184875865663,1.6482580173109218,NUM,"DET: 0.50, NUM: 0.30, ADJ: 0.15",True,616,0,6.424869023905388
başka,başkasına,ADJ,ADJ,0.019678146206921186,1.7040643896520111,PRON,"PRON: 0.56, ADV: 0.22, PROPN: 0.14, NOUN: 0.06",True,35,0,3.58351893845611
atla,atlamak,VERB,VERB,,,,,True,9,0,2.302585092994046
",",",",PUNCT,PUNCT,,,,,True,2285,0,7.734558844354756
hiçbiri,hiçbirini,PRON,PRON,,,,,True,6,0,1.9459101490553132
tam,tam,ADV,ADV,,,,,True,9,0,2.302585092994046
yaşa,yaşamadan,VERB,VERB,1.0,0.0,,VERB: 1.00,True,55,0,4.02535169073515
",",",",PUNCT,PUNCT,,,,,True,2285,0,7.734558844354756
hepsi,hepsini,PRON,PRON,0.6644839348782725,1.5765557219480961,ADV,"PRON: 0.66, ADV: 0.11, CCONJ: 0.10, ADJ: 0.08, NOUN: 0.05",True,17,0,2.8903717578961645
şöyle,şöyle,ADV,ADV,0.09598023786135869,1.721962989915918,PRON,"PRON: 0.58, ADJ: 0.17, NOUN: 0.13, ADV: 0.10",True,22,0,3.1354942159291497
bir,bir,NUM,NUM,0.3916735022215744,1.8552050660223744,DET,"DET: 0.40, NUM: 0.39, ADJ: 0.09, PROPN: 0.06, NOUN: 0.06",True,170,0,5.14166355650266
hisset,hissedip,VERB,VERB,0.7158765697562461,0.8610086165807805,CCONJ,"VERB: 0.72, CCONJ: 0.28",True,13,0,2.6390573296152584
geç,geçmek,VERB,VERB,1.0,0.0,,VERB: 1.00,True,62,0,4.143134726391533
ben,beni,PRON,PRON,0.614767428544865,1.6599914502896118,ADV,"PRON: 0.61, ADV: 0.21, CCONJ: 0.08, PROPN: 0.06",True,310,0,5.739792912179234
yor,yormaya,VERB,VERB,,,,,True,1,0,0.6931471805599453
başla,başlamıştı,VERB,VERB,0.7003594242233127,0.880851097931121,CCONJ,"VERB: 0.70, CCONJ: 0.30",True,83,0,4.430816798843313
.,.,PUNCT,PUNCT,,,,,True,3283,0,8.096817470572319
hız,Hızla,NOUN,ADV,,,,,True,4,1,1.6094379124341003
git,giden,VERB,VERB,1.0,0.0,,VERB: 1.00,True,116,0,4.762173934797756
bir,bir,DET,DET,0.49958184875865663,1.6482580173109218,NUM,"DET: 0.50, NUM: 0.30, ADJ: 0.15",True,616,0,6.424869023905388
tren,trenin,NOUN,NOUN,,,,,False,0,0,0.0
pencere,penceresinden,NOUN,NOUN,0.10567788856100857,1.769818409774297,PRON,"PRON: 0.56, PROPN: 0.18, ADV: 0.13, NOUN: 0.11",True,12,0,2.5649493574615367
bak,bakan,VERB,VERB,1.0,0.0,,VERB: 1.00,True,85,0,4.454347296253507
biri,biri,PRON,PRON,0.5133797510665434,1.4806435961268336,ADJ,"PRON: 0.51, ADJ: 0.27, NOUN: 0.21",True,41,0,3.7376696182833684
gibi,gibi,ADP,ADP,0.36045769630430313,1.8400611893764562,AUX,"ADP: 0.36, AUX: 0.30, CCONJ: 0.28",True,145,0,4.983606621708336
bir,bir,NUM,DET,0.3916735022215744,1.8552050660223744,DET,"DET: 0.40, NUM: 0.39, ADJ: 0.09, PROPN: 0.06, NOUN: 0.06",True,170,1,5.14166355650266
şey,şeylerin,NOUN,NOUN,0.7797490937613291,0.7606253858126094,ADJ,"NOUN: 0.78, ADJ: 0.22",True,102,0,4.634728988229636
değiş,değiştiğini,VERB,VERB,1.0,0.0,,VERB: 1.00,True,26,0,3.295836866004329
gör,görüyor,VERB,VERB,1.0,0.0,,VERB: 1.00,True,81,0,4.406719247264253
",",",",PUNCT,PUNCT,,,,,True,2285,0,7.734558844354756
ama,ama,CCONJ,CCONJ,0.26313102212215905,1.8047829885976687,PRON,"PRON: 0.46, CCONJ: 0.26, ADV: 0.22",True,139,0,4.941642422609304
hiçbir,hiçbir,DET,DET,0.5590022920065886,1.4972751375281939,NUM,"DET: 0.56, NUM: 0.32, ADJ: 0.08",True,17,0,2.8903717578961645
görüntü,görüntüyü,NOUN,NOUN,,,,,True,5,0,1.791759469228055
",",",",PUNCT,PUNCT,,,,,True,2285,0,7.734558844354756
tam,tam,ADV,ADV,,,,,True,9,0,2.302585092994046
olarak,olarak,ADP,ADP,0.36855824759231326,2.0508940487493934,AUX,"ADP: 0.37, AUX: 0.30, CCONJ: 0.24",True,71,0,4.276666119016055
kavra,kavrayıp,VERB,VERB,,,,,True,2,0,1.0986122886681098
tat,tadını,NOUN,NOUN,,,,,True,6,0,1.9459101490553132
çıkar,çıkaramıyordum,VERB,VERB,1.0,0.0,,VERB: 1.00,True,34,0,3.5553480614894135
.,.,PUNCT,PUNCT,,,,,True,3283,0,8.096817470572319
terk,Terk,NOUN,NOUN,0.531543856465604,1.4442761835404323,ADJ,"NOUN: 0.53, ADJ: 0.29, VERB: 0.18",True,14,0,2.70805020110221
et,edilişin,VERB,VERB,0.021423477839648417,2.0747581498935594,AUX,"AUX: 0.33, ADP: 0.33, CCONJ: 0.23",True,260,0,5.564520407322694
hüzün,hüznünden,NOUN,NOUN,,,,,True,1,0,0.6931471805599453
kurtul,kurtulmak,VERB,VERB,,,,,True,10,0,2.3978952727983707
için,için,ADP,ADP,0.4371344784042817,1.7284041476856495,AUX,"ADP: 0.44, AUX: 0.27, CCONJ: 0.25",True,159,0,5.075173815233827
beden,bedenim,NOUN,NOUN,,,,,True,1,0,0.6931471805599453
deli,deli,ADJ,ADJ,,,,,False,0,0,0.0
ce,ce,ADP,ADP,,,,,True,32,0,3.4965075614664802
bir,bir,DET,DET,0.49958184875865663,1.6482580173109218,NUM,"DET: 0.50, NUM: 0.30, ADJ: 0.15",True,616,0,6.424869023905388
enerji,enerji,NOUN,NOUN,,,,,True,3,0,1.3862943611198906
harca,harcıyor,VERB,VERB,0.2594025877988388,1.9607641537500493,ADJ,"ADJ: 0.34, VERB: 0.26, NOUN: 0.21, ADV: 0.19",True,14,0,2.70805020110221
ve,ve,CCONJ,CCONJ,0.23925769350174309,2.411623002364367,NUM,"NUM: 0.34, CCONJ: 0.24, ADJ: 0.14, DET: 0.11, PRON: 0.09, PROPN: 0.06",True,359,0,5.886104031450156
ben,ben,PRON,PRON,0.614767428544865,1.6599914502896118,ADV,"PRON: 0.61, ADV: 0.21, CCONJ: 0.08, PROPN: 0.06",True,310,0,5.739792912179234
çılgın,çılgın,ADJ,ADJ,,,,,True,1,0,0.6931471805599453
ce,ca,ADP,ADP,,,,,True,32,0,3.4965075614664802
ora,oradan,NOUN,NOUN,0.06614595594686694,1.725004869700506,PRON,"PRON: 0.60, PROPN: 0.15, ADV: 0.12, NOUN: 0.07, ADJ: 0.06",True,29,0,3.4011973816621555
ora,oraya,NOUN,NOUN,0.06614595594686694,1.725004869700506,PRON,"PRON: 0.60, PROPN: 0.15, ADV: 0.12, NOUN: 0.07, ADJ: 0.06",True,29,0,3.4011973816621555
koş,koşturuyordum,VERB,VERB,0.7157210183187309,1.1118797468105879,NOUN,"VERB: 0.72, NOUN: 0.20, ADJ: 0.09",True,17,0,2.8903717578961645
.,.,PUNCT,PUNCT,,,,,True,3283,0,8.096817470572319
kız,Kız,ADJ,ADJ,0.08697606722257128,1.2687323826082555,NOUN,"NOUN: 0.60, PROPN: 0.31, ADJ: 0.09",True,72,0,4.290459441148391
akıl,aklımdan,NOUN,NOUN,0.5386672765526301,0.9956815746298321,ADJ,"NOUN: 0.54, ADJ: 0.46",True,31,0,3.4657359027997265
çık,çıkıp,VERB,VERB,1.0,0.0,,VERB: 1.00,True,80,0,4.394449154672439
git,gitmişti,VERB,VERB,1.0,0.0,,VERB: 1.00,True,116,0,4.762173934797756
.,.,PUNCT,PUNCT,,,,,True,3283,0,8.096817470572319
ara,Arada,ADJ,ADJ,0.45952551652597307,0.9952680248528016,NOUN,"NOUN: 0.54, ADJ: 0.46",True,73,0,4.30406509320417
",",",",PUNCT,PUNCT,,,,,True,2285,0,7.734558844354756
iş,işe,NOUN,NOUN,0.46442635400175103,1.4429440308933483,PRON,"NOUN: 0.46, PRON: 0.39, ADJ: 0.14",True,70,0,4.2626798770413155
git,gidip,VERB,VERB,1.0,0.0,,VERB: 1.00,True,116,0,4.762173934797756
bütün,bütün,ADJ,ADJ,0.1561306664363315,1.657842220698849,DET,"DET: 0.62, ADJ: 0.16, NUM: 0.10, CCONJ: 0.07, PROPN: 0.05",True,35,0,3.58351893845611
gazete,gazeteleri,NOUN,NOUN,0.2665356824564089,2.2563546832164114,PRON,"PRON: 0.28, NOUN: 0.27, PROPN: 0.17, ADJ: 0.15, ADV: 0.13",True,13,0,2.6390573296152584
oku,okuyup,VERB,VERB,1.0,0.0,,VERB: 1.00,True,29,0,3.4011973816621555
ajans,ajans,NOUN,NOUN,,,,,True,1,0,0.6931471805599453
haber,haberlerini,NOUN,NOUN,0.5432773143633932,1.42471049861644,PROPN,"NOUN: 0.54, PROPN: 0.29, ADJ: 0.16",True,29,0,3.4011973816621555
tara,tarayarak,VERB,VERB,,,,,False,0,0,0.0
",",",",PUNCT,PUNCT,,,,,True,2285,0,7.734558844354756
cinayet,cinayetleri,NOUN,NOUN,,,,,True,2,0,1.0986122886681098
çıkar,çıkarıyordum,VERB,VERB,1.0,0.0,,VERB: 1.00,True,34,0,3.5553480614894135
.,.,PUNCT,PUNCT,,,,,True,3283,0,8.096817470572319
şirket,Şirketin,NOUN,NOUN,0.778989845596717,0.7620077304439417,ADJ,"NOUN: 0.78, ADJ: 0.22",True,20,0,3.044522437723423
patron,patronu,NOUN,NOUN,,,,,True,1,0,0.6931471805599453
ol,olan,VERB,VERB,1.0,0.0,,VERB: 1.00,True,603,0,6.403574197934815
okul,okul,NOUN,NOUN,0.2139880437269205,1.2311670930831178,PRON,"PRON: 0.67, NOUN: 0.21, ADJ: 0.12",True,28,0,3.367295829986474
arkadaş,arkadaşım,NOUN,NOUN,0.6069614961121822,0.9667324334699345,ADJ,"NOUN: 0.61, ADJ: 0.39",True,20,0,3.044522437723423
her,her,DET,DET,0.5393270671644539,1.4044282159240997,NUM,"DET: 0.54, NUM: 0.36, ADJ: 0.09",True,91,0,4.5217885770490405
zaman,zaman,NOUN,NOUN,0.7768808568937368,0.7658222066504196,ADJ,"NOUN: 0.78, ADJ: 0.22",True,77,0,4.356708826689592
giy,giydiği,VERB,VERB,,,,,True,5,0,1.791759469228055
birbiri,birbirinin,PRON,PRON,0.6383125076461561,1.5385441389140795,ADV,"PRON: 0.64, ADV: 0.21, PROPN: 0.07, NOUN: 0.05",True,20,0,3.044522437723423
aynı,aynı,ADJ,ADJ,0.11957005345771128,1.4044471997085064,DET,"DET: 0.58, NUM: 0.29, ADJ: 0.12",True,44,0,3.8066624897703196
siyah,siyah,ADJ,ADJ,,,,,True,4,0,1.6094379124341003
takım,takım,NOUN,NOUN,,,,,True,7,0,2.0794415416798357
elbise,elbiseleri,NOUN,NOUN,,,,,True,2,0,1.0986122886681098
",",",",PUNCT,PUNCT,,,,,True,2285,0,7.734558844354756
inan,inanılmaz,VERB,VERB,1.0,0.0,,VERB: 1.00,True,23,0,3.1780538303479458
derece,derecede,ADV,ADV,,,,,False,0,0,0.0
parlak,parlak,ADJ,ADJ,,,,,False,0,0,0.0
kravat,kravatlarıyla,NOUN,NOUN,,,,,True,4,0,1.6094379124341003
öğlen,öğlen,NOUN,NOUN,,,,,True,1,0,0.6931471805599453
yemek,yemeğine,NOUN,NOUN,0.26741932950086694,2.120315689705492,PRON,"PRON: 0.30, NOUN: 0.27, ADJ: 0.21, PROPN: 0.19",True,23,0,3.1780538303479458
git,giderken,VERB,VERB,1.0,0.0,,VERB: 1.00,True,116,0,4.762173934797756
kapı,kapıdan,NOUN,NOUN,0.29229919585074965,1.974713495304894,PRON,"PRON: 0.30, NOUN: 0.29, ADJ: 0.21, PROPN: 0.19",True,22,0,3.1354942159291497
kafa,kafasını,NOUN,NOUN,0.11312777865829834,1.7506345330582818,PRON,"PRON: 0.60, ADV: 0.14, NOUN: 0.11, PROPN: 0.10, ADJ: 0.05",True,15,0,2.772588722239781
uza,uzatıp,VERB,VERB,1.0,0.0,,VERB: 1.00,True,22,0,3.1354942159291497
kaç,Kaç,ADJ,ADJ,,,,,True,6,0,1.9459101490553132
?,?,PUNCT,PUNCT,,,,,True,125,0,4.836281906951478
diye,diye,ADP,ADP,0.26515728248607623,2.352927457262911,AUX,"AUX: 0.34, ADP: 0.27, PRON: 0.15, CCONJ: 0.13",True,107,0,4.68213122712422
sor,soruyordu,VERB,VERB,1.0,0.0,,VERB: 1.00,True,49,0,3.912023005428146
",",",",PUNCT,PUNCT,,,,,True,2285,0,7.734558844354756
o,ona,PRON,PRON,0.5961784524857141,1.6538184960634559,ADV,"PRON: 0.60, ADV: 0.24, CCONJ: 0.07, PROPN: 0.05",True,264,0,5.579729825986222
o,o,DET,DET,0.6447660992254824,1.4376147671166477,NUM,"DET: 0.64, NUM: 0.18, ADJ: 0.13",True,113,0,4.736198448394496
an,ana,NOUN,NOUN,0.7767539182231282,0.7660506138585593,ADJ,"NOUN: 0.78, ADJ: 0.22",True,32,0,3.4965075614664802
kadar,kadar,ADP,ADP,0.3692723596113412,1.6932259529300686,AUX,"AUX: 0.42, ADP: 0.37, CCONJ: 0.17",True,105,0,4.663439094112067
oku,okuyup,VERB,VERB,1.0,0.0,,VERB: 1.00,True,29,0,3.4011973816621555
kaydet,kaydettiğim,VERB,VERB,0.726558632177668,0.8463595544531956,CCONJ,"VERB: 0.73, CCONJ: 0.27",True,11,0,2.4849066497880004
cinayet,cinayetlerin,NOUN,NOUN,,,,,True,2,0,1.0986122886681098
sayı,sayısını,NOUN,NOUN,,,,,True,5,0,1.791759469228055
söyle,söylüyordum,VERB,VERB,0.721528986702589,0.8533590847777625,CCONJ,"VERB: 0.72, CCONJ: 0.28",True,89,0,4.499809670330265
.,.,PUNCT,PUNCT,,,,,True,3283,0,8.096817470572319
akşam,Akşama,NOUN,NOUN,0.543237782580388,1.4254235433890245,PROPN,"NOUN: 0.54, PROPN: 0.29, ADJ: 0.16",True,13,0,2.6390573296152584
kadar,kadar,ADP,ADP,0.3692723596113412,1.6932259529300686,AUX,"AUX: 0.42, ADP: 0.37, CCONJ: 0.17",True,105,0,4.663439094112067
iki,iki,NUM,NUM,0.27698505514822225,1.5675874170394526,DET,"DET: 0.55, NUM: 0.28, ADJ: 0.13",True,83,0,4.430816798843313
fail,faili,ADJ,NOUN,,,,,False,0,1,0.0
meçhul,meçhul,ADJ,ADJ,,,,,False,0,0,0.0
gel,gelir,VERB,VERB,1.0,0.0,,VERB: 1.00,True,166,0,5.117993812416755
",",",",PUNCT,PUNCT,,,,,True,2285,0,7.734558844354756
en,en,ADV,ADV,0.22782607963906426,2.317896341903966,CCONJ,"CCONJ: 0.30, ADV: 0.23, PROPN: 0.21, ADJ: 0.14, PRON: 0.11",True,92,0,4.532599493153256
aşağı,aşağı,ADJ,ADJ,,,,,True,6,0,1.9459101490553132
iki,iki,NUM,NUM,0.27698505514822225,1.5675874170394526,DET,"DET: 0.55, NUM: 0.28, ADJ: 0.13",True,83,0,4.430816798843313
de,de,CCONJ,CCONJ,0.13783772654910434,1.6723904656042283,AUX,"AUX: 0.44, ADP: 0.38, CCONJ: 0.14",True,326,0,5.7899601708972535
aşk,aşk,NOUN,NOUN,0.14902600627145401,1.4092659347960323,NUM,"NUM: 0.55, ADJ: 0.31, NOUN: 0.15",True,11,0,2.4849066497880004
cinayet,cinayeti,NOUN,NOUN,,,,,True,2,0,1.0986122886681098
ol,olur,VERB,VERB,1.0,0.0,,VERB: 1.00,True,603,0,6.403574197934815
",",",",PUNCT,PUNCT,,,,,True,2285,0,7.734558844354756
bir,bir,NUM,ADV,0.3916735022215744,1.8552050660223744,DET,"DET: 0.40, NUM: 0.39, ADJ: 0.09, PROPN: 0.06, NOUN: 0.06",True,170,1,5.14166355650266
de,de,CCONJ,CCONJ,0.13783772654910434,1.6723904656042283,AUX,"AUX: 0.44, ADP: 0.38, CCONJ: 0.14",True,326,0,5.7899601708972535
hakaret,hakaretten,NOUN,NOUN,,,,,True,2,0,1.0986122886681098
çık,çıkar,VERB,VERB,1.0,0.0,,VERB: 1.00,True,80,0,4.394449154672439
",",",",PUNCT,PUNCT,,,,,True,2285,0,7.734558844354756
yani,yani,CCONJ,CCONJ,0.1511960876553542,1.9943093975910733,PRON,"PRON: 0.43, PROPN: 0.22, ADV: 0.17, CCONJ: 0.15",True,17,0,2.8903717578961645
en,en,ADV,ADV,0.22782607963906426,2.317896341903966,CCONJ,"CCONJ: 0.30, ADV: 0.23, PROPN: 0.21, ADJ: 0.14, PRON: 0.11",True,92,0,4.532599493153256
aşağı,aşağı,ADJ,ADJ,,,,,True,6,0,1.9459101490553132
yedi,yedi,NUM,NUM,,,,,True,10,0,2.3978952727983707
-,-,PUNCT,PUNCT,,,,,True,74,0,4.31748811353631
sekiz,sekiz,NUM,NUM,,,,,True,8,0,2.1972245773362196
cinayet,cinayet,NOUN,NOUN,,,,,True,2,0,1.0986122886681098
ol,olur,VERB,VERB,1.0,0.0,,VERB: 1.00,True,603,0,6.403574197934815
.,.,PUNCT,PUNCT,,,,,True,3283,0,8.096817470572319
dört,Dördü,NUM,NOUN,0.25712852477475157,1.4850692870721207,DET,"DET: 0.59, NUM: 0.26, ADJ: 0.11",True,15,1,2.772588722239781
öl,ölmüş,VERB,VERB,0.5682293006747299,1.4135799515431988,ADJ,"VERB: 0.57, ADJ: 0.24, NOUN: 0.19",True,39,0,3.6888794541139363
",",",",PUNCT,PUNCT,,,,,True,2285,0,7.734558844354756
demek,demek,ADV,ADV,,,,,True,1,0,0.6931471805599453
ki,ki,CCONJ,CCONJ,0.1806152397797589,1.9747454841180783,AUX,"AUX: 0.51, CCONJ: 0.18, ADP: 0.18, ADV: 0.07",True,81,0,4.406719247264253
şimdilik,şimdilik,ADV,ADV,,,,,False,0,0,0.0
bu,bu,DET,DET,0.6017857940157323,1.5300103231456785,NUM,"DET: 0.60, NUM: 0.20, ADJ: 0.15",True,350,0,5.860786223465865
akşam,akşama,NOUN,NOUN,0.543237782580388,1.4254235433890245,PROPN,"NOUN: 0.54, PROPN: 0.29, ADJ: 0.16",True,13,0,2.6390573296152584
kadar,kadar,ADP,ADP,0.3692723596113412,1.6932259529300686,AUX,"AUX: 0.42, ADP: 0.37, CCONJ: 0.17",True,105,0,4.663439094112067
vurul,vurulacağını,VERB,VERB,,,,,True,1,0,0.6931471805599453
bil,bilmeyen,VERB,VERB,0.6930942464089043,1.0036086273143747,CCONJ,"VERB: 0.69, CCONJ: 0.28",True,101,0,4.624972813284271
dört,dört,NUM,NUM,0.25712852477475157,1.4850692870721207,DET,"DET: 0.59, NUM: 0.26, ADJ: 0.11",True,15,0,2.772588722239781
müstakbel,müstakbel,ADJ,ADJ,,,,,True,1,0,0.6931471805599453
maktul,maktul,NOUN,NOUN,,,,,False,0,0,0.0
şu,şu,DET,DET,0.6473703379030218,1.4318787820731502,NUM,"DET: 0.65, NUM: 0.18, ADJ: 0.13",True,22,0,3.1354942159291497
sıra,sıralarda,NOUN,NOUN,0.21801908515437277,2.0406772673437534,PRON,"PRON: 0.45, NOUN: 0.22, PROPN: 0.14, ADV: 0.11, ADJ: 0.08",True,28,0,3.367295829986474
son,son,ADJ,ADJ,0.1777361734882735,2.377263529052741,DET,"DET: 0.32, CCONJ: 0.22, ADJ: 0.18, NUM: 0.16, PROPN: 0.08, NOUN: 0.05",True,59,0,4.0943445622221
yemek,yemeklerini,NOUN,NOUN,0.26741932950086694,2.120315689705492,PRON,"PRON: 0.30, NOUN: 0.27, ADJ: 0.21, PROPN: 0.19",True,23,0,3.1780538303479458
ye,yiyorlar,VERB,VERB,0.31499665175351066,0.8988572844523286,AUX,"AUX: 0.69, VERB: 0.31",True,26,0,3.295836866004329
.,.,PUNCT,PUNCT,,,,,True,3283,0,8.096817470572319
her,Her,DET,DET,0.5393270671644539,1.4044282159240997,NUM,"DET: 0.54, NUM: 0.36, ADJ: 0.09",True,91,0,4.5217885770490405
sefer,seferinde,NOUN,NOUN,0.7797630355647779,0.7605999570704445,ADJ,"NOUN: 0.78, ADJ: 0.22",True,13,0,2.6390573296152584
surat,suratını,NOUN,NOUN,,,,,False,0,0,0.0
şaşır,şaşırmış,VERB,VERB,,,,,True,5,0,1.791759469228055
gibi,gibi,ADP,ADP,0.36045769630430313,1.8400611893764562,AUX,"ADP: 0.36, AUX: 0.30, CCONJ: 0.28",True,145,0,4.983606621708336
buruş,buruşturup,VERB,VERB,,,,,True,1,0,0.6931471805599453
iyi,İyi,ADJ,ADJ,0.03291619485831978,1.0997597953020077,PRON,"PRON: 0.75, ADV: 0.18",True,58,0,4.07753744390572
",",",",PUNCT,PUNCT,,,,,True,2285,0,7.734558844354756
de,derdi,VERB,VERB,0.7089626585740004,0.8700574815901702,CCONJ,"VERB: 0.71, CCONJ: 0.29",True,295,0,5.69035945432406
.,.,PUNCT,PUNCT,,,,,True,3283,0,8.096817470572319
ne,Neye,PRON,PRON,0.657373909218341,1.5595369645973152,PROPN,"PRON: 0.66, PROPN: 0.14, ADV: 0.11, NOUN: 0.06",True,98,0,4.59511985013459
iyi,iyi,ADJ,ADJ,0.03291619485831978,1.0997597953020077,PRON,"PRON: 0.75, ADV: 0.18",True,58,0,4.07753744390572
de,dediğini,VERB,VERB,0.7089626585740004,0.8700574815901702,CCONJ,"VERB: 0.71, CCONJ: 0.29",True,295,0,5.69035945432406
hiç,hiç,ADV,ADV,0.14829755248371262,1.3987334442647599,PRON,"PRON: 0.70, ADV: 0.15, PROPN: 0.06",True,45,0,3.828641396489095
anla,anlayamadım,VERB,VERB,1.0,0.0,,VERB: 1.00,True,44,0,3.8066624897703196
.,.,PUNCT,PUNCT,,,,,True,3283,0,8.096817470572319
cinayet,Cinayetlerin,NOUN,NOUN,,,,,True,2,0,1.0986122886681098
sayı,sayısının,NOUN,NOUN,,,,,True,5,0,1.791759469228055
art,artmasından,VERB,VERB,,,,,True,7,0,2.0794415416798357
mi,mı,AUX,AUX,0.49179730733219285,1.8739792138931677,CCONJ,"AUX: 0.49, CCONJ: 0.24, ADP: 0.18, ADV: 0.05",True,112,0,4.727387818712341
hoşnut,hoşnut,ADJ,ADV,,,,,True,1,1,0.6931471805599453
i,tu,AUX,AUX,0.47697018772995686,1.861138213598426,ADP,"AUX: 0.48, ADP: 0.26, CCONJ: 0.18, PROPN: 0.06",True,546,0,6.304448802421981
",",",",PUNCT,PUNCT,,,,,True,2285,0,7.734558844354756
yok,yok,ADJ,ADJ,0.19004932758774726,1.3228686251346322,VERB,"VERB: 0.63, ADJ: 0.19, ADV: 0.18",True,51,0,3.9512437185814275
i,sa,AUX,AUX,0.47697018772995686,1.861138213598426,ADP,"AUX: 0.48, ADP: 0.26, CCONJ: 0.18, PROPN: 0.06",True,546,0,6.304448802421981
daha,daha,ADV,ADV,0.16216742905437215,2.279909832774521,PRON,"PRON: 0.30, CCONJ: 0.27, PROPN: 0.19, ADV: 0.16",True,127,0,4.852030263919617
fazla,fazla,ADJ,ADV,,,,,True,6,1,1.9459101490553132
cinayet,cinayet,NOUN,NOUN,,,,,True,2,0,1.0986122886681098
olacak,olacağından,ADJ,VERB,0.11600682008236941,0.8841241031373779,NOUN,"NOUN: 0.81, ADJ: 0.12, VERB: 0.07",True,12,1,2.5649493574615367
kork,korkuyordu,VERB,VERB,0.7024999203136083,0.8782135140153221,CCONJ,"VERB: 0.70, CCONJ: 0.30",True,19,0,2.995732273553991
da,da,CCONJ,CCONJ,0.13730810580889885,1.6721173968196932,AUX,"AUX: 0.44, ADP: 0.38, CCONJ: 0.14",True,275,0,5.62040086571715
sayı,sayının,NOUN,NOUN,,,,,True,5,0,1.791759469228055
bekle,beklediğinden,VERB,VERB,0.7047743026417859,0.8753762910019542,CCONJ,"VERB: 0.70, CCONJ: 0.30",True,27,0,3.332204510175204
az,az,ADV,ADJ,,,,,True,8,1,2.1972245773362196
çık,çıkmasına,VERB,VERB,1.0,0.0,,VERB: 1.00,True,80,0,4.394449154672439
mi,mı,AUX,AUX,0.49179730733219285,1.8739792138931677,CCONJ,"AUX: 0.49, CCONJ: 0.24, ADP: 0.18, ADV: 0.05",True,112,0,4.727387818712341
sevin,seviniyordu,VERB,VERB,,,,,True,10,0,2.3978952727983707
",",",",PUNCT,PUNCT,,,,,True,2285,0,7.734558844354756
bu,bunu,PRON,PRON,0.7006788109102466,1.3923524752663319,ADV,"PRON: 0.70, ADV: 0.14, CCONJ: 0.09, NOUN: 0.05",True,171,0,5.147494476813453
hiç,hiç,ADV,ADV,0.14829755248371262,1.3987334442647599,PRON,"PRON: 0.70, ADV: 0.15, PROPN: 0.06",True,45,0,3.828641396489095
öğren,öğrenemedim,VERB,VERB,0.7135740700319955,0.8640595219339143,CCONJ,"VERB: 0.71, CCONJ: 0.29",True,22,0,3.1354942159291497
.,.,PUNCT,PUNCT,,,,,True,3283,0,8.096817470572319
kendi,Kendimi,PRON,PRON,0.6796575105452602,1.4263748283851931,ADV,"PRON: 0.68, ADV: 0.19, PROPN: 0.06",True,126,0,4.844187086458591
katil,katilin,ADJ,ADJ,,,,,False,0,0,0.0
yer,yerine,NOUN,NOUN,0.6105573897718891,0.964438903111094,ADJ,"NOUN: 0.61, ADJ: 0.39",True,111,0,4.718498871295094
koy,koyardım,VERB,VERB,1.0,0.0,,VERB: 1.00,True,23,0,3.1780538303479458
",",",",PUNCT,PUNCT,,,,,True,2285,0,7.734558844354756
o,onun,PRON,PRON,0.5961784524857141,1.6538184960634559,ADV,"PRON: 0.60, ADV: 0.24, CCONJ: 0.07, PROPN: 0.05",True,264,0,5.579729825986222
o,o,PRON,PRON,0.5961784524857141,1.6538184960634559,ADV,"PRON: 0.60, ADV: 0.24, CCONJ: 0.07, PROPN: 0.05",True,264,0,5.579729825986222
son,son,ADJ,ADJ,0.1777361734882735,2.377263529052741,DET,"DET: 0.32, CCONJ: 0.22, ADJ: 0.18, NUM: 0.16, PROPN: 0.08, NOUN: 0.05",True,59,0,4.0943445622221
an,anda,NOUN,NOUN,0.7767539182231282,0.7660506138585593,ADJ,"NOUN: 0.78, ADJ: 0.22",True,32,0,3.4965075614664802
",",",",PUNCT,PUNCT,,,,,True,2285,0,7.734558844354756
tetik,tetiği,ADJ,ADJ,,,,,True,1,0,0.6931471805599453
tam,tam,ADV,ADV,,,,,True,9,0,2.302585092994046
çek,çekerken,VERB,VERB,0.5799102140104834,1.4728643172157725,CCONJ,"VERB: 0.58, CCONJ: 0.26, ADV: 0.14",True,40,0,3.713572066704308
ne,neler,PRON,PRON,0.657373909218341,1.5595369645973152,PROPN,"PRON: 0.66, PROPN: 0.14, ADV: 0.11, NOUN: 0.06",True,98,0,4.59511985013459
hisset,hissettiğini,VERB,VERB,0.7158765697562461,0.8610086165807805,CCONJ,"VERB: 0.72, CCONJ: 0.28",True,13,0,2.6390573296152584
anla,anlamaya,VERB,VERB,1.0,0.0,,VERB: 1.00,True,44,0,3.8066624897703196
çalış,çalışırdım,VERB,VERB,0.650530576282453,1.1285592750273743,CCONJ,"VERB: 0.65, CCONJ: 0.30",True,64,0,4.174387269895637
.,.,PUNCT,PUNCT,,,,,True,3283,0,8.096817470572319
boş,Boş,ADJ,ADJ,,,,,True,5,0,1.791759469228055
zaman,zamanlarımda,NOUN,NOUN,0.7768808568937368,0.7658222066504196,ADJ,"NOUN: 0.78, ADJ: 0.22",True,77,0,4.356708826689592
bazen,bazen,ADV,ADV,,,,,True,5,0,1.791759469228055
cinayet,cinayetlerin,NOUN,NOUN,,,,,True,2,0,1.0986122886681098
işle,işlendiği,VERB,VERB,,,,,True,9,0,2.302585092994046
yer,yerlerde,NOUN,NOUN,0.6105573897718891,0.964438903111094,ADJ,"NOUN: 0.61, ADJ: 0.39",True,111,0,4.718498871295094
dolaş,dolaşıp,VERB,VERB,0.7164036002470938,1.0680650298299488,ADJ,"VERB: 0.72, ADJ: 0.23, NOUN: 0.06",True,14,0,2.70805020110221
çevre,çevreye,NOUN,NOUN,,,,,True,4,0,1.6094379124341003
bakın,bakınır,VERB,VERB,,,,,False,0,0,0.0
",",",",PUNCT,PUNCT,,,,,True,2285,0,7.734558844354756
cinayet,cinayet,NOUN,NOUN,,,,,True,2,0,1.0986122886681098
an,anını,NOUN,NOUN,0.7767539182231282,0.7660506138585593,ADJ,"NOUN: 0.78, ADJ: 0.22",True,32,0,3.4965075614664802
göz,gözümde,NOUN,NOUN,0.48581680668839844,1.5108829755725355,PROPN,"NOUN: 0.49, PROPN: 0.28, ADJ: 0.24",True,49,0,3.912023005428146
canlan,canlandırmaya,VERB,VERB,,,,,True,2,0,1.0986122886681098
uğraş,uğraşırdım,VERB,VERB,,,,,True,3,0,1.3862943611198906
.,.,PUNCT,PUNCT,,,,,True,3283,0,8.096817470572319
cinayet,Cinayet,NOUN,NOUN,,,,,True,2,0,1.0986122886681098
haber,haberleriyle,NOUN,NOUN,0.5432773143633932,1.42471049861644,PROPN,"NOUN: 0.54, PROPN: 0.29, ADJ: 0.16",True,29,0,3.4011973816621555
",",",",PUNCT,PUNCT,,,,,True,2285,0,7.734558844354756
parçala,parçalanmış,VERB,VERB,,,,,True,5,0,1.791759469228055
seviş,sevişmelerle,VERB,NOUN,,,,,True,9,1,2.302585092994046
",",",",PUNCT,PUNCT,,,,,True,2285,0,7.734558844354756
terk,terk,NOUN,NOUN,0.531543856465604,1.4442761835404323,ADJ,"NOUN: 0.53, ADJ: 0.29, VERB: 0.18",True,14,0,2.70805020110221
et,edilmenin,VERB,VERB,0.021423477839648417,2.0747581498935594,AUX,"AUX: 0.33, ADP: 0.33, CCONJ: 0.23",True,260,0,5.564520407322694
acı,acısını,ADJ,ADJ,0.3103537033349995,0.8935813262787496,NOUN,"NOUN: 0.69, ADJ: 0.31",True,15,0,2.772588722239781
unut,unutmaya,VERB,VERB,,,,,True,7,0,2.0794415416798357
çalış,çalışıyordum,VERB,VERB,0.650530576282453,1.1285592750273743,CCONJ,"VERB: 0.65, CCONJ: 0.30",True,64,0,4.174387269895637
;,;,PUNCT,PUNCT,,,,,True,84,0,4.442651256490317
hayat,hayatımda,NOUN,NOUN,0.23617296238770852,1.163013823457567,PRON,"PRON: 0.68, NOUN: 0.24, ADJ: 0.08",True,32,0,3.4965075614664802
hiçbir,hiçbir,DET,DET,0.5590022920065886,1.4972751375281939,NUM,"DET: 0.56, NUM: 0.32, ADJ: 0.08",True,17,0,2.8903717578961645
teselli,teselli,NOUN,NOUN,,,,,False,0,0,0.0
yok,yok,ADV,ADV,0.0,0.6417583248544891,VERB,"VERB: 0.84, ADJ: 0.16",True,39,0,3.6888794541139363
i,tu,AUX,AUX,0.47697018772995686,1.861138213598426,ADP,"AUX: 0.48, ADP: 0.26, CCONJ: 0.18, PROPN: 0.06",True,546,0,6.304448802421981
;,;,PUNCT,PUNCT,,,,,True,84,0,4.442651256490317
kitap,kitaplarım,NOUN,NOUN,0.6850583247487054,0.8987956580835269,ADJ,"NOUN: 0.69, ADJ: 0.31",True,16,0,2.833213344056216
başarısız,başarısız,ADJ,ADJ,,,,,False,0,0,0.0
ol,olmuş,VERB,VERB,1.0,0.0,,VERB: 1.00,True,603,0,6.403574197934815
",",",",PUNCT,PUNCT,,,,,True,2285,0,7.734558844354756
aşk,aşk,NOUN,NOUN,0.14902600627145401,1.4092659347960323,NUM,"NUM: 0.55, ADJ: 0.31, NOUN: 0.15",True,11,0,2.4849066497880004
macera,maceram,NOUN,NOUN,,,,,False,0,0,0.0
tam,tam,ADV,ADV,,,,,True,9,0,2.302585092994046
bir,bir,DET,DET,0.49958184875865663,1.6482580173109218,NUM,"DET: 0.50, NUM: 0.30, ADJ: 0.15",True,616,0,6.424869023905388
acı,acıyla,ADJ,ADJ,0.3103537033349995,0.8935813262787496,NOUN,"NOUN: 0.69, ADJ: 0.31",True,15,0,2.772588722239781
son,sona,ADJ,ADJ,0.1777361734882735,2.377263529052741,DET,"DET: 0.32, CCONJ: 0.22, ADJ: 0.18, NUM: 0.16, PROPN: 0.08, NOUN: 0.05",True,59,0,4.0943445622221
er,ermişti,VERB,VERB,,,,,True,2,0,1.0986122886681098
.,.,PUNCT,PUNCT,,,,,True,3283,0,8.096817470572319
iç,İçinde,ADJ,ADJ,0.5266476463656918,0.9979501219428724,NOUN,"ADJ: 0.53, NOUN: 0.47",True,71,0,4.276666119016055
cinayet,cinayet,NOUN,NOUN,,,,,True,2,0,1.0986122886681098
ol,olmayan,VERB,VERB,1.0,0.0,,VERB: 1.00,True,603,0,6.403574197934815
bir,bir,DET,DET,0.49958184875865663,1.6482580173109218,NUM,"DET: 0.50, NUM: 0.30, ADJ: 0.15",True,616,0,6.424869023905388
cinayet,cinayet,NOUN,NOUN,,,,,True,2,0,1.0986122886681098
roman,romanı,NOUN,NOUN,,,,,True,2,0,1.0986122886681098
yaz,yazmayı,VERB,VERB,1.0,0.0,,VERB: 1.00,True,35,0,3.58351893845611
düşün,düşünüyordum,VERB,VERB,0.7113540833748332,0.8669656577665865,CCONJ,"VERB: 0.71, CCONJ: 0.29",True,61,0,4.127134385045092
.,.,PUNCT,PUNCT,,,,,True,3283,0,8.096817470572319
üstelik,Üstelik,ADV,ADV,,,,,True,5,0,1.791759469228055
",",",",PUNCT,PUNCT,,,,,True,2285,0,7.734558844354756
cinayet,cinayet,NOUN,NOUN,,,,,True,2,0,1.0986122886681098
siz,siz,ADP,ADP,0.3340274831620072,2.1348321686976823,AUX,"ADP: 0.33, AUX: 0.31, CCONJ: 0.24",True,28,0,3.367295829986474
bir,bir,DET,DET,0.49958184875865663,1.6482580173109218,NUM,"DET: 0.50, NUM: 0.30, ADJ: 0.15",True,616,0,6.424869023905388
cinayet,cinayet,NOUN,NOUN,,,,,True,2,0,1.0986122886681098
roman,romanı,NOUN,NOUN,,,,,True,2,0,1.0986122886681098
",",",",PUNCT,PUNCT,,,,,True,2285,0,7.734558844354756
romancı,romancı,NOUN,NOUN,,,,,False,0,0,0.0
ol,olduğunu,VERB,VERB,1.0,0.0,,VERB: 1.00,True,603,0,6.403574197934815
kimse,kimsenin,NOUN,NOUN,0.030071231212396455,1.645199013552493,PRON,"PRON: 0.54, ADV: 0.26, CCONJ: 0.16",True,22,0,3.1354942159291497
bil,bilmediği,VERB,VERB,0.6930942464089043,1.0036086273143747,CCONJ,"VERB: 0.69, CCONJ: 0.28",True,101,0,4.624972813284271
bir,bir,DET,DET,0.49958184875865663,1.6482580173109218,NUM,"DET: 0.50, NUM: 0.30, ADJ: 0.15",True,616,0,6.424869023905388
romancı,romancı,NOUN,NOUN,,,,,False,0,0,0.0
için,için,ADP,ADP,0.4371344784042817,1.7284041476856495,AUX,"ADP: 0.44, AUX: 0.27, CCONJ: 0.25",True,159,0,5.075173815233827
de,de,CCONJ,CCONJ,0.13783772654910434,1.6723904656042283,AUX,"AUX: 0.44, ADP: 0.38, CCONJ: 0.14",True,326,0,5.7899601708972535
uygun,uygun,ADJ,ADJ,,,,,True,9,0,2.302585092994046
bir,bir,DET,DET,0.49958184875865663,1.6482580173109218,NUM,"DET: 0.50, NUM: 0.30, ADJ: 0.15",True,616,0,6.424869023905388
konu,konu,NOUN,NOUN,0.7783535075459214,0.7631625742520879,ADJ,"NOUN: 0.78, ADJ: 0.22",True,51,0,3.9512437185814275
i,ydu,AUX,AUX,0.47697018772995686,1.861138213598426,ADP,"AUX: 0.48, ADP: 0.26, CCONJ: 0.18, PROPN: 0.06",True,546,0,6.304448802421981
ben,bence,PRON,PRON,0.614767428544865,1.6599914502896118,ADV,"PRON: 0.61, ADV: 0.21, CCONJ: 0.08, PROPN: 0.06",True,310,0,5.739792912179234
.,.,PUNCT,PUNCT,,,,,True,3283,0,8.096817470572319
-,-,PUNCT,PUNCT,,,,,True,74,0,4.31748811353631
kaçıncı,Kaçıncı,ADJ,ADJ,,,,,False,0,0,0.0
kat,kata,NOUN,NOUN,,,,,True,6,0,1.9459101490553132
çık,çıkıyorsun,VERB,VERB,1.0,0.0,,VERB: 1.00,True,80,0,4.394449154672439
.,.,PUNCT,PUNCT,,,,,True,3283,0,8.096817470572319
bir,Bir,DET,DET,0.49958184875865663,1.6482580173109218,NUM,"DET: 0.50, NUM: 0.30, ADJ: 0.15",True,616,0,6.424869023905388
sır,sır,ADV,ADV,,,,,False,0,0,0.0
ver,verir,VERB,VERB,1.0,0.0,,VERB: 1.00,True,138,0,4.9344739331306915
gibi,gibi,ADP,ADP,0.36045769630430313,1.8400611893764562,AUX,"ADP: 0.36, AUX: 0.30, CCONJ: 0.28",True,145,0,4.983606621708336
isteksiz,isteksiz,ADJ,ADJ,,,,,False,0,0,0.0
ce,ce,ADP,ADP,,,,,True,32,0,3.4965075614664802
üç,Üç,NUM,NUM,0.19830835997211554,1.9502238270590824,DET,"DET: 0.50, NUM: 0.20, ADJ: 0.14, PROPN: 0.10, CCONJ: 0.07",True,28,0,3.367295829986474
",",",",PUNCT,PUNCT,,,,,True,2285,0,7.734558844354756
de,demişti,VERB,VERB,0.7089626585740004,0.8700574815901702,CCONJ,"VERB: 0.71, CCONJ: 0.29",True,295,0,5.69035945432406
.,.,PUNCT,PUNCT,,,,,True,3283,0,8.096817470572319
el,Elinde,NOUN,NOUN,0.685323078074829,0.8984985975836332,ADJ,"NOUN: 0.69, ADJ: 0.31",True,81,0,4.406719247264253
kağıt,kağıtlar,ADJ,ADJ,,,,,True,4,0,1.6094379124341003
tut,tutuyordu,VERB,VERB,1.0,0.0,,VERB: 1.00,True,29,0,3.4011973816621555
.,.,PUNCT,PUNCT,,,,,True,3283,0,8.096817470572319
-,-,PUNCT,PUNCT,,,,,True,74,0,4.31748811353631
bu,Bu,DET,DET,0.6017857940157323,1.5300103231456785,NUM,"DET: 0.60, NUM: 0.20, ADJ: 0.15",True,350,0,5.860786223465865
kağıt,kağıtlar,ADJ,ADJ,,,,,True,4,0,1.6094379124341003
ne,ne,PRON,PRON,0.657373909218341,1.5595369645973152,PROPN,"PRON: 0.66, PROPN: 0.14, ADV: 0.11, NOUN: 0.06",True,98,0,4.59511985013459
",",",",PUNCT,PUNCT,,,,,True,2285,0,7.734558844354756
ders,ders,NOUN,NOUN,,,,,True,4,0,1.6094379124341003
mi,mi,AUX,AUX,0.49179730733219285,1.8739792138931677,CCONJ,"AUX: 0.49, CCONJ: 0.24, ADP: 0.18, ADV: 0.05",True,112,0,4.727387818712341
.,.,PUNCT,PUNCT,,,,,True,3283,0,8.096817470572319
-,-,PUNCT,PUNCT,,,,,True,74,0,4.31748811353631
hayır,Hayır,NOUN,NOUN,,,,,True,5,0,1.791759469228055
",",",",PUNCT,PUNCT,,,,,True,2285,0,7.734558844354756
bir,bir,DET,DET,0.49958184875865663,1.6482580173109218,NUM,"DET: 0.50, NUM: 0.30, ADJ: 0.15",True,616,0,6.424869023905388
çizgi,çizgi,NOUN,NOUN,,,,,True,2,0,1.0986122886681098
-,-,PUNCT,PUNCT,,,,,True,74,0,4.31748811353631
roman,roman,NOUN,NOUN,,,,,True,2,0,1.0986122886681098
kahraman,kahramanının,ADJ,ADJ,,,,,False,0,0,0.0
hayat,hayatını,NOUN,NOUN,0.23617296238770852,1.163013823457567,PRON,"PRON: 0.68, NOUN: 0.24, ADJ: 0.08",True,32,0,3.4965075614664802
yaz,yazıyorum,VERB,VERB,1.0,0.0,,VERB: 1.00,True,35,0,3.58351893845611
.,.,PUNCT,PUNCT,,,,,True,3283,0,8.096817470572319
-,-,PUNCT,PUNCT,,,,,True,74,0,4.31748811353631
çiz,Çiziyor,VERB,VERB,,,,,True,4,0,1.6094379124341003
mi,musun,AUX,AUX,0.49179730733219285,1.8739792138931677,CCONJ,"AUX: 0.49, CCONJ: 0.24, ADP: 0.18, ADV: 0.05",True,112,0,4.727387818712341
yani,yani,CCONJ,CCONJ,0.1511960876553542,1.9943093975910733,PRON,"PRON: 0.43, PROPN: 0.22, ADV: 0.17, CCONJ: 0.15",True,17,0,2.8903717578961645
.,.,PUNCT,PUNCT,,,,,True,3283,0,8.096817470572319
aptallık,Aptallığıma,NOUN,NOUN,,,,,False,0,0,0.0
şaşır,şaşırdığını,VERB,VERB,,,,,True,5,0,1.791759469228055
belli,belli,ADJ,ADJ,0.1552551369395006,1.9247260843151064,PRON,"PRON: 0.53, ADJ: 0.16, NOUN: 0.12, PROPN: 0.11, ADV: 0.08",True,12,0,2.5649493574615367
et,eden,VERB,VERB,0.021423477839648417,2.0747581498935594,AUX,"AUX: 0.33, ADP: 0.33, CCONJ: 0.23",True,260,0,5.564520407322694
bir,bir,DET,DET,0.49958184875865663,1.6482580173109218,NUM,"DET: 0.50, NUM: 0.30, ADJ: 0.15",True,616,0,6.424869023905388
şekil,şekilde,ADV,ADV,,,,,False,0,0,0.0
yüz,yüzünü,NOUN,NOUN,0.4177442495739065,0.9803883989493742,ADJ,"ADJ: 0.58, NOUN: 0.42",True,30,0,3.4339872044851463
buruş,buruşturdu,VERB,VERB,,,,,True,1,0,0.6931471805599453
.,.,PUNCT,PUNCT,,,,,True,3283,0,8.096817470572319
-,-,PUNCT,PUNCT,,,,,True,74,0,4.31748811353631
hayır,Hayır,NOUN,NOUN,,,,,True,5,0,1.791759469228055
",",",",PUNCT,PUNCT,,,,,True,2285,0,7.734558844354756
yaz,yazıyorum,VERB,VERB,1.0,0.0,,VERB: 1.00,True,35,0,3.58351893845611
.,.,PUNCT,PUNCT,,,,,True,3283,0,8.096817470572319
-,-,PUNCT,PUNCT,,,,,True,74,0,4.31748811353631
niye,Niye,ADV,ADV,,,,,True,10,0,2.3978952727983707
çizgi,çizgi,NOUN,NOUN,,,,,True,2,0,1.0986122886681098
-,-,PUNCT,PUNCT,,,,,True,74,0,4.31748811353631
roman,roman,NOUN,NOUN,,,,,True,2,0,1.0986122886681098
kahraman,kahramanının,ADJ,ADJ,,,,,False,0,0,0.0
hayat,hayatını,NOUN,NOUN,0.23617296238770852,1.163013823457567,PRON,"PRON: 0.68, NOUN: 0.24, ADJ: 0.08",True,32,0,3.4965075614664802
yaz,yazıyorsun,VERB,VERB,1.0,0.0,,VERB: 1.00,True,35,0,3.58351893845611
peki,peki,ADV,ADV,,,,,True,8,0,2.1972245773362196
",",",",PUNCT,PUNCT,,,,,True,2285,0,7.734558844354756
çizgi,çizgi,NOUN,NOUN,,,,,True,2,0,1.0986122886681098
-,-,PUNCT,PUNCT,,,,,True,74,0,4.31748811353631
roman,roman,NOUN,NOUN,,,,,True,2,0,1.0986122886681098
kahraman,kahramanının,ADJ,ADJ,,,,,False,0,0,0.0
çiz,çizilmesi,VERB,VERB,,,,,True,4,0,1.6094379124341003
gerek,gerekmez,VERB,VERB,0.5748381538387066,1.4766281055453563,CCONJ,"VERB: 0.57, CCONJ: 0.30, NOUN: 0.07, ADJ: 0.06",True,47,0,3.871201010907891
mi,mi,AUX,AUX,0.49179730733219285,1.8739792138931677,CCONJ,"AUX: 0.49, CCONJ: 0.24, ADP: 0.18, ADV: 0.05",True,112,0,4.727387818712341
.,.,PUNCT,PUNCT,,,,,True,3283,0,8.096817470572319
dur,Durdu,VERB,VERB,1.0,0.0,,VERB: 1.00,True,27,0,3.332204510175204
.,.,PUNCT,PUNCT,,,,,True,3283,0,8.096817470572319
-,-,PUNCT,PUNCT,,,,,True,74,0,4.31748811353631
ben,Ben,PRON,PRON,0.614767428544865,1.6599914502896118,ADV,"PRON: 0.61, ADV: 0.21, CCONJ: 0.08, PROPN: 0.06",True,310,0,5.739792912179234
çiz,çizmiyorum,VERB,VERB,,,,,True,4,0,1.6094379124341003
",",",",PUNCT,PUNCT,,,,,True,2285,0,7.734558844354756
yaz,yazıyorum,VERB,VERB,1.0,0.0,,VERB: 1.00,True,35,0,3.58351893845611
.,.,PUNCT,PUNCT,,,,,True,3283,0,8.096817470572319
-,-,PUNCT,PUNCT,,,,,True,74,0,4.31748811353631
niye,Niye,ADV,ADV,,,,,True,10,0,2.3978952727983707
çizgi,çizgi,NOUN,NOUN,,,,,True,2,0,1.0986122886681098
-,-,PUNCT,PUNCT,,,,,True,74,0,4.31748811353631
roman,roman,NOUN,NOUN,,,,,True,2,0,1.0986122886681098
kahraman,kahramanı,ADJ,ADJ,,,,,False,0,0,0.0
o,o,DET,DET,0.6447660992254824,1.4376147671166477,NUM,"DET: 0.64, NUM: 0.18, ADJ: 0.13",True,113,0,4.736198448394496
zaman,zaman,NOUN,NOUN,0.7768808568937368,0.7658222066504196,ADJ,"NOUN: 0.78, ADJ: 0.22",True,77,0,4.356708826689592
.,.,PUNCT,PUNCT,,,,,True,3283,0,8.096817470572319
gene,Gene,ADV,ADV,,,,,True,7,0,2.0794415416798357
dur,durdu,VERB,VERB,1.0,0.0,,VERB: 1.00,True,27,0,3.332204510175204
",",",",PUNCT,PUNCT,,,,,True,2285,0,7.734558844354756
sıkıl,sıkılmıştı,VERB,VERB,,,,,True,6,0,1.9459101490553132
.,.,PUNCT,PUNCT,,,,,True,3283,0,8.096817470572319
-,-,PUNCT,PUNCT,,,,,True,74,0,4.31748811353631
çünkü,Çünkü,CCONJ,CCONJ,0.28720708993411687,1.8754575576945738,PRON,"PRON: 0.41, CCONJ: 0.29, ADV: 0.23, PROPN: 0.05",True,28,0,3.367295829986474
çizgi,çizgi,NOUN,NOUN,,,,,True,2,0,1.0986122886681098
-,-,PUNCT,PUNCT,,,,,True,74,0,4.31748811353631
roman,roman,NOUN,NOUN,,,,,True,2,0,1.0986122886681098
kahraman,kahramanı,ADJ,ADJ,,,,,False,0,0,0.0
.,.,PUNCT,PUNCT,,,,,True,3283,0,8.096817470572319
-,-,PUNCT,PUNCT,,,,,True,74,0,4.31748811353631
bir,Bir,DET,DET,0.49958184875865663,1.6482580173109218,NUM,"DET: 0.50, NUM: 0.30, ADJ: 0.15",True,616,0,6.424869023905388
yer,yerden,NOUN,NOUN,0.6105573897718891,0.964438903111094,ADJ,"NOUN: 0.61, ADJ: 0.39",True,111,0,4.718498871295094
mi,mi,AUX,AUX,0.49179730733219285,1.8739792138931677,CCONJ,"AUX: 0.49, CCONJ: 0.24, ADP: 0.18, ADV: 0.05",True,112,0,4.727387818712341
bak,bakıp,VERB,VERB,1.0,0.0,,VERB: 1.00,True,85,0,4.454347296253507
yaz,yazıyorsun,VERB,VERB,1.0,0.0,,VERB: 1.00,True,35,0,3.58351893845611
.,.,PUNCT,PUNCT,,,,,True,3283,0,8.096817470572319
-,-,PUNCT,PUNCT,,,,,True,74,0,4.31748811353631
hayır,Hayır,NOUN,NOUN,,,,,True,5,0,1.791759469228055
kendi,kendim,PRON,PRON,0.6796575105452602,1.4263748283851931,ADV,"PRON: 0.68, ADV: 0.19, PROPN: 0.06",True,126,0,4.844187086458591
yaz,yazıyorum,VERB,VERB,1.0,0.0,,VERB: 1.00,True,35,0,3.58351893845611
.,.,PUNCT,PUNCT,,,,,True,3283,0,8.096817470572319
-,-,PUNCT,PUNCT,,,,,True,74,0,4.31748811353631
uy,Uydurma,VERB,VERB,,,,,True,9,0,2.302585092994046
mi,mı,AUX,AUX,0.49179730733219285,1.8739792138931677,CCONJ,"AUX: 0.49, CCONJ: 0.24, ADP: 0.18, ADV: 0.05",True,112,0,4.727387818712341
yani,yani,CCONJ,CCONJ,0.1511960876553542,1.9943093975910733,PRON,"PRON: 0.43, PROPN: 0.22, ADV: 0.17, CCONJ: 0.15",True,17,0,2.8903717578961645
.,.,PUNCT,PUNCT,,,,,True,3283,0,8.096817470572319
gerçek,Gerçek,ADJ,ADJ,0.4623612727439735,0.9959084741375528,NOUN,"NOUN: 0.54, ADJ: 0.46",True,27,0,3.332204510175204
bir,bir,DET,DET,0.49958184875865663,1.6482580173109218,NUM,"DET: 0.50, NUM: 0.30, ADJ: 0.15",True,616,0,6.424869023905388
edebiyatçı,edebiyatçı,NOUN,NOUN,,,,,True,1,0,0.6931471805599453
ol,olduğunu,VERB,VERB,1.0,0.0,,VERB: 1.00,True,603,0,6.403574197934815
tek,tek,ADJ,ADJ,0.08443640996211106,1.3149620958284147,DET,"DET: 0.53, NUM: 0.38, ADJ: 0.08",True,31,0,3.4657359027997265
sözcük,sözcükle,NOUN,NOUN,0.6078995193599482,0.966141693155228,ADJ,"NOUN: 0.61, ADJ: 0.39",True,11,0,2.4849066497880004
açıkla,açıkladı,VERB,VERB,0.6854106191249645,1.0179476719488185,CCONJ,"VERB: 0.69, CCONJ: 0.29",True,16,0,2.833213344056216
.,.,PUNCT,PUNCT,,,,,True,3283,0,8.096817470572319
-,-,PUNCT,PUNCT,,,,,True,74,0,4.31748811353631
uy,Uydurma,VERB,VERB,,,,,True,9,0,2.302585092994046
.,.,PUNCT,PUNCT,,,,,True,3283,0,8.096817470572319
-,-,PUNCT,PUNCT,,,,,True,74,0,4.31748811353631
başka,Başkalarının,ADJ,ADJ,0.019678146206921186,1.7040643896520111,PRON,"PRON: 0.56, ADV: 0.22, PROPN: 0.14, NOUN: 0.06",True,35,0,3.58351893845611
yaz,yazdığı,VERB,VERB,1.0,0.0,,VERB: 1.00,True,35,0,3.58351893845611
çizgi,çizgi,NOUN,NOUN,,,,,True,2,0,1.0986122886681098
-,-,PUNCT,PUNCT,,,,,True,74,0,4.31748811353631
roman,roman,NOUN,NOUN,,,,,True,2,0,1.0986122886681098
kahraman,kahramanlarını,ADJ,ADJ,,,,,False,0,0,0.0
oku,okuyor,VERB,VERB,1.0,0.0,,VERB: 1.00,True,29,0,3.4011973816621555
mi,musun,AUX,AUX,0.49179730733219285,1.8739792138931677,CCONJ,"AUX: 0.49, CCONJ: 0.24, ADP: 0.18, ADV: 0.05",True,112,0,4.727387818712341
.,.,PUNCT,PUNCT,,,,,True,3283,0,8.096817470572319
-,-,PUNCT,PUNCT,,,,,True,74,0,4.31748811353631
en,En,ADV,ADV,0.22782607963906426,2.317896341903966,CCONJ,"CCONJ: 0.30, ADV: 0.23, PROPN: 0.21, ADJ: 0.14, PRON: 0.11",True,92,0,4.532599493153256
çok,çok,ADV,ADV,0.33203987735528007,1.3405495937378578,PRON,"PRON: 0.59, ADV: 0.33, ADJ: 0.05",True,97,0,4.584967478670572
hangi,hangisini,PRON,PRON,,,,,True,1,0,0.6931471805599453
sev,seviyorsun,VERB,VERB,1.0,0.0,,VERB: 1.00,True,44,0,3.8066624897703196
.,.,PUNCT,PUNCT,,,,,True,3283,0,8.096817470572319
hiç,Hiç,ADV,ADV,0.14829755248371262,1.3987334442647599,PRON,"PRON: 0.70, ADV: 0.15, PROPN: 0.06",True,45,0,3.828641396489095
düşün,düşünmeden,VERB,VERB,0.7113540833748332,0.8669656577665865,CCONJ,"VERB: 0.71, CCONJ: 0.29",True,61,0,4.127134385045092
karşılık,karşılık,NOUN,NOUN,,,,,True,8,0,2.1972245773362196
ver,verdi,VERB,VERB,1.0,0.0,,VERB: 1.00,True,138,0,4.9344739331306915
bu,bu,DET,DET,0.6017857940157323,1.5300103231456785,NUM,"DET: 0.60, NUM: 0.20, ADJ: 0.15",True,350,0,5.860786223465865
kez,kez,NOUN,NOUN,0.7353380064711897,0.8337002109648651,ADV,"NOUN: 0.74, ADV: 0.26",True,21,0,3.091042453358316
.,.,PUNCT,PUNCT,,,,,True,3283,0,8.096817470572319
no,No'yu,NOUN,PROPN,,,,,False,0,1,0.0
sev,seviyorum,VERB,VERB,1.0,0.0,,VERB: 1.00,True,44,0,3.8066624897703196
",",",",PUNCT,PUNCT,,,,,True,2285,0,7.734558844354756
üstün,üstün,ADJ,ADJ,,,,,False,0,0,0.0
zeka,zeka,NOUN,NOUN,,,,,True,6,0,1.9459101490553132
li,lı,ADP,ADP,0.2797323618856777,2.3836488217196035,AUX,"AUX: 0.30, ADP: 0.28, CCONJ: 0.23, NUM: 0.08",True,182,0,5.209486152841421
çünkü,çünkü,CCONJ,CCONJ,0.28720708993411687,1.8754575576945738,PRON,"PRON: 0.41, CCONJ: 0.29, ADV: 0.23, PROPN: 0.05",True,28,0,3.367295829986474
.,.,PUNCT,PUNCT,,,,,True,3283,0,8.096817470572319
-,-,PUNCT,PUNCT,,,,,True,74,0,4.31748811353631
zeki,Zeki,ADJ,ADJ,,,,,True,3,0,1.3862943611198906
adam,adamları,NOUN,NOUN,0.48168004535673414,1.5142431721146627,PROPN,"NOUN: 0.48, PROPN: 0.28, ADJ: 0.24",True,41,0,3.7376696182833684
sev,seviyor,VERB,VERB,1.0,0.0,,VERB: 1.00,True,44,0,3.8066624897703196
mi,musun,AUX,AUX,0.49179730733219285,1.8739792138931677,CCONJ,"AUX: 0.49, CCONJ: 0.24, ADP: 0.18, ADV: 0.05",True,112,0,4.727387818712341
.,.,PUNCT,PUNCT,,,,,True,3283,0,8.096817470572319
gururlu,Gururlu,ADJ,ADJ,,,,,True,1,0,0.6931471805599453
bir,bir,DET,DET,0.49958184875865663,1.6482580173109218,NUM,"DET: 0.50, NUM: 0.30, ADJ: 0.15",True,616,0,6.424869023905388
gülümse,gülümseme,VERB,VERB,,,,,True,2,0,1.0986122886681098
dolaş,dolaştı,VERB,VERB,0.7164036002470938,1.0680650298299488,ADJ,"VERB: 0.72, ADJ: 0.23, NOUN: 0.06",True,14,0,2.70805020110221
somurtkan,somurtkan,ADJ,ADJ,,,,,True,1,0,0.6931471805599453
surat,suratında,NOUN,NOUN,,,,,False,0,0,0.0
.,.,PUNCT,PUNCT,,,,,True,3283,0,8.096817470572319
-,-,PUNCT,PUNCT,,,,,True,74,0,4.31748811353631
evet,Evet,NOUN,NOUN,0.06449692503540634,2.073848469012467,PROPN,"PROPN: 0.46, PRON: 0.23, ADV: 0.11, CCONJ: 0.11, NOUN: 0.06",True,13,0,2.6390573296152584
",",",",PUNCT,PUNCT,,,,,True,2285,0,7.734558844354756
ben,ben,PRON,PRON,0.614767428544865,1.6599914502896118,ADV,"PRON: 0.61, ADV: 0.21, CCONJ: 0.08, PROPN: 0.06",True,310,0,5.739792912179234
de,de,CCONJ,CCONJ,0.13783772654910434,1.6723904656042283,AUX,"AUX: 0.44, ADP: 0.38, CCONJ: 0.14",True,326,0,5.7899601708972535
üstün,üstün,ADJ,ADJ,,,,,False,0,0,0.0
zekâlı,zekalı,ADJ,NOUN,,,,,False,0,1,0.0
i,yım,AUX,AUX,0.47697018772995686,1.861138213598426,ADP,"AUX: 0.48, ADP: 0.26, CCONJ: 0.18, PROPN: 0.06",True,546,0,6.304448802421981
.,.,PUNCT,PUNCT,,,,,True,3283,0,8.096817470572319
-,-,PUNCT,PUNCT,,,,,True,74,0,4.31748811353631
yaz,Yazdıklarını,VERB,VERB,1.0,0.0,,VERB: 1.00,True,35,0,3.58351893845611
ben,bana,PRON,PRON,0.614767428544865,1.6599914502896118,ADV,"PRON: 0.61, ADV: 0.21, CCONJ: 0.08, PROPN: 0.06",True,310,0,5.739792912179234
göster,gösterir,VERB,VERB,1.0,0.0,,VERB: 1.00,True,36,0,3.6109179126442243
mi,misin,AUX,AUX,0.49179730733219285,1.8739792138931677,CCONJ,"AUX: 0.49, CCONJ: 0.24, ADP: 0.18, ADV: 0.05",True,112,0,4.727387818712341
.,.,PUNCT,PUNCT,,,,,True,3283,0,8.096817470572319
gene,Gene,ADV,ADV,,,,,True,7,0,2.0794415416798357
dur,durup,VERB,VERB,1.0,0.0,,VERB: 1.00,True,27,0,3.332204510175204
düşün,düşündü,VERB,VERB,0.7113540833748332,0.8669656577665865,CCONJ,"VERB: 0.71, CCONJ: 0.29",True,61,0,4.127134385045092
.,.,PUNCT,PUNCT,,,,,True,3283,0,8.096817470572319
-,-,PUNCT,PUNCT,,,,,True,74,0,4.31748811353631
daha,Daha,ADV,ADV,0.16216742905437215,2.279909832774521,PRON,"PRON: 0.30, CCONJ: 0.27, PROPN: 0.19, ADV: 0.16",True,127,0,4.852030263919617
yeni,yeni,ADJ,ADV,0.22068888520563854,1.3431848495027867,DET,"DET: 0.61, ADJ: 0.22, CCONJ: 0.17",True,50,1,3.9318256327243257
yaz,yazıyorum,VERB,VERB,1.0,0.0,,VERB: 1.00,True,35,0,3.58351893845611
.,.,PUNCT,PUNCT,,,,,True,3283,0,8.096817470572319
-,-,PUNCT,PUNCT,,,,,True,74,0,4.31748811353631
yaz,Yazdığın,VERB,VERB,1.0,0.0,,VERB: 1.00,True,35,0,3.58351893845611
kadar,kadar,ADP,ADP,0.3692723596113412,1.6932259529300686,AUX,"AUX: 0.42, ADP: 0.37, CCONJ: 0.17",True,105,0,4.663439094112067
_,ını,ADP,ADP,,,,,True,70,0,4.2626798770413155
oku,okurum,VERB,VERB,1.0,0.0,,VERB: 1.00,True,29,0,3.4011973816621555
.,.,PUNCT,PUNCT,,,,,True,3283,0,8.096817470572319
hiç,Hiç,ADV,ADV,0.14829755248371262,1.3987334442647599,PRON,"PRON: 0.70, ADV: 0.15, PROPN: 0.06",True,45,0,3.828641396489095
kafa,kafasını,NOUN,NOUN,0.11312777865829834,1.7506345330582818,PRON,"PRON: 0.60, ADV: 0.14, NOUN: 0.11, PROPN: 0.10, ADJ: 0.05",True,15,0,2.772588722239781
yer,yerden,NOUN,NOUN,0.6105573897718891,0.964438903111094,ADJ,"NOUN: 0.61, ADJ: 0.39",True,111,0,4.718498871295094
kal,kaldırmıyor,VERB,VERB,1.0,0.0,,VERB: 1.00,True,77,0,4.356708826689592
",",",",PUNCT,PUNCT,,,,,True,2285,0,7.734558844354756
hiçbir,hiçbir,DET,DET,0.5590022920065886,1.4972751375281939,NUM,"DET: 0.56, NUM: 0.32, ADJ: 0.08",True,17,0,2.8903717578961645
sempati,sempati,NOUN,NOUN,,,,,False,0,0,0.0
belirti,belirtisi,NOUN,NOUN,,,,,False,0,0,0.0
göster,göstermiyordu,VERB,VERB,1.0,0.0,,VERB: 1.00,True,36,0,3.6109179126442243
.,.,PUNCT,PUNCT,,,,,True,3283,0,8.096817470572319
-,-,PUNCT,PUNCT,,,,,True,74,0,4.31748811353631
kaç,Kaç,ADJ,ADJ,,,,,True,6,0,1.9459101490553132
numara,numarada,NOUN,NOUN,,,,,True,2,0,1.0986122886681098
otur,oturuyorsunuz,VERB,VERB,1.0,0.0,,VERB: 1.00,True,54,0,4.007333185232471
.,.,PUNCT,PUNCT,,,,,True,3283,0,8.096817470572319
-,-,PUNCT,PUNCT,,,,,True,74,0,4.31748811353631
yedi,Yedi,NUM,NUM,,,,,True,10,0,2.3978952727983707
numara,numarada,NOUN,NOUN,,,,,True,2,0,1.0986122886681098
.,.,PUNCT,PUNCT,,,,,True,3283,0,8.096817470572319
-,-,PUNCT,PUNCT,,,,,True,74,0,4.31748811353631
ben,Ben,PRON,PRON,0.614767428544865,1.6599914502896118,ADV,"PRON: 0.61, ADV: 0.21, CCONJ: 0.08, PROPN: 0.06",True,310,0,5.739792912179234
siz,size,PRON,PRON,0.6489290710050605,1.4471589459833951,ADV,"PRON: 0.65, ADV: 0.22, CCONJ: 0.08",True,49,0,3.912023005428146
getir,getiririm,VERB,VERB,1.0,0.0,,VERB: 1.00,True,42,0,3.7612001156935624
.,.,PUNCT,PUNCT,,,,,True,3283,0,8.096817470572319
-,-,PUNCT,PUNCT,,,,,True,74,0,4.31748811353631
ben,Ben,PRON,PRON,0.614767428544865,1.6599914502896118,ADV,"PRON: 0.61, ADV: 0.21, CCONJ: 0.08, PROPN: 0.06",True,310,0,5.739792912179234
de,de,CCONJ,CCONJ,0.13783772654910434,1.6723904656042283,AUX,"AUX: 0.44, ADP: 0.38, CCONJ: 0.14",True,326,0,5.7899601708972535
yaz,yazdıklarımı,VERB,VERB,1.0,0.0,,VERB: 1.00,True,35,0,3.58351893845611
sen,sana,PRON,PRON,0.5975153654339292,1.4960517331359373,ADV,"PRON: 0.60, ADV: 0.28, PROPN: 0.06",True,96,0,4.574710978503383
göster,gösteririm,VERB,VERB,1.0,0.0,,VERB: 1.00,True,36,0,3.6109179126442243
.,.,PUNCT,PUNCT,,,,,True,3283,0,8.096817470572319
kuşku,Kuşkuyla,ADV,ADV,,,,,False,0,0,0.0
bak,baktı,VERB,VERB,1.0,0.0,,VERB: 1.00,True,85,0,4.454347296253507
yüz,yüzüme,NOUN,NOUN,0.4177442495739065,0.9803883989493742,ADJ,"ADJ: 0.58, NOUN: 0.42",True,30,0,3.4339872044851463
.,.,PUNCT,PUNCT,,,,,True,3283,0,8.096817470572319
-,-,PUNCT,PUNCT,,,,,True,74,0,4.31748811353631
siz,Siz,PRON,PRON,0.6489290710050605,1.4471589459833951,ADV,"PRON: 0.65, ADV: 0.22, CCONJ: 0.08",True,49,0,3.912023005428146
de,de,CCONJ,CCONJ,0.13783772654910434,1.6723904656042283,AUX,"AUX: 0.44, ADP: 0.38, CCONJ: 0.14",True,326,0,5.7899601708972535
mi,mi,AUX,AUX,0.49179730733219285,1.8739792138931677,CCONJ,"AUX: 0.49, CCONJ: 0.24, ADP: 0.18, ADV: 0.05",True,112,0,4.727387818712341
yaz,yazıyorsunuz,VERB,VERB,1.0,0.0,,VERB: 1.00,True,35,0,3.58351893845611
.,.,PUNCT,PUNCT,,,,,True,3283,0,8.096817470572319
-,-,PUNCT,PUNCT,,,,,True,74,0,4.31748811353631
evet,Evet,NOUN,NOUN,0.06449692503540634,2.073848469012467,PROPN,"PROPN: 0.46, PRON: 0.23, ADV: 0.11, CCONJ: 0.11, NOUN: 0.06",True,13,0,2.6390573296152584
",",",",PUNCT,PUNCT,,,,,True,2285,0,7.734558844354756
meslektaş,meslektaş,NOUN,NOUN,,,,,True,2,0,1.0986122886681098
say,sayılırız,VERB,VERB,1.0,0.0,,VERB: 1.00,True,20,0,3.044522437723423
.,.,PUNCT,PUNCT,,,,,True,3283,0,8.096817470572319
gene,Gene,ADV,ADV,,,,,True,7,0,2.0794415416798357
şöyle,şöyle,ADV,ADV,0.09598023786135869,1.721962989915918,PRON,"PRON: 0.58, ADJ: 0.17, NOUN: 0.13, ADV: 0.10",True,22,0,3.1354942159291497
yan,yan,ADJ,ADJ,0.22369130935054335,0.7668506751450528,NOUN,"NOUN: 0.78, ADJ: 0.22",True,60,0,4.110873864173311
göz,gözle,NOUN,NOUN,0.48581680668839844,1.5108829755725355,PROPN,"NOUN: 0.49, PROPN: 0.28, ADJ: 0.24",True,49,0,3.912023005428146
kaçamak,kaçamak,ADJ,ADJ,,,,,True,2,0,1.0986122886681098
bir,bir,DET,DET,0.49958184875865663,1.6482580173109218,NUM,"DET: 0.50, NUM: 0.30, ADJ: 0.15",True,616,0,6.424869023905388
bakış,bakış,NOUN,NOUN,,,,,True,5,0,1.791759469228055
at,attı,VERB,VERB,1.0,0.0,,VERB: 1.00,True,26,0,3.295836866004329
ben,bana,PRON,PRON,0.614767428544865,1.6599914502896118,ADV,"PRON: 0.61, ADV: 0.21, CCONJ: 0.08, PROPN: 0.06",True,310,0,5.739792912179234
.,.,PUNCT,PUNCT,,,,,True,3283,0,8.096817470572319
ben,Ben,PRON,PRON,0.614767428544865,1.6599914502896118,ADV,"PRON: 0.61, ADV: 0.21, CCONJ: 0.08, PROPN: 0.06",True,310,0,5.739792912179234
o,onların,PRON,PRON,0.5961784524857141,1.6538184960634559,ADV,"PRON: 0.60, ADV: 0.24, CCONJ: 0.07, PROPN: 0.05",True,264,0,5.579729825986222
Hüseyin,Hüseyin,PROPN,PROPN,,,,,True,2,0,1.0986122886681098
abi,abileri,NOUN,NOUN,,,,,True,5,0,1.791759469228055
i,yim,AUX,AUX,0.47697018772995686,1.861138213598426,ADP,"AUX: 0.48, ADP: 0.26, CCONJ: 0.18, PROPN: 0.06",True,546,0,6.304448802421981
.,.,PUNCT,PUNCT,,,,,True,3283,0,8.096817470572319
can,Can,NOUN,NOUN,0.21229396720273427,1.8300251612537353,PRON,"PRON: 0.47, NOUN: 0.21, ADJ: 0.17, PROPN: 0.15",True,12,0,2.5649493574615367
sık,sık,VERB,VERB,,,,,True,1,0,0.6931471805599453
ci,ıcı,ADP,ADP,0.7311580784991505,0.8397979536897208,CCONJ,"ADP: 0.73, CCONJ: 0.27",True,21,0,3.091042453358316
bir,bir,DET,DET,0.49958184875865663,1.6482580173109218,NUM,"DET: 0.50, NUM: 0.30, ADJ: 0.15",True,616,0,6.424869023905388
iş,iş,NOUN,NOUN,0.46442635400175103,1.4429440308933483,PRON,"NOUN: 0.46, PRON: 0.39, ADJ: 0.14",True,70,0,4.2626798770413155
.,.,PUNCT,PUNCT,,,,,True,3283,0,8.096817470572319
-,-,PUNCT,PUNCT,,,,,True,74,0,4.31748811353631
yoo,Yoo,INTJ,INTJ,,,,,False,0,0,0.0
",",",",PUNCT,PUNCT,,,,,True,2285,0,7.734558844354756
bir,bir,DET,DET,0.49958184875865663,1.6482580173109218,NUM,"DET: 0.50, NUM: 0.30, ADJ: 0.15",True,616,0,6.424869023905388
görev,görev,NOUN,NOUN,0.5386762644812148,0.9956795648131863,ADJ,"NOUN: 0.54, ADJ: 0.46",True,20,0,3.044522437723423
",",",",PUNCT,PUNCT,,,,,True,2285,0,7.734558844354756
de,dedi,VERB,VERB,0.7089626585740004,0.8700574815901702,CCONJ,"VERB: 0.71, CCONJ: 0.29",True,295,0,5.69035945432406
Şükran,Şükran,PROPN,PROPN,,,,,False,0,0,0.0
Hanım,Hanım,PROPN,PROPN,,,,,True,2,0,1.0986122886681098
.,.,PUNCT,PUNCT,,,,,True,3283,0,8.096817470572319
siz,Siz,PRON,PRON,0.6489290710050605,1.4471589459833951,ADV,"PRON: 0.65, ADV: 0.22, CCONJ: 0.08",True,49,0,3.912023005428146
ol,olmasanız,VERB,VERB,1.0,0.0,,VERB: 1.00,True,603,0,6.403574197934815
",",",",PUNCT,PUNCT,,,,,True,2285,0,7.734558844354756
ben,ben,PRON,PRON,0.614767428544865,1.6599914502896118,ADV,"PRON: 0.61, ADV: 0.21, CCONJ: 0.08, PROPN: 0.06",True,310,0,5.739792912179234
ol,olmasam,VERB,VERB,1.0,0.0,,VERB: 1.00,True,603,0,6.403574197934815
",",",",PUNCT,PUNCT,,,,,True,2285,0,7.734558844354756
yani,yani,CCONJ,CCONJ,0.1511960876553542,1.9943093975910733,PRON,"PRON: 0.43, PROPN: 0.22, ADV: 0.17, CCONJ: 0.15",True,17,0,2.8903717578961645
nasıl,nasıl,ADV,ADV,0.22688879708691875,1.6551093959198966,PRON,"PRON: 0.59, ADV: 0.23, PROPN: 0.07, NOUN: 0.06",True,24,0,3.2188758248682006
...,...,PUNCT,PUNCT,,,,,True,91,0,4.5217885770490405
sözgelimi,Sözgelimi,ADV,ADV,,,,,False,0,0,0.0
Nükhet,Nükhet,PROPN,PROPN,,,,,False,0,0,0.0
bu,bu,DET,DET,0.6017857940157323,1.5300103231456785,NUM,"DET: 0.60, NUM: 0.20, ADJ: 0.15",True,350,0,5.860786223465865
akşam,akşam,NOUN,NOUN,0.543237782580388,1.4254235433890245,PROPN,"NOUN: 0.54, PROPN: 0.29, ADJ: 0.16",True,13,0,2.6390573296152584
ben,beni,PRON,PRON,0.614767428544865,1.6599914502896118,ADV,"PRON: 0.61, ADV: 0.21, CCONJ: 0.08, PROPN: 0.06",True,310,0,5.739792912179234
ara,aramasaydı,VERB,VERB,1.0,0.0,,VERB: 1.00,True,33,0,3.5263605246161616
...,...,PUNCT,PUNCT,,,,,True,91,0,4.5217885770490405
-,-,PUNCT,PUNCT,,,,,True,74,0,4.31748811353631
galiba,Galiba,ADV,ADV,,,,,True,6,0,1.9459101490553132
siz,siz,PRON,PRON,0.6489290710050605,1.4471589459833951,ADV,"PRON: 0.65, ADV: 0.22, CCONJ: 0.08",True,49,0,3.912023005428146
insan,insanları,NOUN,NOUN,0.6842686317549259,0.8996789321325918,ADJ,"NOUN: 0.68, ADJ: 0.32",True,68,0,4.23410650459726
yönlen,yönlendiren,VERB,VERB,,,,,True,1,0,0.6931471805599453
takım,takımından,NOUN,NOUN,,,,,True,7,0,2.0794415416798357
i,sınız,AUX,AUX,0.47697018772995686,1.861138213598426,ADP,"AUX: 0.48, ADP: 0.26, CCONJ: 0.18, PROPN: 0.06",True,546,0,6.304448802421981
.,.,PUNCT,PUNCT,,,,,True,3283,0,8.096817470572319
-,-,PUNCT,PUNCT,,,,,True,74,0,4.31748811353631
ama,Ama,CCONJ,CCONJ,0.26313102212215905,1.8047829885976687,PRON,"PRON: 0.46, CCONJ: 0.26, ADV: 0.22",True,139,0,4.941642422609304
Nükhet,Nükhet'in,PROPN,PROPN,,,,,False,0,0,0.0
anne,annesi,NOUN,NOUN,0.022677746240264553,1.7793257576975863,PRON,"PRON: 0.58, ADV: 0.16, PROPN: 0.16, CCONJ: 0.07",True,91,0,4.5217885770490405
ben,benim,PRON,PRON,0.614767428544865,1.6599914502896118,ADV,"PRON: 0.61, ADV: 0.21, CCONJ: 0.08, PROPN: 0.06",True,310,0,5.739792912179234
komşu,komşum,ADJ,ADJ,,,,,True,8,0,2.1972245773362196
.,.,PUNCT,PUNCT,,,,,True,3283,0,8.096817470572319
o,Onunla,PRON,PRON,0.5961784524857141,1.6538184960634559,ADV,"PRON: 0.60, ADV: 0.24, CCONJ: 0.07, PROPN: 0.05",True,264,0,5.579729825986222
ilgilen,ilgilenmem,VERB,VERB,,,,,True,7,0,2.0794415416798357
şart,şart,NOUN,NOUN,,,,,True,6,0,1.9459101490553132
.,.,PUNCT,PUNCT,,,,,True,3283,0,8.096817470572319
Nükhet,Nükhet,PROPN,PROPN,,,,,False,0,0,0.0
akıllı,akıllı,ADJ,ADJ,,,,,True,1,0,0.6931471805599453
kız,kız,ADJ,ADJ,0.08697606722257128,1.2687323826082555,NOUN,"NOUN: 0.60, PROPN: 0.31, ADJ: 0.09",True,72,0,4.290459441148391
i,dır,AUX,AUX,0.47697018772995686,1.861138213598426,ADP,"AUX: 0.48, ADP: 0.26, CCONJ: 0.18, PROPN: 0.06",True,546,0,6.304448802421981
",",",",PUNCT,PUNCT,,,,,True,2285,0,7.734558844354756
iyi,iyi,ADJ,ADJ,0.03291619485831978,1.0997597953020077,PRON,"PRON: 0.75, ADV: 0.18",True,58,0,4.07753744390572
yürekli,yürekli,ADJ,ADJ,,,,,False,0,0,0.0
i,dir,AUX,AUX,0.47697018772995686,1.861138213598426,ADP,"AUX: 0.48, ADP: 0.26, CCONJ: 0.18, PROPN: 0.06",True,546,0,6.304448802421981
.,.,PUNCT,PUNCT,,,,,True,3283,0,8.096817470572319
-,-,PUNCT,PUNCT,,,,,True,74,0,4.31748811353631
teyze,Teyzenizin,NOUN,NOUN,,,,,True,3,0,1.3862943611198906
durum,durumu,NOUN,NOUN,0.8802789915430831,0.5285583806611713,ADJ,"NOUN: 0.88, ADJ: 0.12",True,34,0,3.5553480614894135
nasıl,nasıl,ADJ,ADJ,,,,,True,1,0,0.6931471805599453
sahi,sahi,ADV,ADV,,,,,True,1,0,0.6931471805599453
?,?,PUNCT,PUNCT,,,,,True,125,0,4.836281906951478
sor,Sormayı,VERB,VERB,1.0,0.0,,VERB: 1.00,True,49,0,3.912023005428146
unut,unuttum,VERB,VERB,,,,,True,7,0,2.0794415416798357
.,.,PUNCT,PUNCT,,,,,True,3283,0,8.096817470572319
Nükhet,Nükhet,PROPN,PROPN,,,,,False,0,0,0.0
söyle,söylemişti,VERB,VERB,0.721528986702589,0.8533590847777625,CCONJ,"VERB: 0.72, CCONJ: 0.28",True,89,0,4.499809670330265
de,de,CCONJ,CCONJ,0.13783772654910434,1.6723904656042283,AUX,"AUX: 0.44, ADP: 0.38, CCONJ: 0.14",True,326,0,5.7899601708972535
.,.,PUNCT,PUNCT,,,,,True,3283,0,8.096817470572319
-,-,PUNCT,PUNCT,,,,,True,74,0,4.31748811353631
atla,Atlattı,VERB,VERB,,,,,True,9,0,2.302585092994046
say,sayılır,VERB,VERB,1.0,0.0,,VERB: 1.00,True,20,0,3.044522437723423
.,.,PUNCT,PUNCT,,,,,True,3283,0,8.096817470572319
ne,Ne,CCONJ,PRON,,,,,True,12,1,2.5649493574615367
de,de,CCONJ,CCONJ,0.13783772654910434,1.6723904656042283,AUX,"AUX: 0.44, ADP: 0.38, CCONJ: 0.14",True,326,0,5.7899601708972535
ol,olsa,VERB,VERB,1.0,0.0,,VERB: 1.00,True,603,0,6.403574197934815
eski,eski,ADJ,ADJ,0.12356482321186857,1.5251739549622578,DET,"DET: 0.67, ADJ: 0.12, NUM: 0.11, CCONJ: 0.08",True,21,0,3.091042453358316
kuşak,kuşaktan,NOUN,NOUN,,,,,False,0,0,0.0
.,.,PUNCT,PUNCT,,,,,True,3283,0,8.096817470572319
Yıllan,Yıllanmış,VERB,VERB,,,,,False,0,0,0.0
şarap,şarap,NOUN,NOUN,,,,,True,4,0,1.6094379124341003
gibi,gibi,ADP,ADP,0.36045769630430313,1.8400611893764562,AUX,"ADP: 0.36, AUX: 0.30, CCONJ: 0.28",True,145,0,4.983606621708336
.,.,PUNCT,PUNCT,,,,,True,3283,0,8.096817470572319
Şükran,Şükran,PROPN,PROPN,,,,,False,0,0,0.0
Hanım,Hanım,PROPN,PROPN,,,,,True,2,0,1.0986122886681098
",",",",PUNCT,PUNCT,,,,,True,2285,0,7.734558844354756
ağız,ağzının,NOUN,NOUN,0.23400866790892572,1.7911424434232268,PRON,"PRON: 0.48, NOUN: 0.23, PROPN: 0.15, ADJ: 0.13",True,17,0,2.8903717578961645
şarap,şarap,NOUN,NOUN,,,,,True,4,0,1.6094379124341003
kok,koktuğunu,VERB,VERB,,,,,True,2,0,1.0986122886681098
düşün,düşünerek,VERB,VERB,0.7113540833748332,0.8669656577665865,CCONJ,"VERB: 0.71, CCONJ: 0.29",True,61,0,4.127134385045092
sus,sustu,VERB,VERB,,,,,True,7,0,2.0794415416798357
.,.,PUNCT,PUNCT,,,,,True,3283,0,8.096817470572319
adam,Adam,NOUN,NOUN,0.48168004535673414,1.5142431721146627,PROPN,"NOUN: 0.48, PROPN: 0.28, ADJ: 0.24",True,41,0,3.7376696182833684
",",",",PUNCT,PUNCT,,,,,True,2285,0,7.734558844354756
argo,argoyla,NOUN,NOUN,,,,,False,0,0,0.0
karışık,karışık,ADJ,ADJ,,,,,False,0,0,0.0
da,da,CCONJ,CCONJ,0.13730810580889885,1.6721173968196932,AUX,"AUX: 0.44, ADP: 0.38, CCONJ: 0.14",True,275,0,5.62040086571715
ol,olsa,VERB,VERB,1.0,0.0,,VERB: 1.00,True,603,0,6.403574197934815
-,-,PUNCT,PUNCT,,,,,True,74,0,4.31748811353631
ki,ki,CCONJ,CCONJ,0.1806152397797589,1.9747454841180783,AUX,"AUX: 0.51, CCONJ: 0.18, ADP: 0.18, ADV: 0.07",True,81,0,4.406719247264253
bu,bu,DET,DET,0.6017857940157323,1.5300103231456785,NUM,"DET: 0.60, NUM: 0.20, ADJ: 0.15",True,350,0,5.860786223465865
",",",",PUNCT,PUNCT,,,,,True,2285,0,7.734558844354756
sınıf,sınıfını,NOUN,NOUN,0.1575661308002398,0.8124875264110463,PRON,"PRON: 0.81, NOUN: 0.16",True,20,0,3.044522437723423
gizle,gizlemediğini,VERB,VERB,,,,,True,1,0,0.6931471805599453
göster,gösterdiğinden,VERB,VERB,1.0,0.0,,VERB: 1.00,True,36,0,3.6109179126442243
bir,bir,DET,DET,0.49958184875865663,1.6482580173109218,NUM,"DET: 0.50, NUM: 0.30, ADJ: 0.15",True,616,0,6.424869023905388
erdem,erdem,NOUN,NOUN,,,,,False,0,0,0.0
say,sayılabilirdi,VERB,VERB,1.0,0.0,,VERB: 1.00,True,20,0,3.044522437723423
-,-,PUNCT,PUNCT,,,,,True,74,0,4.31748811353631
Necmi,Necmi,PROPN,PROPN,,,,,False,0,0,0.0
Bey,Bey'i,PROPN,PROPN,,,,,True,4,0,1.6094379124341003
ara,aratmayan,VERB,VERB,1.0,0.0,,VERB: 1.00,True,33,0,3.5263605246161616
güzel,güzel,ADJ,ADJ,0.7615705877435232,0.7924186769244242,NOUN,"ADJ: 0.76, NOUN: 0.24",True,31,0,3.4657359027997265
cümle,cümleler,NOUN,NOUN,,,,,True,1,0,0.6931471805599453
kur,kurabiliyordu,VERB,VERB,0.9246812373164471,0.3854658414165868,ADJ,"VERB: 0.92, ADJ: 0.08",True,21,0,3.091042453358316
.,.,PUNCT,PUNCT,,,,,True,3283,0,8.096817470572319
tabii,Tabii,ADJ,ADJ,0.013011766794258625,2.327135742553073,AUX,"AUX: 0.39, CCONJ: 0.22, PRON: 0.15, PROPN: 0.10, ADV: 0.08",True,20,0,3.044522437723423
ara,aralarında,ADJ,ADJ,0.45952551652597307,0.9952680248528016,NOUN,"NOUN: 0.54, ADJ: 0.46",True,73,0,4.30406509320417
ki,ki,ADP,ADP,0.352272282719127,2.181690690995641,AUX,"ADP: 0.35, AUX: 0.28, CCONJ: 0.23, NUM: 0.08",True,217,0,5.384495062789089
sınıf,sınıf,NOUN,NOUN,0.1575661308002398,0.8124875264110463,PRON,"PRON: 0.81, NOUN: 0.16",True,20,0,3.044522437723423
ve,ve,CCONJ,CCONJ,0.23925769350174309,2.411623002364367,NUM,"NUM: 0.34, CCONJ: 0.24, ADJ: 0.14, DET: 0.11, PRON: 0.09, PROPN: 0.06",True,359,0,5.886104031450156
kültür,kültür,NOUN,NOUN,,,,,True,5,0,1.791759469228055
uçurum,uçurumunu,NOUN,NOUN,,,,,False,0,0,0.0
bil,bildiğinden,VERB,VERB,0.6930942464089043,1.0036086273143747,CCONJ,"VERB: 0.69, CCONJ: 0.28",True,101,0,4.624972813284271
övgü,övgülerinde,NOUN,NOUN,,,,,False,0,0,0.0
o,onun,PRON,PRON,0.5961784524857141,1.6538184960634559,ADV,"PRON: 0.60, ADV: 0.24, CCONJ: 0.07, PROPN: 0.05",True,264,0,5.579729825986222
kadar,kadar,ADP,ADP,0.3692723596113412,1.6932259529300686,AUX,"AUX: 0.42, ADP: 0.37, CCONJ: 0.17",True,105,0,4.663439094112067
ileri,ileri,ADJ,ADJ,,,,,True,6,0,1.9459101490553132
git,gitmiyordu,VERB,VERB,1.0,0.0,,VERB: 1.00,True,116,0,4.762173934797756
.,.,PUNCT,PUNCT,,,,,True,3283,0,8.096817470572319
aferin,Aferin,NOUN,NOUN,,,,,False,0,0,0.0
doğru,doğrusu,ADJ,ADJ,0.048580374412309314,1.4872573401642235,PRON,"PRON: 0.69, NOUN: 0.10, PROPN: 0.09, ADV: 0.07",True,38,0,3.6635616461296463
.,.,PUNCT,PUNCT,,,,,True,3283,0,8.096817470572319
diskotek,Diskoteği,NOUN,NOUN,,,,,False,0,0,0.0
san,sandığı,VERB,VERB,0.7139098762282715,0.863616900307478,CCONJ,"VERB: 0.71, CCONJ: 0.29",True,32,0,3.4965075614664802
kadar,kadar,ADP,ADP,0.3692723596113412,1.6932259529300686,AUX,"AUX: 0.42, ADP: 0.37, CCONJ: 0.17",True,105,0,4.663439094112067
ürküt,ürküt,VERB,VERB,,,,,False,0,0,0.0
ci,ücü,ADP,ADP,0.7311580784991505,0.8397979536897208,CCONJ,"ADP: 0.73, CCONJ: 0.27",True,21,0,3.091042453358316
bul,bulmadı,VERB,VERB,1.0,0.0,,VERB: 1.00,True,56,0,4.04305126783455
",",",",PUNCT,PUNCT,,,,,True,2285,0,7.734558844354756
belki,belki,ADV,ADV,0.2976823675361869,1.9102296920048334,PRON,"PRON: 0.39, ADV: 0.30, CCONJ: 0.20, PROPN: 0.10",True,25,0,3.258096538021482
de,de,CCONJ,CCONJ,0.13783772654910434,1.6723904656042283,AUX,"AUX: 0.44, ADP: 0.38, CCONJ: 0.14",True,326,0,5.7899601708972535
genç,gençlere,ADJ,ADJ,0.15943629528422282,2.0337205078539937,DET,"DET: 0.46, NUM: 0.23, ADJ: 0.16, CCONJ: 0.08, PROPN: 0.06",True,16,0,2.833213344056216
uyum,uyum,NOUN,NOUN,,,,,True,6,0,1.9459101490553132
sağla,sağlamak,VERB,VERB,0.7071029984796495,0.8724341497200817,CCONJ,"VERB: 0.71, CCONJ: 0.29",True,20,0,3.044522437723423
için,için,ADP,ADP,0.4371344784042817,1.7284041476856495,AUX,"ADP: 0.44, AUX: 0.27, CCONJ: 0.25",True,159,0,5.075173815233827
iste,ister,VERB,VERB,0.6774524752691933,1.0218601397810432,CCONJ,"VERB: 0.68, CCONJ: 0.30",True,117,0,4.770684624465665
iste,istemez,VERB,VERB,0.6774524752691933,1.0218601397810432,CCONJ,"VERB: 0.68, CCONJ: 0.30",True,117,0,4.770684624465665
iç,içtiği,VERB,VERB,1.0,0.0,,VERB: 1.00,True,15,0,2.772588722239781
iki,iki,NUM,NUM,0.27698505514822225,1.5675874170394526,DET,"DET: 0.55, NUM: 0.28, ADJ: 0.13",True,83,0,4.430816798843313
kadeh,kadeh,NOUN,NOUN,,,,,True,3,0,1.3862943611198906
viski,viski,NOUN,NOUN,,,,,True,5,0,1.791759469228055
yüz,yüzünden,NOUN,NOUN,0.4177442495739065,0.9803883989493742,ADJ,"ADJ: 0.58, NOUN: 0.42",True,30,0,3.4339872044851463
.,.,PUNCT,PUNCT,,,,,True,3283,0,8.096817470572319
yine,Yine,ADV,ADV,0.23735574991736438,1.9589772928384734,PRON,"PRON: 0.42, ADV: 0.24, CCONJ: 0.22, PROPN: 0.10",True,19,0,2.995732273553991
de,de,CCONJ,CCONJ,0.13783772654910434,1.6723904656042283,AUX,"AUX: 0.44, ADP: 0.38, CCONJ: 0.14",True,326,0,5.7899601708972535
genç,gençlerin,ADJ,ADJ,0.15943629528422282,2.0337205078539937,DET,"DET: 0.46, NUM: 0.23, ADJ: 0.16, CCONJ: 0.08, PROPN: 0.06",True,16,0,2.833213344056216
ara,arasında,ADJ,ADJ,0.45952551652597307,0.9952680248528016,NOUN,"NOUN: 0.54, ADJ: 0.46",True,73,0,4.30406509320417
uygunsuz,uygunsuz,ADJ,ADJ,,,,,False,0,0,0.0
bir,bir,DET,DET,0.49958184875865663,1.6482580173109218,NUM,"DET: 0.50, NUM: 0.30, ADJ: 0.15",True,616,0,6.424869023905388
ilişki,ilişki,NOUN,NOUN,0.6341712050128674,1.193890856830851,ADJ,"NOUN: 0.63, ADJ: 0.30, VERB: 0.06",True,14,0,2.70805020110221
ol,olsa,VERB,VERB,1.0,0.0,,VERB: 1.00,True,603,0,6.403574197934815
",",",",PUNCT,PUNCT,,,,,True,2285,0,7.734558844354756
göz,gözünden,NOUN,NOUN,0.48581680668839844,1.5108829755725355,PROPN,"NOUN: 0.49, PROPN: 0.28, ADJ: 0.24",True,49,0,3.912023005428146
asla,asla,ADV,ADV,,,,,False,0,0,0.0
kaç,kaçmazdı,VERB,VERB,,,,,True,5,0,1.791759469228055
.,.,PUNCT,PUNCT,,,,,True,3283,0,8.096817470572319
kendi,Kendisine,PRON,PRON,0.6796575105452602,1.4263748283851931,ADV,"PRON: 0.68, ADV: 0.19, PROPN: 0.06",True,126,0,4.844187086458591
saygı,saygı,NOUN,NOUN,,,,,True,3,0,1.3862943611198906
göster,göstermekte,VERB,VERB,1.0,0.0,,VERB: 1.00,True,36,0,3.6109179126442243
kusur,kusur,NOUN,NOUN,,,,,False,0,0,0.0
et,etmiyorlardı,VERB,VERB,0.021423477839648417,2.0747581498935594,AUX,"AUX: 0.33, ADP: 0.33, CCONJ: 0.23",True,260,0,5.564520407322694
.,.,PUNCT,PUNCT,,,,,True,3283,0,8.096817470572319
Hüseyin,Hüseyin,PROPN,PROPN,,,,,True,2,0,1.0986122886681098
ile,ile,CCONJ,CCONJ,0.3764593242479542,2.1137914166498284,ADP,"CCONJ: 0.38, ADP: 0.37, NUM: 0.11, PROPN: 0.05",True,72,0,4.290459441148391
Nükhet,Nükhet,PROPN,PROPN,,,,,False,0,0,0.0
en,en,ADV,ADV,0.22782607963906426,2.317896341903966,CCONJ,"CCONJ: 0.30, ADV: 0.23, PROPN: 0.21, ADJ: 0.14, PRON: 0.11",True,92,0,4.532599493153256
iyi,iyi,ADJ,ADJ,0.03291619485831978,1.0997597953020077,PRON,"PRON: 0.75, ADV: 0.18",True,58,0,4.07753744390572
dans,dans,NOUN,NOUN,,,,,True,5,0,1.791759469228055
et,eden,VERB,VERB,0.021423477839648417,2.0747581498935594,AUX,"AUX: 0.33, ADP: 0.33, CCONJ: 0.23",True,260,0,5.564520407322694
çift,çift,ADJ,ADJ,,,,,True,9,0,2.302585092994046
i,ti,AUX,AUX,0.47697018772995686,1.861138213598426,ADP,"AUX: 0.48, ADP: 0.26, CCONJ: 0.18, PROPN: 0.06",True,546,0,6.304448802421981
ara,aralarında,ADJ,ADJ,0.45952551652597307,0.9952680248528016,NOUN,"NOUN: 0.54, ADJ: 0.46",True,73,0,4.30406509320417
",",",",PUNCT,PUNCT,,,,,True,2285,0,7.734558844354756
gerçek,gerçek,ADJ,ADJ,0.4623612727439735,0.9959084741375528,NOUN,"NOUN: 0.54, ADJ: 0.46",True,27,0,3.332204510175204
hayat,hayatta,NOUN,NOUN,0.23617296238770852,1.163013823457567,PRON,"PRON: 0.68, NOUN: 0.24, ADJ: 0.08",True,32,0,3.4965075614664802
bir,bir,DET,DET,0.49958184875865663,1.6482580173109218,NUM,"DET: 0.50, NUM: 0.30, ADJ: 0.15",True,616,0,6.424869023905388
çift,çift,ADJ,ADJ,,,,,True,9,0,2.302585092994046
oluş,oluşturmasalar,VERB,VERB,1.0,0.0,,VERB: 1.00,True,22,0,3.1354942159291497
bile,bile,ADV,ADV,0.0,1.3965541340455074,ADP,"ADP: 0.56, CCONJ: 0.36",True,36,0,3.6109179126442243
.,.,PUNCT,PUNCT,,,,,True,3283,0,8.096817470572319
Hüseyin,Hüseyin'in,PROPN,PROPN,,,,,True,2,0,1.0986122886681098
dans,dans,NOUN,NOUN,,,,,True,5,0,1.791759469228055
öneri,önerisini,NOUN,NOUN,,,,,True,3,0,1.3862943611198906
geri,geri,ADV,ADJ,,,,,True,2,1,1.0986122886681098
çevir,çevirmesi,VERB,VERB,1.0,0.0,,VERB: 1.00,True,11,0,2.4849066497880004
kolay,kolay,ADJ,ADJ,0.05305027922457994,2.006643736694274,PRON,"PRON: 0.45, ADV: 0.21, PROPN: 0.19, NOUN: 0.10, ADJ: 0.05",True,13,0,2.6390573296152584
ol,olmadı,VERB,VERB,1.0,0.0,,VERB: 1.00,True,603,0,6.403574197934815
.,.,PUNCT,PUNCT,,,,,True,3283,0,8.096817470572319
ama,Ama,CCONJ,CCONJ,0.26313102212215905,1.8047829885976687,PRON,"PRON: 0.46, CCONJ: 0.26, ADV: 0.22",True,139,0,4.941642422609304
o,onu,PRON,PRON,0.5961784524857141,1.6538184960634559,ADV,"PRON: 0.60, ADV: 0.24, CCONJ: 0.07, PROPN: 0.05",True,264,0,5.579729825986222
kır,kırmadan,VERB,VERB,,,,,True,5,0,1.791759469228055
başar,başarabildi,VERB,VERB,,,,,True,1,0,0.6931471805599453
.,.,PUNCT,PUNCT,,,,,True,3283,0,8.096817470572319
-,-,PUNCT,PUNCT,,,,,True,74,0,4.31748811353631
iyi,İyi,ADJ,ADJ,0.03291619485831978,1.0997597953020077,PRON,"PRON: 0.75, ADV: 0.18",True,58,0,4.07753744390572
gece,geceler,NOUN,NOUN,0.19864455081399557,0.9246613571687522,PRON,"PRON: 0.77, NOUN: 0.20",True,37,0,3.6375861597263857
Şükran,Şükran,PROPN,PROPN,,,,,False,0,0,0.0
Hanım,Hanım,PROPN,PROPN,,,,,True,2,0,1.0986122886681098
",",",",PUNCT,PUNCT,,,,,True,2285,0,7.734558844354756
de,dedi,VERB,VERB,0.7089626585740004,0.8700574815901702,CCONJ,"VERB: 0.71, CCONJ: 0.29",True,295,0,5.69035945432406
.,.,PUNCT,PUNCT,,,,,True,3283,0,8.096817470572319
artık,Artık,ADV,ADV,0.0895164476303238,2.0263396610671656,PRON,"PRON: 0.47, CCONJ: 0.25, PROPN: 0.12, ADV: 0.09",True,30,0,3.4339872044851463
site,sitede,NOUN,NOUN,,,,,True,1,0,0.6931471805599453
görüş,görüşürüz,VERB,VERB,1.0,0.0,,VERB: 1.00,True,12,0,2.5649493574615367
.,.,PUNCT,PUNCT,,,,,True,3283,0,8.096817470572319
anne,Annem,NOUN,NOUN,0.022677746240264553,1.7793257576975863,PRON,"PRON: 0.58, ADV: 0.16, PROPN: 0.16, CCONJ: 0.07",True,91,0,4.5217885770490405
",",",",PUNCT,PUNCT,,,,,True,2285,0,7.734558844354756
telefon,telefonda,NOUN,NOUN,0.6896431117106226,0.8935849951313106,ADJ,"NOUN: 0.69, ADJ: 0.31",True,13,0,2.6390573296152584
dede,dedeme,NOUN,NOUN,,,,,True,9,0,2.302585092994046
bir,bir,DET,DET,0.49958184875865663,1.6482580173109218,NUM,"DET: 0.50, NUM: 0.30, ADJ: 0.15",True,616,0,6.424869023905388
doğum,doğum,NOUN,NOUN,,,,,True,6,0,1.9459101490553132
gün,günü,NOUN,NOUN,0.7766440096348868,0.7662482696838814,ADJ,"NOUN: 0.78, ADJ: 0.22",True,91,0,4.5217885770490405
parti,partisi,NOUN,NOUN,0.5371772023324642,0.9960082914984981,ADJ,"NOUN: 0.54, ADJ: 0.46",True,15,0,2.772588722239781
düzenle,düzenlediklerini,VERB,VERB,0.7159895136313977,1.141525206878059,ADJ,"VERB: 0.72, ADJ: 0.16, NOUN: 0.12",True,14,0,2.70805020110221
söyle,söyledi,VERB,VERB,0.721528986702589,0.8533590847777625,CCONJ,"VERB: 0.72, CCONJ: 0.28",True,89,0,4.499809670330265
",",",",PUNCT,PUNCT,,,,,True,2285,0,7.734558844354756
yarın,yarın,NOUN,NOUN,,,,,True,7,0,2.0794415416798357
dön,dönsem,VERB,VERB,1.0,0.0,,VERB: 1.00,True,37,0,3.6375861597263857
iyi,iyi,ADJ,ADJ,0.03291619485831978,1.0997597953020077,PRON,"PRON: 0.75, ADV: 0.18",True,58,0,4.07753744390572
ol,olurmuş,VERB,VERB,1.0,0.0,,VERB: 1.00,True,603,0,6.403574197934815
...,...,PUNCT,PUNCT,,,,,True,91,0,4.5217885770490405
siz,Size,PRON,PRON,0.6489290710050605,1.4471589459833951,ADV,"PRON: 0.65, ADV: 0.22, CCONJ: 0.08",True,49,0,3.912023005428146
iyi,iyi,ADJ,ADJ,0.03291619485831978,1.0997597953020077,PRON,"PRON: 0.75, ADV: 0.18",True,58,0,4.07753744390572
tatil,tatiller,NOUN,NOUN,,,,,False,0,0,0.0
.,.,PUNCT,PUNCT,,,,,True,3283,0,8.096817470572319
Şükran,Şükran,PROPN,PROPN,,,,,False,0,0,0.0
Hanım,Hanım,PROPN,PROPN,,,,,True,2,0,1.0986122886681098
",",",",PUNCT,PUNCT,,,,,True,2285,0,7.734558844354756
o,o,DET,DET,0.6447660992254824,1.4376147671166477,NUM,"DET: 0.64, NUM: 0.18, ADJ: 0.13",True,113,0,4.736198448394496
gece,gece,NOUN,NOUN,0.19864455081399557,0.9246613571687522,PRON,"PRON: 0.77, NOUN: 0.20",True,37,0,3.6375861597263857
defter,defterinin,NOUN,NOUN,,,,,True,1,0,0.6931471805599453
baş,başına,NOUN,NOUN,0.1890902731140519,1.8430796248904169,PRON,"PRON: 0.46, ADJ: 0.21, NOUN: 0.19, PROPN: 0.15",True,54,0,4.007333185232471
geç,geçmedi,VERB,VERB,1.0,0.0,,VERB: 1.00,True,62,0,4.143134726391533
.,.,PUNCT,PUNCT,,,,,True,3283,0,8.096817470572319
karmaşık,Karmaşık,ADJ,ADJ,,,,,False,0,0,0.0
duygu,duygular,NOUN,NOUN,0.23079199979938317,1.7073611952753653,PRON,"PRON: 0.45, PROPN: 0.28, NOUN: 0.23",True,35,0,3.58351893845611
içinde,içinde,ADV,ADV,,,,,True,1,0,0.6931471805599453
i,ydi,AUX,AUX,0.47697018772995686,1.861138213598426,ADP,"AUX: 0.48, ADP: 0.26, CCONJ: 0.18, PROPN: 0.06",True,546,0,6.304448802421981
.,.,PUNCT,PUNCT,,,,,True,3283,0,8.096817470572319
izlenim,İzlenimlerini,NOUN,NOUN,,,,,True,5,0,1.791759469228055
ertesi,ertesi,ADJ,ADJ,,,,,True,4,0,1.6094379124341003
sabah,sabah,NOUN,NOUN,0.11450917871831384,0.7864342524726671,PRON,"PRON: 0.84, NOUN: 0.11",True,16,0,2.833213344056216
",",",",PUNCT,PUNCT,,,,,True,2285,0,7.734558844354756
duru,duru,ADJ,ADJ,,,,,False,0,0,0.0
gün,gün,NOUN,NOUN,0.7766440096348868,0.7662482696838814,ADJ,"NOUN: 0.78, ADJ: 0.22",True,91,0,4.5217885770490405
ışık,ışığında,NOUN,NOUN,0.1813970724598075,1.01867441004463,PRON,"PRON: 0.75, NOUN: 0.18, ADJ: 0.07",True,12,0,2.5649493574615367
kalem,kaleme,NOUN,NOUN,,,,,True,7,0,2.0794415416798357
al,alması,VERB,VERB,1.0,0.0,,VERB: 1.00,True,169,0,5.135798437050262
daha,daha,ADV,ADV,0.16216742905437215,2.279909832774521,PRON,"PRON: 0.30, CCONJ: 0.27, PROPN: 0.19, ADV: 0.16",True,127,0,4.852030263919617
sağlık,sağlık,NOUN,NOUN,,,,,True,6,0,1.9459101490553132
li,lı,ADP,ADP,0.2797323618856777,2.3836488217196035,AUX,"AUX: 0.30, ADP: 0.28, CCONJ: 0.23, NUM: 0.08",True,182,0,5.209486152841421
ol,olacaktı,VERB,VERB,1.0,0.0,,VERB: 1.00,True,603,0,6.403574197934815
.,.,PUNCT,PUNCT,,,,,True,3283,0,8.096817470572319
Şükran,Şükran,PROPN,PROPN,,,,,False,0,0,0.0
Hanım,Hanım'ın,PROPN,PROPN,,,,,True,2,0,1.0986122886681098
gündüz,gündüz,NOUN,NOUN,,,,,True,3,0,1.3862943611198906
-,-,PUNCT,PUNCT,,,,,True,74,0,4.31748811353631
defter,defterinden,NOUN,NOUN,,,,,True,1,0,0.6931471805599453
.,.,PUNCT,PUNCT,,,,,True,3283,0,8.096817470572319
dün,Dün,NOUN,NOUN,,,,,True,6,0,1.9459101490553132
gece,gece,NOUN,NOUN,0.19864455081399557,0.9246613571687522,PRON,"PRON: 0.77, NOUN: 0.20",True,37,0,3.6375861597263857
",",",",PUNCT,PUNCT,,,,,True,2285,0,7.734558844354756
insan,insanlar,NOUN,NOUN,0.6842686317549259,0.8996789321325918,ADJ,"NOUN: 0.68, ADJ: 0.32",True,68,0,4.23410650459726
hak,hakkında,NOUN,NOUN,0.7806780603786757,0.7589274505193416,ADJ,"NOUN: 0.78, ADJ: 0.22",True,19,0,2.995732273553991
bazen,bazen,ADV,ADV,,,,,True,5,0,1.791759469228055
acele,acele,ADJ,ADJ,,,,,True,2,0,1.0986122886681098
hüküm,hüküm,NOUN,NOUN,,,,,True,1,0,0.6931471805599453
ver,verdiğimi,VERB,VERB,1.0,0.0,,VERB: 1.00,True,138,0,4.9344739331306915
kavra,kavradım,VERB,VERB,,,,,True,2,0,1.0986122886681098
.,.,PUNCT,PUNCT,,,,,True,3283,0,8.096817470572319
sözgelimi,Sözgelimi,ADV,ADV,,,,,False,0,0,0.0
Hüseyin,Hüseyin,PROPN,PROPN,,,,,True,2,0,1.0986122886681098
hiç,hiç,ADV,ADV,0.14829755248371262,1.3987334442647599,PRON,"PRON: 0.70, ADV: 0.15, PROPN: 0.06",True,45,0,3.828641396489095
de,de,CCONJ,CCONJ,0.13783772654910434,1.6723904656042283,AUX,"AUX: 0.44, ADP: 0.38, CCONJ: 0.14",True,326,0,5.7899601708972535
san,sandığım,VERB,VERB,0.7139098762282715,0.863616900307478,CCONJ,"VERB: 0.71, CCONJ: 0.29",True,32,0,3.4965075614664802
gibi,gibi,ADP,ADP,0.36045769630430313,1.8400611893764562,AUX,"ADP: 0.36, AUX: 0.30, CCONJ: 0.28",True,145,0,4.983606621708336
yaşlı,yaşlı,ADJ,ADJ,,,,,True,6,0,1.9459101490553132
",",",",PUNCT,PUNCT,,,,,True,2285,0,7.734558844354756
zengin,zengin,ADJ,ADJ,,,,,True,6,0,1.9459101490553132
kadın,kadınları,ADJ,ADJ,0.22426573119393564,0.7678804621873997,NOUN,"NOUN: 0.78, ADJ: 0.22",True,40,0,3.713572066704308
kullan,kullanan,VERB,VERB,1.0,0.0,,VERB: 1.00,True,32,0,3.4965075614664802
bir,bir,DET,DET,0.49958184875865663,1.6482580173109218,NUM,"DET: 0.50, NUM: 0.30, ADJ: 0.15",True,616,0,6.424869023905388
erkek,erkek,ADJ,ADJ,0.2550214721482965,1.9837572266938677,DET,"DET: 0.30, ADJ: 0.26, PRON: 0.24, NOUN: 0.20",True,24,0,3.2188758248682006
i,değilmiş,AUX,AUX,0.47697018772995686,1.861138213598426,ADP,"AUX: 0.48, ADP: 0.26, CCONJ: 0.18, PROPN: 0.06",True,546,0,6.304448802421981
.,.,PUNCT,PUNCT,,,,,True,3283,0,8.096817470572319
yok,Yok,ADJ,ADJ,0.19004932758774726,1.3228686251346322,VERB,"VERB: 0.63, ADJ: 0.19, ADV: 0.18",True,51,0,3.9512437185814275
i,sa,AUX,AUX,0.47697018772995686,1.861138213598426,ADP,"AUX: 0.48, ADP: 0.26, CCONJ: 0.18, PROPN: 0.06",True,546,0,6.304448802421981
bu,bu,DET,DET,0.6017857940157323,1.5300103231456785,NUM,"DET: 0.60, NUM: 0.20, ADJ: 0.15",True,350,0,5.860786223465865
sabah,sabah,NOUN,NOUN,0.11450917871831384,0.7864342524726671,PRON,"PRON: 0.84, NOUN: 0.11",True,16,0,2.833213344056216
ben,beni,PRON,PRON,0.614767428544865,1.6599914502896118,ADV,"PRON: 0.61, ADV: 0.21, CCONJ: 0.08, PROPN: 0.06",True,310,0,5.739792912179234
mutlaka,mutlaka,ADV,ADV,,,,,True,8,0,2.1972245773362196
ara,arardı,VERB,VERB,1.0,0.0,,VERB: 1.00,True,33,0,3.5263605246161616
.,.,PUNCT,PUNCT,,,,,True,3283,0,8.096817470572319
damar,Damarlarına,NOUN,NOUN,,,,,True,1,0,0.6931471805599453
bir,bir,DET,DET,0.49958184875865663,1.6482580173109218,NUM,"DET: 0.50, NUM: 0.30, ADJ: 0.15",True,616,0,6.424869023905388
sıcaklık,sıcaklık,NOUN,NOUN,,,,,True,1,0,0.6931471805599453
yay,yayılmıştı,VERB,VERB,,,,,True,6,0,1.9459101490553132
.,.,PUNCT,PUNCT,,,,,True,3283,0,8.096817470572319
kahve,Kahve,NOUN,NOUN,0.7752798666190834,0.7686931469257793,ADJ,"NOUN: 0.78, ADJ: 0.22",True,19,0,2.995732273553991
iyi,iyi,ADJ,ADJ,0.03291619485831978,1.0997597953020077,PRON,"PRON: 0.75, ADV: 0.18",True,58,0,4.07753744390572
gel,gelirdi,VERB,VERB,1.0,0.0,,VERB: 1.00,True,166,0,5.117993812416755
.,.,PUNCT,PUNCT,,,,,True,3283,0,8.096817470572319
kahve,Kahvesini,NOUN,NOUN,0.7752798666190834,0.7686931469257793,ADJ,"NOUN: 0.78, ADJ: 0.22",True,19,0,2.995732273553991
hazırla,hazırlamadan,VERB,VERB,1.0,0.0,,VERB: 1.00,True,25,0,3.258096538021482
önce,önce,ADP,ADP,0.5161242363988484,1.7862775296674653,CCONJ,"ADP: 0.52, CCONJ: 0.30, NUM: 0.10",True,41,0,3.7376696182833684
son,son,ADJ,ADJ,0.1777361734882735,2.377263529052741,DET,"DET: 0.32, CCONJ: 0.22, ADJ: 0.18, NUM: 0.16, PROPN: 0.08, NOUN: 0.05",True,59,0,4.0943445622221
iki,iki,NUM,NUM,0.27698505514822225,1.5675874170394526,DET,"DET: 0.55, NUM: 0.28, ADJ: 0.13",True,83,0,4.430816798843313
cümle,cümleyi,NOUN,NOUN,,,,,True,1,0,0.6931471805599453
karala,karaladı,VERB,VERB,,,,,False,0,0,0.0
.,.,PUNCT,PUNCT,,,,,True,3283,0,8.096817470572319
çarpıntı,Çarpıntısı,NOUN,NOUN,,,,,False,0,0,0.0
geç,geçince,VERB,VERB,1.0,0.0,,VERB: 1.00,True,62,0,4.143134726391533
yaz,yazmayı,VERB,VERB,1.0,0.0,,VERB: 1.00,True,35,0,3.58351893845611
sür,sürdürdü,VERB,VERB,1.0,0.0,,VERB: 1.00,True,29,0,3.4011973816621555
.,.,PUNCT,PUNCT,,,,,True,3283,0,8.096817470572319
sözgelimi,Sözgelimi,ADV,ADV,,,,,False,0,0,0.0
Zeynep,Zeynep,PROPN,PROPN,,,,,False,0,0,0.0
",",",",PUNCT,PUNCT,,,,,True,2285,0,7.734558844354756
hiç,hiç,ADV,ADV,0.14829755248371262,1.3987334442647599,PRON,"PRON: 0.70, ADV: 0.15, PROPN: 0.06",True,45,0,3.828641396489095
de,de,CCONJ,CCONJ,0.13783772654910434,1.6723904656042283,AUX,"AUX: 0.44, ADP: 0.38, CCONJ: 0.14",True,326,0,5.7899601708972535
san,sandığım,VERB,VERB,0.7139098762282715,0.863616900307478,CCONJ,"VERB: 0.71, CCONJ: 0.29",True,32,0,3.4965075614664802
gibi,gibi,ADP,ADP,0.36045769630430313,1.8400611893764562,AUX,"ADP: 0.36, AUX: 0.30, CCONJ: 0.28",True,145,0,4.983606621708336
vurdumduymaz,vurdumduymaz,ADJ,ADJ,,,,,False,0,0,0.0
bir,bir,DET,DET,0.49958184875865663,1.6482580173109218,NUM,"DET: 0.50, NUM: 0.30, ADJ: 0.15",True,616,0,6.424869023905388
anne,anne,NOUN,NOUN,0.022677746240264553,1.7793257576975863,PRON,"PRON: 0.58, ADV: 0.16, PROPN: 0.16, CCONJ: 0.07",True,91,0,4.5217885770490405
değil,değilmiş,AUX,AUX,0.684685125302444,0.8992136021504445,VERB,"AUX: 0.68, VERB: 0.32",True,72,0,4.290459441148391
.,.,PUNCT,PUNCT,,,,,True,3283,0,8.096817470572319
n,N,NOUN,NOUN,,,,,True,1,0,0.6931471805599453
de,de,CCONJ,CCONJ,0.13783772654910434,1.6723904656042283,AUX,"AUX: 0.44, ADP: 0.38, CCONJ: 0.14",True,326,0,5.7899601708972535
kırmızı,kırmızının,ADJ,ADJ,,,,,True,6,0,1.9459101490553132
ben,bana,PRON,PRON,0.614767428544865,1.6599914502896118,ADV,"PRON: 0.61, ADV: 0.21, CCONJ: 0.08, PROPN: 0.06",True,310,0,5.739792912179234
yakış,yakıştığını,VERB,VERB,,,,,True,6,0,1.9459101490553132
yinele,yineledi,VERB,VERB,,,,,True,2,0,1.0986122886681098
.,.,PUNCT,PUNCT,,,,,True,3283,0,8.096817470572319
sınav,Sınavı,NOUN,NOUN,,,,,True,1,0,0.6931471805599453
geç,geçti,VERB,VERB,1.0,0.0,,VERB: 1.00,True,62,0,4.143134726391533
.,.,PUNCT,PUNCT,,,,,True,3283,0,8.096817470572319
keşke,Keşke,ADV,ADV,,,,,True,2,0,1.0986122886681098
bu,bu,DET,DET,0.6017857940157323,1.5300103231456785,NUM,"DET: 0.60, NUM: 0.20, ADJ: 0.15",True,350,0,5.860786223465865
şal,şalı,NOUN,NOUN,,,,,False,0,0,0.0
o,ona,PRON,PRON,0.5961784524857141,1.6538184960634559,ADV,"PRON: 0.60, ADV: 0.24, CCONJ: 0.07, PROPN: 0.05",True,264,0,5.579729825986222
armağan,armağan,NOUN,NOUN,,,,,True,2,0,1.0986122886681098
et,etseydim,VERB,VERB,0.021423477839648417,2.0747581498935594,AUX,"AUX: 0.33, ADP: 0.33, CCONJ: 0.23",True,260,0,5.564520407322694
.,.,PUNCT,PUNCT,,,,,True,3283,0,8.096817470572319
ama,Ama,CCONJ,CCONJ,0.26313102212215905,1.8047829885976687,PRON,"PRON: 0.46, CCONJ: 0.26, ADV: 0.22",True,139,0,4.941642422609304
otobüs,otobüsünün,NOUN,NOUN,,,,,True,5,0,1.791759469228055
kaç,kaçta,ADJ,NOUN,,,,,True,6,1,1.9459101490553132
kalk,kalktığını,VERB,VERB,0.318376600131841,0.9026073263581879,AUX,"AUX: 0.68, VERB: 0.32",True,20,0,3.044522437723423
sor,sormayı,VERB,VERB,1.0,0.0,,VERB: 1.00,True,49,0,3.912023005428146
unut,unuttum,VERB,VERB,,,,,True,7,0,2.0794415416798357
.,.,PUNCT,PUNCT,,,,,True,3283,0,8.096817470572319
telaş,Telaşla,ADV,ADV,,,,,False,0,0,0.0
ayak,ayağa,NOUN,NOUN,0.4353059028892786,1.5513317648345821,ADJ,"NOUN: 0.44, ADJ: 0.30, PROPN: 0.27",True,26,0,3.295836866004329
fırla,fırladı,VERB,VERB,,,,,True,5,0,1.791759469228055
",",",",PUNCT,PUNCT,,,,,True,2285,0,7.734558844354756
telefon,telefona,NOUN,NOUN,0.6896431117106226,0.8935849951313106,ADJ,"NOUN: 0.69, ADJ: 0.31",True,13,0,2.6390573296152584
koş,koşarken,VERB,VERB,0.7157210183187309,1.1118797468105879,NOUN,"VERB: 0.72, NOUN: 0.20, ADJ: 0.09",True,17,0,2.8903717578961645
kapı,kapı,NOUN,NOUN,0.29229919585074965,1.974713495304894,PRON,"PRON: 0.30, NOUN: 0.29, ADJ: 0.21, PROPN: 0.19",True,22,0,3.1354942159291497
vurul,vuruldu,VERB,VERB,,,,,True,1,0,0.6931471805599453
.,.,PUNCT,PUNCT,,,,,True,3283,0,8.096817470572319
oda,Oda,NOUN,NOUN,0.6085012339086038,0.9657599469236062,ADJ,"NOUN: 0.61, ADJ: 0.39",True,15,0,2.772588722239781
hizmetçi,hizmetçisi,NOUN,NOUN,,,,,False,0,0,0.0
i,ydi,AUX,AUX,0.47697018772995686,1.861138213598426,ADP,"AUX: 0.48, ADP: 0.26, CCONJ: 0.18, PROPN: 0.06",True,546,0,6.304448802421981
herhalde,herhalde,ADV,ADV,,,,,True,4,0,1.6094379124341003
.,.,PUNCT,PUNCT,,,,,True,3283,0,8.096817470572319
ara,Ara,ADJ,ADJ,0.45952551652597307,0.9952680248528016,NOUN,"NOUN: 0.54, ADJ: 0.46",True,73,0,4.30406509320417
sıra,sıra,NOUN,NOUN,0.21801908515437277,2.0406772673437534,PRON,"PRON: 0.45, NOUN: 0.22, PROPN: 0.14, ADV: 0.11, ADJ: 0.08",True,28,0,3.367295829986474
temizlik,temizliği,NOUN,NOUN,,,,,True,1,0,0.6931471805599453
aksa,aksatsa,VERB,VERB,,,,,False,0,0,0.0
da,da,CCONJ,CCONJ,0.13730810580889885,1.6721173968196932,AUX,"AUX: 0.44, ADP: 0.38, CCONJ: 0.14",True,275,0,5.62040086571715
kendi,kendisine,PRON,PRON,0.6796575105452602,1.4263748283851931,ADV,"PRON: 0.68, ADV: 0.19, PROPN: 0.06",True,126,0,4.844187086458591
hep,hep,ADV,ADV,0.17309001779684272,1.7271777054178834,PRON,"PRON: 0.51, CCONJ: 0.25, ADV: 0.17",True,25,0,3.258096538021482
siz,siz,PRON,PRON,0.6489290710050605,1.4471589459833951,ADV,"PRON: 0.65, ADV: 0.22, CCONJ: 0.08",True,49,0,3.912023005428146
de,diyen,VERB,VERB,0.7089626585740004,0.8700574815901702,CCONJ,"VERB: 0.71, CCONJ: 0.29",True,295,0,5.69035945432406
bir,bir,DET,DET,0.49958184875865663,1.6482580173109218,NUM,"DET: 0.50, NUM: 0.30, ADJ: 0.15",True,616,0,6.424869023905388
kızcağız,kızcağız,NOUN,NOUN,,,,,True,1,0,0.6931471805599453
.,.,PUNCT,PUNCT,,,,,True,3283,0,8.096817470572319
gerçekten,Gerçekten,ADV,ADV,,,,,True,7,0,2.0794415416798357
de,de,CCONJ,CCONJ,0.13783772654910434,1.6723904656042283,AUX,"AUX: 0.44, ADP: 0.38, CCONJ: 0.14",True,326,0,5.7899601708972535
o,o,PRON,PRON,0.5961784524857141,1.6538184960634559,ADV,"PRON: 0.60, ADV: 0.24, CCONJ: 0.07, PROPN: 0.05",True,264,0,5.579729825986222
i,ydu,AUX,AUX,0.47697018772995686,1.861138213598426,ADP,"AUX: 0.48, ADP: 0.26, CCONJ: 0.18, PROPN: 0.06",True,546,0,6.304448802421981
.,.,PUNCT,PUNCT,,,,,True,3283,0,8.096817470572319
-,-,PUNCT,PUNCT,,,,,True,74,0,4.31748811353631
buyur,Buyur,VERB,VERB,,,,,True,5,0,1.791759469228055
can,canım,NOUN,NOUN,0.21229396720273427,1.8300251612537353,PRON,"PRON: 0.47, NOUN: 0.21, ADJ: 0.17, PROPN: 0.15",True,12,0,2.5649493574615367
",",",",PUNCT,PUNCT,,,,,True,2285,0,7.734558844354756
de,dedi,VERB,VERB,0.7089626585740004,0.8700574815901702,CCONJ,"VERB: 0.71, CCONJ: 0.29",True,295,0,5.69035945432406
Şükran,Şükran,PROPN,PROPN,,,,,False,0,0,0.0
Hanım,Hanım,PROPN,PROPN,,,,,True,2,0,1.0986122886681098
yeni,yeni,ADJ,ADJ,0.22068888520563854,1.3431848495027867,DET,"DET: 0.61, ADJ: 0.22, CCONJ: 0.17",True,50,0,3.9318256327243257
sevecenlik,sevecenliğiyle,NOUN,NOUN,,,,,False,0,0,0.0
.,.,PUNCT,PUNCT,,,,,True,3283,0,8.096817470572319
kız,Kız,ADJ,ADJ,0.08697606722257128,1.2687323826082555,NOUN,"NOUN: 0.60, PROPN: 0.31, ADJ: 0.09",True,72,0,4.290459441148391
içeri,içeri,NOUN,NOUN,0.4367572947609049,1.5503596805696764,ADJ,"NOUN: 0.44, ADJ: 0.30, PROPN: 0.27",True,12,0,2.5649493574615367
gir,girmedi,VERB,VERB,1.0,0.0,,VERB: 1.00,True,63,0,4.1588830833596715
.,.,PUNCT,PUNCT,,,,,True,3283,0,8.096817470572319
-,-,PUNCT,PUNCT,,,,,True,74,0,4.31748811353631
bu,Bu,DET,DET,0.6017857940157323,1.5300103231456785,NUM,"DET: 0.60, NUM: 0.20, ADJ: 0.15",True,350,0,5.860786223465865
sen,senin,PRON,PRON,0.5975153654339292,1.4960517331359373,ADV,"PRON: 0.60, ADV: 0.28, PROPN: 0.06",True,96,0,4.574710978503383
şal,şalın,NOUN,NOUN,,,,,False,0,0,0.0
i,mış,AUX,AUX,0.47697018772995686,1.861138213598426,ADP,"AUX: 0.48, ADP: 0.26, CCONJ: 0.18, PROPN: 0.06",True,546,0,6.304448802421981
.,.,PUNCT,PUNCT,,,,,True,3283,0,8.096817470572319
dün,Dün,NOUN,NOUN,,,,,True,6,0,1.9459101490553132
gece,gece,NOUN,NOUN,0.19864455081399557,0.9246613571687522,PRON,"PRON: 0.77, NOUN: 0.20",True,37,0,3.6375861597263857
disko,diskoda,NOUN,NOUN,,,,,False,0,0,0.0
unut,unutmuşsun,VERB,VERB,,,,,True,7,0,2.0794415416798357
.,.,PUNCT,PUNCT,,,,,True,3283,0,8.096817470572319
Hüseyin,Hüseyin,PROPN,PROPN,,,,,True,2,0,1.0986122886681098
Abi,Abi,PROPN,PROPN,,,,,True,1,0,0.6931471805599453
gönder,gönderdi,VERB,VERB,1.0,0.0,,VERB: 1.00,True,12,0,2.5649493574615367
.,.,PUNCT,PUNCT,,,,,True,3283,0,8.096817470572319
kim,?,PRON,PRON,0.5973445626800743,1.7438346441668269,ADV,"PRON: 0.60, ADV: 0.14, NOUN: 0.11, PROPN: 0.09, ADJ: 0.05",True,12,0,2.5649493574615367
i,immiş,AUX,AUX,0.47697018772995686,1.861138213598426,ADP,"AUX: 0.48, ADP: 0.26, CCONJ: 0.18, PROPN: 0.06",True,546,0,6.304448802421981
bu,bu,DET,DET,0.6017857940157323,1.5300103231456785,NUM,"DET: 0.60, NUM: 0.20, ADJ: 0.15",True,350,0,5.860786223465865
kadın,kadın,ADJ,ADJ,0.22426573119393564,0.7678804621873997,NOUN,"NOUN: 0.78, ADJ: 0.22",True,40,0,3.713572066704308
.,.,PUNCT,PUNCT,,,,,True,3283,0,8.096817470572319
diye,diye,ADP,ADP,0.26515728248607623,2.352927457262911,AUX,"AUX: 0.34, ADP: 0.27, PRON: 0.15, CCONJ: 0.13",True,107,0,4.68213122712422
devam,devam,NOUN,NOUN,0.6147917113743014,0.9616375651094612,ADJ,"NOUN: 0.61, ADJ: 0.39",True,11,0,2.4849066497880004
et,etti,VERB,VERB,0.021423477839648417,2.0747581498935594,AUX,"AUX: 0.33, ADP: 0.33, CCONJ: 0.23",True,260,0,5.564520407322694
.,.,PUNCT,PUNCT,,,,,True,3283,0,8.096817470572319
el,Eline,NOUN,NOUN,0.685323078074829,0.8984985975836332,ADJ,"NOUN: 0.69, ADJ: 0.31",True,81,0,4.406719247264253
sağlık,sağlık,NOUN,NOUN,,,,,True,6,0,1.9459101490553132
.,.,PUNCT,PUNCT,,,,,True,3283,0,8.096817470572319
geyik,Geyiklerin,NOUN,NOUN,,,,,True,1,0,0.6931471805599453
alışık,alışık,ADJ,ADJ,,,,,False,0,0,0.0
ol,olmadıkları,VERB,VERB,1.0,0.0,,VERB: 1.00,True,603,0,6.403574197934815
bu,bu,DET,DET,0.6017857940157323,1.5300103231456785,NUM,"DET: 0.60, NUM: 0.20, ADJ: 0.15",True,350,0,5.860786223465865
durum,durum,NOUN,NOUN,0.8802789915430831,0.5285583806611713,ADJ,"NOUN: 0.88, ADJ: 0.12",True,34,0,3.5553480614894135
karşı,karşısında,ADJ,ADJ,0.4651418561178153,0.9964911451889301,NOUN,"NOUN: 0.53, ADJ: 0.47",True,15,0,2.772588722239781
ki,ki,ADP,ADP,0.352272282719127,2.181690690995641,AUX,"ADP: 0.35, AUX: 0.28, CCONJ: 0.23, NUM: 0.08",True,217,0,5.384495062789089
olgun,olgun,ADJ,ADJ,,,,,True,2,0,1.0986122886681098
davranış,davranışları,NOUN,NOUN,,,,,True,10,0,2.3978952727983707
",",",",PUNCT,PUNCT,,,,,True,2285,0,7.734558844354756
hatta,hatta,CCONJ,CCONJ,0.22138976689706663,2.5796359281558345,DET,"DET: 0.24, CCONJ: 0.22, PRON: 0.19, PROPN: 0.16, ADV: 0.09, NUM: 0.08",True,14,0,2.70805020110221
kızak,kızak,NOUN,NOUN,,,,,True,1,0,0.6931471805599453
hat,hattının,NOUN,NOUN,,,,,True,10,0,2.3978952727983707
tam,tam,ADJ,ADJ,,,,,True,10,0,2.3978952727983707
orta,ortasında,ADJ,ADJ,0.38152477258790346,1.2401175427000042,NOUN,"NOUN: 0.56, ADJ: 0.38, VERB: 0.06",True,38,0,3.6635616461296463
ki,ki,ADP,ADP,0.352272282719127,2.181690690995641,AUX,"ADP: 0.35, AUX: 0.28, CCONJ: 0.23, NUM: 0.08",True,217,0,5.384495062789089
düşüş,düşüşlerimde,NOUN,NOUN,,,,,True,5,0,1.791759469228055
dahi,dahi,ADJ,ADJ,,,,,True,5,0,1.791759469228055
ben,bana,PRON,PRON,0.614767428544865,1.6599914502896118,ADV,"PRON: 0.61, ADV: 0.21, CCONJ: 0.08, PROPN: 0.06",True,310,0,5.739792912179234
bas,basmamaya,VERB,VERB,1.0,0.0,,VERB: 1.00,True,11,0,2.4849066497880004
özen,özen,NOUN,NOUN,,,,,True,4,0,1.6094379124341003
göster,göstermeleri,VERB,VERB,1.0,0.0,,VERB: 1.00,True,36,0,3.6109179126442243
çarpıcı,çarpıcı,NOUN,NOUN,,,,,False,0,0,0.0
i,ydı,AUX,AUX,0.47697018772995686,1.861138213598426,ADP,"AUX: 0.48, ADP: 0.26, CCONJ: 0.18, PROPN: 0.06",True,546,0,6.304448802421981
;,;,PUNCT,PUNCT,,,,,True,84,0,4.442651256490317
sanki,sanki,ADV,ADV,0.18798383564530385,1.769447959111264,PRON,"PRON: 0.55, ADV: 0.19, CCONJ: 0.14, PROPN: 0.10",True,14,0,2.70805020110221
ara,aramızda,ADJ,ADJ,0.45952551652597307,0.9952680248528016,NOUN,"NOUN: 0.54, ADJ: 0.46",True,73,0,4.30406509320417
bir,bir,DET,DET,0.49958184875865663,1.6482580173109218,NUM,"DET: 0.50, NUM: 0.30, ADJ: 0.15",True,616,0,6.424869023905388
sıcaklık,sıcaklık,NOUN,NOUN,,,,,True,1,0,0.6931471805599453
doğ,doğmuştu,VERB,VERB,1.0,0.0,,VERB: 1.00,True,13,0,2.6390573296152584
.,.,PUNCT,PUNCT,,,,,True,3283,0,8.096817470572319
yalnız,Yalnız,ADV,ADV,,,,,True,8,0,2.1972245773362196
i,dı,AUX,AUX,0.47697018772995686,1.861138213598426,ADP,"AUX: 0.48, ADP: 0.26, CCONJ: 0.18, PROPN: 0.06",True,546,0,6.304448802421981
.,.,PUNCT,PUNCT,,,,,True,3283,0,8.096817470572319
gel,Geldi,VERB,VERB,1.0,0.0,,VERB: 1.00,True,166,0,5.117993812416755
.,.,PUNCT,PUNCT,,,,,True,3283,0,8.096817470572319
kim,?,PRON,PRON,0.5973445626800743,1.7438346441668269,ADV,"PRON: 0.60, ADV: 0.14, NOUN: 0.11, PROPN: 0.09, ADJ: 0.05",True,12,0,2.5649493574615367
i,imsiniz,AUX,AUX,0.47697018772995686,1.861138213598426,ADP,"AUX: 0.48, ADP: 0.26, CCONJ: 0.18, PROPN: 0.06",True,546,0,6.304448802421981
?,?,PUNCT,PUNCT,,,,,True,125,0,4.836281906951478
ne,Ne,PRON,PRON,0.657373909218341,1.5595369645973152,PROPN,"PRON: 0.66, PROPN: 0.14, ADV: 0.11, NOUN: 0.06",True,98,0,4.59511985013459
ol,oldu,VERB,VERB,1.0,0.0,,VERB: 1.00,True,603,0,6.403574197934815
?,?,PUNCT,PUNCT,,,,,True,125,0,4.836281906951478
diye,diye,ADP,ADP,0.26515728248607623,2.352927457262911,AUX,"AUX: 0.34, ADP: 0.27, PRON: 0.15, CCONJ: 0.13",True,107,0,4.68213122712422
sor,sordu,VERB,VERB,1.0,0.0,,VERB: 1.00,True,49,0,3.912023005428146
.,.,PUNCT,PUNCT,,,,,True,3283,0,8.096817470572319
o,O,DET,DET,0.6447660992254824,1.4376147671166477,NUM,"DET: 0.64, NUM: 0.18, ADJ: 0.13",True,113,0,4.736198448394496
sıra,sıralarda,NOUN,NOUN,0.21801908515437277,2.0406772673437534,PRON,"PRON: 0.45, NOUN: 0.22, PROPN: 0.14, ADV: 0.11, ADJ: 0.08",True,28,0,3.367295829986474
yeni,yeni,ADJ,ADJ,0.22068888520563854,1.3431848495027867,DET,"DET: 0.61, ADJ: 0.22, CCONJ: 0.17",True,50,0,3.9318256327243257
taşı,taşındığım,VERB,VERB,1.0,0.0,,VERB: 1.00,True,20,0,3.044522437723423
apartman,apartmanda,NOUN,NOUN,,,,,True,3,0,1.3862943611198906
bir,bir,DET,DET,0.49958184875865663,1.6482580173109218,NUM,"DET: 0.50, NUM: 0.30, ADJ: 0.15",True,616,0,6.424869023905388
yazar,yazarın,NOUN,NOUN,,,,,True,7,0,2.0794415416798357
otur,oturduğunu,VERB,VERB,1.0,0.0,,VERB: 1.00,True,54,0,4.007333185232471
keşfet,keşfettim,VERB,VERB,,,,,True,2,0,1.0986122886681098
",",",",PUNCT,PUNCT,,,,,True,2285,0,7.734558844354756
ben,benden,PRON,PRON,0.614767428544865,1.6599914502896118,ADV,"PRON: 0.61, ADV: 0.21, CCONJ: 0.08, PROPN: 0.06",True,310,0,5.739792912179234
genç,genç,ADV,ADV,,,,,False,0,0,0.0
i,ti,AUX,AUX,0.47697018772995686,1.861138213598426,ADP,"AUX: 0.48, ADP: 0.26, CCONJ: 0.18, PROPN: 0.06",True,546,0,6.304448802421981
",",",",PUNCT,PUNCT,,,,,True,2285,0,7.734558844354756
on,on,NUM,NUM,0.6219187351173523,1.783965877110234,PROPN,"NUM: 0.62, PROPN: 0.10, DET: 0.10, ADJ: 0.08, CCONJ: 0.07",True,21,0,3.091042453358316
iki,iki,NUM,NUM,0.27698505514822225,1.5675874170394526,DET,"DET: 0.55, NUM: 0.28, ADJ: 0.13",True,83,0,4.430816798843313
yaşında,yaşında,NOUN,NOUN,,,,,True,4,0,1.6094379124341003
i,ydı,AUX,AUX,0.47697018772995686,1.861138213598426,ADP,"AUX: 0.48, ADP: 0.26, CCONJ: 0.18, PROPN: 0.06",True,546,0,6.304448802421981
",",",",PUNCT,PUNCT,,,,,True,2285,0,7.734558844354756
o,onu,PRON,PRON,0.5961784524857141,1.6538184960634559,ADV,"PRON: 0.60, ADV: 0.24, CCONJ: 0.07, PROPN: 0.05",True,264,0,5.579729825986222
ilk,ilk,ADJ,ADJ,0.121493136275404,1.1638215395306515,DET,"DET: 0.70, NUM: 0.17, ADJ: 0.12",True,33,0,3.5263605246161616
kez,kez,NOUN,NOUN,0.7353380064711897,0.8337002109648651,ADV,"NOUN: 0.74, ADV: 0.26",True,21,0,3.091042453358316
asansör,asansörle,NOUN,NOUN,,,,,False,0,0,0.0
ev,eve,NOUN,NOUN,0.2165987183589658,2.0343315049689665,PRON,"PRON: 0.45, NOUN: 0.22, PROPN: 0.14, ADV: 0.11, ADJ: 0.08",True,113,0,4.736198448394496
çık,çıkarken,VERB,VERB,1.0,0.0,,VERB: 1.00,True,80,0,4.394449154672439
gör,görmüştüm,VERB,VERB,1.0,0.0,,VERB: 1.00,True,81,0,4.406719247264253
",",",",PUNCT,PUNCT,,,,,True,2285,0,7.734558844354756
somurtkan,somurtkan,ADJ,ADJ,,,,,True,1,0,0.6931471805599453
dudak,dudakları,NOUN,NOUN,,,,,True,3,0,1.3862943611198906
",",",",PUNCT,PUNCT,,,,,True,2285,0,7.734558844354756
kocaman,kocaman,ADJ,ADJ,,,,,True,5,0,1.791759469228055
göz,gözleri,NOUN,NOUN,0.48581680668839844,1.5108829755725355,PROPN,"NOUN: 0.49, PROPN: 0.28, ADJ: 0.24",True,49,0,3.912023005428146
var,vardı,VERB,VERB,0.919968924709315,0.40228867645093425,ADJ,"VERB: 0.92, ADJ: 0.08",True,49,0,3.912023005428146
",",",",PUNCT,PUNCT,,,,,True,2285,0,7.734558844354756
konuş,konuşurken,VERB,VERB,1.0,0.0,,VERB: 1.00,True,61,0,4.127134385045092
hep,hep,ADV,ADV,0.17309001779684272,1.7271777054178834,PRON,"PRON: 0.51, CCONJ: 0.25, ADV: 0.17",True,25,0,3.258096538021482
yer,yere,NOUN,NOUN,0.6105573897718891,0.964438903111094,ADJ,"NOUN: 0.61, ADJ: 0.39",True,111,0,4.718498871295094
bak,bakıyor,VERB,VERB,1.0,0.0,,VERB: 1.00,True,85,0,4.454347296253507
konuş,konuştuğu,VERB,VERB,1.0,0.0,,VERB: 1.00,True,61,0,4.127134385045092
insan,insana,NOUN,NOUN,0.6842686317549259,0.8996789321325918,ADJ,"NOUN: 0.68, ADJ: 0.32",True,68,0,4.23410650459726
asla,asla,ADV,ADV,,,,,False,0,0,0.0
bak,bakmıyordu,VERB,VERB,1.0,0.0,,VERB: 1.00,True,85,0,4.454347296253507
.,.,PUNCT,PUNCT,,,,,True,3283,0,8.096817470572319
casino,Casino,NOUN,NOUN,,,,,False,0,0,0.0
Venüs,Venüs,PROPN,PROPN,,,,,False,0,0,0.0
...,...,PUNCT,PUNCT,,,,,True,91,0,4.5217885770490405
diye,diye,ADP,ADP,0.26515728248607623,2.352927457262911,AUX,"AUX: 0.34, ADP: 0.27, PRON: 0.15, CCONJ: 0.13",True,107,0,4.68213122712422
mırılda,mırıldandı,VERB,VERB,,,,,False,0,0,0.0
.,.,PUNCT,PUNCT,,,,,True,3283,0,8.096817470572319
unut,Unutmadım,VERB,VERB,,,,,True,7,0,2.0794415416798357
o,onu,PRON,PRON,0.5961784524857141,1.6538184960634559,ADV,"PRON: 0.60, ADV: 0.24, CCONJ: 0.07, PROPN: 0.05",True,264,0,5.579729825986222
.,.,PUNCT,PUNCT,,,,,True,3283,0,8.096817470572319
git,Gideceğiz,VERB,VERB,1.0,0.0,,VERB: 1.00,True,116,0,4.762173934797756
",",",",PUNCT,PUNCT,,,,,True,2285,0,7.734558844354756
de,dedim,VERB,VERB,0.7089626585740004,0.8700574815901702,CCONJ,"VERB: 0.71, CCONJ: 0.29",True,295,0,5.69035945432406
.,.,PUNCT,PUNCT,,,,,True,3283,0,8.096817470572319
Bartın,Bartın'da,PROPN,PROPN,,,,,False,0,0,0.0
i,ydım,AUX,AUX,0.47697018772995686,1.861138213598426,ADP,"AUX: 0.48, ADP: 0.26, CCONJ: 0.18, PROPN: 0.06",True,546,0,6.304448802421981
.,.,PUNCT,PUNCT,,,,,True,3283,0,8.096817470572319
gece,Gece,NOUN,NOUN,0.19864455081399557,0.9246613571687522,PRON,"PRON: 0.77, NOUN: 0.20",True,37,0,3.6375861597263857
yarı,yarısı,ADJ,ADJ,0.3917735826110317,0.9659345709351683,NOUN,"NOUN: 0.61, ADJ: 0.39",True,14,0,2.70805020110221
sokak,sokaklarında,NOUN,NOUN,0.3777121795078377,1.5657247527389495,PRON,"NOUN: 0.38, PRON: 0.36, ADJ: 0.26",True,16,0,2.833213344056216
dolaş,dolaşıyor,VERB,VERB,0.7164036002470938,1.0680650298299488,ADJ,"VERB: 0.72, ADJ: 0.23, NOUN: 0.06",True,14,0,2.70805020110221
",",",",PUNCT,PUNCT,,,,,True,2285,0,7.734558844354756
zaman,zamanın,NOUN,NOUN,0.7768808568937368,0.7658222066504196,ADJ,"NOUN: 0.78, ADJ: 0.22",True,77,0,4.356708826689592
geç,geçmesini,VERB,VERB,1.0,0.0,,VERB: 1.00,True,62,0,4.143134726391533
bekle,bekliyordum,VERB,VERB,0.7047743026417859,0.8753762910019542,CCONJ,"VERB: 0.70, CCONJ: 0.30",True,27,0,3.332204510175204
.,.,PUNCT,PUNCT,,,,,True,3283,0,8.096817470572319
az,Az,ADJ,ADJ,,,,,True,8,0,2.1972245773362196
ileri,ilerde,ADJ,ADJ,,,,,True,6,0,1.9459101490553132
",",",",PUNCT,PUNCT,,,,,True,2285,0,7.734558844354756
sokak,sokağın,NOUN,NOUN,0.3777121795078377,1.5657247527389495,PRON,"NOUN: 0.38, PRON: 0.36, ADJ: 0.26",True,16,0,2.833213344056216
baş,başında,NOUN,NOUN,0.1890902731140519,1.8430796248904169,PRON,"PRON: 0.46, ADJ: 0.21, NOUN: 0.19, PROPN: 0.15",True,54,0,4.007333185232471
kapı,kapısı,NOUN,NOUN,0.29229919585074965,1.974713495304894,PRON,"PRON: 0.30, NOUN: 0.29, ADJ: 0.21, PROPN: 0.19",True,22,0,3.1354942159291497
kapalı,kapalı,ADJ,ADJ,,,,,True,5,0,1.791759469228055
dur,duran,VERB,VERB,1.0,0.0,,VERB: 1.00,True,27,0,3.332204510175204
Taşhan,Taşhan,PROPN,PROPN,,,,,False,0,0,0.0
ben,beni,PRON,PRON,0.614767428544865,1.6599914502896118,ADV,"PRON: 0.61, ADV: 0.21, CCONJ: 0.08, PROPN: 0.06",True,310,0,5.739792912179234
bir,bir,DET,DET,0.49958184875865663,1.6482580173109218,NUM,"DET: 0.50, NUM: 0.30, ADJ: 0.15",True,616,0,6.424869023905388
mıknatıs,mıknatıs,ADV,ADV,,,,,False,0,0,0.0
gibi,gibi,ADP,ADP,0.36045769630430313,1.8400611893764562,AUX,"ADP: 0.36, AUX: 0.30, CCONJ: 0.28",True,145,0,4.983606621708336
kendi,kendine,PRON,PRON,0.6796575105452602,1.4263748283851931,ADV,"PRON: 0.68, ADV: 0.19, PROPN: 0.06",True,126,0,4.844187086458591
çek,çekiyordu,VERB,VERB,0.5799102140104834,1.4728643172157725,CCONJ,"VERB: 0.58, CCONJ: 0.26, ADV: 0.14",True,40,0,3.713572066704308
.,.,PUNCT,PUNCT,,,,,True,3283,0,8.096817470572319
bir,Bir,DET,DET,0.49958184875865663,1.6482580173109218,NUM,"DET: 0.50, NUM: 0.30, ADJ: 0.15",True,616,0,6.424869023905388
süre,süre,NOUN,NOUN,0.8820365801913382,0.523478306365258,ADJ,"NOUN: 0.88, ADJ: 0.12",True,24,0,3.2188758248682006
kepenk,kepenkleri,NOUN,NOUN,,,,,False,0,0,0.0
in,inmiş,VERB,VERB,1.0,0.0,,VERB: 1.00,True,16,0,2.833213344056216
dükkan,dükkanların,NOUN,NOUN,,,,,True,5,0,1.791759469228055
ön,önünden,ADJ,ADJ,0.45739573711896436,1.2559973268911384,NOUN,"NOUN: 0.49, ADJ: 0.46, VERB: 0.06",True,36,0,3.6109179126442243
yürü,yürüdüm,VERB,VERB,0.9696329731056629,0.1962291533592685,NOUN,VERB: 0.97,True,18,0,2.9444389791664403
",",",",PUNCT,PUNCT,,,,,True,2285,0,7.734558844354756
gece,gece,NOUN,NOUN,0.19864455081399557,0.9246613571687522,PRON,"PRON: 0.77, NOUN: 0.20",True,37,0,3.6375861597263857
zaman,zamanı,NOUN,NOUN,0.7768808568937368,0.7658222066504196,ADJ,"NOUN: 0.78, ADJ: 0.22",True,77,0,4.356708826689592
karanlık,karanlık,ADJ,ADJ,,,,,True,3,0,1.3862943611198906
ve,ve,CCONJ,CCONJ,0.23925769350174309,2.411623002364367,NUM,"NUM: 0.34, CCONJ: 0.24, ADJ: 0.14, DET: 0.11, PRON: 0.09, PROPN: 0.06",True,359,0,5.886104031450156
ses,ses,NOUN,NOUN,0.3237009019450614,1.9450836951989445,PRON,"NOUN: 0.32, PRON: 0.31, PROPN: 0.20, ADJ: 0.17",True,32,0,3.4965075614664802
siz,siz,ADP,ADP,0.3340274831620072,2.1348321686976823,AUX,"ADP: 0.33, AUX: 0.31, CCONJ: 0.24",True,28,0,3.367295829986474
dur,duran,VERB,VERB,1.0,0.0,,VERB: 1.00,True,27,0,3.332204510175204
şadırvan,şadırvana,NOUN,NOUN,,,,,False,0,0,0.0
bir,bir,ADV,ADV,0.23299744110966192,1.0714237035875651,PRON,"PRON: 0.72, ADV: 0.23",True,28,0,3.367295829986474
göz,göz,NOUN,NOUN,0.48581680668839844,1.5108829755725355,PROPN,"NOUN: 0.49, PROPN: 0.28, ADJ: 0.24",True,49,0,3.912023005428146
at,attım,VERB,VERB,1.0,0.0,,VERB: 1.00,True,26,0,3.295836866004329
.,.,PUNCT,PUNCT,,,,,True,3283,0,8.096817470572319
hastane,Hastane,NOUN,NOUN,,,,,True,9,0,2.302585092994046
bayır,bayırının,NOUN,NOUN,,,,,False,0,0,0.0
ora,oralara,NOUN,NOUN,0.06614595594686694,1.725004869700506,PRON,"PRON: 0.60, PROPN: 0.15, ADV: 0.12, NOUN: 0.07, ADJ: 0.06",True,29,0,3.4011973816621555
doğru,doğru,ADP,ADP,0.603356309009717,1.3846799551995925,CCONJ,"ADP: 0.60, CCONJ: 0.30, ADV: 0.06",True,20,0,3.044522437723423
yürü,yürüdüm,VERB,VERB,0.9696329731056629,0.1962291533592685,NOUN,VERB: 0.97,True,18,0,2.9444389791664403
.,.,PUNCT,PUNCT,,,,,True,3283,0,8.096817470572319
aşağı,Aşağıda,ADJ,ADJ,,,,,True,6,0,1.9459101490553132
ki,ki,ADP,ADP,0.352272282719127,2.181690690995641,AUX,"ADP: 0.35, AUX: 0.28, CCONJ: 0.23, NUM: 0.08",True,217,0,5.384495062789089
karanlık,karanlık,ADJ,ADJ,,,,,True,3,0,1.3862943611198906
vadi,vadiyi,NOUN,NOUN,,,,,False,0,0,0.0
seyret,seyrettim,VERB,VERB,,,,,True,6,0,1.9459101490553132
bir,bir,NUM,NUM,0.3916735022215744,1.8552050660223744,DET,"DET: 0.40, NUM: 0.39, ADJ: 0.09, PROPN: 0.06, NOUN: 0.06",True,170,0,5.14166355650266
süre,süre,NOUN,NOUN,0.8820365801913382,0.523478306365258,ADJ,"NOUN: 0.88, ADJ: 0.12",True,24,0,3.2188758248682006
.,.,PUNCT,PUNCT,,,,,True,3283,0,8.096817470572319
hızlı,Hızlı,ADJ,ADJ,,,,,True,4,0,1.6094379124341003
adım,adımlarla,NOUN,NOUN,,,,,True,10,0,2.3978952727983707
yeniden,yeniden,ADV,ADV,0.21097570581915642,1.7793365705047433,PRON,"PRON: 0.55, ADV: 0.21, PROPN: 0.14, ADJ: 0.06",True,17,0,2.8903717578961645
Taşhan,Taşhan'a,PROPN,PROPN,,,,,False,0,0,0.0
dön,döndüm,VERB,VERB,1.0,0.0,,VERB: 1.00,True,37,0,3.6375861597263857
.,.,PUNCT,PUNCT,,,,,True,3283,0,8.096817470572319
kapı,Kapının,NOUN,NOUN,0.29229919585074965,1.974713495304894,PRON,"PRON: 0.30, NOUN: 0.29, ADJ: 0.21, PROPN: 0.19",True,22,0,3.1354942159291497
ön,önünde,ADJ,ADJ,0.45739573711896436,1.2559973268911384,NOUN,"NOUN: 0.49, ADJ: 0.46, VERB: 0.06",True,36,0,3.6109179126442243
bir,bir,DET,DET,0.49958184875865663,1.6482580173109218,NUM,"DET: 0.50, NUM: 0.30, ADJ: 0.15",True,616,0,6.424869023905388
kadın,kadın,ADJ,ADJ,0.22426573119393564,0.7678804621873997,NOUN,"NOUN: 0.78, ADJ: 0.22",True,40,0,3.713572066704308
dur,duruyordu,VERB,VERB,1.0,0.0,,VERB: 1.00,True,27,0,3.332204510175204
.,.,PUNCT,PUNCT,,,,,True,3283,0,8.096817470572319
besbelli,Besbelli,ADV,ADJ,,,,,False,0,1,0.0
hava,havada,NOUN,NOUN,0.29029750329497095,1.9737188215195793,PRON,"PRON: 0.30, NOUN: 0.29, ADJ: 0.21, PROPN: 0.19",True,17,0,2.8903717578961645
ki,ki,ADP,ADP,0.352272282719127,2.181690690995641,AUX,"ADP: 0.35, AUX: 0.28, CCONJ: 0.23, NUM: 0.08",True,217,0,5.384495062789089
nem,nemden,NOUN,NOUN,,,,,False,0,0,0.0
üşü,üşümüştü,VERB,VERB,,,,,False,0,0,0.0
",",",",PUNCT,PUNCT,,,,,True,2285,0,7.734558844354756
üstün,üstünde,ADJ,ADJ,,,,,False,0,0,0.0
ki,ki,ADP,ADP,0.352272282719127,2.181690690995641,AUX,"ADP: 0.35, AUX: 0.28, CCONJ: 0.23, NUM: 0.08",True,217,0,5.384495062789089
trençkot,trençkota,NOUN,NOUN,,,,,False,0,0,0.0
sımsıkı,sımsıkı,ADJ,ADJ,,,,,False,0,0,0.0
sarın,sarınmış,VERB,VERB,,,,,False,0,0,0.0
",",",",PUNCT,PUNCT,,,,,True,2285,0,7.734558844354756
öyle,öyle,ADJ,ADJ,,,,,True,9,0,2.302585092994046
ce,ce,ADP,ADP,,,,,True,32,0,3.4965075614664802
dur,duruyordu,VERB,VERB,1.0,0.0,,VERB: 1.00,True,27,0,3.332204510175204
.,.,PUNCT,PUNCT,,,,,True,3283,0,8.096817470572319
yaklaş,Yaklaştım,VERB,VERB,,,,,True,10,0,2.3978952727983707
yan,yanına,ADJ,ADJ,0.22369130935054335,0.7668506751450528,NOUN,"NOUN: 0.78, ADJ: 0.22",True,60,0,4.110873864173311
.,.,PUNCT,PUNCT,,,,,True,3283,0,8.096817470572319
içeri,İçeriye,NOUN,NOUN,0.4367572947609049,1.5503596805696764,ADJ,"NOUN: 0.44, ADJ: 0.30, PROPN: 0.27",True,12,0,2.5649493574615367
gir,girmiyor,VERB,VERB,1.0,0.0,,VERB: 1.00,True,63,0,4.1588830833596715
mi,musunuz,AUX,AUX,0.49179730733219285,1.8739792138931677,CCONJ,"AUX: 0.49, CCONJ: 0.24, ADP: 0.18, ADV: 0.05",True,112,0,4.727387818712341
?,?,PUNCT,PUNCT,,,,,True,125,0,4.836281906951478
diye,diye,ADP,ADP,0.26515728248607623,2.352927457262911,AUX,"AUX: 0.34, ADP: 0.27, PRON: 0.15, CCONJ: 0.13",True,107,0,4.68213122712422
sor,sordum,VERB,VERB,1.0,0.0,,VERB: 1.00,True,49,0,3.912023005428146
.,.,PUNCT,PUNCT,,,,,True,3283,0,8.096817470572319
gir,Giremiyorum,VERB,VERB,1.0,0.0,,VERB: 1.00,True,63,0,4.1588830833596715
",",",",PUNCT,PUNCT,,,,,True,2285,0,7.734558844354756
de,dedi,VERB,VERB,0.7089626585740004,0.8700574815901702,CCONJ,"VERB: 0.71, CCONJ: 0.29",True,295,0,5.69035945432406
.,.,PUNCT,PUNCT,,,,,True,3283,0,8.096817470572319
ses,Sesi,NOUN,NOUN,0.3237009019450614,1.9450836951989445,PRON,"NOUN: 0.32, PRON: 0.31, PROPN: 0.20, ADJ: 0.17",True,32,0,3.4965075614664802
umutsuz,umutsuz,ADJ,ADJ,,,,,False,0,0,0.0
i,du,AUX,AUX,0.47697018772995686,1.861138213598426,ADP,"AUX: 0.48, ADP: 0.26, CCONJ: 0.18, PROPN: 0.06",True,546,0,6.304448802421981
.,.,PUNCT,PUNCT,,,,,True,3283,0,8.096817470572319
çaresizlik,Çaresizlikle,NOUN,ADV,,,,,True,6,1,1.9459101490553132
ben,bana,PRON,PRON,0.614767428544865,1.6599914502896118,ADV,"PRON: 0.61, ADV: 0.21, CCONJ: 0.08, PROPN: 0.06",True,310,0,5.739792912179234
bak,bakıyordu,VERB,VERB,1.0,0.0,,VERB: 1.00,True,85,0,4.454347296253507
.,.,PUNCT,PUNCT,,,,,True,3283,0,8.096817470572319
kapı,Kapıyı,NOUN,NOUN,0.29229919585074965,1.974713495304894,PRON,"PRON: 0.30, NOUN: 0.29, ADJ: 0.21, PROPN: 0.19",True,22,0,3.1354942159291497
it,itip,VERB,VERB,,,,,True,1,0,0.6931471805599453
gir,girelim,VERB,VERB,1.0,0.0,,VERB: 1.00,True,63,0,4.1588830833596715
içeri,içeriye,NOUN,NOUN,0.4367572947609049,1.5503596805696764,ADJ,"NOUN: 0.44, ADJ: 0.30, PROPN: 0.27",True,12,0,2.5649493574615367
",",",",PUNCT,PUNCT,,,,,True,2285,0,7.734558844354756
de,dedim,VERB,VERB,0.7089626585740004,0.8700574815901702,CCONJ,"VERB: 0.71, CCONJ: 0.29",True,295,0,5.69035945432406
.,.,PUNCT,PUNCT,,,,,True,3283,0,8.096817470572319
gir,Giremiyorum,VERB,VERB,1.0,0.0,,VERB: 1.00,True,63,0,4.1588830833596715
.,.,PUNCT,PUNCT,,,,,True,3283,0,8.096817470572319
ben,Ben,PRON,PRON,0.614767428544865,1.6599914502896118,ADV,"PRON: 0.61, ADV: 0.21, CCONJ: 0.08, PROPN: 0.06",True,310,0,5.739792912179234
",",",",PUNCT,PUNCT,,,,,True,2285,0,7.734558844354756
içeri,içeriye,NOUN,NOUN,0.4367572947609049,1.5503596805696764,ADJ,"NOUN: 0.44, ADJ: 0.30, PROPN: 0.27",True,12,0,2.5649493574615367
gir,giremiyorum,VERB,VERB,1.0,0.0,,VERB: 1.00,True,63,0,4.1588830833596715
",",",",PUNCT,PUNCT,,,,,True,2285,0,7.734558844354756
de,dedi,VERB,VERB,0.7089626585740004,0.8700574815901702,CCONJ,"VERB: 0.71, CCONJ: 0.29",True,295,0,5.69035945432406
.,.,PUNCT,PUNCT,,,,,True,3283,0,8.096817470572319
çünkü,Çünkü,CCONJ,CCONJ,0.28720708993411687,1.8754575576945738,PRON,"PRON: 0.41, CCONJ: 0.29, ADV: 0.23, PROPN: 0.05",True,28,0,3.367295829986474
o,o,PRON,PRON,0.5961784524857141,1.6538184960634559,ADV,"PRON: 0.60, ADV: 0.24, CCONJ: 0.07, PROPN: 0.05",True,264,0,5.579729825986222
artık,artık,ADV,ADV,0.0895164476303238,2.0263396610671656,PRON,"PRON: 0.47, CCONJ: 0.25, PROPN: 0.12, ADV: 0.09",True,30,0,3.4339872044851463
ben,beni,PRON,PRON,0.614767428544865,1.6599914502896118,ADV,"PRON: 0.61, ADV: 0.21, CCONJ: 0.08, PROPN: 0.06",True,310,0,5.739792912179234
düşün,düşünmüyor,VERB,VERB,0.7113540833748332,0.8669656577665865,CCONJ,"VERB: 0.71, CCONJ: 0.29",True,61,0,4.127134385045092
.,.,PUNCT,PUNCT,,,,,True,3283,0,8.096817470572319
düşün,Düşünmekten,VERB,VERB,0.7113540833748332,0.8669656577665865,CCONJ,"VERB: 0.71, CCONJ: 0.29",True,61,0,4.127134385045092
vazgeç,vazgeçti,VERB,VERB,1.0,0.0,,VERB: 1.00,True,11,0,2.4849066497880004
.,.,PUNCT,PUNCT,,,,,True,3283,0,8.096817470572319
yürek,Yüreğinde,NOUN,NOUN,,,,,True,1,0,0.6931471805599453
",",",",PUNCT,PUNCT,,,,,True,2285,0,7.734558844354756
beyin,beyninde,NOUN,NOUN,0.1484638886507912,1.9125984992022371,PRON,"PRON: 0.39, NUM: 0.25, ADJ: 0.21, NOUN: 0.15",True,16,0,2.833213344056216
ve,ve,CCONJ,CCONJ,0.23925769350174309,2.411623002364367,NUM,"NUM: 0.34, CCONJ: 0.24, ADJ: 0.14, DET: 0.11, PRON: 0.09, PROPN: 0.06",True,359,0,5.886104031450156
düş,düşlerinde,NOUN,NOUN,,,,,True,3,0,1.3862943611198906
değil,değilim,VERB,AUX,0.2940971479672419,1.0354056091510522,AUX,"AUX: 0.68, VERB: 0.29",True,12,1,2.5649493574615367
artık,artık,ADV,ADV,0.0895164476303238,2.0263396610671656,PRON,"PRON: 0.47, CCONJ: 0.25, PROPN: 0.12, ADV: 0.09",True,30,0,3.4339872044851463
.,.,PUNCT,PUNCT,,,,,True,3283,0,8.096817470572319
içeri,İçeriye,NOUN,NOUN,0.4367572947609049,1.5503596805696764,ADJ,"NOUN: 0.44, ADJ: 0.30, PROPN: 0.27",True,12,0,2.5649493574615367
gir,girmem,VERB,VERB,1.0,0.0,,VERB: 1.00,True,63,0,4.1588830833596715
olanaksız,olanaksız,ADJ,ADJ,,,,,True,2,0,1.0986122886681098
.,.,PUNCT,PUNCT,,,,,True,3283,0,8.096817470572319
korkunç,Korkunç,ADJ,ADJ,,,,,True,4,0,1.6094379124341003
bir,bir,NUM,NUM,0.3916735022215744,1.8552050660223744,DET,"DET: 0.40, NUM: 0.39, ADJ: 0.09, PROPN: 0.06, NOUN: 0.06",True,170,0,5.14166355650266
şey,şey,NOUN,NOUN,0.7797490937613291,0.7606253858126094,ADJ,"NOUN: 0.78, ADJ: 0.22",True,102,0,4.634728988229636
bu,bu,PRON,PRON,0.7006788109102466,1.3923524752663319,ADV,"PRON: 0.70, ADV: 0.14, CCONJ: 0.09, NOUN: 0.05",True,171,0,5.147494476813453
.,.,PUNCT,PUNCT,,,,,True,3283,0,8.096817470572319
anla,Anlar,VERB,VERB,1.0,0.0,,VERB: 1.00,True,44,0,3.8066624897703196
gibi,gibi,ADP,ADP,0.36045769630430313,1.8400611893764562,AUX,"ADP: 0.36, AUX: 0.30, CCONJ: 0.28",True,145,0,4.983606621708336
i,yim,AUX,AUX,0.47697018772995686,1.861138213598426,ADP,"AUX: 0.48, ADP: 0.26, CCONJ: 0.18, PROPN: 0.06",True,546,0,6.304448802421981
.,.,PUNCT,PUNCT,,,,,True,3283,0,8.096817470572319
ama,Ama,CCONJ,CCONJ,0.26313102212215905,1.8047829885976687,PRON,"PRON: 0.46, CCONJ: 0.26, ADV: 0.22",True,139,0,4.941642422609304
böyle,böyle,ADV,ADV,0.158683827175278,1.5460276291544226,PRON,"PRON: 0.66, ADV: 0.16, PROPN: 0.07, ADJ: 0.06, NOUN: 0.05",True,35,0,3.58351893845611
birdenbire,birdenbire,ADV,ADV,,,,,True,2,0,1.0986122886681098
nasıl,nasıl,ADV,ADV,0.22688879708691875,1.6551093959198966,PRON,"PRON: 0.59, ADV: 0.23, PROPN: 0.07, NOUN: 0.06",True,24,0,3.2188758248682006
ol,oldu,VERB,VERB,1.0,0.0,,VERB: 1.00,True,603,0,6.403574197934815
bu,bu,DET,DET,0.6017857940157323,1.5300103231456785,NUM,"DET: 0.60, NUM: 0.20, ADJ: 0.15",True,350,0,5.860786223465865
iş,iş,NOUN,NOUN,0.46442635400175103,1.4429440308933483,PRON,"NOUN: 0.46, PRON: 0.39, ADJ: 0.14",True,70,0,4.2626798770413155
?,?,PUNCT,PUNCT,,,,,True,125,0,4.836281906951478
yürek,Yüreğinden,NOUN,NOUN,,,,,True,1,0,0.6931471805599453
ve,ve,CCONJ,CCONJ,0.23925769350174309,2.411623002364367,NUM,"NUM: 0.34, CCONJ: 0.24, ADJ: 0.14, DET: 0.11, PRON: 0.09, PROPN: 0.06",True,359,0,5.886104031450156
beyin,beyninden,NOUN,NOUN,0.1484638886507912,1.9125984992022371,PRON,"PRON: 0.39, NUM: 0.25, ADJ: 0.21, NOUN: 0.15",True,16,0,2.833213344056216
nasıl,nasıl,ADV,ADV,0.22688879708691875,1.6551093959198966,PRON,"PRON: 0.59, ADV: 0.23, PROPN: 0.07, NOUN: 0.06",True,24,0,3.2188758248682006
çık,çıktınız,VERB,VERB,1.0,0.0,,VERB: 1.00,True,80,0,4.394449154672439
?,?,PUNCT,PUNCT,,,,,True,125,0,4.836281906951478
içeri,İçeride,NOUN,NOUN,0.4367572947609049,1.5503596805696764,ADJ,"NOUN: 0.44, ADJ: 0.30, PROPN: 0.27",True,12,0,2.5649493574615367
mi,mi,AUX,AUX,0.49179730733219285,1.8739792138931677,CCONJ,"AUX: 0.49, CCONJ: 0.24, ADP: 0.18, ADV: 0.05",True,112,0,4.727387818712341
o,o,PRON,PRON,0.5961784524857141,1.6538184960634559,ADV,"PRON: 0.60, ADV: 0.24, CCONJ: 0.07, PROPN: 0.05",True,264,0,5.579729825986222
?,?,PUNCT,PUNCT,,,,,True,125,0,4.836281906951478
de,dedim,VERB,VERB,0.7089626585740004,0.8700574815901702,CCONJ,"VERB: 0.71, CCONJ: 0.29",True,295,0,5.69035945432406
.,.,PUNCT,PUNCT,,,,,True,3283,0,8.096817470572319
içeri,İçeride,NOUN,NOUN,0.4367572947609049,1.5503596805696764,ADJ,"NOUN: 0.44, ADJ: 0.30, PROPN: 0.27",True,12,0,2.5649493574615367
",",",",PUNCT,PUNCT,,,,,True,2285,0,7.734558844354756
de,dedi,VERB,VERB,0.7089626585740004,0.8700574815901702,CCONJ,"VERB: 0.71, CCONJ: 0.29",True,295,0,5.69035945432406
kadın,kadın,ADJ,ADJ,0.22426573119393564,0.7678804621873997,NOUN,"NOUN: 0.78, ADJ: 0.22",True,40,0,3.713572066704308
.,.,PUNCT,PUNCT,,,,,True,3283,0,8.096817470572319
her,Her,DET,DET,0.5393270671644539,1.4044282159240997,NUM,"DET: 0.54, NUM: 0.36, ADJ: 0.09",True,91,0,4.5217885770490405
zaman,zaman,NOUN,NOUN,0.7768808568937368,0.7658222066504196,ADJ,"NOUN: 0.78, ADJ: 0.22",True,77,0,4.356708826689592
ki,ki,ADP,ADP,0.352272282719127,2.181690690995641,AUX,"ADP: 0.35, AUX: 0.28, CCONJ: 0.23, NUM: 0.08",True,217,0,5.384495062789089
masa,masasında,NOUN,NOUN,0.31818580128896556,1.323079485206322,PRON,"PRON: 0.58, NOUN: 0.32, ADJ: 0.10",True,17,0,2.8903717578961645
otur,oturuyordur,VERB,VERB,1.0,0.0,,VERB: 1.00,True,54,0,4.007333185232471
.,.,PUNCT,PUNCT,,,,,True,3283,0,8.096817470572319
gel,Gelin,VERB,VERB,1.0,0.0,,VERB: 1.00,True,166,0,5.117993812416755
",",",",PUNCT,PUNCT,,,,,True,2285,0,7.734558844354756
birlikte,birlikte,ADV,ADV,,,,,True,8,0,2.1972245773362196
gir,girelim,VERB,VERB,1.0,0.0,,VERB: 1.00,True,63,0,4.1588830833596715
",",",",PUNCT,PUNCT,,,,,True,2285,0,7.734558844354756
de,dedim,VERB,VERB,0.7089626585740004,0.8700574815901702,CCONJ,"VERB: 0.71, CCONJ: 0.29",True,295,0,5.69035945432406
.,.,PUNCT,PUNCT,,,,,True,3283,0,8.096817470572319
ol,Olmaz,VERB,VERB,1.0,0.0,,VERB: 1.00,True,603,0,6.403574197934815
",",",",PUNCT,PUNCT,,,,,True,2285,0,7.734558844354756
ol,olmaz,VERB,VERB,1.0,0.0,,VERB: 1.00,True,603,0,6.403574197934815
!,!,PUNCT,PUNCT,,,,,True,39,0,3.6888794541139363
de,dedi,VERB,VERB,0.7089626585740004,0.8700574815901702,CCONJ,"VERB: 0.71, CCONJ: 0.29",True,295,0,5.69035945432406
.,.,PUNCT,PUNCT,,,,,True,3283,0,8.096817470572319
ben,Beni,PRON,PRON,0.614767428544865,1.6599914502896118,ADV,"PRON: 0.61, ADV: 0.21, CCONJ: 0.08, PROPN: 0.06",True,310,0,5.739792912179234
gör,görmez,VERB,VERB,1.0,0.0,,VERB: 1.00,True,81,0,4.406719247264253
bile,bile,ADV,ADV,0.0,1.3965541340455074,ADP,"ADP: 0.56, CCONJ: 0.36",True,36,0,3.6109179126442243
.,.,PUNCT,PUNCT,,,,,True,3283,0,8.096817470572319
yap,Yapamam,VERB,VERB,1.0,0.0,,VERB: 1.00,True,209,0,5.3471075307174685
bu,bunu,PRON,PRON,0.7006788109102466,1.3923524752663319,ADV,"PRON: 0.70, ADV: 0.14, CCONJ: 0.09, NOUN: 0.05",True,171,0,5.147494476813453
.,.,PUNCT,PUNCT,,,,,True,3283,0,8.096817470572319
pekiyi,Pekiyi,NOUN,NOUN,,,,,False,0,0,0.0
ne,ne,PRON,PRON,0.657373909218341,1.5595369645973152,PROPN,"PRON: 0.66, PROPN: 0.14, ADV: 0.11, NOUN: 0.06",True,98,0,4.59511985013459
ol,oldu,VERB,VERB,1.0,0.0,,VERB: 1.00,True,603,0,6.403574197934815
.,.,PUNCT,PUNCT,,,,,True,3283,0,8.096817470572319
ben,Beni,PRON,PRON,0.614767428544865,1.6599914502896118,ADV,"PRON: 0.61, ADV: 0.21, CCONJ: 0.08, PROPN: 0.06",True,310,0,5.739792912179234
kafa,kafasından,NOUN,NOUN,0.11312777865829834,1.7506345330582818,PRON,"PRON: 0.60, ADV: 0.14, NOUN: 0.11, PROPN: 0.10, ADJ: 0.05",True,15,0,2.772588722239781
sil,silip,VERB,VERB,,,,,True,4,0,1.6094379124341003
at,attı,VERB,VERB,1.0,0.0,,VERB: 1.00,True,26,0,3.295836866004329
.,.,PUNCT,PUNCT,,,,,True,3283,0,8.096817470572319
kolay,Kolay,ADJ,ADJ,0.05305027922457994,2.006643736694274,PRON,"PRON: 0.45, ADV: 0.21, PROPN: 0.19, NOUN: 0.10, ADJ: 0.05",True,13,0,2.6390573296152584
mi,mı,AUX,AUX,0.49179730733219285,1.8739792138931677,CCONJ,"AUX: 0.49, CCONJ: 0.24, ADP: 0.18, ADV: 0.05",True,112,0,4.727387818712341
bu,bu,PRON,PRON,0.7006788109102466,1.3923524752663319,ADV,"PRON: 0.70, ADV: 0.14, CCONJ: 0.09, NOUN: 0.05",True,171,0,5.147494476813453
?,?,PUNCT,PUNCT,,,,,True,125,0,4.836281906951478
diye,diye,ADP,ADP,0.26515728248607623,2.352927457262911,AUX,"AUX: 0.34, ADP: 0.27, PRON: 0.15, CCONJ: 0.13",True,107,0,4.68213122712422
sor,sordum,VERB,VERB,1.0,0.0,,VERB: 1.00,True,49,0,3.912023005428146
.,.,PUNCT,PUNCT,,,,,True,3283,0,8.096817470572319
başka,Başka,ADJ,ADJ,0.019678146206921186,1.7040643896520111,PRON,"PRON: 0.56, ADV: 0.22, PROPN: 0.14, NOUN: 0.06",True,35,0,3.58351893845611
bir,bir,DET,DET,0.49958184875865663,1.6482580173109218,NUM,"DET: 0.50, NUM: 0.30, ADJ: 0.15",True,616,0,6.424869023905388
kadın,kadına,ADJ,ADJ,0.22426573119393564,0.7678804621873997,NOUN,"NOUN: 0.78, ADJ: 0.22",True,40,0,3.713572066704308
rastla,rastladı,VERB,VERB,,,,,True,4,0,1.6094379124341003
",",",",PUNCT,PUNCT,,,,,True,2285,0,7.734558844354756
de,dedi,VERB,VERB,0.7089626585740004,0.8700574815901702,CCONJ,"VERB: 0.71, CCONJ: 0.29",True,295,0,5.69035945432406
kadın,kadın,ADJ,ADJ,0.22426573119393564,0.7678804621873997,NOUN,"NOUN: 0.78, ADJ: 0.22",True,40,0,3.713572066704308
.,.,PUNCT,PUNCT,,,,,True,3283,0,8.096817470572319
ses,Sesi,NOUN,NOUN,0.3237009019450614,1.9450836951989445,PRON,"NOUN: 0.32, PRON: 0.31, PROPN: 0.20, ADJ: 0.17",True,32,0,3.4965075614664802
acı,acı,ADJ,ADJ,0.3103537033349995,0.8935813262787496,NOUN,"NOUN: 0.69, ADJ: 0.31",True,15,0,2.772588722239781
dolu,dolu,ADJ,ADJ,,,,,True,10,0,2.3978952727983707
i,ydu,AUX,AUX,0.47697018772995686,1.861138213598426,ADP,"AUX: 0.48, ADP: 0.26, CCONJ: 0.18, PROPN: 0.06",True,546,0,6.304448802421981
.,.,PUNCT,PUNCT,,,,,True,3283,0,8.096817470572319
dün,Dün,NOUN,NOUN,,,,,True,6,0,1.9459101490553132
gece,gece,NOUN,NOUN,0.19864455081399557,0.9246613571687522,PRON,"PRON: 0.77, NOUN: 0.20",True,37,0,3.6375861597263857
de,de,CCONJ,CCONJ,0.13783772654910434,1.6723904656042283,AUX,"AUX: 0.44, ADP: 0.38, CCONJ: 0.14",True,326,0,5.7899601708972535
gir,giremedim,VERB,VERB,1.0,0.0,,VERB: 1.00,True,63,0,4.1588830833596715
içeri,içeriye,NOUN,NOUN,0.4367572947609049,1.5503596805696764,ADJ,"NOUN: 0.44, ADJ: 0.30, PROPN: 0.27",True,12,0,2.5649493574615367
.,.,PUNCT,PUNCT,,,,,True,3283,0,8.096817470572319
bura,Buralarda,NOUN,NOUN,0.05707749199808409,1.3288542344914385,PRON,"PRON: 0.74, ADV: 0.10, PROPN: 0.07, NOUN: 0.06",True,39,0,3.6888794541139363
bekle,bekledim,VERB,VERB,0.7047743026417859,0.8753762910019542,CCONJ,"VERB: 0.70, CCONJ: 0.30",True,27,0,3.332204510175204
.,.,PUNCT,PUNCT,,,,,True,3283,0,8.096817470572319
kim,Kim,PRON,PRON,0.5973445626800743,1.7438346441668269,ADV,"PRON: 0.60, ADV: 0.14, NOUN: 0.11, PROPN: 0.09, ADJ: 0.05",True,12,0,2.5649493574615367
bu,bu,DET,DET,0.6017857940157323,1.5300103231456785,NUM,"DET: 0.60, NUM: 0.20, ADJ: 0.15",True,350,0,5.860786223465865
adam,adam,NOUN,NOUN,0.48168004535673414,1.5142431721146627,PROPN,"NOUN: 0.48, PROPN: 0.28, ADJ: 0.24",True,41,0,3.7376696182833684
?,?,PUNCT,PUNCT,,,,,True,125,0,4.836281906951478
diye,diye,ADP,ADP,0.26515728248607623,2.352927457262911,AUX,"AUX: 0.34, ADP: 0.27, PRON: 0.15, CCONJ: 0.13",True,107,0,4.68213122712422
sor,sordum,VERB,VERB,1.0,0.0,,VERB: 1.00,True,49,0,3.912023005428146
.,.,PUNCT,PUNCT,,,,,True,3283,0,8.096817470572319
Mahmut,Mahmut,PROPN,PROPN,,,,,False,0,0,0.0
",",",",PUNCT,PUNCT,,,,,True,2285,0,7.734558844354756
de,dedi,VERB,VERB,0.7089626585740004,0.8700574815901702,CCONJ,"VERB: 0.71, CCONJ: 0.29",True,295,0,5.69035945432406
.,.,PUNCT,PUNCT,,,,,True,3283,0,8.096817470572319
esmer,Esmer,ADJ,ADJ,,,,,False,0,0,0.0
",",",",PUNCT,PUNCT,,,,,True,2285,0,7.734558844354756
bıyık,bıyık,NOUN,NOUN,,,,,True,2,0,1.0986122886681098
li,lı,ADP,ADP,0.2797323618856777,2.3836488217196035,AUX,"AUX: 0.30, ADP: 0.28, CCONJ: 0.23, NUM: 0.08",True,182,0,5.209486152841421
.,.,PUNCT,PUNCT,,,,,True,3283,0,8.096817470572319
ben,Beni,PRON,PRON,0.614767428544865,1.6599914502896118,ADV,"PRON: 0.61, ADV: 0.21, CCONJ: 0.08, PROPN: 0.06",True,310,0,5.739792912179234
deli,deliler,ADJ,ADV,,,,,False,0,1,0.0
gibi,gibi,ADP,ADP,0.36045769630430313,1.8400611893764562,AUX,"ADP: 0.36, AUX: 0.30, CCONJ: 0.28",True,145,0,4.983606621708336
sev,seven,VERB,VERB,1.0,0.0,,VERB: 1.00,True,44,0,3.8066624897703196
Mahmut,Mahmut,PROPN,PROPN,,,,,False,0,0,0.0
.,.,PUNCT,PUNCT,,,,,True,3283,0,8.096817470572319
öteki,Öteki,NOUN,NOUN,,,,,True,8,0,2.1972245773362196
kadın,kadını,ADJ,ADJ,0.22426573119393564,0.7678804621873997,NOUN,"NOUN: 0.78, ADJ: 0.22",True,40,0,3.713572066704308
nere,nereden,PRON,PRON,0.5735438291128842,1.611292883227183,ADV,"PRON: 0.57, ADV: 0.19, NOUN: 0.17, ADJ: 0.07",True,19,0,2.995732273553991
duy,duydunuz,VERB,VERB,1.0,0.0,,VERB: 1.00,True,35,0,3.58351893845611
.,.,PUNCT,PUNCT,,,,,True,3283,0,8.096817470572319
arkadaş,Arkadaşlarına,NOUN,NOUN,0.6069614961121822,0.9667324334699345,ADJ,"NOUN: 0.61, ADJ: 0.39",True,20,0,3.044522437723423
anlat,anlatmış,VERB,VERB,1.0,0.0,,VERB: 1.00,True,69,0,4.248495242049359
.,.,PUNCT,PUNCT,,,,,True,3283,0,8.096817470572319
geçmiş,Geçmişten,ADJ,NOUN,,,,,True,9,1,2.302585092994046
",",",",PUNCT,PUNCT,,,,,True,2285,0,7.734558844354756
Mebrure,Mebrure'den,PROPN,PROPN,,,,,False,0,0,0.0
kurtul,kurtuldum,VERB,VERB,,,,,True,10,0,2.3978952727983707
artık,artık,ADV,ADV,0.0895164476303238,2.0263396610671656,PRON,"PRON: 0.47, CCONJ: 0.25, PROPN: 0.12, ADV: 0.09",True,30,0,3.4339872044851463
de,demiş,VERB,VERB,0.7089626585740004,0.8700574815901702,CCONJ,"VERB: 0.71, CCONJ: 0.29",True,295,0,5.69035945432406
.,.,PUNCT,PUNCT,,,,,True,3283,0,8.096817470572319
kaç,Kaç,ADJ,ADJ,,,,,True,6,0,1.9459101490553132
gün,gün,NOUN,NOUN,0.7766440096348868,0.7662482696838814,ADJ,"NOUN: 0.78, ADJ: 0.22",True,91,0,4.5217885770490405
i,dür,AUX,AUX,0.47697018772995686,1.861138213598426,ADP,"AUX: 0.48, ADP: 0.26, CCONJ: 0.18, PROPN: 0.06",True,546,0,6.304448802421981
bu,bu,PRON,PRON,0.7006788109102466,1.3923524752663319,ADV,"PRON: 0.70, ADV: 0.14, CCONJ: 0.09, NOUN: 0.05",True,171,0,5.147494476813453
böyle,böyle,ADV,ADV,0.158683827175278,1.5460276291544226,PRON,"PRON: 0.66, ADV: 0.16, PROPN: 0.07, ADJ: 0.06, NOUN: 0.05",True,35,0,3.58351893845611
.,.,PUNCT,PUNCT,,,,,True,3283,0,8.096817470572319
on,On,NUM,NUM,0.6219187351173523,1.783965877110234,PROPN,"NUM: 0.62, PROPN: 0.10, DET: 0.10, ADJ: 0.08, CCONJ: 0.07",True,21,0,3.091042453358316
beş,beş,NUM,NUM,0.5130197036369758,1.6874725574389133,DET,"NUM: 0.51, DET: 0.31, ADJ: 0.11, PROPN: 0.05",True,20,0,3.044522437723423
gün,gün,NOUN,NOUN,0.7766440096348868,0.7662482696838814,ADJ,"NOUN: 0.78, ADJ: 0.22",True,91,0,4.5217885770490405
ol,oluyor,VERB,VERB,1.0,0.0,,VERB: 1.00,True,603,0,6.403574197934815
.,.,PUNCT,PUNCT,,,,,True,3283,0,8.096817470572319
ne,Ne,PRON,PRON,0.657373909218341,1.5595369645973152,PROPN,"PRON: 0.66, PROPN: 0.14, ADV: 0.11, NOUN: 0.06",True,98,0,4.59511985013459
yap,yapacağımı,VERB,VERB,1.0,0.0,,VERB: 1.00,True,209,0,5.3471075307174685
şaşır,şaşırdım,VERB,VERB,,,,,True,5,0,1.791759469228055
.,.,PUNCT,PUNCT,,,,,True,3283,0,8.096817470572319
artık,Artık,ADV,ADV,0.0895164476303238,2.0263396610671656,PRON,"PRON: 0.47, CCONJ: 0.25, PROPN: 0.12, ADV: 0.09",True,30,0,3.4339872044851463
içeri,içeriye,NOUN,NOUN,0.4367572947609049,1.5503596805696764,ADJ,"NOUN: 0.44, ADJ: 0.30, PROPN: 0.27",True,12,0,2.5649493574615367
gir,giremiyorum,VERB,VERB,1.0,0.0,,VERB: 1.00,True,63,0,4.1588830833596715
.,.,PUNCT,PUNCT,,,,,True,3283,0,8.096817470572319
o,Ona,PRON,PRON,0.5961784524857141,1.6538184960634559,ADV,"PRON: 0.60, ADV: 0.24, CCONJ: 0.07, PROPN: 0.05",True,264,0,5.579729825986222
ulaş,ulaşamıyorum,VERB,VERB,1.0,0.0,,VERB: 1.00,True,28,0,3.367295829986474
.,.,PUNCT,PUNCT,,,,,True,3283,0,8.096817470572319
çaresizlik,Çaresizlik,NOUN,NOUN,,,,,True,6,0,1.9459101490553132
içinde,içinde,NOUN,NOUN,,,,,True,2,0,1.0986122886681098
i,yim,AUX,AUX,0.47697018772995686,1.861138213598426,ADP,"AUX: 0.48, ADP: 0.26, CCONJ: 0.18, PROPN: 0.06",True,546,0,6.304448802421981
.,.,PUNCT,PUNCT,,,,,True,3283,0,8.096817470572319
zaman,Zaman,NOUN,NOUN,0.7768808568937368,0.7658222066504196,ADJ,"NOUN: 0.78, ADJ: 0.22",True,77,0,4.356708826689592
hız,hızla,ADV,ADV,,,,,False,0,0,0.0
geç,geçiyor,VERB,VERB,1.0,0.0,,VERB: 1.00,True,62,0,4.143134726391533
.,.,PUNCT,PUNCT,,,,,True,3283,0,8.096817470572319
ne,?,PRON,PRON,0.657373909218341,1.5595369645973152,PROPN,"PRON: 0.66, PROPN: 0.14, ADV: 0.11, NOUN: 0.06",True,98,0,4.59511985013459
i,eydi,AUX,AUX,0.47697018772995686,1.861138213598426,ADP,"AUX: 0.48, ADP: 0.26, CCONJ: 0.18, PROPN: 0.06",True,546,0,6.304448802421981
ara,aranızda,ADJ,ADJ,0.45952551652597307,0.9952680248528016,NOUN,"NOUN: 0.54, ADJ: 0.46",True,73,0,4.30406509320417
ki,ki,ADP,ADP,0.352272282719127,2.181690690995641,AUX,"ADP: 0.35, AUX: 0.28, CCONJ: 0.23, NUM: 0.08",True,217,0,5.384495062789089
ilişki,ilişki,NOUN,NOUN,0.6341712050128674,1.193890856830851,ADJ,"NOUN: 0.63, ADJ: 0.30, VERB: 0.06",True,14,0,2.70805020110221
.,.,PUNCT,PUNCT,,,,,True,3283,0,8.096817470572319
kadın,Kadın,ADJ,ADJ,0.22426573119393564,0.7678804621873997,NOUN,"NOUN: 0.78, ADJ: 0.22",True,40,0,3.713572066704308
bir,bir,NUM,NUM,0.3916735022215744,1.8552050660223744,DET,"DET: 0.40, NUM: 0.39, ADJ: 0.09, PROPN: 0.06, NOUN: 0.06",True,170,0,5.14166355650266
an,an,NOUN,NOUN,0.7767539182231282,0.7660506138585593,ADJ,"NOUN: 0.78, ADJ: 0.22",True,32,0,3.4965075614664802
uzak,uzaklara,ADJ,ADJ,0.06612593682668895,1.832694630405033,PRON,"PRON: 0.56, NOUN: 0.17, PROPN: 0.12, ADV: 0.09, ADJ: 0.07",True,15,0,2.772588722239781
bak,baktı,VERB,VERB,1.0,0.0,,VERB: 1.00,True,85,0,4.454347296253507
.,.,PUNCT,PUNCT,,,,,True,3283,0,8.096817470572319
uzun,Uzun,ADJ,ADJ,0.12210348386186666,1.3877243018568113,DET,"DET: 0.53, NUM: 0.35, ADJ: 0.12",True,24,0,3.2188758248682006
yıl,yıllar,NOUN,NOUN,0.29569595997941395,1.4054086954468807,PRON,"PRON: 0.55, NOUN: 0.30, ADJ: 0.15",True,68,0,4.23410650459726
önce,önce,ADP,ADP,0.5161242363988484,1.7862775296674653,CCONJ,"ADP: 0.52, CCONJ: 0.30, NUM: 0.10",True,41,0,3.7376696182833684
yaşa,yaşanmış,VERB,VERB,1.0,0.0,,VERB: 1.00,True,55,0,4.02535169073515
yoğun,yoğun,ADJ,ADJ,,,,,True,2,0,1.0986122886681098
bir,bir,DET,DET,0.49958184875865663,1.6482580173109218,NUM,"DET: 0.50, NUM: 0.30, ADJ: 0.15",True,616,0,6.424869023905388
sevgi,sevgi,NOUN,NOUN,0.44577424110566716,1.3963139220684158,ADJ,"NOUN: 0.45, ADJ: 0.44, VERB: 0.11",True,11,0,2.4849066497880004
",",",",PUNCT,PUNCT,,,,,True,2285,0,7.734558844354756
de,dedi,VERB,VERB,0.7089626585740004,0.8700574815901702,CCONJ,"VERB: 0.71, CCONJ: 0.29",True,295,0,5.69035945432406
.,.,PUNCT,PUNCT,,,,,True,3283,0,8.096817470572319
birbiri,Birbirimize,PRON,PRON,0.6383125076461561,1.5385441389140795,ADV,"PRON: 0.64, ADV: 0.21, PROPN: 0.07, NOUN: 0.05",True,20,0,3.044522437723423
kavuş,kavuşamamıştık,VERB,VERB,,,,,True,1,0,0.6931471805599453
.,.,PUNCT,PUNCT,,,,,True,3283,0,8.096817470572319
deli,Deli,ADJ,ADJ,,,,,False,0,0,0.0
ce,ce,ADP,ADP,,,,,True,32,0,3.4965075614664802
bir,bir,DET,DET,0.49958184875865663,1.6482580173109218,NUM,"DET: 0.50, NUM: 0.30, ADJ: 0.15",True,616,0,6.424869023905388
arzu,arzu,NOUN,NOUN,,,,,True,2,0,1.0986122886681098
.,.,PUNCT,PUNCT,,,,,True,3283,0,8.096817470572319
birbiri,Birbirimizin,PRON,PRON,0.6383125076461561,1.5385441389140795,ADV,"PRON: 0.64, ADV: 0.21, PROPN: 0.07, NOUN: 0.05",True,20,0,3.044522437723423
ol,olma,VERB,VERB,1.0,0.0,,VERB: 1.00,True,603,0,6.403574197934815
istek,isteği,NOUN,NOUN,,,,,True,3,0,1.3862943611198906
.,.,PUNCT,PUNCT,,,,,True,3283,0,8.096817470572319
bil,Bilirsiniz,VERB,VERB,0.6930942464089043,1.0036086273143747,CCONJ,"VERB: 0.69, CCONJ: 0.28",True,101,0,4.624972813284271
...,...,PUNCT,PUNCT,,,,,True,91,0,4.5217885770490405
hiç,Hiç,ADV,ADV,0.14829755248371262,1.3987334442647599,PRON,"PRON: 0.70, ADV: 0.15, PROPN: 0.06",True,45,0,3.828641396489095
mi,mi,AUX,AUX,0.49179730733219285,1.8739792138931677,CCONJ,"AUX: 0.49, CCONJ: 0.24, ADP: 0.18, ADV: 0.05",True,112,0,4.727387818712341
kavuş,kavuşamadınız,VERB,VERB,,,,,True,1,0,0.6931471805599453
.,.,PUNCT,PUNCT,,,,,True,3283,0,8.096817470572319
üç,Üç,NUM,NUM,0.19830835997211554,1.9502238270590824,DET,"DET: 0.50, NUM: 0.20, ADJ: 0.14, PROPN: 0.10, CCONJ: 0.07",True,28,0,3.367295829986474
kez,kez,NOUN,NOUN,0.7353380064711897,0.8337002109648651,ADV,"NOUN: 0.74, ADV: 0.26",True,21,0,3.091042453358316
.,.,PUNCT,PUNCT,,,,,True,3283,0,8.096817470572319
üç,Üç,NUM,NUM,0.19830835997211554,1.9502238270590824,DET,"DET: 0.50, NUM: 0.20, ADJ: 0.14, PROPN: 0.10, CCONJ: 0.07",True,28,0,3.367295829986474
gece,gece,NOUN,NOUN,0.19864455081399557,0.9246613571687522,PRON,"PRON: 0.77, NOUN: 0.20",True,37,0,3.6375861597263857
...,...,PUNCT,PUNCT,,,,,True,91,0,4.5217885770490405
de,dedi,VERB,VERB,0.7089626585740004,0.8700574815901702,CCONJ,"VERB: 0.71, CCONJ: 0.29",True,295,0,5.69035945432406
Mebrure,Mebrure,PROPN,PROPN,,,,,False,0,0,0.0
.,.,PUNCT,PUNCT,,,,,True,3283,0,8.096817470572319
ses,Sesi,NOUN,NOUN,0.3237009019450614,1.9450836951989445,PRON,"NOUN: 0.32, PRON: 0.31, PROPN: 0.20, ADJ: 0.17",True,32,0,3.4965075614664802
titre,titriyordu,VERB,VERB,,,,,True,6,0,1.9459101490553132
.,.,PUNCT,PUNCT,,,,,True,3283,0,8.096817470572319
o,O,DET,DET,0.6447660992254824,1.4376147671166477,NUM,"DET: 0.64, NUM: 0.18, ADJ: 0.13",True,113,0,4.736198448394496
üç,üç,NUM,NUM,0.19830835997211554,1.9502238270590824,DET,"DET: 0.50, NUM: 0.20, ADJ: 0.14, PROPN: 0.10, CCONJ: 0.07",True,28,0,3.367295829986474
gece,geceyi,NOUN,NOUN,0.19864455081399557,0.9246613571687522,PRON,"PRON: 0.77, NOUN: 0.20",True,37,0,3.6375861597263857
unut,unutamaz,VERB,VERB,,,,,True,7,0,2.0794415416798357
.,.,PUNCT,PUNCT,,,,,True,3283,0,8.096817470572319
birbiri,Birbirinin,PRON,PRON,0.6383125076461561,1.5385441389140795,ADV,"PRON: 0.64, ADV: 0.21, PROPN: 0.07, NOUN: 0.05",True,20,0,3.044522437723423
iç,içine,ADJ,ADJ,0.5266476463656918,0.9979501219428724,NOUN,"ADJ: 0.53, NOUN: 0.47",True,71,0,4.276666119016055
geçmiş,geçmiş,ADJ,VERB,,,,,True,9,1,2.302585092994046
garip,garip,ADJ,ADJ,,,,,True,1,0,0.6931471805599453
bir,bir,DET,DET,0.49958184875865663,1.6482580173109218,NUM,"DET: 0.50, NUM: 0.30, ADJ: 0.15",True,616,0,6.424869023905388
rüya,rüya,NOUN,ADV,,,,,True,7,1,2.0794415416798357
gibi,gibi,ADP,ADP,0.36045769630430313,1.8400611893764562,AUX,"ADP: 0.36, AUX: 0.30, CCONJ: 0.28",True,145,0,4.983606621708336
.,.,PUNCT,PUNCT,,,,,True,3283,0,8.096817470572319
üç,üç,NUM,NUM,0.19830835997211554,1.9502238270590824,DET,"DET: 0.50, NUM: 0.20, ADJ: 0.14, PROPN: 0.10, CCONJ: 0.07",True,28,0,3.367295829986474
gece,gece,NOUN,NOUN,0.19864455081399557,0.9246613571687522,PRON,"PRON: 0.77, NOUN: 0.20",True,37,0,3.6375861597263857
...,...,PUNCT,PUNCT,,,,,True,91,0,4.5217885770490405
yıllarca,Yıllarca,ADV,ADV,,,,,True,1,0,0.6931471805599453
unut,unutamadı,VERB,VERB,,,,,True,7,0,2.0794415416798357
.,.,PUNCT,PUNCT,,,,,True,3283,0,8.096817470572319
şimdi,Şimdi,ADV,ADV,0.22752642581986968,1.694646457999899,PRON,"PRON: 0.56, ADV: 0.23, CCONJ: 0.14, PROPN: 0.05",True,36,0,3.6109179126442243
nasıl,nasıl,ADV,ADV,0.22688879708691875,1.6551093959198966,PRON,"PRON: 0.59, ADV: 0.23, PROPN: 0.07, NOUN: 0.06",True,24,0,3.2188758248682006
ol,olur,VERB,VERB,1.0,0.0,,VERB: 1.00,True,603,0,6.403574197934815
böyle,böyle,ADJ,ADV,0.33359418636527444,2.2587802637612433,CCONJ,"ADJ: 0.33, CCONJ: 0.27, DET: 0.19, PROPN: 0.10, ADV: 0.07",True,15,1,2.772588722239781
bir,bir,NUM,NUM,0.3916735022215744,1.8552050660223744,DET,"DET: 0.40, NUM: 0.39, ADJ: 0.09, PROPN: 0.06, NOUN: 0.06",True,170,0,5.14166355650266
şey,şey,NOUN,NOUN,0.7797490937613291,0.7606253858126094,ADJ,"NOUN: 0.78, ADJ: 0.22",True,102,0,4.634728988229636
",",",",PUNCT,PUNCT,,,,,True,2285,0,7.734558844354756
inan,inanamıyorum,VERB,VERB,1.0,0.0,,VERB: 1.00,True,23,0,3.1780538303479458
.,.,PUNCT,PUNCT,,,,,True,3283,0,8.096817470572319
ama,Ama,CCONJ,CCONJ,0.26313102212215905,1.8047829885976687,PRON,"PRON: 0.46, CCONJ: 0.26, ADV: 0.22",True,139,0,4.941642422609304
",",",",PUNCT,PUNCT,,,,,True,2285,0,7.734558844354756
de,dedi,VERB,VERB,0.7089626585740004,0.8700574815901702,CCONJ,"VERB: 0.71, CCONJ: 0.29",True,295,0,5.69035945432406
umutsuzluk,umutsuzlukla,ADV,ADV,,,,,False,0,0,0.0
kadın,kadın,ADJ,ADJ,0.22426573119393564,0.7678804621873997,NOUN,"NOUN: 0.78, ADJ: 0.22",True,40,0,3.713572066704308
",",",",PUNCT,PUNCT,,,,,True,2285,0,7.734558844354756
o,O,PRON,PRON,0.5961784524857141,1.6538184960634559,ADV,"PRON: 0.60, ADV: 0.24, CCONJ: 0.07, PROPN: 0.05",True,264,0,5.579729825986222
ben,beni,PRON,PRON,0.614767428544865,1.6599914502896118,ADV,"PRON: 0.61, ADV: 0.21, CCONJ: 0.08, PROPN: 0.06",True,310,0,5.739792912179234
düşün,düşünmediği,VERB,VERB,0.7113540833748332,0.8669656577665865,CCONJ,"VERB: 0.71, CCONJ: 0.29",True,61,0,4.127134385045092
süre,sürece,NOUN,NOUN,0.8820365801913382,0.523478306365258,ADJ,"NOUN: 0.88, ADJ: 0.12",True,24,0,3.2188758248682006
hiçbir,hiçbir,DET,DET,0.5590022920065886,1.4972751375281939,NUM,"DET: 0.56, NUM: 0.32, ADJ: 0.08",True,17,0,2.8903717578961645
şey,şey,NOUN,NOUN,0.7797490937613291,0.7606253858126094,ADJ,"NOUN: 0.78, ADJ: 0.22",True,102,0,4.634728988229636
yap,yapamam,VERB,VERB,1.0,0.0,,VERB: 1.00,True,209,0,5.3471075307174685
ki,ki,CCONJ,CCONJ,0.1806152397797589,1.9747454841180783,AUX,"AUX: 0.51, CCONJ: 0.18, ADP: 0.18, ADV: 0.07",True,81,0,4.406719247264253
!,!,PUNCT,PUNCT,,,,,True,39,0,3.6888794541139363
ancak,Ancak,CCONJ,CCONJ,0.3387760771315332,1.840793145532436,PRON,"PRON: 0.38, CCONJ: 0.34, ADV: 0.22",True,28,0,3.367295829986474
o,onun,PRON,PRON,0.5961784524857141,1.6538184960634559,ADV,"PRON: 0.60, ADV: 0.24, CCONJ: 0.07, PROPN: 0.05",True,264,0,5.579729825986222
beyin,beyninde,NOUN,NOUN,0.1484638886507912,1.9125984992022371,PRON,"PRON: 0.39, NUM: 0.25, ADJ: 0.21, NOUN: 0.15",True,16,0,2.833213344056216
ol,olduğum,VERB,VERB,1.0,0.0,,VERB: 1.00,True,603,0,6.403574197934815
süre,sürede,NOUN,NOUN,0.8820365801913382,0.523478306365258,ADJ,"NOUN: 0.88, ADJ: 0.12",True,24,0,3.2188758248682006
varol,varoluyorum,VERB,VERB,,,,,True,3,0,1.3862943611198906
.,.,PUNCT,PUNCT,,,,,True,3283,0,8.096817470572319
düşün,Düşünüyordum,VERB,VERB,0.7113540833748332,0.8669656577665865,CCONJ,"VERB: 0.71, CCONJ: 0.29",True,61,0,4.127134385045092
.,.,PUNCT,PUNCT,,,,,True,3283,0,8.096817470572319
o,Ona,PRON,PRON,0.5961784524857141,1.6538184960634559,ADV,"PRON: 0.60, ADV: 0.24, CCONJ: 0.07, PROPN: 0.05",True,264,0,5.579729825986222
bir,bir,DET,DET,0.49958184875865663,1.6482580173109218,NUM,"DET: 0.50, NUM: 0.30, ADJ: 0.15",True,616,0,6.424869023905388
mektup,mektup,NOUN,NOUN,,,,,True,5,0,1.791759469228055
yaz,yazsanız,VERB,VERB,1.0,0.0,,VERB: 1.00,True,35,0,3.58351893845611
...,...,PUNCT,PUNCT,,,,,True,91,0,4.5217885770490405
iş,İşe,NOUN,NOUN,0.46442635400175103,1.4429440308933483,PRON,"NOUN: 0.46, PRON: 0.39, ADJ: 0.14",True,70,0,4.2626798770413155
yara,yarar,VERB,VERB,,,,,True,1,0,0.6931471805599453
mi,mı,AUX,AUX,0.49179730733219285,1.8739792138931677,CCONJ,"AUX: 0.49, CCONJ: 0.24, ADP: 0.18, ADV: 0.05",True,112,0,4.727387818712341
ki,ki,CCONJ,CCONJ,0.1806152397797589,1.9747454841180783,AUX,"AUX: 0.51, CCONJ: 0.18, ADP: 0.18, ADV: 0.07",True,81,0,4.406719247264253
...,...,PUNCT,PUNCT,,,,,True,91,0,4.5217885770490405
yara,Yarayabilir,VERB,VERB,,,,,True,1,0,0.6931471805599453
.,.,PUNCT,PUNCT,,,,,True,3283,0,8.096817470572319
yeniden,Yeniden,ADV,ADV,0.21097570581915642,1.7793365705047433,PRON,"PRON: 0.55, ADV: 0.21, PROPN: 0.14, ADJ: 0.06",True,17,0,2.8903717578961645
siz,sizi,PRON,PRON,0.6489290710050605,1.4471589459833951,ADV,"PRON: 0.65, ADV: 0.22, CCONJ: 0.08",True,49,0,3.912023005428146
düşün,düşünmeye,VERB,VERB,0.7113540833748332,0.8669656577665865,CCONJ,"VERB: 0.71, CCONJ: 0.29",True,61,0,4.127134385045092
başla,başlayabilir,VERB,VERB,0.7003594242233127,0.880851097931121,CCONJ,"VERB: 0.70, CCONJ: 0.30",True,83,0,4.430816798843313
.,.,PUNCT,PUNCT,,,,,True,3283,0,8.096817470572319
nasıl,Nasıl,ADV,ADV,0.22688879708691875,1.6551093959198966,PRON,"PRON: 0.59, ADV: 0.23, PROPN: 0.07, NOUN: 0.06",True,24,0,3.2188758248682006
ulaş,ulaştırırız,VERB,VERB,1.0,0.0,,VERB: 1.00,True,28,0,3.367295829986474
ki,ki,CCONJ,CCONJ,0.1806152397797589,1.9747454841180783,AUX,"AUX: 0.51, CCONJ: 0.18, ADP: 0.18, ADV: 0.07",True,81,0,4.406719247264253
bu,bu,DET,DET,0.6017857940157323,1.5300103231456785,NUM,"DET: 0.60, NUM: 0.20, ADJ: 0.15",True,350,0,5.860786223465865
mektup,mektubu,NOUN,NOUN,,,,,True,5,0,1.791759469228055
o,ona,PRON,PRON,0.5961784524857141,1.6538184960634559,ADV,"PRON: 0.60, ADV: 0.24, CCONJ: 0.07, PROPN: 0.05",True,264,0,5.579729825986222
.,.,PUNCT,PUNCT,,,,,True,3283,0,8.096817470572319
ben,Ben,PRON,PRON,0.614767428544865,1.6599914502896118,ADV,"PRON: 0.61, ADV: 0.21, CCONJ: 0.08, PROPN: 0.06",True,310,0,5.739792912179234
götür,götürür,VERB,VERB,1.0,0.0,,VERB: 1.00,True,11,0,2.4849066497880004
ver,veririm,VERB,VERB,1.0,0.0,,VERB: 1.00,True,138,0,4.9344739331306915
.,.,PUNCT,PUNCT,,,,,True,3283,0,8.096817470572319
bir,Bir,DET,DET,0.49958184875865663,1.6482580173109218,NUM,"DET: 0.50, NUM: 0.30, ADJ: 0.15",True,616,0,6.424869023905388
mektup,mektup,NOUN,NOUN,,,,,True,5,0,1.791759469228055
yaz,yazayım,VERB,VERB,1.0,0.0,,VERB: 1.00,True,35,0,3.58351893845611
o,ona,PRON,PRON,0.5961784524857141,1.6538184960634559,ADV,"PRON: 0.60, ADV: 0.24, CCONJ: 0.07, PROPN: 0.05",True,264,0,5.579729825986222
",",",",PUNCT,PUNCT,,,,,True,2285,0,7.734558844354756
de,dedi,VERB,VERB,0.7089626585740004,0.8700574815901702,CCONJ,"VERB: 0.71, CCONJ: 0.29",True,295,0,5.69035945432406
Mebrure,Mebrure,PROPN,PROPN,,,,,False,0,0,0.0
.,.,PUNCT,PUNCT,,,,,True,3283,0,8.096817470572319
kağıt,Kağıt,ADJ,ADJ,,,,,True,4,0,1.6094379124341003
kalem,kalem,NOUN,NOUN,,,,,True,7,0,2.0794415416798357
bul,bulmalıyım,VERB,VERB,1.0,0.0,,VERB: 1.00,True,56,0,4.04305126783455
",",",",PUNCT,PUNCT,,,,,True,2285,0,7.734558844354756
bir,bir,ADV,ADV,0.23299744110966192,1.0714237035875651,PRON,"PRON: 0.72, ADV: 0.23",True,28,0,3.367295829986474
de,de,CCONJ,CCONJ,0.13783772654910434,1.6723904656042283,AUX,"AUX: 0.44, ADP: 0.38, CCONJ: 0.14",True,326,0,5.7899601708972535
zarf,zarf,NOUN,NOUN,,,,,True,3,0,1.3862943611198906
.,.,PUNCT,PUNCT,,,,,True,3283,0,8.096817470572319
gece,Gece,NOUN,NOUN,0.19864455081399557,0.9246613571687522,PRON,"PRON: 0.77, NOUN: 0.20",True,37,0,3.6375861597263857
zaman,zamanı,NOUN,NOUN,0.7768808568937368,0.7658222066504196,ADJ,"NOUN: 0.78, ADJ: 0.22",True,77,0,4.356708826689592
",",",",PUNCT,PUNCT,,,,,True,2285,0,7.734558844354756
bütün,bütün,ADJ,ADJ,0.1561306664363315,1.657842220698849,DET,"DET: 0.62, ADJ: 0.16, NUM: 0.10, CCONJ: 0.07, PROPN: 0.05",True,35,0,3.58351893845611
dükkan,dükkanlar,NOUN,NOUN,,,,,True,5,0,1.791759469228055
kapı,kapı,NOUN,NOUN,0.29229919585074965,1.974713495304894,PRON,"PRON: 0.30, NOUN: 0.29, ADJ: 0.21, PROPN: 0.19",True,22,0,3.1354942159291497
li,lı,ADP,ADP,0.2797323618856777,2.3836488217196035,AUX,"AUX: 0.30, ADP: 0.28, CCONJ: 0.23, NUM: 0.08",True,182,0,5.209486152841421
.,.,PUNCT,PUNCT,,,,,True,3283,0,8.096817470572319
çevre,Çevrede,NOUN,NOUN,,,,,True,4,0,1.6094379124341003
in,in,NOUN,NOUN,,,,,True,3,0,1.3862943611198906
cin,cin,NOUN,NOUN,,,,,False,0,0,0.0
yok,yok,ADJ,ADJ,0.19004932758774726,1.3228686251346322,VERB,"VERB: 0.63, ADJ: 0.19, ADV: 0.18",True,51,0,3.9512437185814275
.,.,PUNCT,PUNCT,,,,,True,3283,0,8.096817470572319
ne,Ne,ADV,PRON,,,,,True,10,1,2.3978952727983707
denli,denli,ADJ,ADP,,,,,True,1,1,0.6931471805599453
ses,ses,NOUN,NOUN,0.3237009019450614,1.9450836951989445,PRON,"NOUN: 0.32, PRON: 0.31, PROPN: 0.20, ADJ: 0.17",True,32,0,3.4965075614664802
siz,siz,ADP,ADP,0.3340274831620072,2.1348321686976823,AUX,"ADP: 0.33, AUX: 0.31, CCONJ: 0.24",True,28,0,3.367295829986474
Bartın,Bartın,PROPN,PROPN,,,,,False,0,0,0.0
",",",",PUNCT,PUNCT,,,,,True,2285,0,7.734558844354756
de,dedim,VERB,VERB,0.7089626585740004,0.8700574815901702,CCONJ,"VERB: 0.71, CCONJ: 0.29",True,295,0,5.69035945432406
.,.,PUNCT,PUNCT,,,,,True,3283,0,8.096817470572319
herkes,Herkes,NOUN,NOUN,0.021457731122855418,1.6956728993253833,PRON,"PRON: 0.56, ADV: 0.23, CCONJ: 0.14, PROPN: 0.05",True,27,0,3.332204510175204
uyku,uykuda,NOUN,NOUN,,,,,True,6,0,1.9459101490553132
",",",",PUNCT,PUNCT,,,,,True,2285,0,7.734558844354756
de,dedi,VERB,VERB,0.7089626585740004,0.8700574815901702,CCONJ,"VERB: 0.71, CCONJ: 0.29",True,295,0,5.69035945432406
.,.,PUNCT,PUNCT,,,,,True,3283,0,8.096817470572319
çanta,Çantasını,NOUN,NOUN,,,,,True,2,0,1.0986122886681098
karış,karıştırıyor,VERB,VERB,,,,,True,7,0,2.0794415416798357
",",",",PUNCT,PUNCT,,,,,True,2285,0,7.734558844354756
bir,bir,DET,DET,0.49958184875865663,1.6482580173109218,NUM,"DET: 0.50, NUM: 0.30, ADJ: 0.15",True,616,0,6.424869023905388
kalem,kalem,NOUN,NOUN,,,,,True,7,0,2.0794415416798357
ara,arıyordu,VERB,VERB,1.0,0.0,,VERB: 1.00,True,33,0,3.5263605246161616
.,.,PUNCT,PUNCT,,,,,True,3283,0,8.096817470572319
boş,Boş,ADJ,ADJ,,,,,True,5,0,1.791759469228055
sokak,sokakta,NOUN,NOUN,0.3777121795078377,1.5657247527389495,PRON,"NOUN: 0.38, PRON: 0.36, ADJ: 0.26",True,16,0,2.833213344056216
topuk,topuk,NOUN,NOUN,,,,,True,2,0,1.0986122886681098
li,lu,ADP,ADP,0.2797323618856777,2.3836488217196035,AUX,"AUX: 0.30, ADP: 0.28, CCONJ: 0.23, NUM: 0.08",True,182,0,5.209486152841421
ayakkabı,ayakkabıların,NOUN,NOUN,,,,,True,3,0,1.3862943611198906
çıkar,çıkarttığı,VERB,VERB,1.0,0.0,,VERB: 1.00,True,34,0,3.5553480614894135
",",",",PUNCT,PUNCT,,,,,True,2285,0,7.734558844354756
yankıla,yankılanan,VERB,VERB,,,,,False,0,0,0.0
bir,bir,DET,DET,0.49958184875865663,1.6482580173109218,NUM,"DET: 0.50, NUM: 0.30, ADJ: 0.15",True,616,0,6.424869023905388
ses,ses,NOUN,NOUN,0.3237009019450614,1.9450836951989445,PRON,"NOUN: 0.32, PRON: 0.31, PROPN: 0.20, ADJ: 0.17",True,32,0,3.4965075614664802
duy,duyuldu,VERB,VERB,1.0,0.0,,VERB: 1.00,True,35,0,3.58351893845611
.,.,PUNCT,PUNCT,,,,,True,3283,0,8.096817470572319
iki,İkimiz,NUM,NUM,0.27698505514822225,1.5675874170394526,DET,"DET: 0.55, NUM: 0.28, ADJ: 0.13",True,83,0,4.430816798843313
de,de,CCONJ,CCONJ,0.13783772654910434,1.6723904656042283,AUX,"AUX: 0.44, ADP: 0.38, CCONJ: 0.14",True,326,0,5.7899601708972535
aynı,aynı,ADJ,ADJ,0.11957005345771128,1.4044471997085064,DET,"DET: 0.58, NUM: 0.29, ADJ: 0.12",True,44,0,3.8066624897703196
an,anda,NOUN,NOUN,0.7767539182231282,0.7660506138585593,ADJ,"NOUN: 0.78, ADJ: 0.22",True,32,0,3.4965075614664802
Taşhan,Taşhan'ın,PROPN,PROPN,,,,,False,0,0,0.0
kapı,kapısına,NOUN,NOUN,0.29229919585074965,1.974713495304894,PRON,"PRON: 0.30, NOUN: 0.29, ADJ: 0.21, PROPN: 0.19",True,22,0,3.1354942159291497
bir,bir,DET,DET,0.49958184875865663,1.6482580173109218,NUM,"DET: 0.50, NUM: 0.30, ADJ: 0.15",True,616,0,6.424869023905388
kadın,kadının,ADJ,ADJ,0.22426573119393564,0.7678804621873997,NOUN,"NOUN: 0.78, ADJ: 0.22",True,40,0,3.713572066704308
yaklaş,yaklaştığını,VERB,VERB,,,,,True,10,0,2.3978952727983707
gör,gördük,VERB,VERB,1.0,0.0,,VERB: 1.00,True,81,0,4.406719247264253
.,.,PUNCT,PUNCT,,,,,True,3283,0,8.096817470572319
işte,İşte,ADV,ADV,0.11734689772862172,2.034632031144819,PRON,"PRON: 0.41, CCONJ: 0.29, PROPN: 0.15, ADV: 0.12",True,18,0,2.9444389791664403
",",",",PUNCT,PUNCT,,,,,True,2285,0,7.734558844354756
işte,işte,ADV,ADV,0.11734689772862172,2.034632031144819,PRON,"PRON: 0.41, CCONJ: 0.29, PROPN: 0.15, ADV: 0.12",True,18,0,2.9444389791664403
o,o,DET,DET,0.6447660992254824,1.4376147671166477,NUM,"DET: 0.64, NUM: 0.18, ADJ: 0.13",True,113,0,4.736198448394496
kadın,kadın,ADJ,ADJ,0.22426573119393564,0.7678804621873997,NOUN,"NOUN: 0.78, ADJ: 0.22",True,40,0,3.713572066704308
!,!,PUNCT,PUNCT,,,,,True,39,0,3.6888794541139363
Mahmut,Mahmut'un,PROPN,PROPN,,,,,False,0,0,0.0
şimdi,şimdi,ADV,ADV,0.22752642581986968,1.694646457999899,PRON,"PRON: 0.56, ADV: 0.23, CCONJ: 0.14, PROPN: 0.05",True,36,0,3.6109179126442243
düşün,düşündüğü,VERB,VERB,0.7113540833748332,0.8669656577665865,CCONJ,"VERB: 0.71, CCONJ: 0.29",True,61,0,4.127134385045092
.,.,PUNCT,PUNCT,,,,,True,3283,0,8.096817470572319
beyin,Beyninde,NOUN,NOUN,0.1484638886507912,1.9125984992022371,PRON,"PRON: 0.39, NUM: 0.25, ADJ: 0.21, NOUN: 0.15",True,16,0,2.833213344056216
ve,ve,CCONJ,CCONJ,0.23925769350174309,2.411623002364367,NUM,"NUM: 0.34, CCONJ: 0.24, ADJ: 0.14, DET: 0.11, PRON: 0.09, PROPN: 0.06",True,359,0,5.886104031450156
yürek,yüreğinde,NOUN,NOUN,,,,,True,1,0,0.6931471805599453
ol,olan,VERB,VERB,1.0,0.0,,VERB: 1.00,True,603,0,6.403574197934815
kadın,kadın,ADJ,ADJ,0.22426573119393564,0.7678804621873997,NOUN,"NOUN: 0.78, ADJ: 0.22",True,40,0,3.713572066704308
!,!,PUNCT,PUNCT,,,,,True,39,0,3.6888794541139363
de,dedi,VERB,VERB,0.7089626585740004,0.8700574815901702,CCONJ,"VERB: 0.71, CCONJ: 0.29",True,295,0,5.69035945432406
Mebrure,Mebrure,PROPN,PROPN,,,,,False,0,0,0.0
.,.,PUNCT,PUNCT,,,,,True,3283,0,8.096817470572319
nere,Nereden,PRON,PRON,0.5735438291128842,1.611292883227183,ADV,"PRON: 0.57, ADV: 0.19, NOUN: 0.17, ADJ: 0.07",True,19,0,2.995732273553991
bil,biliyorsunuz,VERB,VERB,0.6930942464089043,1.0036086273143747,CCONJ,"VERB: 0.69, CCONJ: 0.28",True,101,0,4.624972813284271
ki,ki,CCONJ,CCONJ,0.1806152397797589,1.9747454841180783,AUX,"AUX: 0.51, CCONJ: 0.18, ADP: 0.18, ADV: 0.07",True,81,0,4.406719247264253
o,o,DET,DET,0.6447660992254824,1.4376147671166477,NUM,"DET: 0.64, NUM: 0.18, ADJ: 0.13",True,113,0,4.736198448394496
kadın,kadın,ADJ,ADJ,0.22426573119393564,0.7678804621873997,NOUN,"NOUN: 0.78, ADJ: 0.22",True,40,0,3.713572066704308
ol,olduğunu,VERB,VERB,1.0,0.0,,VERB: 1.00,True,603,0,6.403574197934815
.,.,PUNCT,PUNCT,,,,,True,3283,0,8.096817470572319
dul,Dul,ADJ,ADJ,,,,,False,0,0,0.0
bir,bir,DET,DET,0.49958184875865663,1.6482580173109218,NUM,"DET: 0.50, NUM: 0.30, ADJ: 0.15",True,616,0,6.424869023905388
kadın,kadın,ADJ,ADJ,0.22426573119393564,0.7678804621873997,NOUN,"NOUN: 0.78, ADJ: 0.22",True,40,0,3.713572066704308
bu,bu,PRON,PRON,0.7006788109102466,1.3923524752663319,ADV,"PRON: 0.70, ADV: 0.14, CCONJ: 0.09, NOUN: 0.05",True,171,0,5.147494476813453
.,.,PUNCT,PUNCT,,,,,True,3283,0,8.096817470572319
çay,Çay,NOUN,NOUN,,,,,True,2,0,1.0986122886681098
bahçe,bahçesinde,NOUN,NOUN,,,,,True,3,0,1.3862943611198906
tanış,tanışmışlar,VERB,VERB,,,,,True,9,0,2.302585092994046
.,.,PUNCT,PUNCT,,,,,True,3283,0,8.096817470572319
kadın,Kadına,ADJ,ADJ,0.22426573119393564,0.7678804621873997,NOUN,"NOUN: 0.78, ADJ: 0.22",True,40,0,3.713572066704308
bak,baktım,VERB,VERB,1.0,0.0,,VERB: 1.00,True,85,0,4.454347296253507
",",",",PUNCT,PUNCT,,,,,True,2285,0,7.734558844354756
havalı,havalı,ADJ,ADJ,,,,,False,0,0,0.0
i,ydı,AUX,AUX,0.47697018772995686,1.861138213598426,ADP,"AUX: 0.48, ADP: 0.26, CCONJ: 0.18, PROPN: 0.06",True,546,0,6.304448802421981
",",",",PUNCT,PUNCT,,,,,True,2285,0,7.734558844354756
hoş,hoş,ADV,ADV,,,,,True,1,0,0.6931471805599453
i,tu,AUX,AUX,0.47697018772995686,1.861138213598426,ADP,"AUX: 0.48, ADP: 0.26, CCONJ: 0.18, PROPN: 0.06",True,546,0,6.304448802421981
.,.,PUNCT,PUNCT,,,,,True,3283,0,8.096817470572319
saç,Saçları,NOUN,NOUN,0.21845761954504656,2.041878288407362,PRON,"PRON: 0.45, NOUN: 0.22, PROPN: 0.14, ADV: 0.11, ADJ: 0.08",True,14,0,2.70805020110221
aslan,aslan,ADJ,ADJ,,,,,True,5,0,1.791759469228055
yele,yelesi,NOUN,NOUN,,,,,False,0,0,0.0
gibi,gibi,ADP,ADP,0.36045769630430313,1.8400611893764562,AUX,"ADP: 0.36, AUX: 0.30, CCONJ: 0.28",True,145,0,4.983606621708336
kabarık,kabarık,ADJ,ADJ,,,,,False,0,0,0.0
i,tı,AUX,AUX,0.47697018772995686,1.861138213598426,ADP,"AUX: 0.48, ADP: 0.26, CCONJ: 0.18, PROPN: 0.06",True,546,0,6.304448802421981
.,.,PUNCT,PUNCT,,,,,True,3283,0,8.096817470572319
kendi,Kendinden,PRON,PRON,0.6796575105452602,1.4263748283851931,ADV,"PRON: 0.68, ADV: 0.19, PROPN: 0.06",True,126,0,4.844187086458591
emin,emin,ADJ,ADJ,,,,,True,8,0,2.1972245773362196
bir,bir,DET,DET,0.49958184875865663,1.6482580173109218,NUM,"DET: 0.50, NUM: 0.30, ADJ: 0.15",True,616,0,6.424869023905388
biçim,biçimde,NOUN,NOUN,,,,,True,7,0,2.0794415416798357
Taşhan,Taşhan'ın,PROPN,PROPN,,,,,False,0,0,0.0
kapı,kapısını,NOUN,NOUN,0.29229919585074965,1.974713495304894,PRON,"PRON: 0.30, NOUN: 0.29, ADJ: 0.21, PROPN: 0.19",True,22,0,3.1354942159291497
it,itip,VERB,VERB,,,,,True,1,0,0.6931471805599453
içeri,içeri,NOUN,NOUN,0.4367572947609049,1.5503596805696764,ADJ,"NOUN: 0.44, ADJ: 0.30, PROPN: 0.27",True,12,0,2.5649493574615367
gir,girdi,VERB,VERB,1.0,0.0,,VERB: 1.00,True,63,0,4.1588830833596715
.,.,PUNCT,PUNCT,,,,,True,3283,0,8.096817470572319
Mebrure,Mebrure,PROPN,PROPN,,,,,False,0,0,0.0
yanıbaşı,yanıbaşımda,NOUN,NOUN,,,,,False,0,0,0.0
titre,titriyordu,VERB,VERB,,,,,True,6,0,1.9459101490553132
.,.,PUNCT,PUNCT,,,,,True,3283,0,8.096817470572319
git,Gitti,VERB,VERB,1.0,0.0,,VERB: 1.00,True,116,0,4.762173934797756
",",",",PUNCT,PUNCT,,,,,True,2285,0,7.734558844354756
o,onun,PRON,PRON,0.5961784524857141,1.6538184960634559,ADV,"PRON: 0.60, ADV: 0.24, CCONJ: 0.07, PROPN: 0.05",True,264,0,5.579729825986222
yan,yanına,ADJ,ADJ,0.22369130935054335,0.7668506751450528,NOUN,"NOUN: 0.78, ADJ: 0.22",True,60,0,4.110873864173311
git,gitti,VERB,VERB,1.0,0.0,,VERB: 1.00,True,116,0,4.762173934797756
.,.,PUNCT,PUNCT,,,,,True,3283,0,8.096817470572319
gir,Girdi,VERB,VERB,1.0,0.0,,VERB: 1.00,True,63,0,4.1588830833596715
içeri,içeriye,NOUN,NOUN,0.4367572947609049,1.5503596805696764,ADJ,"NOUN: 0.44, ADJ: 0.30, PROPN: 0.27",True,12,0,2.5649493574615367
.,.,PUNCT,PUNCT,,,,,True,3283,0,8.096817470572319
siz,Siz,PRON,PRON,0.6489290710050605,1.4471589459833951,ADV,"PRON: 0.65, ADV: 0.22, CCONJ: 0.08",True,49,0,3.912023005428146
mektup,mektubu,NOUN,NOUN,,,,,True,5,0,1.791759469228055
hazırla,hazırlayın,VERB,VERB,1.0,0.0,,VERB: 1.00,True,25,0,3.258096538021482
",",",",PUNCT,PUNCT,,,,,True,2285,0,7.734558844354756
ben,ben,PRON,PRON,0.614767428544865,1.6599914502896118,ADV,"PRON: 0.61, ADV: 0.21, CCONJ: 0.08, PROPN: 0.06",True,310,0,5.739792912179234
götür,götürür,VERB,VERB,1.0,0.0,,VERB: 1.00,True,11,0,2.4849066497880004
ver,veririm,VERB,VERB,1.0,0.0,,VERB: 1.00,True,138,0,4.9344739331306915
",",",",PUNCT,PUNCT,,,,,True,2285,0,7.734558844354756
de,dedim,VERB,VERB,0.7089626585740004,0.8700574815901702,CCONJ,"VERB: 0.71, CCONJ: 0.29",True,295,0,5.69035945432406
.,.,PUNCT,PUNCT,,,,,True,3283,0,8.096817470572319
yaz,Yazın,VERB,VERB,1.0,0.0,,VERB: 1.00,True,35,0,3.58351893845611
mektup,mektubu,NOUN,NOUN,,,,,True,5,0,1.791759469228055
.,.,PUNCT,PUNCT,,,,,True,3283,0,8.096817470572319
ben,Ben,PRON,PRON,0.614767428544865,1.6599914502896118,ADV,"PRON: 0.61, ADV: 0.21, CCONJ: 0.08, PROPN: 0.06",True,310,0,5.739792912179234
şimdi,şimdi,ADV,ADV,0.22752642581986968,1.694646457999899,PRON,"PRON: 0.56, ADV: 0.23, CCONJ: 0.14, PROPN: 0.05",True,36,0,3.6109179126442243
içeri,içeriye,NOUN,NOUN,0.4367572947609049,1.5503596805696764,ADJ,"NOUN: 0.44, ADJ: 0.30, PROPN: 0.27",True,12,0,2.5649493574615367
gir,giriyorum,VERB,VERB,1.0,0.0,,VERB: 1.00,True,63,0,4.1588830833596715
.,.,PUNCT,PUNCT,,,,,True,3283,0,8.096817470572319
kadın,Kadınlar,ADJ,ADJ,0.22426573119393564,0.7678804621873997,NOUN,"NOUN: 0.78, ADJ: 0.22",True,40,0,3.713572066704308
git,gittikten,VERB,VERB,1.0,0.0,,VERB: 1.00,True,116,0,4.762173934797756
sonra,sonra,ADP,ADP,0.3753969513334362,1.9295725955468828,AUX,"ADP: 0.38, AUX: 0.28, CCONJ: 0.27, ADV: 0.06",True,66,0,4.204692619390966
siz,sizin,PRON,PRON,0.6489290710050605,1.4471589459833951,ADV,"PRON: 0.65, ADV: 0.22, CCONJ: 0.08",True,49,0,3.912023005428146
ki,kine,ADP,ADP,0.352272282719127,2.181690690995641,AUX,"ADP: 0.35, AUX: 0.28, CCONJ: 0.23, NUM: 0.08",True,217,0,5.384495062789089
ver,veririm,VERB,VERB,1.0,0.0,,VERB: 1.00,True,138,0,4.9344739331306915
.,.,PUNCT,PUNCT,,,,,True,3283,0,8.096817470572319
ne,Ne,PRON,PRON,0.657373909218341,1.5595369645973152,PROPN,"PRON: 0.66, PROPN: 0.14, ADV: 0.11, NOUN: 0.06",True,98,0,4.59511985013459
yaz,yazayım,VERB,VERB,1.0,0.0,,VERB: 1.00,True,35,0,3.58351893845611
?,?,PUNCT,PUNCT,,,,,True,125,0,4.836281906951478
diye,diye,ADP,ADP,0.26515728248607623,2.352927457262911,AUX,"AUX: 0.34, ADP: 0.27, PRON: 0.15, CCONJ: 0.13",True,107,0,4.68213122712422
sor,sordu,VERB,VERB,1.0,0.0,,VERB: 1.00,True,49,0,3.912023005428146
Mebrure,Mebrure,PROPN,PROPN,,,,,False,0,0,0.0
.,.,PUNCT,PUNCT,,,,,True,3283,0,8.096817470572319
o,Onu,PRON,PRON,0.5961784524857141,1.6538184960634559,ADV,"PRON: 0.60, ADV: 0.24, CCONJ: 0.07, PROPN: 0.05",True,264,0,5.579729825986222
sev,sevdiğinizi,VERB,VERB,1.0,0.0,,VERB: 1.00,True,44,0,3.8066624897703196
...,...,PUNCT,PUNCT,,,,,True,91,0,4.5217885770490405
Taşhan,Taşhan'ın,PROPN,PROPN,,,,,False,0,0,0.0
kapı,kapısını,NOUN,NOUN,0.29229919585074965,1.974713495304894,PRON,"PRON: 0.30, NOUN: 0.29, ADJ: 0.21, PROPN: 0.19",True,22,0,3.1354942159291497
it,itip,VERB,VERB,,,,,True,1,0,0.6931471805599453
içeri,içeriye,NOUN,NOUN,0.4367572947609049,1.5503596805696764,ADJ,"NOUN: 0.44, ADJ: 0.30, PROPN: 0.27",True,12,0,2.5649493574615367
gir,girdim,VERB,VERB,1.0,0.0,,VERB: 1.00,True,63,0,4.1588830833596715
.,.,PUNCT,PUNCT,,,,,True,3283,0,8.096817470572319
Mahmut,Mahmut'u,PROPN,PROPN,,,,,False,0,0,0.0
hemen,hemen,ADV,ADV,0.2792013661719707,1.4958619337206507,PRON,"PRON: 0.58, ADV: 0.28, PROPN: 0.10",True,17,0,2.8903717578961645
gör,gördüm,VERB,VERB,1.0,0.0,,VERB: 1.00,True,81,0,4.406719247264253
.,.,PUNCT,PUNCT,,,,,True,3283,0,8.096817470572319
kapı,Kapıya,NOUN,NOUN,0.29229919585074965,1.974713495304894,PRON,"PRON: 0.30, NOUN: 0.29, ADJ: 0.21, PROPN: 0.19",True,22,0,3.1354942159291497
yakın,yakın,ADJ,ADJ,0.15381550000503325,2.1107736313294096,PRON,"PRON: 0.43, NOUN: 0.18, ADJ: 0.15, PROPN: 0.14, ADV: 0.10",True,20,0,3.044522437723423
bir,bir,NUM,NUM,0.3916735022215744,1.8552050660223744,DET,"DET: 0.40, NUM: 0.39, ADJ: 0.09, PROPN: 0.06, NOUN: 0.06",True,170,0,5.14166355650266
masa,masada,NOUN,NOUN,0.31818580128896556,1.323079485206322,PRON,"PRON: 0.58, NOUN: 0.32, ADJ: 0.10",True,17,0,2.8903717578961645
otur,oturuyordu,VERB,VERB,1.0,0.0,,VERB: 1.00,True,54,0,4.007333185232471
.,.,PUNCT,PUNCT,,,,,True,3283,0,8.096817470572319
Mebrure,Mebrure'nin,PROPN,PROPN,,,,,False,0,0,0.0
tarif,tarif,NOUN,NOUN,,,,,True,3,0,1.3862943611198906
et,ettiği,VERB,VERB,0.021423477839648417,2.0747581498935594,AUX,"AUX: 0.33, ADP: 0.33, CCONJ: 0.23",True,260,0,5.564520407322694
gibi,gibi,ADP,ADP,0.36045769630430313,1.8400611893764562,AUX,"ADP: 0.36, AUX: 0.30, CCONJ: 0.28",True,145,0,4.983606621708336
bıyık,bıyık,NOUN,NOUN,,,,,True,2,0,1.0986122886681098
li,lı,ADP,ADP,0.2797323618856777,2.3836488217196035,AUX,"AUX: 0.30, ADP: 0.28, CCONJ: 0.23, NUM: 0.08",True,182,0,5.209486152841421
",",",",PUNCT,PUNCT,,,,,True,2285,0,7.734558844354756
kara,kara,ADJ,ADJ,,,,,True,7,0,2.0794415416798357
yağız,yağız,ADJ,ADJ,,,,,False,0,0,0.0
bir,bir,DET,DET,0.49958184875865663,1.6482580173109218,NUM,"DET: 0.50, NUM: 0.30, ADJ: 0.15",True,616,0,6.424869023905388
adam,adam,NOUN,NOUN,0.48168004535673414,1.5142431721146627,PROPN,"NOUN: 0.48, PROPN: 0.28, ADJ: 0.24",True,41,0,3.7376696182833684
i,dı,AUX,AUX,0.47697018772995686,1.861138213598426,ADP,"AUX: 0.48, ADP: 0.26, CCONJ: 0.18, PROPN: 0.06",True,546,0,6.304448802421981
.,.,PUNCT,PUNCT,,,,,True,3283,0,8.096817470572319
kadın,Kadın,ADJ,ADJ,0.22426573119393564,0.7678804621873997,NOUN,"NOUN: 0.78, ADJ: 0.22",True,40,0,3.713572066704308
yan,yanına,ADJ,ADJ,0.22369130935054335,0.7668506751450528,NOUN,"NOUN: 0.78, ADJ: 0.22",True,60,0,4.110873864173311
otur,oturmuştu,VERB,VERB,1.0,0.0,,VERB: 1.00,True,54,0,4.007333185232471
",",",",PUNCT,PUNCT,,,,,True,2285,0,7.734558844354756
el,el,NOUN,NOUN,0.685323078074829,0.8984985975836332,ADJ,"NOUN: 0.69, ADJ: 0.31",True,81,0,4.406719247264253
el,ele,NOUN,NOUN,0.685323078074829,0.8984985975836332,ADJ,"NOUN: 0.69, ADJ: 0.31",True,81,0,4.406719247264253
i,ydiler,AUX,AUX,0.47697018772995686,1.861138213598426,ADP,"AUX: 0.48, ADP: 0.26, CCONJ: 0.18, PROPN: 0.06",True,546,0,6.304448802421981
.,.,PUNCT,PUNCT,,,,,True,3283,0,8.096817470572319
garson,Garson,NOUN,NOUN,,,,,True,1,0,0.6931471805599453
bir,bir,DET,DET,0.49958184875865663,1.6482580173109218,NUM,"DET: 0.50, NUM: 0.30, ADJ: 0.15",True,616,0,6.424869023905388
meyve,meyve,NOUN,NOUN,,,,,True,2,0,1.0986122886681098
tabak,tabağı,NOUN,NOUN,,,,,True,4,0,1.6094379124341003
getir,getirip,VERB,VERB,1.0,0.0,,VERB: 1.00,True,42,0,3.7612001156935624
masa,masanın,NOUN,NOUN,0.31818580128896556,1.323079485206322,PRON,"PRON: 0.58, NOUN: 0.32, ADJ: 0.10",True,17,0,2.8903717578961645
üst,üstüne,ADJ,ADJ,0.46638801387351886,0.9967377258438014,NOUN,"NOUN: 0.53, ADJ: 0.47",True,32,0,3.4965075614664802
koy,koydu,VERB,VERB,1.0,0.0,,VERB: 1.00,True,23,0,3.1780538303479458
.,.,PUNCT,PUNCT,,,,,True,3283,0,8.096817470572319
şöyle,Şöyle,ADV,ADV,0.09598023786135869,1.721962989915918,PRON,"PRON: 0.58, ADJ: 0.17, NOUN: 0.13, ADV: 0.10",True,22,0,3.1354942159291497
bir,bir,ADV,ADV,0.23299744110966192,1.0714237035875651,PRON,"PRON: 0.72, ADV: 0.23",True,28,0,3.367295829986474
çevre,çevreme,NOUN,NOUN,,,,,True,4,0,1.6094379124341003
bakın,bakındım,VERB,VERB,,,,,False,0,0,0.0
.,.,PUNCT,PUNCT,,,,,True,3283,0,8.096817470572319
ben,Benim,PRON,PRON,0.614767428544865,1.6599914502896118,ADV,"PRON: 0.61, ADV: 0.21, CCONJ: 0.08, PROPN: 0.06",True,310,0,5.739792912179234
her,her,DET,DET,0.5393270671644539,1.4044282159240997,NUM,"DET: 0.54, NUM: 0.36, ADJ: 0.09",True,91,0,4.5217885770490405
zaman,zaman,NOUN,NOUN,0.7768808568937368,0.7658222066504196,ADJ,"NOUN: 0.78, ADJ: 0.22",True,77,0,4.356708826689592
konuş,konuştuğum,VERB,VERB,1.0,0.0,,VERB: 1.00,True,61,0,4.127134385045092
adam,adam,NOUN,NOUN,0.48168004535673414,1.5142431721146627,PROPN,"NOUN: 0.48, PROPN: 0.28, ADJ: 0.24",True,41,0,3.7376696182833684
",",",",PUNCT,PUNCT,,,,,True,2285,0,7.734558844354756
yanıbaşı,yanıbaşımda,NOUN,NOUN,,,,,False,0,0,0.0
masa,masasında,NOUN,NOUN,0.31818580128896556,1.323079485206322,PRON,"PRON: 0.58, NOUN: 0.32, ADJ: 0.10",True,17,0,2.8903717578961645
otur,oturuyordu,VERB,VERB,1.0,0.0,,VERB: 1.00,True,54,0,4.007333185232471
.,.,PUNCT,PUNCT,,,,,True,3283,0,8.096817470572319
İffet,İffet,PROPN,PROPN,,,,,False,0,0,0.0
gel,gelmişti,VERB,VERB,1.0,0.0,,VERB: 1.00,True,166,0,5.117993812416755
.,.,PUNCT,PUNCT,,,,,True,3283,0,8.096817470572319
o,O,PRON,PRON,0.5961784524857141,1.6538184960634559,ADV,"PRON: 0.60, ADV: 0.24, CCONJ: 0.07, PROPN: 0.05",True,264,0,5.579729825986222
da,da,CCONJ,CCONJ,0.13730810580889885,1.6721173968196932,AUX,"AUX: 0.44, ADP: 0.38, CCONJ: 0.14",True,275,0,5.62040086571715
Kemal,Kemal'in,PROPN,PROPN,0.33999534538282933,1.5387114823306152,PRON,"PRON: 0.52, PROPN: 0.34, NOUN: 0.09",True,22,0,3.1354942159291497
karşı,karşısında,ADJ,ADJ,0.4651418561178153,0.9964911451889301,NOUN,"NOUN: 0.53, ADJ: 0.47",True,15,0,2.772588722239781
otur,oturuyordu,VERB,VERB,1.0,0.0,,VERB: 1.00,True,54,0,4.007333185232471
.,.,PUNCT,PUNCT,,,,,True,3283,0,8.096817470572319
konuş,Konuşmuyor,VERB,VERB,1.0,0.0,,VERB: 1.00,True,61,0,4.127134385045092
",",",",PUNCT,PUNCT,,,,,True,2285,0,7.734558844354756
öyle,öyle,ADJ,ADJ,,,,,True,9,0,2.302585092994046
ce,ce,ADP,ADP,,,,,True,32,0,3.4965075614664802
birbiri,birbirlerine,PRON,PRON,0.6383125076461561,1.5385441389140795,ADV,"PRON: 0.64, ADV: 0.21, PROPN: 0.07, NOUN: 0.05",True,20,0,3.044522437723423
bak,bakıyorlardı,VERB,VERB,1.0,0.0,,VERB: 1.00,True,85,0,4.454347296253507
.,.,PUNCT,PUNCT,,,,,True,3283,0,8.096817470572319
çevre,Çevre,NOUN,NOUN,,,,,True,4,0,1.6094379124341003
masa,masalarda,NOUN,NOUN,0.31818580128896556,1.323079485206322,PRON,"PRON: 0.58, NOUN: 0.32, ADJ: 0.10",True,17,0,2.8903717578961645
daha,daha,ADV,ADV,0.16216742905437215,2.279909832774521,PRON,"PRON: 0.30, CCONJ: 0.27, PROPN: 0.19, ADV: 0.16",True,127,0,4.852030263919617
önce,önce,ADV,ADV,0.27453839774370165,1.600366977632288,PRON,"PRON: 0.56, ADV: 0.27, PROPN: 0.12",True,27,0,3.332204510175204
gör,görmediğim,VERB,VERB,1.0,0.0,,VERB: 1.00,True,81,0,4.406719247264253
bir,bir,NUM,NUM,0.3916735022215744,1.8552050660223744,DET,"DET: 0.40, NUM: 0.39, ADJ: 0.09, PROPN: 0.06, NOUN: 0.06",True,170,0,5.14166355650266
-,-,PUNCT,PUNCT,,,,,True,74,0,4.31748811353631
iki,iki,NUM,NUM,0.27698505514822225,1.5675874170394526,DET,"DET: 0.55, NUM: 0.28, ADJ: 0.13",True,83,0,4.430816798843313
kadın,kadın,ADJ,ADJ,0.22426573119393564,0.7678804621873997,NOUN,"NOUN: 0.78, ADJ: 0.22",True,40,0,3.713572066704308
göz,gözüme,NOUN,NOUN,0.48581680668839844,1.5108829755725355,PROPN,"NOUN: 0.49, PROPN: 0.28, ADJ: 0.24",True,49,0,3.912023005428146
iliş,ilişti,VERB,VERB,,,,,True,2,0,1.0986122886681098
.,.,PUNCT,PUNCT,,,,,True,3283,0,8.096817470572319
geçen,Geçen,ADJ,ADJ,,,,,True,5,0,1.791759469228055
gece,gece,NOUN,NOUN,0.19864455081399557,0.9246613571687522,PRON,"PRON: 0.77, NOUN: 0.20",True,37,0,3.6375861597263857
ki,ki,ADP,ADP,0.352272282719127,2.181690690995641,AUX,"ADP: 0.35, AUX: 0.28, CCONJ: 0.23, NUM: 0.08",True,217,0,5.384495062789089
masa,masama,NOUN,NOUN,0.31818580128896556,1.323079485206322,PRON,"PRON: 0.58, NOUN: 0.32, ADJ: 0.10",True,17,0,2.8903717578961645
otur,oturdum,VERB,VERB,1.0,0.0,,VERB: 1.00,True,54,0,4.007333185232471
.,.,PUNCT,PUNCT,,,,,True,3283,0,8.096817470572319
bu,Bu,DET,DET,0.6017857940157323,1.5300103231456785,NUM,"DET: 0.60, NUM: 0.20, ADJ: 0.15",True,350,0,5.860786223465865
gece,gece,NOUN,NOUN,0.19864455081399557,0.9246613571687522,PRON,"PRON: 0.77, NOUN: 0.20",True,37,0,3.6375861597263857
geç,geç,ADV,ADV,,,,,True,3,0,1.3862943611198906
kal,kaldınız,VERB,VERB,1.0,0.0,,VERB: 1.00,True,77,0,4.356708826689592
",",",",PUNCT,PUNCT,,,,,True,2285,0,7.734558844354756
de,dedi,VERB,VERB,0.7089626585740004,0.8700574815901702,CCONJ,"VERB: 0.71, CCONJ: 0.29",True,295,0,5.69035945432406
adam,adam,NOUN,NOUN,0.48168004535673414,1.5142431721146627,PROPN,"NOUN: 0.48, PROPN: 0.28, ADJ: 0.24",True,41,0,3.7376696182833684
.,.,PUNCT,PUNCT,,,,,True,3283,0,8.096817470572319
dışarı,Dışarıda,NOUN,NOUN,,,,,True,7,0,2.0794415416798357
biri,birisi,PRON,PRON,0.5133797510665434,1.4806435961268336,ADJ,"PRON: 0.51, ADJ: 0.27, NOUN: 0.21",True,41,0,3.7376696182833684
ile,ile,ADP,ADP,0.3337755659323291,2.1372220360744323,AUX,"ADP: 0.33, AUX: 0.32, CCONJ: 0.24",True,11,0,2.4849066497880004
konuş,konuşuyordum,VERB,VERB,1.0,0.0,,VERB: 1.00,True,61,0,4.127134385045092
.,.,PUNCT,PUNCT,,,,,True,3283,0,8.096817470572319
Mahmut,Mahmut,PROPN,PROPN,,,,,False,0,0,0.0
ve,ve,CCONJ,CCONJ,0.23925769350174309,2.411623002364367,NUM,"NUM: 0.34, CCONJ: 0.24, ADJ: 0.14, DET: 0.11, PRON: 0.09, PROPN: 0.06",True,359,0,5.886104031450156
yeni,yeni,ADJ,ADJ,0.22068888520563854,1.3431848495027867,DET,"DET: 0.61, ADJ: 0.22, CCONJ: 0.17",True,50,0,3.9318256327243257
aşık,aşık,ADJ,ADJ,,,,,True,5,0,1.791759469228055
ol,olduğu,VERB,VERB,1.0,0.0,,VERB: 1.00,True,603,0,6.403574197934815
kadın,kadın,ADJ,ADJ,0.22426573119393564,0.7678804621873997,NOUN,"NOUN: 0.78, ADJ: 0.22",True,40,0,3.713572066704308
",",",",PUNCT,PUNCT,,,,,True,2285,0,7.734558844354756
de,dedi,VERB,VERB,0.7089626585740004,0.8700574815901702,CCONJ,"VERB: 0.71, CCONJ: 0.29",True,295,0,5.69035945432406
;,;,PUNCT,PUNCT,,,,,True,84,0,4.442651256490317
Mahmut,Mahmut'un,PROPN,PROPN,,,,,False,0,0,0.0
otur,oturduğu,VERB,VERB,1.0,0.0,,VERB: 1.00,True,54,0,4.007333185232471
masa,masayı,NOUN,NOUN,0.31818580128896556,1.323079485206322,PRON,"PRON: 0.58, NOUN: 0.32, ADJ: 0.10",True,17,0,2.8903717578961645
göster,gösterdi,VERB,VERB,1.0,0.0,,VERB: 1.00,True,36,0,3.6109179126442243
ben,bana,PRON,PRON,0.614767428544865,1.6599914502896118,ADV,"PRON: 0.61, ADV: 0.21, CCONJ: 0.08, PROPN: 0.06",True,310,0,5.739792912179234
.,.,PUNCT,PUNCT,,,,,True,3283,0,8.096817470572319
çok,Çok,ADV,ADV,0.33203987735528007,1.3405495937378578,PRON,"PRON: 0.59, ADV: 0.33, ADJ: 0.05",True,97,0,4.584967478670572
sık,sık,ADV,ADV,0.2755732661940341,1.9932360752233702,ADJ,"ADJ: 0.35, ADV: 0.28, PROPN: 0.24, ADP: 0.13",True,12,0,2.5649493574615367
mi,mı,AUX,AUX,0.49179730733219285,1.8739792138931677,CCONJ,"AUX: 0.49, CCONJ: 0.24, ADP: 0.18, ADV: 0.05",True,112,0,4.727387818712341
aşık,aşık,ADJ,ADJ,,,,,True,5,0,1.791759469228055
ol,olur,VERB,VERB,1.0,0.0,,VERB: 1.00,True,603,0,6.403574197934815
Mahmut,Mahmut,PROPN,PROPN,,,,,False,0,0,0.0
?,?,PUNCT,PUNCT,,,,,True,125,0,4.836281906951478
diye,diye,ADP,ADP,0.26515728248607623,2.352927457262911,AUX,"AUX: 0.34, ADP: 0.27, PRON: 0.15, CCONJ: 0.13",True,107,0,4.68213122712422
sor,sordum,VERB,VERB,1.0,0.0,,VERB: 1.00,True,49,0,3.912023005428146
.,.,PUNCT,PUNCT,,,,,True,3283,0,8.096817470572319
adam,Adam,NOUN,NOUN,0.48168004535673414,1.5142431721146627,PROPN,"NOUN: 0.48, PROPN: 0.28, ADJ: 0.24",True,41,0,3.7376696182833684
baş,başını,NOUN,NOUN,0.1890902731140519,1.8430796248904169,PRON,"PRON: 0.46, ADJ: 0.21, NOUN: 0.19, PROPN: 0.15",True,54,0,4.007333185232471
salla,salladı,VERB,VERB,,,,,True,4,0,1.6094379124341003
.,.,PUNCT,PUNCT,,,,,True,3283,0,8.096817470572319
yıl,yıllar,NOUN,NOUN,0.29569595997941395,1.4054086954468807,PRON,"PRON: 0.55, NOUN: 0.30, ADJ: 0.15",True,68,0,4.23410650459726
dir,dır,ADP,ADP,,,,,True,4,0,1.6094379124341003
kara,kara,ADJ,ADJ,,,,,True,7,0,2.0794415416798357
bir,bir,DET,DET,0.49958184875865663,1.6482580173109218,NUM,"DET: 0.50, NUM: 0.30, ADJ: 0.15",True,616,0,6.424869023905388
sevda,sevda,NOUN,NOUN,,,,,False,0,0,0.0
ile,ile,ADP,ADP,0.3337755659323291,2.1372220360744323,AUX,"ADP: 0.33, AUX: 0.32, CCONJ: 0.24",True,11,0,2.4849066497880004
aynı,aynı,ADJ,ADJ,0.11957005345771128,1.4044471997085064,DET,"DET: 0.58, NUM: 0.29, ADJ: 0.12",True,44,0,3.8066624897703196
kız,kızı,ADJ,ADJ,0.08697606722257128,1.2687323826082555,NOUN,"NOUN: 0.60, PROPN: 0.31, ADJ: 0.09",True,72,0,4.290459441148391
sev,sevdi,VERB,VERB,1.0,0.0,,VERB: 1.00,True,44,0,3.8066624897703196
.,.,PUNCT,PUNCT,,,,,True,3283,0,8.096817470572319
göz,Gözü,NOUN,NOUN,0.48581680668839844,1.5108829755725355,PROPN,"NOUN: 0.49, PROPN: 0.28, ADJ: 0.24",True,49,0,3.912023005428146
o,ondan,PRON,PRON,0.5961784524857141,1.6538184960634559,ADV,"PRON: 0.60, ADV: 0.24, CCONJ: 0.07, PROPN: 0.05",True,264,0,5.579729825986222
başka,başkasını,ADJ,ADJ,0.019678146206921186,1.7040643896520111,PRON,"PRON: 0.56, ADV: 0.22, PROPN: 0.14, NOUN: 0.06",True,35,0,3.58351893845611
gör,görmedi,VERB,VERB,1.0,0.0,,VERB: 1.00,True,81,0,4.406719247264253
.,.,PUNCT,PUNCT,,,,,True,3283,0,8.096817470572319
her,Her,DET,DET,0.5393270671644539,1.4044282159240997,NUM,"DET: 0.54, NUM: 0.36, ADJ: 0.09",True,91,0,4.5217885770490405
gece,gece,NOUN,NOUN,0.19864455081399557,0.9246613571687522,PRON,"PRON: 0.77, NOUN: 0.20",True,37,0,3.6375861597263857
gel,gelirdi,VERB,VERB,1.0,0.0,,VERB: 1.00,True,166,0,5.117993812416755
bura,buraya,NOUN,NOUN,0.05707749199808409,1.3288542344914385,PRON,"PRON: 0.74, ADV: 0.10, PROPN: 0.07, NOUN: 0.06",True,39,0,3.6888794541139363
Mebrure,Mebrure,PROPN,PROPN,,,,,False,0,0,0.0
.,.,PUNCT,PUNCT,,,,,True,3283,0,8.096817470572319
kavuş,Kavuşamayan,VERB,VERB,,,,,True,1,0,0.6931471805599453
sevgili,sevgililer,ADJ,ADJ,0.25860373899170014,1.5658712432471438,NOUN,"NOUN: 0.38, PRON: 0.36, ADJ: 0.26",True,12,0,2.5649493574615367
i,di,AUX,AUX,0.47697018772995686,1.861138213598426,ADP,"AUX: 0.48, ADP: 0.26, CCONJ: 0.18, PROPN: 0.06",True,546,0,6.304448802421981
bu,bunlar,PRON,PRON,0.7006788109102466,1.3923524752663319,ADV,"PRON: 0.70, ADV: 0.14, CCONJ: 0.09, NOUN: 0.05",True,171,0,5.147494476813453
",",",",PUNCT,PUNCT,,,,,True,2285,0,7.734558844354756
anla,anlarsınız,VERB,VERB,1.0,0.0,,VERB: 1.00,True,44,0,3.8066624897703196
ya,ya,CCONJ,CCONJ,0.14638418649042423,2.502374351780982,AUX,"AUX: 0.40, PRON: 0.15, CCONJ: 0.15, PROPN: 0.10, ADV: 0.08, ADP: 0.05",True,66,0,4.204692619390966
...,...,PUNCT,PUNCT,,,,,True,91,0,4.5217885770490405
kara,Kara,ADJ,ADJ,,,,,True,7,0,2.0794415416798357
sevda,sevda,NOUN,NOUN,,,,,False,0,0,0.0
...,...,PUNCT,PUNCT,,,,,True,91,0,4.5217885770490405
birdenbire,Birdenbire,ADV,ADV,,,,,True,2,0,1.0986122886681098
",",",",PUNCT,PUNCT,,,,,True,2285,0,7.734558844354756
on,on,NUM,NUM,0.6219187351173523,1.783965877110234,PROPN,"NUM: 0.62, PROPN: 0.10, DET: 0.10, ADJ: 0.08, CCONJ: 0.07",True,21,0,3.091042453358316
beş,beş,NUM,NUM,0.5130197036369758,1.6874725574389133,DET,"NUM: 0.51, DET: 0.31, ADJ: 0.11, PROPN: 0.05",True,20,0,3.044522437723423
gün,gün,NOUN,NOUN,0.7766440096348868,0.7662482696838814,ADJ,"NOUN: 0.78, ADJ: 0.22",True,91,0,4.5217885770490405
önce,önce,ADP,ADP,0.5161242363988484,1.7862775296674653,CCONJ,"ADP: 0.52, CCONJ: 0.30, NUM: 0.10",True,41,0,3.7376696182833684
Mahmut,Mahmut,PROPN,PROPN,,,,,False,0,0,0.0
bu,bu,DET,DET,0.6017857940157323,1.5300103231456785,NUM,"DET: 0.60, NUM: 0.20, ADJ: 0.15",True,350,0,5.860786223465865
kadın,kadına,ADJ,ADJ,0.22426573119393564,0.7678804621873997,NOUN,"NOUN: 0.78, ADJ: 0.22",True,40,0,3.713572066704308
rastla,rastladı,VERB,VERB,,,,,True,4,0,1.6094379124341003
ve,ve,CCONJ,CCONJ,0.23925769350174309,2.411623002364367,NUM,"NUM: 0.34, CCONJ: 0.24, ADJ: 0.14, DET: 0.11, PRON: 0.09, PROPN: 0.06",True,359,0,5.886104031450156
her,her,DET,DET,0.5393270671644539,1.4044282159240997,NUM,"DET: 0.54, NUM: 0.36, ADJ: 0.09",True,91,0,4.5217885770490405
şey,şey,NOUN,NOUN,0.7797490937613291,0.7606253858126094,ADJ,"NOUN: 0.78, ADJ: 0.22",True,102,0,4.634728988229636
değiş,değişti,VERB,VERB,1.0,0.0,,VERB: 1.00,True,26,0,3.295836866004329
.,.,PUNCT,PUNCT,,,,,True,3283,0,8.096817470572319
dul,Dul,ADJ,ADJ,,,,,False,0,0,0.0
bir,bir,DET,DET,0.49958184875865663,1.6482580173109218,NUM,"DET: 0.50, NUM: 0.30, ADJ: 0.15",True,616,0,6.424869023905388
hemşire,hemşire,NOUN,NOUN,,,,,True,1,0,0.6931471805599453
.,.,PUNCT,PUNCT,,,,,True,3283,0,8.096817470572319
Bartın,Bartın'a,PROPN,PROPN,,,,,False,0,0,0.0
yeni,yeni,ADJ,ADJ,0.22068888520563854,1.3431848495027867,DET,"DET: 0.61, ADJ: 0.22, CCONJ: 0.17",True,50,0,3.9318256327243257
tayin,tayin,NOUN,NOUN,,,,,True,1,0,0.6931471805599453
ol,oldu,VERB,VERB,1.0,0.0,,VERB: 1.00,True,603,0,6.403574197934815
.,.,PUNCT,PUNCT,,,,,True,3283,0,8.096817470572319
bak,Baksanıza,VERB,VERB,1.0,0.0,,VERB: 1.00,True,85,0,4.454347296253507
hoş,hoş,ADJ,ADJ,,,,,True,1,0,0.6931471805599453
kadın,kadın,ADJ,ADJ,0.22426573119393564,0.7678804621873997,NOUN,"NOUN: 0.78, ADJ: 0.22",True,40,0,3.713572066704308
",",",",PUNCT,PUNCT,,,,,True,2285,0,7.734558844354756
şık,şık,ADJ,ADJ,,,,,True,5,0,1.791759469228055
kadın,kadın,ADJ,ADJ,0.22426573119393564,0.7678804621873997,NOUN,"NOUN: 0.78, ADJ: 0.22",True,40,0,3.713572066704308
.,.,PUNCT,PUNCT,,,,,True,3283,0,8.096817470572319
canlı,Canlı,ADJ,ADJ,0.1897325570059489,1.3093193071232574,PRON,"PRON: 0.64, ADJ: 0.19, NOUN: 0.17",True,13,0,2.6390573296152584
",",",",PUNCT,PUNCT,,,,,True,2285,0,7.734558844354756
hareketli,hareketli,ADJ,ADJ,,,,,False,0,0,0.0
.,.,PUNCT,PUNCT,,,,,True,3283,0,8.096817470572319
Mahmut,Mahmut'un,PROPN,PROPN,,,,,False,0,0,0.0
akıl,aklını,NOUN,NOUN,0.5386672765526301,0.9956815746298321,ADJ,"NOUN: 0.54, ADJ: 0.46",True,31,0,3.4657359027997265
baş,başından,NOUN,NOUN,0.1890902731140519,1.8430796248904169,PRON,"PRON: 0.46, ADJ: 0.21, NOUN: 0.19, PROPN: 0.15",True,54,0,4.007333185232471
al,alıverdi,VERB,VERB,1.0,0.0,,VERB: 1.00,True,169,0,5.135798437050262
.,.,PUNCT,PUNCT,,,,,True,3283,0,8.096817470572319
şimdi,Şimdi,ADV,ADV,0.22752642581986968,1.694646457999899,PRON,"PRON: 0.56, ADV: 0.23, CCONJ: 0.14, PROPN: 0.05",True,36,0,3.6109179126442243
her,her,DET,DET,0.5393270671644539,1.4044282159240997,NUM,"DET: 0.54, NUM: 0.36, ADJ: 0.09",True,91,0,4.5217885770490405
gece,gece,NOUN,NOUN,0.19864455081399557,0.9246613571687522,PRON,"PRON: 0.77, NOUN: 0.20",True,37,0,3.6375861597263857
o,o,PRON,PRON,0.5961784524857141,1.6538184960634559,ADV,"PRON: 0.60, ADV: 0.24, CCONJ: 0.07, PROPN: 0.05",True,264,0,5.579729825986222
gel,geliyor,VERB,VERB,1.0,0.0,,VERB: 1.00,True,166,0,5.117993812416755
artık,artık,ADV,ADV,0.0895164476303238,2.0263396610671656,PRON,"PRON: 0.47, CCONJ: 0.25, PROPN: 0.12, ADV: 0.09",True,30,0,3.4339872044851463
bura,buraya,NOUN,NOUN,0.05707749199808409,1.3288542344914385,PRON,"PRON: 0.74, ADV: 0.10, PROPN: 0.07, NOUN: 0.06",True,39,0,3.6888794541139363
.,.,PUNCT,PUNCT,,,,,True,3283,0,8.096817470572319
bir,Bir,DET,DET,0.49958184875865663,1.6482580173109218,NUM,"DET: 0.50, NUM: 0.30, ADJ: 0.15",True,616,0,6.424869023905388
ilişki,ilişki,NOUN,NOUN,0.6341712050128674,1.193890856830851,ADJ,"NOUN: 0.63, ADJ: 0.30, VERB: 0.06",True,14,0,2.70805020110221
yepyeni,yepyeni,ADJ,ADJ,,,,,False,0,0,0.0
i,yken,AUX,AUX,0.47697018772995686,1.861138213598426,ADP,"AUX: 0.48, ADP: 0.26, CCONJ: 0.18, PROPN: 0.06",True,546,0,6.304448802421981
nasıl,nasıl,ADJ,ADJ,,,,,True,1,0,0.6931471805599453
i,dır,AUX,AUX,0.47697018772995686,1.861138213598426,ADP,"AUX: 0.48, ADP: 0.26, CCONJ: 0.18, PROPN: 0.06",True,546,0,6.304448802421981
",",",",PUNCT,PUNCT,,,,,True,2285,0,7.734558844354756
bil,bilirsiniz,VERB,VERB,0.6930942464089043,1.0036086273143747,CCONJ,"VERB: 0.69, CCONJ: 0.28",True,101,0,4.624972813284271
...,...,PUNCT,PUNCT,,,,,True,91,0,4.5217885770490405
de,dedi,VERB,VERB,0.7089626585740004,0.8700574815901702,CCONJ,"VERB: 0.71, CCONJ: 0.29",True,295,0,5.69035945432406
.,.,PUNCT,PUNCT,,,,,True,3283,0,8.096817470572319
bir,Bir,DET,DET,0.49958184875865663,1.6482580173109218,NUM,"DET: 0.50, NUM: 0.30, ADJ: 0.15",True,616,0,6.424869023905388
an,an,NOUN,NOUN,0.7767539182231282,0.7660506138585593,ADJ,"NOUN: 0.78, ADJ: 0.22",True,32,0,3.4965075614664802
fersiz,fersiz,ADJ,ADJ,,,,,False,0,0,0.0
göz,gözleri,NOUN,NOUN,0.48581680668839844,1.5108829755725355,PROPN,"NOUN: 0.49, PROPN: 0.28, ADJ: 0.24",True,49,0,3.912023005428146
parla,parladı,VERB,VERB,,,,,True,1,0,0.6931471805599453
.,.,PUNCT,PUNCT,,,,,True,3283,0,8.096817470572319
eski,Eski,ADJ,ADJ,0.12356482321186857,1.5251739549622578,DET,"DET: 0.67, ADJ: 0.12, NUM: 0.11, CCONJ: 0.08",True,21,0,3.091042453358316
sevgili,sevgilisi,ADJ,ADJ,0.25860373899170014,1.5658712432471438,NOUN,"NOUN: 0.38, PRON: 0.36, ADJ: 0.26",True,12,0,2.5649493574615367
kapı,kapının,NOUN,NOUN,0.29229919585074965,1.974713495304894,PRON,"PRON: 0.30, NOUN: 0.29, ADJ: 0.21, PROPN: 0.19",True,22,0,3.1354942159291497
dış,dışında,ADJ,ADJ,0.45413399165948337,1.2599142994957258,NOUN,"NOUN: 0.49, ADJ: 0.45, VERB: 0.06",True,12,0,2.5649493574615367
bekle,bekliyor,VERB,VERB,0.7047743026417859,0.8753762910019542,CCONJ,"VERB: 0.70, CCONJ: 0.30",True,27,0,3.332204510175204
.,.,PUNCT,PUNCT,,,,,True,3283,0,8.096817470572319
acı,Acı,ADJ,ADJ,0.3103537033349995,0.8935813262787496,NOUN,"NOUN: 0.69, ADJ: 0.31",True,15,0,2.772588722239781
iç,içinde,ADJ,ADJ,0.5266476463656918,0.9979501219428724,NOUN,"ADJ: 0.53, NOUN: 0.47",True,71,0,4.276666119016055
",",",",PUNCT,PUNCT,,,,,True,2285,0,7.734558844354756
çaresiz,çaresiz,ADJ,ADJ,,,,,False,0,0,0.0
.,.,PUNCT,PUNCT,,,,,True,3283,0,8.096817470572319
gir,Giremiyor,VERB,VERB,1.0,0.0,,VERB: 1.00,True,63,0,4.1588830833596715
içeri,içeriye,NOUN,NOUN,0.4367572947609049,1.5503596805696764,ADJ,"NOUN: 0.44, ADJ: 0.30, PROPN: 0.27",True,12,0,2.5649493574615367
.,.,PUNCT,PUNCT,,,,,True,3283,0,8.096817470572319
gir,Giremiyor,VERB,VERB,1.0,0.0,,VERB: 1.00,True,63,0,4.1588830833596715
içeri,içeriye,NOUN,NOUN,0.4367572947609049,1.5503596805696764,ADJ,"NOUN: 0.44, ADJ: 0.30, PROPN: 0.27",True,12,0,2.5649493574615367
.,.,PUNCT,PUNCT,,,,,True,3283,0,8.096817470572319
az,Az,ADV,ADV,,,,,True,8,0,2.1972245773362196
önce,önce,ADV,ADV,0.27453839774370165,1.600366977632288,PRON,"PRON: 0.56, ADV: 0.27, PROPN: 0.12",True,27,0,3.332204510175204
o,onunla,PRON,PRON,0.5961784524857141,1.6538184960634559,ADV,"PRON: 0.60, ADV: 0.24, CCONJ: 0.07, PROPN: 0.05",True,264,0,5.579729825986222
konuş,konuşuyordum,VERB,VERB,1.0,0.0,,VERB: 1.00,True,61,0,4.127134385045092
",",",",PUNCT,PUNCT,,,,,True,2285,0,7.734558844354756
de,dedim,VERB,VERB,0.7089626585740004,0.8700574815901702,CCONJ,"VERB: 0.71, CCONJ: 0.29",True,295,0,5.69035945432406
.,.,PUNCT,PUNCT,,,,,True,3283,0,8.096817470572319
zavallı,Zavallı,ADJ,ADJ,,,,,True,1,0,0.6931471805599453
Mebrure,Mebrure,PROPN,PROPN,,,,,False,0,0,0.0
",",",",PUNCT,PUNCT,,,,,True,2285,0,7.734558844354756
de,dedi,VERB,VERB,0.7089626585740004,0.8700574815901702,CCONJ,"VERB: 0.71, CCONJ: 0.29",True,295,0,5.69035945432406
adam,adam,NOUN,NOUN,0.48168004535673414,1.5142431721146627,PROPN,"NOUN: 0.48, PROPN: 0.28, ADJ: 0.24",True,41,0,3.7376696182833684
.,.,PUNCT,PUNCT,,,,,True,3283,0,8.096817470572319
rakı,Rakısından,NOUN,NOUN,0.021914524200959,1.6179094289053584,DET,"DET: 0.61, NUM: 0.20, ADJ: 0.10, CCONJ: 0.07",True,17,0,2.8903717578961645
bir,bir,DET,DET,0.49958184875865663,1.6482580173109218,NUM,"DET: 0.50, NUM: 0.30, ADJ: 0.15",True,616,0,6.424869023905388
yudum,yudum,NOUN,NOUN,,,,,True,4,0,1.6094379124341003
al,aldı,VERB,VERB,1.0,0.0,,VERB: 1.00,True,169,0,5.135798437050262
.,.,PUNCT,PUNCT,,,,,True,3283,0,8.096817470572319
geçmiş,Geçmişte,ADJ,ADJ,,,,,True,9,0,2.302585092994046
kal,kalan,VERB,VERB,1.0,0.0,,VERB: 1.00,True,77,0,4.356708826689592
bir,bir,DET,DET,0.49958184875865663,1.6482580173109218,NUM,"DET: 0.50, NUM: 0.30, ADJ: 0.15",True,616,0,6.424869023905388
gölge,gölge,NOUN,NOUN,,,,,True,1,0,0.6931471805599453
ol,olmaya,VERB,VERB,1.0,0.0,,VERB: 1.00,True,603,0,6.403574197934815
mahkum,mahkum,ADJ,NOUN,,,,,False,0,1,0.0
artık,artık,ADV,ADV,0.0895164476303238,2.0263396610671656,PRON,"PRON: 0.47, CCONJ: 0.25, PROPN: 0.12, ADV: 0.09",True,30,0,3.4339872044851463
.,.,PUNCT,PUNCT,,,,,True,3283,0,8.096817470572319
öyle,Öyle,ADV,ADV,0.13971307685069986,1.047214932529053,PRON,"PRON: 0.78, ADV: 0.14",True,18,0,2.9444389791664403
mi,mi,AUX,AUX,0.49179730733219285,1.8739792138931677,CCONJ,"AUX: 0.49, CCONJ: 0.24, ADP: 0.18, ADV: 0.05",True,112,0,4.727387818712341
de,dersiniz,VERB,VERB,0.7089626585740004,0.8700574815901702,CCONJ,"VERB: 0.71, CCONJ: 0.29",True,295,0,5.69035945432406
.,.,PUNCT,PUNCT,,,,,True,3283,0,8.096817470572319
ben,Bence,PRON,PRON,0.614767428544865,1.6599914502896118,ADV,"PRON: 0.61, ADV: 0.21, CCONJ: 0.08, PROPN: 0.06",True,310,0,5.739792912179234
öyle,öyle,ADV,ADV,0.13971307685069986,1.047214932529053,PRON,"PRON: 0.78, ADV: 0.14",True,18,0,2.9444389791664403
.,.,PUNCT,PUNCT,,,,,True,3283,0,8.096817470572319
bak,Baksanıza,VERB,VERB,1.0,0.0,,VERB: 1.00,True,85,0,4.454347296253507
hal,hallerine,NOUN,NOUN,0.8827204932470027,0.5214900012617804,ADJ,"NOUN: 0.88, ADJ: 0.12",True,40,0,3.713572066704308
...,...,PUNCT,PUNCT,,,,,True,91,0,4.5217885770490405
de,diyerek,VERB,VERB,0.7089626585740004,0.8700574815901702,CCONJ,"VERB: 0.71, CCONJ: 0.29",True,295,0,5.69035945432406
Mahmut,Mahmut'un,PROPN,PROPN,,,,,False,0,0,0.0
masa,masasını,NOUN,NOUN,0.31818580128896556,1.323079485206322,PRON,"PRON: 0.58, NOUN: 0.32, ADJ: 0.10",True,17,0,2.8903717578961645
işaret,işaret,NOUN,NOUN,,,,,True,4,0,1.6094379124341003
et,etti,VERB,VERB,0.021423477839648417,2.0747581498935594,AUX,"AUX: 0.33, ADP: 0.33, CCONJ: 0.23",True,260,0,5.564520407322694
.,.,PUNCT,PUNCT,,,,,True,3283,0,8.096817470572319
Mahmut,Mahmutla,PROPN,PROPN,,,,,False,0,0,0.0
kadın,kadın,ADJ,ADJ,0.22426573119393564,0.7678804621873997,NOUN,"NOUN: 0.78, ADJ: 0.22",True,40,0,3.713572066704308
birbiri,birbirlerine,PRON,PRON,0.6383125076461561,1.5385441389140795,ADV,"PRON: 0.64, ADV: 0.21, PROPN: 0.07, NOUN: 0.05",True,20,0,3.044522437723423
sar,sarılmışlardı,VERB,VERB,,,,,True,8,0,2.1972245773362196
.,.,PUNCT,PUNCT,,,,,True,3283,0,8.096817470572319
Taşhan,Taşhan'ın,PROPN,PROPN,,,,,False,0,0,0.0
loş,loş,ADJ,ADJ,,,,,False,0,0,0.0
ışık,ışığında,NOUN,NOUN,0.1813970724598075,1.01867441004463,PRON,"PRON: 0.75, NOUN: 0.18, ADJ: 0.07",True,12,0,2.5649493574615367
dikkat,dikkatle,NOUN,NOUN,0.6088085136107217,0.9655641535362572,ADJ,"NOUN: 0.61, ADJ: 0.39",True,15,0,2.772588722239781
bak,bakmayınca,VERB,VERB,1.0,0.0,,VERB: 1.00,True,85,0,4.454347296253507
pek,pek,ADV,ADV,,,,,True,8,0,2.1972245773362196
fark,fark,NOUN,NOUN,0.6366314361633321,1.1826654627056212,ADJ,"NOUN: 0.64, ADJ: 0.30, VERB: 0.06",True,16,0,2.833213344056216
et,edilmiyordu,VERB,VERB,0.021423477839648417,2.0747581498935594,AUX,"AUX: 0.33, ADP: 0.33, CCONJ: 0.23",True,260,0,5.564520407322694
bu,bu,PRON,PRON,0.7006788109102466,1.3923524752663319,ADV,"PRON: 0.70, ADV: 0.14, CCONJ: 0.09, NOUN: 0.05",True,171,0,5.147494476813453
.,.,PUNCT,PUNCT,,,,,True,3283,0,8.096817470572319
kadın,Kadının,ADJ,ADJ,0.22426573119393564,0.7678804621873997,NOUN,"NOUN: 0.78, ADJ: 0.22",True,40,0,3.713572066704308
dolgun,dolgun,ADJ,ADJ,,,,,False,0,0,0.0
beyaz,beyaz,ADJ,ADJ,0.08771521443795713,1.4066009842302882,DET,"DET: 0.63, NUM: 0.24, ADJ: 0.09",True,20,0,3.044522437723423
göğüs,göğüsleri,NOUN,NOUN,,,,,True,4,0,1.6094379124341003
siyah,siyah,ADJ,ADJ,,,,,True,4,0,1.6094379124341003
ipek,ipek,ADJ,NOUN,,,,,False,0,1,0.0
li,li,ADP,ADP,0.2797323618856777,2.3836488217196035,AUX,"AUX: 0.30, ADP: 0.28, CCONJ: 0.23, NUM: 0.08",True,182,0,5.209486152841421
bluz,bluzundan,NOUN,NOUN,,,,,False,0,0,0.0
dışarı,dışarı,NOUN,NOUN,,,,,True,7,0,2.0794415416798357
taş,taşıyordu,VERB,VERB,,,,,False,0,0,0.0
.,.,PUNCT,PUNCT,,,,,True,3283,0,8.096817470572319
sutyen,Sutyeninin,NOUN,NOUN,,,,,False,0,0,0.0
siyah,siyah,ADJ,ADJ,,,,,True,4,0,1.6094379124341003
askı,askısını,NOUN,NOUN,,,,,False,0,0,0.0
gör,gördüm,VERB,VERB,1.0,0.0,,VERB: 1.00,True,81,0,4.406719247264253
.,.,PUNCT,PUNCT,,,,,True,3283,0,8.096817470572319
tombul,Tombul,ADJ,ADJ,,,,,False,0,0,0.0
diz,dizleri,NOUN,NOUN,,,,,True,3,0,1.3862943611198906
",",",",PUNCT,PUNCT,,,,,True,2285,0,7.734558844354756
masa,masanın,NOUN,NOUN,0.31818580128896556,1.323079485206322,PRON,"PRON: 0.58, NOUN: 0.32, ADJ: 0.10",True,17,0,2.8903717578961645
alt,altından,ADJ,ADJ,0.5754490403850242,1.2043036029571808,NOUN,"ADJ: 0.58, NOUN: 0.37",True,18,0,2.9444389791664403
Mahmut,Mahmut'un,PROPN,PROPN,,,,,False,0,0,0.0
diz,dizlerine,NOUN,NOUN,,,,,True,3,0,1.3862943611198906
yapış,yapışmıştı,VERB,VERB,,,,,True,2,0,1.0986122886681098
.,.,PUNCT,PUNCT,,,,,True,3283,0,8.096817470572319
cinsel,Cinsel,ADJ,ADJ,,,,,True,1,0,0.6931471805599453
çekim,çekim,NOUN,NOUN,,,,,True,1,0,0.6931471805599453
...,...,PUNCT,PUNCT,,,,,True,91,0,4.5217885770490405
diye,diye,ADP,ADP,0.26515728248607623,2.352927457262911,AUX,"AUX: 0.34, ADP: 0.27, PRON: 0.15, CCONJ: 0.13",True,107,0,4.68213122712422
mırıldan,mırıldandı,VERB,VERB,,,,,True,3,0,1.3862943611198906
adam,adam,NOUN,NOUN,0.48168004535673414,1.5142431721146627,PROPN,"NOUN: 0.48, PROPN: 0.28, ADJ: 0.24",True,41,0,3.7376696182833684
.,.,PUNCT,PUNCT,,,,,True,3283,0,8.096817470572319
her,Her,DET,DET,0.5393270671644539,1.4044282159240997,NUM,"DET: 0.54, NUM: 0.36, ADJ: 0.09",True,91,0,4.5217885770490405
şey,şey,NOUN,NOUN,0.7797490937613291,0.7606253858126094,ADJ,"NOUN: 0.78, ADJ: 0.22",True,102,0,4.634728988229636
o,onunla,PRON,PRON,0.5961784524857141,1.6538184960634559,ADV,"PRON: 0.60, ADV: 0.24, CCONJ: 0.07, PROPN: 0.05",True,264,0,5.579729825986222
başla,başlar,VERB,VERB,0.7003594242233127,0.880851097931121,CCONJ,"VERB: 0.70, CCONJ: 0.30",True,83,0,4.430816798843313
.,.,PUNCT,PUNCT,,,,,True,3283,0,8.096817470572319
bir,Bir,DET,DET,0.49958184875865663,1.6482580173109218,NUM,"DET: 0.50, NUM: 0.30, ADJ: 0.15",True,616,0,6.424869023905388
anlık,anlık,NOUN,NOUN,,,,,False,0,0,0.0
bir,bir,DET,DET,0.49958184875865663,1.6482580173109218,NUM,"DET: 0.50, NUM: 0.30, ADJ: 0.15",True,616,0,6.424869023905388
şey,şey,NOUN,NOUN,0.7797490937613291,0.7606253858126094,ADJ,"NOUN: 0.78, ADJ: 0.22",True,102,0,4.634728988229636
i,dir,AUX,AUX,0.47697018772995686,1.861138213598426,ADP,"AUX: 0.48, ADP: 0.26, CCONJ: 0.18, PROPN: 0.06",True,546,0,6.304448802421981
.,.,PUNCT,PUNCT,,,,,True,3283,0,8.096817470572319
elektrik,Elektrik,NOUN,NOUN,,,,,True,5,0,1.791759469228055
akım,akımı,NOUN,NOUN,,,,,True,2,0,1.0986122886681098
gibi,gibi,ADP,ADP,0.36045769630430313,1.8400611893764562,AUX,"ADP: 0.36, AUX: 0.30, CCONJ: 0.28",True,145,0,4.983606621708336
.,.,PUNCT,PUNCT,,,,,True,3283,0,8.096817470572319
o,Onu,PRON,PRON,0.5961784524857141,1.6538184960634559,ADV,"PRON: 0.60, ADV: 0.24, CCONJ: 0.07, PROPN: 0.05",True,264,0,5.579729825986222
bir,bir,ADV,ADV,0.23299744110966192,1.0714237035875651,PRON,"PRON: 0.72, ADV: 0.23",True,28,0,3.367295829986474
yakala,yakalayınca,VERB,VERB,,,,,True,4,0,1.6094379124341003
her,her,DET,DET,0.5393270671644539,1.4044282159240997,NUM,"DET: 0.54, NUM: 0.36, ADJ: 0.09",True,91,0,4.5217885770490405
şey,şey,NOUN,NOUN,0.7797490937613291,0.7606253858126094,ADJ,"NOUN: 0.78, ADJ: 0.22",True,102,0,4.634728988229636
birden,birden,ADV,ADV,,,,,True,8,0,2.1972245773362196
tutuş,tutuşur,VERB,VERB,,,,,True,2,0,1.0986122886681098
",",",",PUNCT,PUNCT,,,,,True,2285,0,7.734558844354756
ateş,ateş,NOUN,ADV,,,,,True,3,1,1.3862943611198906
gibi,gibi,ADP,ADP,0.36045769630430313,1.8400611893764562,AUX,"ADP: 0.36, AUX: 0.30, CCONJ: 0.28",True,145,0,4.983606621708336
yak,yakar,VERB,VERB,,,,,True,5,0,1.791759469228055
.,.,PUNCT,PUNCT,,,,,True,3283,0,8.096817470572319
kurtul,Kurtulamazsın,VERB,VERB,,,,,True,10,0,2.3978952727983707
.,.,PUNCT,PUNCT,,,,,True,3283,0,8.096817470572319
bazen,Bazen,ADV,ADV,,,,,True,5,0,1.791759469228055
çabuk,çabuk,ADV,ADV,,,,,True,1,0,0.6931471805599453
sön,söner,VERB,VERB,,,,,True,1,0,0.6931471805599453
böyle,böyle,ADJ,ADJ,0.33359418636527444,2.2587802637612433,CCONJ,"ADJ: 0.33, CCONJ: 0.27, DET: 0.19, PROPN: 0.10, ADV: 0.07",True,15,0,2.772588722239781
şey,şeyler,NOUN,NOUN,0.7797490937613291,0.7606253858126094,ADJ,"NOUN: 0.78, ADJ: 0.22",True,102,0,4.634728988229636
",",",",PUNCT,PUNCT,,,,,True,2285,0,7.734558844354756
de,dedim,VERB,VERB,0.7089626585740004,0.8700574815901702,CCONJ,"VERB: 0.71, CCONJ: 0.29",True,295,0,5.69035945432406
.,.,PUNCT,PUNCT,,,,,True,3283,0,8.096817470572319
kimbilir,Kimbilir,ADJ,ADJ,,,,,True,2,0,1.0986122886681098
...,...,PUNCT,PUNCT,,,,,True,91,0,4.5217885770490405
de,dedi,VERB,VERB,0.7089626585740004,0.8700574815901702,CCONJ,"VERB: 0.71, CCONJ: 0.29",True,295,0,5.69035945432406
adam,adam,NOUN,NOUN,0.48168004535673414,1.5142431721146627,PROPN,"NOUN: 0.48, PROPN: 0.28, ADJ: 0.24",True,41,0,3.7376696182833684
.,.,PUNCT,PUNCT,,,,,True,3283,0,8.096817470572319
kadın,Kadının,ADJ,ADJ,0.22426573119393564,0.7678804621873997,NOUN,"NOUN: 0.78, ADJ: 0.22",True,40,0,3.713572066704308
ad,adı,NOUN,NOUN,0.6851128249231325,0.8987345457100178,ADJ,"NOUN: 0.69, ADJ: 0.31",True,27,0,3.332204510175204
ne,?,PRON,PRON,0.657373909218341,1.5595369645973152,PROPN,"PRON: 0.66, PROPN: 0.14, ADV: 0.11, NOUN: 0.06",True,98,0,4.59511985013459
i,eymiş,AUX,AUX,0.47697018772995686,1.861138213598426,ADP,"AUX: 0.48, ADP: 0.26, CCONJ: 0.18, PROPN: 0.06",True,546,0,6.304448802421981
.,.,PUNCT,PUNCT,,,,,True,3283,0,8.096817470572319
çok,Çok,ADV,ADV,0.33203987735528007,1.3405495937378578,PRON,"PRON: 0.59, ADV: 0.33, ADJ: 0.05",True,97,0,4.584967478670572
dalgı,dalgın,NOUN,NOUN,,,,,False,0,0,0.0
i,sın,AUX,AUX,0.47697018772995686,1.861138213598426,ADP,"AUX: 0.48, ADP: 0.26, CCONJ: 0.18, PROPN: 0.06",True,546,0,6.304448802421981
bugün,bugün,NOUN,NOUN,0.022136295336893458,1.2503911124781508,PRON,"PRON: 0.66, ADV: 0.27, PROPN: 0.05",True,27,0,3.332204510175204
sen,sen,PRON,PRON,0.5975153654339292,1.4960517331359373,ADV,"PRON: 0.60, ADV: 0.28, PROPN: 0.06",True,96,0,4.574710978503383
",",",",PUNCT,PUNCT,,,,,True,2285,0,7.734558844354756
de,dedi,VERB,VERB,0.7089626585740004,0.8700574815901702,CCONJ,"VERB: 0.71, CCONJ: 0.29",True,295,0,5.69035945432406
Gül,Gül,PROPN,PROPN,,,,,True,6,0,1.9459101490553132
abla,Abla,NOUN,NOUN,0.14243724711678044,1.7662347685743496,NUM,"NUM: 0.44, PROPN: 0.33, NOUN: 0.14, ADJ: 0.09",True,11,0,2.4849066497880004
.,.,PUNCT,PUNCT,,,,,True,3283,0,8.096817470572319
casino,Casino,NOUN,NOUN,,,,,False,0,0,0.0
Venüs,Venüs'te,PROPN,PROPN,,,,,False,0,0,0.0
i,ydin,AUX,AUX,0.47697018772995686,1.861138213598426,ADP,"AUX: 0.48, ADP: 0.26, CCONJ: 0.18, PROPN: 0.06",True,546,0,6.304448802421981
",",",",PUNCT,PUNCT,,,,,True,2285,0,7.734558844354756
değil,değil,AUX,AUX,0.684685125302444,0.8992136021504445,VERB,"AUX: 0.68, VERB: 0.32",True,72,0,4.290459441148391
mi,mi,AUX,AUX,0.49179730733219285,1.8739792138931677,CCONJ,"AUX: 0.49, CCONJ: 0.24, ADP: 0.18, ADV: 0.05",True,112,0,4.727387818712341
?,?,PUNCT,PUNCT,,,,,True,125,0,4.836281906951478
gene,Gene,ADV,ADV,,,,,True,7,0,2.0794415416798357
git,gittin,VERB,VERB,1.0,0.0,,VERB: 1.00,True,116,0,4.762173934797756
ora,oraya,NOUN,NOUN,0.06614595594686694,1.725004869700506,PRON,"PRON: 0.60, PROPN: 0.15, ADV: 0.12, NOUN: 0.07, ADJ: 0.06",True,29,0,3.4011973816621555
.,.,PUNCT,PUNCT,,,,,True,3283,0,8.096817470572319
git,Gitmeden,VERB,VERB,1.0,0.0,,VERB: 1.00,True,116,0,4.762173934797756
yap,yapamıyorsun,VERB,VERB,1.0,0.0,,VERB: 1.00,True,209,0,5.3471075307174685
.,.,PUNCT,PUNCT,,,,,True,3283,0,8.096817470572319
her,Her,DET,DET,0.5393270671644539,1.4044282159240997,NUM,"DET: 0.54, NUM: 0.36, ADJ: 0.09",True,91,0,4.5217885770490405
neyse,neyse,ADV,ADV,,,,,True,2,0,1.0986122886681098
",",",",PUNCT,PUNCT,,,,,True,2285,0,7.734558844354756
renkli,renkli,ADJ,ADJ,,,,,False,0,0,0.0
bir,bir,DET,DET,0.49958184875865663,1.6482580173109218,NUM,"DET: 0.50, NUM: 0.30, ADJ: 0.15",True,616,0,6.424869023905388
dünya,dünya,NOUN,NOUN,0.6875493916276434,0.895982041192993,ADJ,"NOUN: 0.69, ADJ: 0.31",True,50,0,3.9318256327243257
.,.,PUNCT,PUNCT,,,,,True,3283,0,8.096817470572319
makine,Makineler,NOUN,NOUN,,,,,True,8,0,2.1972245773362196
büyüle,büyülüyor,VERB,VERB,,,,,False,0,0,0.0
sen,seni,PRON,PRON,0.5975153654339292,1.4960517331359373,ADV,"PRON: 0.60, ADV: 0.28, PROPN: 0.06",True,96,0,4.574710978503383
.,.,PUNCT,PUNCT,,,,,True,3283,0,8.096817470572319
evet,Evet,NOUN,NOUN,0.06449692503540634,2.073848469012467,PROPN,"PROPN: 0.46, PRON: 0.23, ADV: 0.11, CCONJ: 0.11, NOUN: 0.06",True,13,0,2.6390573296152584
",",",",PUNCT,PUNCT,,,,,True,2285,0,7.734558844354756
de,dedim,VERB,VERB,0.7089626585740004,0.8700574815901702,CCONJ,"VERB: 0.71, CCONJ: 0.29",True,295,0,5.69035945432406
casino,Casino,NOUN,NOUN,,,,,False,0,0,0.0
Venüs,Venüs'te,PROPN,PROPN,,,,,False,0,0,0.0
i,ydim,AUX,AUX,0.47697018772995686,1.861138213598426,ADP,"AUX: 0.48, ADP: 0.26, CCONJ: 0.18, PROPN: 0.06",True,546,0,6.304448802421981
.,.,PUNCT,PUNCT,,,,,True,3283,0,8.096817470572319
dalgın,Dalgın,ADJ,ADJ,,,,,False,0,0,0.0
i,dım,AUX,AUX,0.47697018772995686,1.861138213598426,ADP,"AUX: 0.48, ADP: 0.26, CCONJ: 0.18, PROPN: 0.06",True,546,0,6.304448802421981
.,.,PUNCT,PUNCT,,,,,True,3283,0,8.096817470572319
göz,Gözlerim,NOUN,NOUN,0.48581680668839844,1.5108829755725355,PROPN,"NOUN: 0.49, PROPN: 0.28, ADJ: 0.24",True,49,0,3.912023005428146
yorgun,yorgun,ADJ,ADJ,,,,,True,3,0,1.3862943611198906
i,du,AUX,AUX,0.47697018772995686,1.861138213598426,ADP,"AUX: 0.48, ADP: 0.26, CCONJ: 0.18, PROPN: 0.06",True,546,0,6.304448802421981
.,.,PUNCT,PUNCT,,,,,True,3283,0,8.096817470572319
altı,Altı,NUM,NUM,0.4806081211893714,1.5817189024226666,DET,"NUM: 0.48, DET: 0.36, ADJ: 0.13",True,14,0,2.70805020110221
saat,saat,NOUN,NOUN,0.355905210057268,1.8860925341581882,PRON,"NOUN: 0.36, PRON: 0.32, PROPN: 0.21, ADJ: 0.12",True,25,0,3.258096538021482
kesintisiz,kesintisiz,ADJ,ADP,,,,,False,0,1,0.0
olarak,olarak,ADP,ADP,0.36855824759231326,2.0508940487493934,AUX,"ADP: 0.37, AUX: 0.30, CCONJ: 0.24",True,71,0,4.276666119016055
makine,makinemde,NOUN,NOUN,,,,,True,8,0,2.1972245773362196
oyna,oynamıştım,VERB,VERB,1.0,0.0,,VERB: 1.00,True,15,0,2.772588722239781
.,.,PUNCT,PUNCT,,,,,True,3283,0,8.096817470572319
göz,Gözün,NOUN,NOUN,0.48581680668839844,1.5108829755725355,PROPN,"NOUN: 0.49, PROPN: 0.28, ADJ: 0.24",True,49,0,3.912023005428146
kanlan,kanlanmış,VERB,VERB,,,,,False,0,0,0.0
",",",",PUNCT,PUNCT,,,,,True,2285,0,7.734558844354756
sol,sol,ADJ,ADJ,0.1083138792298035,1.274647141669574,DET,"DET: 0.68, NUM: 0.19, ADJ: 0.11",True,11,0,2.4849066497880004
göz,gözün,NOUN,NOUN,0.48581680668839844,1.5108829755725355,PROPN,"NOUN: 0.49, PROPN: 0.28, ADJ: 0.24",True,49,0,3.912023005428146
",",",",PUNCT,PUNCT,,,,,True,2285,0,7.734558844354756
de,dedi,VERB,VERB,0.7089626585740004,0.8700574815901702,CCONJ,"VERB: 0.71, CCONJ: 0.29",True,295,0,5.69035945432406
Gül,Gül,PROPN,PROPN,,,,,True,6,0,1.9459101490553132
abla,Abla,NOUN,NOUN,0.14243724711678044,1.7662347685743496,NUM,"NUM: 0.44, PROPN: 0.33, NOUN: 0.14, ADJ: 0.09",True,11,0,2.4849066497880004
.,.,PUNCT,PUNCT,,,,,True,3283,0,8.096817470572319
damla,Damla,NOUN,NOUN,,,,,False,0,0,0.0
damla,damlatacağım,VERB,VERB,,,,,True,2,0,1.0986122886681098
.,.,PUNCT,PUNCT,,,,,True,3283,0,8.096817470572319
makine,Makinenin,NOUN,NOUN,,,,,True,8,0,2.1972245773362196
renk,renkleri,NOUN,NOUN,,,,,True,9,0,2.302585092994046
ve,ve,CCONJ,CCONJ,0.23925769350174309,2.411623002364367,NUM,"NUM: 0.34, CCONJ: 0.24, ADJ: 0.14, DET: 0.11, PRON: 0.09, PROPN: 0.06",True,359,0,5.886104031450156
ışık,ışıkları,NOUN,NOUN,0.1813970724598075,1.01867441004463,PRON,"PRON: 0.75, NOUN: 0.18, ADJ: 0.07",True,12,0,2.5649493574615367
yor,yoruyor,VERB,VERB,,,,,True,1,0,0.6931471805599453
göz,gözümü,NOUN,NOUN,0.48581680668839844,1.5108829755725355,PROPN,"NOUN: 0.49, PROPN: 0.28, ADJ: 0.24",True,49,0,3.912023005428146
",",",",PUNCT,PUNCT,,,,,True,2285,0,7.734558844354756
de,dedim,VERB,VERB,0.7089626585740004,0.8700574815901702,CCONJ,"VERB: 0.71, CCONJ: 0.29",True,295,0,5.69035945432406
.,.,PUNCT,PUNCT,,,,,True,3283,0,8.096817470572319
aman,Aman,INTJ,INTJ,,,,,False,0,0,0.0
",",",",PUNCT,PUNCT,,,,,True,2285,0,7.734558844354756
ne,?,PRON,PRON,0.657373909218341,1.5595369645973152,PROPN,"PRON: 0.66, PROPN: 0.14, ADV: 0.11, NOUN: 0.06",True,98,0,4.59511985013459
i,eymiş,AUX,AUX,0.47697018772995686,1.861138213598426,ADP,"AUX: 0.48, ADP: 0.26, CCONJ: 0.18, PROPN: 0.06",True,546,0,6.304448802421981
bu,bu,DET,DET,0.6017857940157323,1.5300103231456785,NUM,"DET: 0.60, NUM: 0.20, ADJ: 0.15",True,350,0,5.860786223465865
makine,makine,NOUN,NOUN,,,,,True,8,0,2.1972245773362196
...,...,PUNCT,PUNCT,,,,,True,91,0,4.5217885770490405
diye,diye,ADP,ADP,0.26515728248607623,2.352927457262911,AUX,"AUX: 0.34, ADP: 0.27, PRON: 0.15, CCONJ: 0.13",True,107,0,4.68213122712422
söyle,söylendi,VERB,VERB,0.721528986702589,0.8533590847777625,CCONJ,"VERB: 0.72, CCONJ: 0.28",True,89,0,4.499809670330265
Gül,Gül,PROPN,PROPN,,,,,True,6,0,1.9459101490553132
abla,Abla,NOUN,NOUN,0.14243724711678044,1.7662347685743496,NUM,"NUM: 0.44, PROPN: 0.33, NOUN: 0.14, ADJ: 0.09",True,11,0,2.4849066497880004
.,.,PUNCT,PUNCT,,,,,True,3283,0,8.096817470572319
bu,Buna,PRON,PRON,0.7006788109102466,1.3923524752663319,ADV,"PRON: 0.70, ADV: 0.14, CCONJ: 0.09, NOUN: 0.05",True,171,0,5.147494476813453
kap,kapılalı,VERB,VERB,1.0,0.0,,VERB: 1.00,True,11,0,2.4849066497880004
beri,beri,ADV,ADV,,,,,True,1,0,0.6931471805599453
ben,bana,PRON,PRON,0.614767428544865,1.6599914502896118,ADV,"PRON: 0.61, ADV: 0.21, CCONJ: 0.08, PROPN: 0.06",True,310,0,5.739792912179234
seyrek,seyrek,ADV,ADV,,,,,False,0,0,0.0
gel,gelir,VERB,VERB,1.0,0.0,,VERB: 1.00,True,166,0,5.117993812416755
ol,oldun,VERB,VERB,1.0,0.0,,VERB: 1.00,True,603,0,6.403574197934815
.,.,PUNCT,PUNCT,,,,,True,3283,0,8.096817470572319
müthiş,Müthiş,ADJ,ADJ,,,,,True,1,0,0.6931471805599453
bir,bir,NUM,NUM,0.3916735022215744,1.8552050660223744,DET,"DET: 0.40, NUM: 0.39, ADJ: 0.09, PROPN: 0.06, NOUN: 0.06",True,170,0,5.14166355650266
şey,şey,NOUN,NOUN,0.7797490937613291,0.7606253858126094,ADJ,"NOUN: 0.78, ADJ: 0.22",True,102,0,4.634728988229636
bu,bu,DET,DET,0.6017857940157323,1.5300103231456785,NUM,"DET: 0.60, NUM: 0.20, ADJ: 0.15",True,350,0,5.860786223465865
makine,makine,NOUN,NOUN,,,,,True,8,0,2.1972245773362196
",",",",PUNCT,PUNCT,,,,,True,2285,0,7.734558844354756
de,dedim,VERB,VERB,0.7089626585740004,0.8700574815901702,CCONJ,"VERB: 0.71, CCONJ: 0.29",True,295,0,5.69035945432406
.,.,PUNCT,PUNCT,,,,,True,3283,0,8.096817470572319
makine,Makine,NOUN,NOUN,,,,,True,8,0,2.1972245773362196
işte,işte,ADV,ADV,0.11734689772862172,2.034632031144819,PRON,"PRON: 0.41, CCONJ: 0.29, PROPN: 0.15, ADV: 0.12",True,18,0,2.9444389791664403
",",",",PUNCT,PUNCT,,,,,True,2285,0,7.734558844354756
kumar,kumar,NOUN,NOUN,,,,,True,2,0,1.0986122886681098
makine,makinesi,NOUN,NOUN,,,,,True,8,0,2.1972245773362196
...,...,PUNCT,PUNCT,,,,,True,91,0,4.5217885770490405
başka,Başka,ADJ,ADJ,0.019678146206921186,1.7040643896520111,PRON,"PRON: 0.56, ADV: 0.22, PROPN: 0.14, NOUN: 0.06",True,35,0,3.58351893845611
ne,ne,PRON,PRON,0.657373909218341,1.5595369645973152,PROPN,"PRON: 0.66, PROPN: 0.14, ADV: 0.11, NOUN: 0.06",True,98,0,4.59511985013459
ol,olabilir,VERB,VERB,1.0,0.0,,VERB: 1.00,True,603,0,6.403574197934815
ki,ki,CCONJ,CCONJ,0.1806152397797589,1.9747454841180783,AUX,"AUX: 0.51, CCONJ: 0.18, ADP: 0.18, ADV: 0.07",True,81,0,4.406719247264253
!,!,PUNCT,PUNCT,,,,,True,39,0,3.6888794541139363
belki,Belki,ADV,ADV,0.2976823675361869,1.9102296920048334,PRON,"PRON: 0.39, ADV: 0.30, CCONJ: 0.20, PROPN: 0.10",True,25,0,3.258096538021482
oyna,oynarken,VERB,VERB,1.0,0.0,,VERB: 1.00,True,15,0,2.772588722239781
kafa,kafanı,NOUN,NOUN,0.11312777865829834,1.7506345330582818,PRON,"PRON: 0.60, ADV: 0.14, NOUN: 0.11, PROPN: 0.10, ADJ: 0.05",True,15,0,2.772588722239781
boşal,boşaltan,VERB,VERB,,,,,True,5,0,1.791759469228055
",",",",PUNCT,PUNCT,,,,,True,2285,0,7.734558844354756
sıradan,sıradan,ADJ,ADJ,,,,,True,3,0,1.3862943611198906
bir,bir,DET,DET,0.49958184875865663,1.6482580173109218,NUM,"DET: 0.50, NUM: 0.30, ADJ: 0.15",True,616,0,6.424869023905388
kumar,kumar,NOUN,NOUN,,,,,True,2,0,1.0986122886681098
makine,makinesi,NOUN,NOUN,,,,,True,8,0,2.1972245773362196
.,.,PUNCT,PUNCT,,,,,True,3283,0,8.096817470572319
üstelik,Üstelik,ADV,ADV,,,,,True,5,0,1.791759469228055
para,para,NOUN,NOUN,0.23514448544243344,1.7957240914597472,PRON,"PRON: 0.48, NOUN: 0.24, PROPN: 0.15, ADJ: 0.13",True,27,0,3.332204510175204
da,da,CCONJ,CCONJ,0.13730810580889885,1.6721173968196932,AUX,"AUX: 0.44, ADP: 0.38, CCONJ: 0.14",True,275,0,5.62040086571715
kaybet,kaybediyorsun,VERB,VERB,,,,,True,7,0,2.0794415416798357
.,.,PUNCT,PUNCT,,,,,True,3283,0,8.096817470572319
Gül,Gül,PROPN,PROPN,,,,,True,6,0,1.9459101490553132
abla,Abla,NOUN,NOUN,0.14243724711678044,1.7662347685743496,NUM,"NUM: 0.44, PROPN: 0.33, NOUN: 0.14, ADJ: 0.09",True,11,0,2.4849066497880004
!,!,PUNCT,PUNCT,,,,,True,39,0,3.6888794541139363
de,dedim,VERB,VERB,0.7089626585740004,0.8700574815901702,CCONJ,"VERB: 0.71, CCONJ: 0.29",True,295,0,5.69035945432406
sen,Sen,PRON,PRON,0.5975153654339292,1.4960517331359373,ADV,"PRON: 0.60, ADV: 0.28, PROPN: 0.06",True,96,0,4.574710978503383
ben,benim,PRON,PRON,0.614767428544865,1.6599914502896118,ADV,"PRON: 0.61, ADV: 0.21, CCONJ: 0.08, PROPN: 0.06",True,310,0,5.739792912179234
bu,bu,DET,DET,0.6017857940157323,1.5300103231456785,NUM,"DET: 0.60, NUM: 0.20, ADJ: 0.15",True,350,0,5.860786223465865
makine,makinemi,NOUN,NOUN,,,,,True,8,0,2.1972245773362196
anla,anlamıyorsun,VERB,VERB,1.0,0.0,,VERB: 1.00,True,44,0,3.8066624897703196
!,!,PUNCT,PUNCT,,,,,True,39,0,3.6888794541139363
nasıl,Nasıl,ADV,ADV,0.22688879708691875,1.6551093959198966,PRON,"PRON: 0.59, ADV: 0.23, PROPN: 0.07, NOUN: 0.06",True,24,0,3.2188758248682006
anlat,anlatsam,VERB,VERB,1.0,0.0,,VERB: 1.00,True,69,0,4.248495242049359
sen,sana,PRON,PRON,0.5975153654339292,1.4960517331359373,ADV,"PRON: 0.60, ADV: 0.28, PROPN: 0.06",True,96,0,4.574710978503383
o,onu,PRON,PRON,0.5961784524857141,1.6538184960634559,ADV,"PRON: 0.60, ADV: 0.24, CCONJ: 0.07, PROPN: 0.05",True,264,0,5.579729825986222
",",",",PUNCT,PUNCT,,,,,True,2285,0,7.734558844354756
bil,bilemiyorum,VERB,VERB,0.6930942464089043,1.0036086273143747,CCONJ,"VERB: 0.69, CCONJ: 0.28",True,101,0,4.624972813284271
ki,ki,CCONJ,CCONJ,0.1806152397797589,1.9747454841180783,AUX,"AUX: 0.51, CCONJ: 0.18, ADP: 0.18, ADV: 0.07",True,81,0,4.406719247264253
!,!,PUNCT,PUNCT,,,,,True,39,0,3.6888794541139363
sanki,Sanki,ADV,ADV,0.18798383564530385,1.769447959111264,PRON,"PRON: 0.55, ADV: 0.19, CCONJ: 0.14, PROPN: 0.10",True,14,0,2.70805020110221
canlı,canlı,ADJ,ADJ,0.1897325570059489,1.3093193071232574,PRON,"PRON: 0.64, ADJ: 0.19, NOUN: 0.17",True,13,0,2.6390573296152584
i,dır,AUX,AUX,0.47697018772995686,1.861138213598426,ADP,"AUX: 0.48, ADP: 0.26, CCONJ: 0.18, PROPN: 0.06",True,546,0,6.304448802421981
o,o,PRON,PRON,0.5961784524857141,1.6538184960634559,ADV,"PRON: 0.60, ADV: 0.24, CCONJ: 0.07, PROPN: 0.05",True,264,0,5.579729825986222
.,.,PUNCT,PUNCT,,,,,True,3283,0,8.096817470572319
ben,Beni,PRON,PRON,0.614767428544865,1.6599914502896118,ADV,"PRON: 0.61, ADV: 0.21, CCONJ: 0.08, PROPN: 0.06",True,310,0,5.739792912179234
tanı,tanır,VERB,VERB,1.0,0.0,,VERB: 1.00,True,21,0,3.091042453358316
",",",",PUNCT,PUNCT,,,,,True,2285,0,7.734558844354756
gel,gelip,VERB,VERB,1.0,0.0,,VERB: 1.00,True,166,0,5.117993812416755
karşı,karşısına,ADJ,ADJ,0.4651418561178153,0.9964911451889301,NOUN,"NOUN: 0.53, ADJ: 0.47",True,15,0,2.772588722239781
otur,oturduğumu,VERB,VERB,1.0,0.0,,VERB: 1.00,True,54,0,4.007333185232471
hisset,hisseder,VERB,VERB,0.7158765697562461,0.8610086165807805,CCONJ,"VERB: 0.72, CCONJ: 0.28",True,13,0,2.6390573296152584
.,.,PUNCT,PUNCT,,,,,True,3283,0,8.096817470572319
bu,Bunu,PRON,PRON,0.7006788109102466,1.3923524752663319,ADV,"PRON: 0.70, ADV: 0.14, CCONJ: 0.09, NOUN: 0.05",True,171,0,5.147494476813453
çok,çok,ADV,ADV,0.33203987735528007,1.3405495937378578,PRON,"PRON: 0.59, ADV: 0.33, ADJ: 0.05",True,97,0,4.584967478670572
iyi,iyi,ADJ,ADJ,0.03291619485831978,1.0997597953020077,PRON,"PRON: 0.75, ADV: 0.18",True,58,0,4.07753744390572
bil,biliyorum,VERB,VERB,0.6930942464089043,1.0036086273143747,CCONJ,"VERB: 0.69, CCONJ: 0.28",True,101,0,4.624972813284271
.,.,PUNCT,PUNCT,,,,,True,3283,0,8.096817470572319
tuş,Tuşlarına,NOUN,NOUN,,,,,False,0,0,0.0
dokun,dokunup,VERB,VERB,,,,,True,4,0,1.6094379124341003
o,onu,PRON,PRON,0.5961784524857141,1.6538184960634559,ADV,"PRON: 0.60, ADV: 0.24, CCONJ: 0.07, PROPN: 0.05",True,264,0,5.579729825986222
kontrol,kontrol,NOUN,NOUN,,,,,False,0,0,0.0
et,etmeye,VERB,VERB,0.021423477839648417,2.0747581498935594,AUX,"AUX: 0.33, ADP: 0.33, CCONJ: 0.23",True,260,0,5.564520407322694
başla,başladığımda,VERB,VERB,0.7003594242233127,0.880851097931121,CCONJ,"VERB: 0.70, CCONJ: 0.30",True,83,0,4.430816798843313
parmak,parmaklarımın,NOUN,NOUN,,,,,True,6,0,1.9459101490553132
alt,altında,ADJ,ADJ,0.5754490403850242,1.2043036029571808,NOUN,"ADJ: 0.58, NOUN: 0.37",True,18,0,2.9444389791664403
bir,bir,DET,DET,0.49958184875865663,1.6482580173109218,NUM,"DET: 0.50, NUM: 0.30, ADJ: 0.15",True,616,0,6.424869023905388
an,an,NOUN,NOUN,0.7767539182231282,0.7660506138585593,ADJ,"NOUN: 0.78, ADJ: 0.22",True,32,0,3.4965075614664802
titre,titrediğini,VERB,VERB,,,,,True,6,0,1.9459101490553132
hisset,hissederim,VERB,VERB,0.7158765697562461,0.8610086165807805,CCONJ,"VERB: 0.72, CCONJ: 0.28",True,13,0,2.6390573296152584
.,.,PUNCT,PUNCT,,,,,True,3283,0,8.096817470572319
erkek,Erkek,ADJ,ADJ,0.2550214721482965,1.9837572266938677,DET,"DET: 0.30, ADJ: 0.26, PRON: 0.24, NOUN: 0.20",True,24,0,3.2188758248682006
bir,bir,DET,DET,0.49958184875865663,1.6482580173109218,NUM,"DET: 0.50, NUM: 0.30, ADJ: 0.15",True,616,0,6.424869023905388
makine,makine,NOUN,NOUN,,,,,True,8,0,2.1972245773362196
bu,bu,PRON,PRON,0.7006788109102466,1.3923524752663319,ADV,"PRON: 0.70, ADV: 0.14, CCONJ: 0.09, NOUN: 0.05",True,171,0,5.147494476813453
.,.,PUNCT,PUNCT,,,,,True,3283,0,8.096817470572319
bazen,Bazen,ADV,ADV,,,,,True,5,0,1.791759469228055
ben,beni,PRON,PRON,0.614767428544865,1.6599914502896118,ADV,"PRON: 0.61, ADV: 0.21, CCONJ: 0.08, PROPN: 0.06",True,310,0,5.739792912179234
üz,üzer,VERB,VERB,,,,,True,10,0,2.3978952727983707
",",",",PUNCT,PUNCT,,,,,True,2285,0,7.734558844354756
sonra,sonra,ADV,ADV,0.30381655368036,1.5872488856701816,PRON,"PRON: 0.54, ADV: 0.30, PROPN: 0.11",True,39,0,3.6888794541139363
birdenbire,birdenbire,ADV,ADV,,,,,True,2,0,1.0986122886681098
sevin,sevindirir,VERB,VERB,,,,,True,10,0,2.3978952727983707
.,.,PUNCT,PUNCT,,,,,True,3283,0,8.096817470572319
Sinirlen,Sinirlendirir,VERB,VERB,,,,,False,0,0,0.0
.,.,PUNCT,PUNCT,,,,,True,3283,0,8.096817470572319
sonra,Sonra,ADV,ADP,0.30381655368036,1.5872488856701816,PRON,"PRON: 0.54, ADV: 0.30, PROPN: 0.11",True,39,1,3.6888794541139363
yumuşa,yumuşatır,VERB,VERB,,,,,True,1,0,0.6931471805599453
.,.,PUNCT,PUNCT,,,,,True,3283,0,8.096817470572319
bir,Bir,NUM,NUM,0.3916735022215744,1.8552050660223744,DET,"DET: 0.40, NUM: 0.39, ADJ: 0.09, PROPN: 0.06, NOUN: 0.06",True,170,0,5.14166355650266
an,anda,NOUN,NOUN,0.7767539182231282,0.7660506138585593,ADJ,"NOUN: 0.78, ADJ: 0.22",True,32,0,3.4965075614664802
her,her,DET,DET,0.5393270671644539,1.4044282159240997,NUM,"DET: 0.54, NUM: 0.36, ADJ: 0.09",True,91,0,4.5217885770490405
şey,şeyimi,NOUN,NOUN,0.7797490937613291,0.7606253858126094,ADJ,"NOUN: 0.78, ADJ: 0.22",True,102,0,4.634728988229636
al,alabilecek,VERB,VERB,1.0,0.0,,VERB: 1.00,True,169,0,5.135798437050262
güç,güçte,ADJ,ADJ,0.38891220072976296,0.9640939642669308,NOUN,"NOUN: 0.61, ADJ: 0.39",True,13,0,2.6390573296152584
i,dir,AUX,AUX,0.47697018772995686,1.861138213598426,ADP,"AUX: 0.48, ADP: 0.26, CCONJ: 0.18, PROPN: 0.06",True,546,0,6.304448802421981
.,.,PUNCT,PUNCT,,,,,True,3283,0,8.096817470572319
ben,Bana,PRON,PRON,0.614767428544865,1.6599914502896118,ADV,"PRON: 0.61, ADV: 0.21, CCONJ: 0.08, PROPN: 0.06",True,310,0,5.739792912179234
hisset,hissettirir,VERB,VERB,0.7158765697562461,0.8610086165807805,CCONJ,"VERB: 0.72, CCONJ: 0.28",True,13,0,2.6390573296152584
bu,bunu,PRON,PRON,0.7006788109102466,1.3923524752663319,ADV,"PRON: 0.70, ADV: 0.14, CCONJ: 0.09, NOUN: 0.05",True,171,0,5.147494476813453
.,.,PUNCT,PUNCT,,,,,True,3283,0,8.096817470572319
ürk,Ürkerim,VERB,VERB,,,,,False,0,0,0.0
o,o,DET,DET,0.6447660992254824,1.4376147671166477,NUM,"DET: 0.64, NUM: 0.18, ADJ: 0.13",True,113,0,4.736198448394496
an,an,NOUN,NOUN,0.7767539182231282,0.7660506138585593,ADJ,"NOUN: 0.78, ADJ: 0.22",True,32,0,3.4965075614664802
o,ondan,PRON,PRON,0.5961784524857141,1.6538184960634559,ADV,"PRON: 0.60, ADV: 0.24, CCONJ: 0.07, PROPN: 0.05",True,264,0,5.579729825986222
.,.,PUNCT,PUNCT,,,,,True,3283,0,8.096817470572319
sonra,Sonra,ADV,ADV,0.30381655368036,1.5872488856701816,PRON,"PRON: 0.54, ADV: 0.30, PROPN: 0.11",True,39,0,3.6888794541139363
birdenbire,birdenbire,ADV,ADV,,,,,True,2,0,1.0986122886681098
her,her,DET,DET,0.5393270671644539,1.4044282159240997,NUM,"DET: 0.54, NUM: 0.36, ADJ: 0.09",True,91,0,4.5217885770490405
şey,şeyini,NOUN,NOUN,0.7797490937613291,0.7606253858126094,ADJ,"NOUN: 0.78, ADJ: 0.22",True,102,0,4.634728988229636
ver,verir,VERB,VERB,1.0,0.0,,VERB: 1.00,True,138,0,4.9344739331306915
ben,bana,PRON,PRON,0.614767428544865,1.6599914502896118,ADV,"PRON: 0.61, ADV: 0.21, CCONJ: 0.08, PROPN: 0.06",True,310,0,5.739792912179234
.,.,PUNCT,PUNCT,,,,,True,3283,0,8.096817470572319
ama,Ama,CCONJ,CCONJ,0.26313102212215905,1.8047829885976687,PRON,"PRON: 0.46, CCONJ: 0.26, ADV: 0.22",True,139,0,4.941642422609304
o,ondan,PRON,PRON,0.5961784524857141,1.6538184960634559,ADV,"PRON: 0.60, ADV: 0.24, CCONJ: 0.07, PROPN: 0.05",True,264,0,5.579729825986222
hiçbir,hiçbir,DET,DET,0.5590022920065886,1.4972751375281939,NUM,"DET: 0.56, NUM: 0.32, ADJ: 0.08",True,17,0,2.8903717578961645
zaman,zaman,NOUN,NOUN,0.7768808568937368,0.7658222066504196,ADJ,"NOUN: 0.78, ADJ: 0.22",True,77,0,4.356708826689592
emin,emin,ADJ,ADJ,,,,,True,8,0,2.1972245773362196
ol,olamam,VERB,VERB,1.0,0.0,,VERB: 1.00,True,603,0,6.403574197934815
.,.,PUNCT,PUNCT,,,,,True,3283,0,8.096817470572319
kendi,Kendine,PRON,PRON,0.6796575105452602,1.4263748283851931,ADV,"PRON: 0.68, ADV: 0.19, PROPN: 0.06",True,126,0,4.844187086458591
sakla,sakladığı,VERB,VERB,,,,,True,4,0,1.6094379124341003
bir,bir,DET,DET,0.49958184875865663,1.6482580173109218,NUM,"DET: 0.50, NUM: 0.30, ADJ: 0.15",True,616,0,6.424869023905388
gizem,gizemi,NOUN,NOUN,,,,,False,0,0,0.0
var,var,ADJ,ADJ,0.06842400166907717,1.0397429867758838,VERB,"VERB: 0.74, ADV: 0.19, ADJ: 0.07",True,87,0,4.477336814478207
i,dır,AUX,AUX,0.47697018772995686,1.861138213598426,ADP,"AUX: 0.48, ADP: 0.26, CCONJ: 0.18, PROPN: 0.06",True,546,0,6.304448802421981
.,.,PUNCT,PUNCT,,,,,True,3283,0,8.096817470572319
güven,Güvenemem,VERB,VERB,,,,,True,2,0,1.0986122886681098
o,ona,PRON,PRON,0.5961784524857141,1.6538184960634559,ADV,"PRON: 0.60, ADV: 0.24, CCONJ: 0.07, PROPN: 0.05",True,264,0,5.579729825986222
",",",",PUNCT,PUNCT,,,,,True,2285,0,7.734558844354756
anla,anlıyor,VERB,VERB,1.0,0.0,,VERB: 1.00,True,44,0,3.8066624897703196
mi,musun,AUX,AUX,0.49179730733219285,1.8739792138931677,CCONJ,"AUX: 0.49, CCONJ: 0.24, ADP: 0.18, ADV: 0.05",True,112,0,4.727387818712341
ben,beni,PRON,PRON,0.614767428544865,1.6599914502896118,ADV,"PRON: 0.61, ADV: 0.21, CCONJ: 0.08, PROPN: 0.06",True,310,0,5.739792912179234
?,?,PUNCT,PUNCT,,,,,True,125,0,4.836281906951478
hızlı,Hızlı,ADJ,ADJ,,,,,True,4,0,1.6094379124341003
araba,araba,NOUN,NOUN,,,,,True,2,0,1.0986122886681098
kullan,kullanmayı,VERB,VERB,1.0,0.0,,VERB: 1.00,True,32,0,3.4965075614664802
",",",",PUNCT,PUNCT,,,,,True,2285,0,7.734558844354756
gece,geceyi,NOUN,NOUN,0.19864455081399557,0.9246613571687522,PRON,"PRON: 0.77, NOUN: 0.20",True,37,0,3.6375861597263857
",",",",PUNCT,PUNCT,,,,,True,2285,0,7.734558844354756
içki,içkiyi,NOUN,NOUN,0.6883261351207143,0.8950962082984155,ADJ,"NOUN: 0.69, ADJ: 0.31",True,12,0,2.5649493574615367
ve,ve,CCONJ,CCONJ,0.23925769350174309,2.411623002364367,NUM,"NUM: 0.34, CCONJ: 0.24, ADJ: 0.14, DET: 0.11, PRON: 0.09, PROPN: 0.06",True,359,0,5.886104031450156
kadın,kadınları,ADJ,ADJ,0.22426573119393564,0.7678804621873997,NOUN,"NOUN: 0.78, ADJ: 0.22",True,40,0,3.713572066704308
sev,seven,VERB,VERB,1.0,0.0,,VERB: 1.00,True,44,0,3.8066624897703196
",",",",PUNCT,PUNCT,,,,,True,2285,0,7.734558844354756
ara,arada,ADJ,ADJ,0.45952551652597307,0.9952680248528016,NOUN,"NOUN: 0.54, ADJ: 0.46",True,73,0,4.30406509320417
kadife,kadife,ADJ,ADJ,,,,,True,1,0,0.6931471805599453
gibi,gibi,ADP,ADP,0.36045769630430313,1.8400611893764562,AUX,"ADP: 0.36, AUX: 0.30, CCONJ: 0.28",True,145,0,4.983606621708336
yumuşa,yumuşayıveren,VERB,VERB,,,,,True,1,0,0.6931471805599453
",",",",PUNCT,PUNCT,,,,,True,2285,0,7.734558844354756
bazen,bazen,ADV,ADV,,,,,True,5,0,1.791759469228055
ses,ses,NOUN,NOUN,0.3237009019450614,1.9450836951989445,PRON,"NOUN: 0.32, PRON: 0.31, PROPN: 0.20, ADJ: 0.17",True,32,0,3.4965075614664802
siz,siz,ADP,ADP,0.3340274831620072,2.1348321686976823,AUX,"ADP: 0.33, AUX: 0.31, CCONJ: 0.24",True,28,0,3.367295829986474
ve,ve,CCONJ,CCONJ,0.23925769350174309,2.411623002364367,NUM,"NUM: 0.34, CCONJ: 0.24, ADJ: 0.14, DET: 0.11, PRON: 0.09, PROPN: 0.06",True,359,0,5.886104031450156
suskun,suskun,ADJ,ADJ,,,,,False,0,0,0.0
...,...,PUNCT,PUNCT,,,,,True,91,0,4.5217885770490405
tam,Tam,ADV,ADV,,,,,True,9,0,2.302585092994046
bir,bir,DET,DET,0.49958184875865663,1.6482580173109218,NUM,"DET: 0.50, NUM: 0.30, ADJ: 0.15",True,616,0,6.424869023905388
erkek,erkek,ADJ,ADJ,0.2550214721482965,1.9837572266938677,DET,"DET: 0.30, ADJ: 0.26, PRON: 0.24, NOUN: 0.20",True,24,0,3.2188758248682006
i,tir,AUX,AUX,0.47697018772995686,1.861138213598426,ADP,"AUX: 0.48, ADP: 0.26, CCONJ: 0.18, PROPN: 0.06",True,546,0,6.304448802421981
o,o,PRON,PRON,0.5961784524857141,1.6538184960634559,ADV,"PRON: 0.60, ADV: 0.24, CCONJ: 0.07, PROPN: 0.05",True,264,0,5.579729825986222
...,...,PUNCT,PUNCT,,,,,True,91,0,4.5217885770490405
Gül,Gül,PROPN,PROPN,,,,,True,6,0,1.9459101490553132
abla,Abla,NOUN,NOUN,0.14243724711678044,1.7662347685743496,NUM,"NUM: 0.44, PROPN: 0.33, NOUN: 0.14, ADJ: 0.09",True,11,0,2.4849066497880004
dikkat,dikkatle,NOUN,ADV,0.6088085136107217,0.9655641535362572,ADJ,"NOUN: 0.61, ADJ: 0.39",True,15,1,2.772588722239781
dinle,dinliyordu,VERB,VERB,1.0,0.0,,VERB: 1.00,True,16,0,2.833213344056216
ben,beni,PRON,PRON,0.614767428544865,1.6599914502896118,ADV,"PRON: 0.61, ADV: 0.21, CCONJ: 0.08, PROPN: 0.06",True,310,0,5.739792912179234
.,.,PUNCT,PUNCT,,,,,True,3283,0,8.096817470572319
ne,Ne,ADJ,ADJ,,,,,True,5,0,1.791759469228055
tuhaf,tuhaf,NOUN,NOUN,,,,,False,0,0,0.0
anlat,anlattın,VERB,VERB,1.0,0.0,,VERB: 1.00,True,69,0,4.248495242049359
ben,bana,PRON,PRON,0.614767428544865,1.6599914502896118,ADV,"PRON: 0.61, ADV: 0.21, CCONJ: 0.08, PROPN: 0.06",True,310,0,5.739792912179234
bu,bu,DET,DET,0.6017857940157323,1.5300103231456785,NUM,"DET: 0.60, NUM: 0.20, ADJ: 0.15",True,350,0,5.860786223465865
makine,makineyi,NOUN,NOUN,,,,,True,8,0,2.1972245773362196
...,...,PUNCT,PUNCT,,,,,True,91,0,4.5217885770490405
merak,Merak,NOUN,NOUN,,,,,True,8,0,2.1972245773362196
et,ettim,VERB,VERB,0.021423477839648417,2.0747581498935594,AUX,"AUX: 0.33, ADP: 0.33, CCONJ: 0.23",True,260,0,5.564520407322694
şimdi,şimdi,ADV,ADV,0.22752642581986968,1.694646457999899,PRON,"PRON: 0.56, ADV: 0.23, CCONJ: 0.14, PROPN: 0.05",True,36,0,3.6109179126442243
o,onu,PRON,PRON,0.5961784524857141,1.6538184960634559,ADV,"PRON: 0.60, ADV: 0.24, CCONJ: 0.07, PROPN: 0.05",True,264,0,5.579729825986222
...,...,PUNCT,PUNCT,,,,,True,91,0,4.5217885770490405
de,dedi,VERB,VERB,0.7089626585740004,0.8700574815901702,CCONJ,"VERB: 0.71, CCONJ: 0.29",True,295,0,5.69035945432406
.,.,PUNCT,PUNCT,,,,,True,3283,0,8.096817470572319
sanki,Sanki,ADV,ADV,0.18798383564530385,1.769447959111264,PRON,"PRON: 0.55, ADV: 0.19, CCONJ: 0.14, PROPN: 0.10",True,14,0,2.70805020110221
o,ona,PRON,PRON,0.5961784524857141,1.6538184960634559,ADV,"PRON: 0.60, ADV: 0.24, CCONJ: 0.07, PROPN: 0.05",True,264,0,5.579729825986222
âşık,aşık,ADV,ADV,,,,,False,0,0,0.0
i,mışsın,AUX,AUX,0.47697018772995686,1.861138213598426,ADP,"AUX: 0.48, ADP: 0.26, CCONJ: 0.18, PROPN: 0.06",True,546,0,6.304448802421981
gibi,gibi,ADP,ADP,0.36045769630430313,1.8400611893764562,AUX,"ADP: 0.36, AUX: 0.30, CCONJ: 0.28",True,145,0,4.983606621708336
anlat,anlattın,VERB,VERB,1.0,0.0,,VERB: 1.00,True,69,0,4.248495242049359
.,.,PUNCT,PUNCT,,,,,True,3283,0,8.096817470572319
erkek,Erkek,ADJ,ADJ,0.2550214721482965,1.9837572266938677,DET,"DET: 0.30, ADJ: 0.26, PRON: 0.24, NOUN: 0.20",True,24,0,3.2188758248682006
bir,bir,DET,DET,0.49958184875865663,1.6482580173109218,NUM,"DET: 0.50, NUM: 0.30, ADJ: 0.15",True,616,0,6.424869023905388
makine,makine,NOUN,NOUN,,,,,True,8,0,2.1972245773362196
...,...,PUNCT,PUNCT,,,,,True,91,0,4.5217885770490405
aşk,Aşk,NOUN,NOUN,0.14902600627145401,1.4092659347960323,NUM,"NUM: 0.55, ADJ: 0.31, NOUN: 0.15",True,11,0,2.4849066497880004
değil,değil,CCONJ,AUX,0.0,0.0,VERB,VERB: 1.00,True,20,1,3.044522437723423
",",",",PUNCT,PUNCT,,,,,True,2285,0,7.734558844354756
tutku,tutku,NOUN,NOUN,,,,,True,1,0,0.6931471805599453
",",",",PUNCT,PUNCT,,,,,True,2285,0,7.734558844354756
de,dedim,VERB,VERB,0.7089626585740004,0.8700574815901702,CCONJ,"VERB: 0.71, CCONJ: 0.29",True,295,0,5.69035945432406
.,.,PUNCT,PUNCT,,,,,True,3283,0,8.096817470572319
sen,Sana,PRON,PRON,0.5975153654339292,1.4960517331359373,ADV,"PRON: 0.60, ADV: 0.28, PROPN: 0.06",True,96,0,4.574710978503383
anlat,anlattığım,VERB,VERB,1.0,0.0,,VERB: 1.00,True,69,0,4.248495242049359
tutku,tutku,NOUN,NOUN,,,,,True,1,0,0.6931471805599453
.,.,PUNCT,PUNCT,,,,,True,3283,0,8.096817470572319
o,Ona,PRON,PRON,0.5961784524857141,1.6538184960634559,ADV,"PRON: 0.60, ADV: 0.24, CCONJ: 0.07, PROPN: 0.05",True,264,0,5.579729825986222
büyük,büyük,ADJ,ADJ,0.14477411515577987,1.3823539050949016,DET,"DET: 0.57, NUM: 0.29, ADJ: 0.14",True,65,0,4.189654742026425
bir,bir,DET,DET,0.49958184875865663,1.6482580173109218,NUM,"DET: 0.50, NUM: 0.30, ADJ: 0.15",True,616,0,6.424869023905388
tutku,tutku,NOUN,NOUN,,,,,True,1,0,0.6931471805599453
hisset,hissettiğim,VERB,VERB,0.7158765697562461,0.8610086165807805,CCONJ,"VERB: 0.72, CCONJ: 0.28",True,13,0,2.6390573296152584
gerçek,gerçek,ADJ,ADJ,0.4623612727439735,0.9959084741375528,NOUN,"NOUN: 0.54, ADJ: 0.46",True,27,0,3.332204510175204
.,.,PUNCT,PUNCT,,,,,True,3283,0,8.096817470572319
o,Onu,PRON,PRON,0.5961784524857141,1.6538184960634559,ADV,"PRON: 0.60, ADV: 0.24, CCONJ: 0.07, PROPN: 0.05",True,264,0,5.579729825986222
gör,görmek,VERB,VERB,1.0,0.0,,VERB: 1.00,True,81,0,4.406719247264253
",",",",PUNCT,PUNCT,,,,,True,2285,0,7.734558844354756
karşı,karşısına,ADJ,ADJ,0.4651418561178153,0.9964911451889301,NOUN,"NOUN: 0.53, ADJ: 0.47",True,15,0,2.772588722239781
otur,oturmak,VERB,VERB,1.0,0.0,,VERB: 1.00,True,54,0,4.007333185232471
için,için,ADP,ADP,0.4371344784042817,1.7284041476856495,AUX,"ADP: 0.44, AUX: 0.27, CCONJ: 0.25",True,159,0,5.075173815233827
casino,Casino,NOUN,NOUN,,,,,False,0,0,0.0
Venüs,Venüs'e,PROPN,PROPN,,,,,False,0,0,0.0
koş,koşarak,VERB,VERB,0.7157210183187309,1.1118797468105879,NOUN,"VERB: 0.72, NOUN: 0.20, ADJ: 0.09",True,17,0,2.8903717578961645
git,gidiyorum,VERB,VERB,1.0,0.0,,VERB: 1.00,True,116,0,4.762173934797756
.,.,PUNCT,PUNCT,,,,,True,3283,0,8.096817470572319
eğer,Eğer,CCONJ,CCONJ,,,,,True,9,0,2.302585092994046
makine,makineme,NOUN,NOUN,,,,,True,8,0,2.1972245773362196
başka,başka,ADJ,ADJ,0.019678146206921186,1.7040643896520111,PRON,"PRON: 0.56, ADV: 0.22, PROPN: 0.14, NOUN: 0.06",True,35,0,3.58351893845611
biri,birisi,PRON,PRON,0.5133797510665434,1.4806435961268336,ADJ,"PRON: 0.51, ADJ: 0.27, NOUN: 0.21",True,41,0,3.7376696182833684
otur,oturmuşsa,VERB,VERB,1.0,0.0,,VERB: 1.00,True,54,0,4.007333185232471
",",",",PUNCT,PUNCT,,,,,True,2285,0,7.734558844354756
kıskan,kıskanırım,VERB,VERB,,,,,False,0,0,0.0
.,.,PUNCT,PUNCT,,,,,True,3283,0,8.096817470572319
yer,Yerimde,NOUN,NOUN,0.6105573897718891,0.964438903111094,ADJ,"NOUN: 0.61, ADJ: 0.39",True,111,0,4.718498871295094
dur,duramam,VERB,VERB,1.0,0.0,,VERB: 1.00,True,27,0,3.332204510175204
.,.,PUNCT,PUNCT,,,,,True,3283,0,8.096817470572319
başka,Başka,ADJ,ADJ,0.019678146206921186,1.7040643896520111,PRON,"PRON: 0.56, ADV: 0.22, PROPN: 0.14, NOUN: 0.06",True,35,0,3.58351893845611
makine,makineler,NOUN,NOUN,,,,,True,8,0,2.1972245773362196
oyala,oyalayamaz,VERB,VERB,,,,,False,0,0,0.0
ben,beni,PRON,PRON,0.614767428544865,1.6599914502896118,ADV,"PRON: 0.61, ADV: 0.21, CCONJ: 0.08, PROPN: 0.06",True,310,0,5.739792912179234
.,.,PUNCT,PUNCT,,,,,True,3283,0,8.096817470572319
göz,Gözüm,NOUN,NOUN,0.48581680668839844,1.5108829755725355,PROPN,"NOUN: 0.49, PROPN: 0.28, ADJ: 0.24",True,49,0,3.912023005428146
hep,hep,ADV,ADV,0.17309001779684272,1.7271777054178834,PRON,"PRON: 0.51, CCONJ: 0.25, ADV: 0.17",True,25,0,3.258096538021482
o,onda,PRON,PRON,0.5961784524857141,1.6538184960634559,ADV,"PRON: 0.60, ADV: 0.24, CCONJ: 0.07, PROPN: 0.05",True,264,0,5.579729825986222
i,dır,AUX,AUX,0.47697018772995686,1.861138213598426,ADP,"AUX: 0.48, ADP: 0.26, CCONJ: 0.18, PROPN: 0.06",True,546,0,6.304448802421981
.,.,PUNCT,PUNCT,,,,,True,3283,0,8.096817470572319
başka,Başka,ADJ,ADJ,0.019678146206921186,1.7040643896520111,PRON,"PRON: 0.56, ADV: 0.22, PROPN: 0.14, NOUN: 0.06",True,35,0,3.58351893845611
bir,birine,NUM,PRON,0.3916735022215744,1.8552050660223744,DET,"DET: 0.40, NUM: 0.39, ADJ: 0.09, PROPN: 0.06, NOUN: 0.06",True,170,1,5.14166355650266
bir,bir,NUM,NUM,0.3916735022215744,1.8552050660223744,DET,"DET: 0.40, NUM: 0.39, ADJ: 0.09, PROPN: 0.06, NOUN: 0.06",True,170,0,5.14166355650266
şey,şey,NOUN,NOUN,0.7797490937613291,0.7606253858126094,ADJ,"NOUN: 0.78, ADJ: 0.22",True,102,0,4.634728988229636
ver,verirse,VERB,VERB,1.0,0.0,,VERB: 1.00,True,138,0,4.9344739331306915
",",",",PUNCT,PUNCT,,,,,True,2285,0,7.734558844354756
acı,acıdan,ADJ,NOUN,0.3103537033349995,0.8935813262787496,NOUN,"NOUN: 0.69, ADJ: 0.31",True,15,1,2.772588722239781
büz,büzülürüm,VERB,VERB,,,,,False,0,0,0.0
yer,yerimde,NOUN,NOUN,0.6105573897718891,0.964438903111094,ADJ,"NOUN: 0.61, ADJ: 0.39",True,111,0,4.718498871295094
.,.,PUNCT,PUNCT,,,,,True,3283,0,8.096817470572319
boşal,Boşalmasını,VERB,VERB,,,,,True,5,0,1.791759469228055
sabırsızlık,sabırsızlıkla,ADV,ADV,,,,,False,0,0,0.0
bekle,beklerim,VERB,VERB,0.7047743026417859,0.8753762910019542,CCONJ,"VERB: 0.70, CCONJ: 0.30",True,27,0,3.332204510175204
.,.,PUNCT,PUNCT,,,,,True,3283,0,8.096817470572319
sen,Sen,PRON,PRON,0.5975153654339292,1.4960517331359373,ADV,"PRON: 0.60, ADV: 0.28, PROPN: 0.06",True,96,0,4.574710978503383
ben,beni,PRON,PRON,0.614767428544865,1.6599914502896118,ADV,"PRON: 0.61, ADV: 0.21, CCONJ: 0.08, PROPN: 0.06",True,310,0,5.739792912179234
şaşır,şaşırtıyorsun,VERB,VERB,,,,,True,5,0,1.791759469228055
",",",",PUNCT,PUNCT,,,,,True,2285,0,7.734558844354756
de,dedi,VERB,VERB,0.7089626585740004,0.8700574815901702,CCONJ,"VERB: 0.71, CCONJ: 0.29",True,295,0,5.69035945432406
.,.,PUNCT,PUNCT,,,,,True,3283,0,8.096817470572319
acaba,Acaba,ADV,ADV,,,,,True,6,0,1.9459101490553132
bık,bıkacak,VERB,VERB,,,,,True,1,0,0.6931471805599453
mi,mıyım,AUX,AUX,0.49179730733219285,1.8739792138931677,CCONJ,"AUX: 0.49, CCONJ: 0.24, ADP: 0.18, ADV: 0.05",True,112,0,4.727387818712341
o,ondan,PRON,PRON,0.5961784524857141,1.6538184960634559,ADV,"PRON: 0.60, ADV: 0.24, CCONJ: 0.07, PROPN: 0.05",True,264,0,5.579729825986222
?,?,PUNCT,PUNCT,,,,,True,125,0,4.836281906951478
ben,Beni,PRON,PRON,0.614767428544865,1.6599914502896118,ADV,"PRON: 0.61, ADV: 0.21, CCONJ: 0.08, PROPN: 0.06",True,310,0,5.739792912179234
kıskıvrak,kıskıvrak,ADV,NOUN,,,,,False,0,1,0.0
yakala,yakaladı,VERB,VERB,,,,,True,4,0,1.6094379124341003
",",",",PUNCT,PUNCT,,,,,True,2285,0,7.734558844354756
tutsak,tutsak,ADJ,NOUN,,,,,False,0,1,0.0
et,etti,VERB,VERB,0.021423477839648417,2.0747581498935594,AUX,"AUX: 0.33, ADP: 0.33, CCONJ: 0.23",True,260,0,5.564520407322694
.,.,PUNCT,PUNCT,,,,,True,3283,0,8.096817470572319
bazen,Bazen,ADV,ADV,,,,,True,5,0,1.791759469228055
o,ondan,PRON,PRON,0.5961784524857141,1.6538184960634559,ADV,"PRON: 0.60, ADV: 0.24, CCONJ: 0.07, PROPN: 0.05",True,264,0,5.579729825986222
nefret,nefret,NOUN,NOUN,,,,,True,1,0,0.6931471805599453
et,ediyorum,VERB,VERB,0.021423477839648417,2.0747581498935594,AUX,"AUX: 0.33, ADP: 0.33, CCONJ: 0.23",True,260,0,5.564520407322694
",",",",PUNCT,PUNCT,,,,,True,2285,0,7.734558844354756
de,dedim,VERB,VERB,0.7089626585740004,0.8700574815901702,CCONJ,"VERB: 0.71, CCONJ: 0.29",True,295,0,5.69035945432406
.,.,PUNCT,PUNCT,,,,,True,3283,0,8.096817470572319
ne,?,PRON,PRON,0.657373909218341,1.5595369645973152,PROPN,"PRON: 0.66, PROPN: 0.14, ADV: 0.11, NOUN: 0.06",True,98,0,4.59511985013459
i,eymiş,AUX,AUX,0.47697018772995686,1.861138213598426,ADP,"AUX: 0.48, ADP: 0.26, CCONJ: 0.18, PROPN: 0.06",True,546,0,6.304448802421981
bu,bu,DET,DET,0.6017857940157323,1.5300103231456785,NUM,"DET: 0.60, NUM: 0.20, ADJ: 0.15",True,350,0,5.860786223465865
makine,makine,NOUN,NOUN,,,,,True,8,0,2.1972245773362196
...,...,PUNCT,PUNCT,,,,,True,91,0,4.5217885770490405
de,diyordu,VERB,VERB,0.7089626585740004,0.8700574815901702,CCONJ,"VERB: 0.71, CCONJ: 0.29",True,295,0,5.69035945432406
Gül,Gül,PROPN,PROPN,,,,,True,6,0,1.9459101490553132
abla,Abla,NOUN,NOUN,0.14243724711678044,1.7662347685743496,NUM,"NUM: 0.44, PROPN: 0.33, NOUN: 0.14, ADJ: 0.09",True,11,0,2.4849066497880004
.,.,PUNCT,PUNCT,,,,,True,3283,0,8.096817470572319
o,Onunla,PRON,PRON,0.5961784524857141,1.6538184960634559,ADV,"PRON: 0.60, ADV: 0.24, CCONJ: 0.07, PROPN: 0.05",True,264,0,5.579729825986222
saatlerce,saatlerce,ADV,ADV,,,,,True,2,0,1.0986122886681098
yalnız,yalnız,ADV,ADV,,,,,True,8,0,2.1972245773362196
kal,kalıyorum,VERB,VERB,1.0,0.0,,VERB: 1.00,True,77,0,4.356708826689592
",",",",PUNCT,PUNCT,,,,,True,2285,0,7.734558844354756
de,dedim,VERB,VERB,0.7089626585740004,0.8700574815901702,CCONJ,"VERB: 0.71, CCONJ: 0.29",True,295,0,5.69035945432406
.,.,PUNCT,PUNCT,,,,,True,3283,0,8.096817470572319
karşı,Karşı,ADV,ADV,,,,,True,3,0,1.3862943611198906
karşı,karşıya,ADJ,ADJ,0.4651418561178153,0.9964911451889301,NOUN,"NOUN: 0.53, ADJ: 0.47",True,15,0,2.772588722239781
i,yız,AUX,AUX,0.47697018772995686,1.861138213598426,ADP,"AUX: 0.48, ADP: 0.26, CCONJ: 0.18, PROPN: 0.06",True,546,0,6.304448802421981
.,.,PUNCT,PUNCT,,,,,True,3283,0,8.096817470572319
artık,Artık,ADV,ADV,0.0895164476303238,2.0263396610671656,PRON,"PRON: 0.47, CCONJ: 0.25, PROPN: 0.12, ADV: 0.09",True,30,0,3.4339872044851463
birbiri,birbirimizin,PRON,PRON,0.6383125076461561,1.5385441389140795,ADV,"PRON: 0.64, ADV: 0.21, PROPN: 0.07, NOUN: 0.05",True,20,0,3.044522437723423
sinyal,sinyallerini,NOUN,NOUN,,,,,True,1,0,0.6931471805599453
çok,çok,ADV,ADV,0.33203987735528007,1.3405495937378578,PRON,"PRON: 0.59, ADV: 0.33, ADJ: 0.05",True,97,0,4.584967478670572
iyi,iyi,ADJ,ADJ,0.03291619485831978,1.0997597953020077,PRON,"PRON: 0.75, ADV: 0.18",True,58,0,4.07753744390572
tanı,tanıyoruz,VERB,VERB,1.0,0.0,,VERB: 1.00,True,21,0,3.091042453358316
.,.,PUNCT,PUNCT,,,,,True,3283,0,8.096817470572319
huysuz,Huysuz,ADJ,ADJ,,,,,False,0,0,0.0
ol,olduğu,VERB,VERB,1.0,0.0,,VERB: 1.00,True,603,0,6.403574197934815
",",",",PUNCT,PUNCT,,,,,True,2285,0,7.734558844354756
ben,bana,PRON,PRON,0.614767428544865,1.6599914502896118,ADV,"PRON: 0.61, ADV: 0.21, CCONJ: 0.08, PROPN: 0.06",True,310,0,5.739792912179234
hiçbir,hiçbir,DET,DET,0.5590022920065886,1.4972751375281939,NUM,"DET: 0.56, NUM: 0.32, ADJ: 0.08",True,17,0,2.8903717578961645
şey,şey,NOUN,NOUN,0.7797490937613291,0.7606253858126094,ADJ,"NOUN: 0.78, ADJ: 0.22",True,102,0,4.634728988229636
ver,vermeyeceği,VERB,VERB,1.0,0.0,,VERB: 1.00,True,138,0,4.9344739331306915
gün,günleri,NOUN,NOUN,0.7766440096348868,0.7662482696838814,ADJ,"NOUN: 0.78, ADJ: 0.22",True,91,0,4.5217885770490405
çok,çok,ADV,ADV,0.33203987735528007,1.3405495937378578,PRON,"PRON: 0.59, ADV: 0.33, ADJ: 0.05",True,97,0,4.584967478670572
iyi,iyi,ADJ,ADJ,0.03291619485831978,1.0997597953020077,PRON,"PRON: 0.75, ADV: 0.18",True,58,0,4.07753744390572
bil,bilirim,VERB,VERB,0.6930942464089043,1.0036086273143747,CCONJ,"VERB: 0.69, CCONJ: 0.28",True,101,0,4.624972813284271
.,.,PUNCT,PUNCT,,,,,True,3283,0,8.096817470572319
ilk,İlk,ADV,ADJ,,,,,True,8,1,2.1972245773362196
oturuş,oturuşta,NOUN,NOUN,,,,,False,0,0,0.0
anla,anlarım,VERB,VERB,1.0,0.0,,VERB: 1.00,True,44,0,3.8066624897703196
bu,bunu,PRON,PRON,0.7006788109102466,1.3923524752663319,ADV,"PRON: 0.70, ADV: 0.14, CCONJ: 0.09, NOUN: 0.05",True,171,0,5.147494476813453
.,.,PUNCT,PUNCT,,,,,True,3283,0,8.096817470572319
tuhaf,Tuhaf,NOUN,NOUN,,,,,False,0,0,0.0
bir,bir,DET,DET,0.49958184875865663,1.6482580173109218,NUM,"DET: 0.50, NUM: 0.30, ADJ: 0.15",True,616,0,6.424869023905388
an,andır,VERB,ADJ,,,,,True,4,1,1.6094379124341003
o,o,PRON,PRON,0.5961784524857141,1.6538184960634559,ADV,"PRON: 0.60, ADV: 0.24, CCONJ: 0.07, PROPN: 0.05",True,264,0,5.579729825986222
.,.,PUNCT,PUNCT,,,,,True,3283,0,8.096817470572319
birbiri,Birbirimize,PRON,PRON,0.6383125076461561,1.5385441389140795,ADV,"PRON: 0.64, ADV: 0.21, PROPN: 0.07, NOUN: 0.05",True,20,0,3.044522437723423
bak,bakarız,VERB,VERB,1.0,0.0,,VERB: 1.00,True,85,0,4.454347296253507
.,.,PUNCT,PUNCT,,,,,True,3283,0,8.096817470572319
o,O,PRON,PRON,0.5961784524857141,1.6538184960634559,ADV,"PRON: 0.60, ADV: 0.24, CCONJ: 0.07, PROPN: 0.05",True,264,0,5.579729825986222
",",",",PUNCT,PUNCT,,,,,True,2285,0,7.734558844354756
değişik,değişik,ADJ,ADJ,,,,,True,5,0,1.791759469228055
renk,renkleri,NOUN,NOUN,,,,,True,9,0,2.302585092994046
ve,ve,CCONJ,CCONJ,0.23925769350174309,2.411623002364367,NUM,"NUM: 0.34, CCONJ: 0.24, ADJ: 0.14, DET: 0.11, PRON: 0.09, PROPN: 0.06",True,359,0,5.886104031450156
yan,yandan,ADJ,ADJ,0.22369130935054335,0.7668506751450528,NOUN,"NOUN: 0.78, ADJ: 0.22",True,60,0,4.110873864173311
ışık,ışıkları,NOUN,NOUN,0.1813970724598075,1.01867441004463,PRON,"PRON: 0.75, NOUN: 0.18, ADJ: 0.07",True,12,0,2.5649493574615367
ile,ile,CCONJ,CCONJ,0.3764593242479542,2.1137914166498284,ADP,"CCONJ: 0.38, ADP: 0.37, NUM: 0.11, PROPN: 0.05",True,72,0,4.290459441148391
karşı,karşımda,ADJ,ADJ,0.4651418561178153,0.9964911451889301,NOUN,"NOUN: 0.53, ADJ: 0.47",True,15,0,2.772588722239781
hazır,hazır,ADJ,ADJ,0.3734486348171704,1.739772839140486,NOUN,"NOUN: 0.37, ADJ: 0.37, ADV: 0.20",True,12,0,2.5649493574615367
i,dır,AUX,AUX,0.47697018772995686,1.861138213598426,ADP,"AUX: 0.48, ADP: 0.26, CCONJ: 0.18, PROPN: 0.06",True,546,0,6.304448802421981
.,.,PUNCT,PUNCT,,,,,True,3283,0,8.096817470572319
sanki,Sanki,ADV,ADV,0.18798383564530385,1.769447959111264,PRON,"PRON: 0.55, ADV: 0.19, CCONJ: 0.14, PROPN: 0.10",True,14,0,2.70805020110221
ilk,ilk,ADV,ADV,,,,,True,8,0,2.1972245773362196
başta,başta,ADV,ADV,,,,,False,0,0,0.0
konuş,konuşmaya,VERB,VERB,1.0,0.0,,VERB: 1.00,True,61,0,4.127134385045092
başla,başlar,VERB,VERB,0.7003594242233127,0.880851097931121,CCONJ,"VERB: 0.70, CCONJ: 0.30",True,83,0,4.430816798843313
ben,benimle,PRON,PRON,0.614767428544865,1.6599914502896118,ADV,"PRON: 0.61, ADV: 0.21, CCONJ: 0.08, PROPN: 0.06",True,310,0,5.739792912179234
.,.,PUNCT,PUNCT,,,,,True,3283,0,8.096817470572319
küçük,Küçük,ADJ,ADJ,0.1447489167000414,2.0397905976212307,DET,"DET: 0.47, NUM: 0.23, ADJ: 0.14, CCONJ: 0.08, PROPN: 0.06",True,24,0,3.2188758248682006
küçük,küçük,ADJ,ADJ,0.1447489167000414,2.0397905976212307,DET,"DET: 0.47, NUM: 0.23, ADJ: 0.14, CCONJ: 0.08, PROPN: 0.06",True,24,0,3.2188758248682006
sürpriz,sürprizler,NOUN,NOUN,,,,,True,4,0,1.6094379124341003
yap,yapmaya,VERB,VERB,1.0,0.0,,VERB: 1.00,True,209,0,5.3471075307174685
başla,başlar,VERB,VERB,0.7003594242233127,0.880851097931121,CCONJ,"VERB: 0.70, CCONJ: 0.30",True,83,0,4.430816798843313
.,.,PUNCT,PUNCT,,,,,True,3283,0,8.096817470572319
yer,Yerime,NOUN,NOUN,0.6105573897718891,0.964438903111094,ADJ,"NOUN: 0.61, ADJ: 0.39",True,111,0,4.718498871295094
iyi,iyi,ADJ,ADJ,0.03291619485831978,1.0997597953020077,PRON,"PRON: 0.75, ADV: 0.18",True,58,0,4.07753744390572
ce,ce,ADP,ADP,,,,,True,32,0,3.4965075614664802
yerleş,yerleşirim,VERB,VERB,,,,,True,10,0,2.3978952727983707
.,.,PUNCT,PUNCT,,,,,True,3283,0,8.096817470572319
sigara,Sigara,NOUN,NOUN,,,,,True,9,0,2.302585092994046
paket,paketim,NOUN,NOUN,1.0,0.0,,NOUN: 1.00,True,11,0,2.4849066497880004
gel,gelmiştir,VERB,VERB,1.0,0.0,,VERB: 1.00,True,166,0,5.117993812416755
.,.,PUNCT,PUNCT,,,,,True,3283,0,8.096817470572319
bir,Bir,DET,DET,0.49958184875865663,1.6482580173109218,NUM,"DET: 0.50, NUM: 0.30, ADJ: 0.15",True,616,0,6.424869023905388
kahve,kahve,NOUN,NOUN,0.7752798666190834,0.7686931469257793,ADJ,"NOUN: 0.78, ADJ: 0.22",True,19,0,2.995732273553991
söyle,söylerim,VERB,VERB,0.721528986702589,0.8533590847777625,CCONJ,"VERB: 0.72, CCONJ: 0.28",True,89,0,4.499809670330265
.,.,PUNCT,PUNCT,,,,,True,3283,0,8.096817470572319
o,Onun,PRON,PRON,0.5961784524857141,1.6538184960634559,ADV,"PRON: 0.60, ADV: 0.24, CCONJ: 0.07, PROPN: 0.05",True,264,0,5.579729825986222
garip,garip,ADJ,ADJ,,,,,True,1,0,0.6931471805599453
çekim,çekimine,NOUN,NOUN,,,,,True,1,0,0.6931471805599453
gir,girmişimdir,VERB,VERB,1.0,0.0,,VERB: 1.00,True,63,0,4.1588830833596715
artık,artık,ADV,ADV,0.0895164476303238,2.0263396610671656,PRON,"PRON: 0.47, CCONJ: 0.25, PROPN: 0.12, ADV: 0.09",True,30,0,3.4339872044851463
.,.,PUNCT,PUNCT,,,,,True,3283,0,8.096817470572319
bazen,Bazen,ADV,ADV,,,,,True,5,0,1.791759469228055
çok,çok,ADJ,ADJ,0.11052386614726717,2.2021956458728464,DET,"DET: 0.40, NUM: 0.29, ADJ: 0.11, ADV: 0.07, CCONJ: 0.07",True,38,0,3.6635616461296463
para,para,NOUN,NOUN,0.23514448544243344,1.7957240914597472,PRON,"PRON: 0.48, NOUN: 0.24, PROPN: 0.15, ADJ: 0.13",True,27,0,3.332204510175204
ver,verir,VERB,VERB,1.0,0.0,,VERB: 1.00,True,138,0,4.9344739331306915
ben,bana,PRON,PRON,0.614767428544865,1.6599914502896118,ADV,"PRON: 0.61, ADV: 0.21, CCONJ: 0.08, PROPN: 0.06",True,310,0,5.739792912179234
.,.,PUNCT,PUNCT,,,,,True,3283,0,8.096817470572319
bazen,Bazen,ADV,ADV,,,,,True,5,0,1.791759469228055
de,de,CCONJ,CCONJ,0.13783772654910434,1.6723904656042283,AUX,"AUX: 0.44, ADP: 0.38, CCONJ: 0.14",True,326,0,5.7899601708972535
bütün,bütün,ADJ,ADJ,0.1561306664363315,1.657842220698849,DET,"DET: 0.62, ADJ: 0.16, NUM: 0.10, CCONJ: 0.07, PROPN: 0.05",True,35,0,3.58351893845611
para,paranı,NOUN,NOUN,0.23514448544243344,1.7957240914597472,PRON,"PRON: 0.48, NOUN: 0.24, PROPN: 0.15, ADJ: 0.13",True,27,0,3.332204510175204
al,alır,VERB,VERB,1.0,0.0,,VERB: 1.00,True,169,0,5.135798437050262
.,.,PUNCT,PUNCT,,,,,True,3283,0,8.096817470572319
aldat,Aldatma,VERB,VERB,,,,,False,0,0,0.0
üst,üstüne,ADJ,ADJ,0.46638801387351886,0.9967377258438014,NOUN,"NOUN: 0.53, ADJ: 0.47",True,32,0,3.4965075614664802
kur,kurulmuş,VERB,VERB,0.9246812373164471,0.3854658414165868,ADJ,"VERB: 0.92, ADJ: 0.08",True,21,0,3.091042453358316
bir,bir,DET,DET,0.49958184875865663,1.6482580173109218,NUM,"DET: 0.50, NUM: 0.30, ADJ: 0.15",True,616,0,6.424869023905388
mekanizma,mekanizma,NOUN,NOUN,,,,,False,0,0,0.0
.,.,PUNCT,PUNCT,,,,,True,3283,0,8.096817470572319
bu,Bu,DET,DET,0.6017857940157323,1.5300103231456785,NUM,"DET: 0.60, NUM: 0.20, ADJ: 0.15",True,350,0,5.860786223465865
makine,makine,NOUN,NOUN,,,,,True,8,0,2.1972245773362196
sen,seni,PRON,PRON,0.5975153654339292,1.4960517331359373,ADV,"PRON: 0.60, ADV: 0.28, PROPN: 0.06",True,96,0,4.574710978503383
aldat,aldatmak,VERB,VERB,,,,,False,0,0,0.0
için,için,ADP,ADP,0.4371344784042817,1.7284041476856495,AUX,"ADP: 0.44, AUX: 0.27, CCONJ: 0.25",True,159,0,5.075173815233827
ora,oraya,NOUN,NOUN,0.06614595594686694,1.725004869700506,PRON,"PRON: 0.60, PROPN: 0.15, ADV: 0.12, NOUN: 0.07, ADJ: 0.06",True,29,0,3.4011973816621555
yerleş,yerleştirilmiş,VERB,VERB,,,,,True,10,0,2.3978952727983707
.,.,PUNCT,PUNCT,,,,,True,3283,0,8.096817470572319
sen,Sana,PRON,PRON,0.5975153654339292,1.4960517331359373,ADV,"PRON: 0.60, ADV: 0.28, PROPN: 0.06",True,96,0,4.574710978503383
para,para,NOUN,NOUN,0.23514448544243344,1.7957240914597472,PRON,"PRON: 0.48, NOUN: 0.24, PROPN: 0.15, ADJ: 0.13",True,27,0,3.332204510175204
ver,vermek,VERB,VERB,1.0,0.0,,VERB: 1.00,True,138,0,4.9344739331306915
için,için,ADP,ADP,0.4371344784042817,1.7284041476856495,AUX,"ADP: 0.44, AUX: 0.27, CCONJ: 0.25",True,159,0,5.075173815233827
değil,değil,AUX,AUX,0.684685125302444,0.8992136021504445,VERB,"AUX: 0.68, VERB: 0.32",True,72,0,4.290459441148391
",",",",PUNCT,PUNCT,,,,,True,2285,0,7.734558844354756
sen,senden,PRON,PRON,0.5975153654339292,1.4960517331359373,ADV,"PRON: 0.60, ADV: 0.28, PROPN: 0.06",True,96,0,4.574710978503383
para,para,NOUN,NOUN,0.23514448544243344,1.7957240914597472,PRON,"PRON: 0.48, NOUN: 0.24, PROPN: 0.15, ADJ: 0.13",True,27,0,3.332204510175204
al,almak,VERB,VERB,1.0,0.0,,VERB: 1.00,True,169,0,5.135798437050262
için,için,ADP,ADP,0.4371344784042817,1.7284041476856495,AUX,"ADP: 0.44, AUX: 0.27, CCONJ: 0.25",True,159,0,5.075173815233827
.,.,PUNCT,PUNCT,,,,,True,3283,0,8.096817470572319
bütün,Bütün,ADJ,ADJ,0.1561306664363315,1.657842220698849,DET,"DET: 0.62, ADJ: 0.16, NUM: 0.10, CCONJ: 0.07, PROPN: 0.05",True,35,0,3.58351893845611
kural,kural,NOUN,NOUN,,,,,True,6,0,1.9459101490553132
sen,seni,PRON,PRON,0.5975153654339292,1.4960517331359373,ADV,"PRON: 0.60, ADV: 0.28, PROPN: 0.06",True,96,0,4.574710978503383
aldat,aldatmak,VERB,VERB,,,,,False,0,0,0.0
için,için,ADP,ADP,0.4371344784042817,1.7284041476856495,AUX,"ADP: 0.44, AUX: 0.27, CCONJ: 0.25",True,159,0,5.075173815233827
kur,kurulmuş,VERB,VERB,0.9246812373164471,0.3854658414165868,ADJ,"VERB: 0.92, ADJ: 0.08",True,21,0,3.091042453358316
.,.,PUNCT,PUNCT,,,,,True,3283,0,8.096817470572319
bu,Bunu,PRON,PRON,0.7006788109102466,1.3923524752663319,ADV,"PRON: 0.70, ADV: 0.14, CCONJ: 0.09, NOUN: 0.05",True,171,0,5.147494476813453
anla,anlayamıyor,VERB,VERB,1.0,0.0,,VERB: 1.00,True,44,0,3.8066624897703196
mi,musun,AUX,AUX,0.49179730733219285,1.8739792138931677,CCONJ,"AUX: 0.49, CCONJ: 0.24, ADP: 0.18, ADV: 0.05",True,112,0,4.727387818712341
?,?,PUNCT,PUNCT,,,,,True,125,0,4.836281906951478
diye,diye,ADP,ADP,0.26515728248607623,2.352927457262911,AUX,"AUX: 0.34, ADP: 0.27, PRON: 0.15, CCONJ: 0.13",True,107,0,4.68213122712422
sor,sordu,VERB,VERB,1.0,0.0,,VERB: 1.00,True,49,0,3.912023005428146
Gül,Gül,PROPN,PROPN,,,,,True,6,0,1.9459101490553132
abla,Abla,NOUN,NOUN,0.14243724711678044,1.7662347685743496,NUM,"NUM: 0.44, PROPN: 0.33, NOUN: 0.14, ADJ: 0.09",True,11,0,2.4849066497880004
.,.,PUNCT,PUNCT,,,,,True,3283,0,8.096817470572319
ama,Ama,CCONJ,CCONJ,0.26313102212215905,1.8047829885976687,PRON,"PRON: 0.46, CCONJ: 0.26, ADV: 0.22",True,139,0,4.941642422609304
bu,bu,PRON,PRON,0.7006788109102466,1.3923524752663319,ADV,"PRON: 0.70, ADV: 0.14, CCONJ: 0.09, NOUN: 0.05",True,171,0,5.147494476813453
bir,bir,DET,DET,0.49958184875865663,1.6482580173109218,NUM,"DET: 0.50, NUM: 0.30, ADJ: 0.15",True,616,0,6.424869023905388
oyun,oyun,NOUN,NOUN,,,,,True,7,0,2.0794415416798357
",",",",PUNCT,PUNCT,,,,,True,2285,0,7.734558844354756
karşılık,karşılık,NOUN,NOUN,,,,,True,8,0,2.1972245773362196
li,lı,ADP,ADP,0.2797323618856777,2.3836488217196035,AUX,"AUX: 0.30, ADP: 0.28, CCONJ: 0.23, NUM: 0.08",True,182,0,5.209486152841421
bir,bir,DET,DET,0.49958184875865663,1.6482580173109218,NUM,"DET: 0.50, NUM: 0.30, ADJ: 0.15",True,616,0,6.424869023905388
oyun,oyun,NOUN,NOUN,,,,,True,7,0,2.0794415416798357
.,.,PUNCT,PUNCT,,,,,True,3283,0,8.096817470572319
makine,Makine,NOUN,NOUN,,,,,True,8,0,2.1972245773362196
ile,ile,CCONJ,CCONJ,0.3764593242479542,2.1137914166498284,ADP,"CCONJ: 0.38, ADP: 0.37, NUM: 0.11, PROPN: 0.05",True,72,0,4.290459441148391
ben,benim,PRON,PRON,0.614767428544865,1.6599914502896118,ADV,"PRON: 0.61, ADV: 0.21, CCONJ: 0.08, PROPN: 0.06",True,310,0,5.739792912179234
ara,aramda,ADJ,ADJ,0.45952551652597307,0.9952680248528016,NOUN,"NOUN: 0.54, ADJ: 0.46",True,73,0,4.30406509320417
",",",",PUNCT,PUNCT,,,,,True,2285,0,7.734558844354756
de,dedim,VERB,VERB,0.7089626585740004,0.8700574815901702,CCONJ,"VERB: 0.71, CCONJ: 0.29",True,295,0,5.69035945432406
.,.,PUNCT,PUNCT,,,,,True,3283,0,8.096817470572319
başka,Başkaları,ADJ,ADJ,0.019678146206921186,1.7040643896520111,PRON,"PRON: 0.56, ADV: 0.22, PROPN: 0.14, NOUN: 0.06",True,35,0,3.58351893845611
da,da,CCONJ,CCONJ,0.13730810580889885,1.6721173968196932,AUX,"AUX: 0.44, ADP: 0.38, CCONJ: 0.14",True,275,0,5.62040086571715
aynı,aynı,ADJ,ADJ,0.11957005345771128,1.4044471997085064,DET,"DET: 0.58, NUM: 0.29, ADJ: 0.12",True,44,0,3.8066624897703196
şey,şeyleri,NOUN,NOUN,0.7797490937613291,0.7606253858126094,ADJ,"NOUN: 0.78, ADJ: 0.22",True,102,0,4.634728988229636
yap,yapıyor,VERB,VERB,1.0,0.0,,VERB: 1.00,True,209,0,5.3471075307174685
.,.,PUNCT,PUNCT,,,,,True,3283,0,8.096817470572319
ama,Ama,CCONJ,CCONJ,0.26313102212215905,1.8047829885976687,PRON,"PRON: 0.46, CCONJ: 0.26, ADV: 0.22",True,139,0,4.941642422609304
ben,benim,PRON,PRON,0.614767428544865,1.6599914502896118,ADV,"PRON: 0.61, ADV: 0.21, CCONJ: 0.08, PROPN: 0.06",True,310,0,5.739792912179234
hisset,hissettiklerimi,VERB,VERB,0.7158765697562461,0.8610086165807805,CCONJ,"VERB: 0.72, CCONJ: 0.28",True,13,0,2.6390573296152584
hisset,hissedemezler,VERB,VERB,0.7158765697562461,0.8610086165807805,CCONJ,"VERB: 0.72, CCONJ: 0.28",True,13,0,2.6390573296152584
!,!,PUNCT,PUNCT,,,,,True,39,0,3.6888794541139363
diye,diye,ADP,ADP,0.26515728248607623,2.352927457262911,AUX,"AUX: 0.34, ADP: 0.27, PRON: 0.15, CCONJ: 0.13",True,107,0,4.68213122712422
bağır,bağırdım,VERB,VERB,,,,,True,7,0,2.0794415416798357
.,.,PUNCT,PUNCT,,,,,True,3283,0,8.096817470572319
bil,Biliyorum,VERB,VERB,0.6930942464089043,1.0036086273143747,CCONJ,"VERB: 0.69, CCONJ: 0.28",True,101,0,4.624972813284271
!,!,PUNCT,PUNCT,,,,,True,39,0,3.6888794541139363
bil,Biliyorum,VERB,VERB,0.6930942464089043,1.0036086273143747,CCONJ,"VERB: 0.69, CCONJ: 0.28",True,101,0,4.624972813284271
işte,işte,ADV,ADV,0.11734689772862172,2.034632031144819,PRON,"PRON: 0.41, CCONJ: 0.29, PROPN: 0.15, ADV: 0.12",True,18,0,2.9444389791664403
!,!,PUNCT,PUNCT,,,,,True,39,0,3.6888794541139363
o,O,PRON,PRON,0.5961784524857141,1.6538184960634559,ADV,"PRON: 0.60, ADV: 0.24, CCONJ: 0.07, PROPN: 0.05",True,264,0,5.579729825986222
ben,benim,PRON,PRON,0.614767428544865,1.6599914502896118,ADV,"PRON: 0.61, ADV: 0.21, CCONJ: 0.08, PROPN: 0.06",True,310,0,5.739792912179234
makine,makinem,NOUN,NOUN,,,,,True,8,0,2.1972245773362196
!,!,PUNCT,PUNCT,,,,,True,39,0,3.6888794541139363
diye,diye,ADP,ADP,0.26515728248607623,2.352927457262911,AUX,"AUX: 0.34, ADP: 0.27, PRON: 0.15, CCONJ: 0.13",True,107,0,4.68213122712422
bağır,bağırdım,VERB,VERB,,,,,True,7,0,2.0794415416798357
.,.,PUNCT,PUNCT,,,,,True,3283,0,8.096817470572319
casino,Casino,NOUN,NOUN,,,,,False,0,0,0.0
Venüs,Venüs,PROPN,PROPN,,,,,False,0,0,0.0
de,dedi,VERB,VERB,0.7089626585740004,0.8700574815901702,CCONJ,"VERB: 0.71, CCONJ: 0.29",True,295,0,5.69035945432406
Gül,Gül,PROPN,PROPN,,,,,True,6,0,1.9459101490553132
abla,Abla,NOUN,NOUN,0.14243724711678044,1.7662347685743496,NUM,"NUM: 0.44, PROPN: 0.33, NOUN: 0.14, ADJ: 0.09",True,11,0,2.4849066497880004
.,.,PUNCT,PUNCT,,,,,True,3283,0,8.096817470572319
şu,Şu,PRON,DET,0.4913397559227425,1.8798785611786026,ADV,"PRON: 0.49, ADV: 0.24, NOUN: 0.13, PROPN: 0.11",True,18,1,2.9444389791664403
sen,senin,PRON,PRON,0.5975153654339292,1.4960517331359373,ADV,"PRON: 0.60, ADV: 0.28, PROPN: 0.06",True,96,0,4.574710978503383
erkek,erkek,ADJ,ADJ,0.2550214721482965,1.9837572266938677,DET,"DET: 0.30, ADJ: 0.26, PRON: 0.24, NOUN: 0.20",True,24,0,3.2188758248682006
makine,makinen,NOUN,NOUN,,,,,True,8,0,2.1972245773362196
.,.,PUNCT,PUNCT,,,,,True,3283,0,8.096817470572319
tut,Tutulmuşsun,VERB,VERB,1.0,0.0,,VERB: 1.00,True,29,0,3.4011973816621555
o,ona,PRON,PRON,0.5961784524857141,1.6538184960634559,ADV,"PRON: 0.60, ADV: 0.24, CCONJ: 0.07, PROPN: 0.05",True,264,0,5.579729825986222
.,.,PUNCT,PUNCT,,,,,True,3283,0,8.096817470572319
bir,Bir,DET,DET,0.49958184875865663,1.6482580173109218,NUM,"DET: 0.50, NUM: 0.30, ADJ: 0.15",True,616,0,6.424869023905388
aldatmaca,aldatmaca,NOUN,NOUN,,,,,True,1,0,0.6931471805599453
.,.,PUNCT,PUNCT,,,,,True,3283,0,8.096817470572319
tehlike,Tehlike,NOUN,NOUN,,,,,True,6,0,1.9459101490553132
li,li,ADP,ADP,0.2797323618856777,2.3836488217196035,AUX,"AUX: 0.30, ADP: 0.28, CCONJ: 0.23, NUM: 0.08",True,182,0,5.209486152841421
şey,şeyler,NOUN,NOUN,0.7797490937613291,0.7606253858126094,ADJ,"NOUN: 0.78, ADJ: 0.22",True,102,0,4.634728988229636
bu,bunlar,PRON,PRON,0.7006788109102466,1.3923524752663319,ADV,"PRON: 0.70, ADV: 0.14, CCONJ: 0.09, NOUN: 0.05",True,171,0,5.147494476813453
...,...,PUNCT,PUNCT,,,,,True,91,0,4.5217885770490405
evet,Evet,NOUN,NOUN,0.06449692503540634,2.073848469012467,PROPN,"PROPN: 0.46, PRON: 0.23, ADV: 0.11, CCONJ: 0.11, NOUN: 0.06",True,13,0,2.6390573296152584
",",",",PUNCT,PUNCT,,,,,True,2285,0,7.734558844354756
de,dedim,VERB,VERB,0.7089626585740004,0.8700574815901702,CCONJ,"VERB: 0.71, CCONJ: 0.29",True,295,0,5.69035945432406
o,Onun,PRON,PRON,0.5961784524857141,1.6538184960634559,ADV,"PRON: 0.60, ADV: 0.24, CCONJ: 0.07, PROPN: 0.05",True,264,0,5.579729825986222
için,için,ADP,ADP,0.4371344784042817,1.7284041476856495,AUX,"ADP: 0.44, AUX: 0.27, CCONJ: 0.25",True,159,0,5.075173815233827
sev,seviyorum,VERB,VERB,1.0,0.0,,VERB: 1.00,True,44,0,3.8066624897703196
o,onları,PRON,PRON,0.5961784524857141,1.6538184960634559,ADV,"PRON: 0.60, ADV: 0.24, CCONJ: 0.07, PROPN: 0.05",True,264,0,5.579729825986222
.,.,PUNCT,PUNCT,,,,,True,3283,0,8.096817470572319
casino,Casino,NOUN,NOUN,,,,,False,0,0,0.0
Venüs,Venüs'e,PROPN,PROPN,,,,,False,0,0,0.0
gir,?,VERB,VERB,1.0,0.0,,VERB: 1.00,True,63,0,4.1588830833596715
i,irerken,AUX,AUX,0.47697018772995686,1.861138213598426,ADP,"AUX: 0.48, ADP: 0.26, CCONJ: 0.18, PROPN: 0.06",True,546,0,6.304448802421981
o,o,DET,DET,0.6447660992254824,1.4376147671166477,NUM,"DET: 0.64, NUM: 0.18, ADJ: 0.13",True,113,0,4.736198448394496
kilit,kilit,NOUN,NOUN,,,,,True,1,0,0.6931471805599453
li,li,ADP,ADP,0.2797323618856777,2.3836488217196035,AUX,"AUX: 0.30, ADP: 0.28, CCONJ: 0.23, NUM: 0.08",True,182,0,5.209486152841421
cam,cam,ADJ,ADJ,,,,,True,5,0,1.791759469228055
li,lı,ADP,ADP,0.2797323618856777,2.3836488217196035,AUX,"AUX: 0.30, ADP: 0.28, CCONJ: 0.23, NUM: 0.08",True,182,0,5.209486152841421
dön,dönen,VERB,VERB,1.0,0.0,,VERB: 1.00,True,37,0,3.6375861597263857
kapı,kapıdan,NOUN,NOUN,0.29229919585074965,1.974713495304894,PRON,"PRON: 0.30, NOUN: 0.29, ADJ: 0.21, PROPN: 0.19",True,22,0,3.1354942159291497
geçer,geçer,ADJ,ADJ,,,,,True,1,0,0.6931471805599453
i,ken,AUX,AUX,0.47697018772995686,1.861138213598426,ADP,"AUX: 0.48, ADP: 0.26, CCONJ: 0.18, PROPN: 0.06",True,546,0,6.304448802421981
içim,içim,NOUN,NOUN,,,,,False,0,0,0.0
bir,bir,DET,DET,0.49958184875865663,1.6482580173109218,NUM,"DET: 0.50, NUM: 0.30, ADJ: 0.15",True,616,0,6.424869023905388
an,an,ADV,ADV,,,,,True,1,0,0.6931471805599453
heyecan,heyecandan,NOUN,NOUN,,,,,True,6,0,1.9459101490553132
cız,cızlar,NOUN,NOUN,,,,,False,0,0,0.0
.,.,PUNCT,PUNCT,,,,,True,3283,0,8.096817470572319
tehlike,Tehlikeyi,NOUN,NOUN,,,,,True,6,0,1.9459101490553132
bil,bilirim,VERB,VERB,0.6930942464089043,1.0036086273143747,CCONJ,"VERB: 0.69, CCONJ: 0.28",True,101,0,4.624972813284271
.,.,PUNCT,PUNCT,,,,,True,3283,0,8.096817470572319
tehlike,Tehlike,NOUN,NOUN,,,,,True,6,0,1.9459101490553132
li,li,ADP,ADP,0.2797323618856777,2.3836488217196035,AUX,"AUX: 0.30, ADP: 0.28, CCONJ: 0.23, NUM: 0.08",True,182,0,5.209486152841421
şey,şeyler,NOUN,NOUN,0.7797490937613291,0.7606253858126094,ADJ,"NOUN: 0.78, ADJ: 0.22",True,102,0,4.634728988229636
bu,bunlar,PRON,PRON,0.7006788109102466,1.3923524752663319,ADV,"PRON: 0.70, ADV: 0.14, CCONJ: 0.09, NOUN: 0.05",True,171,0,5.147494476813453
gerçekten,gerçekten,ADV,ADV,,,,,True,7,0,2.0794415416798357
.,.,PUNCT,PUNCT,,,,,True,3283,0,8.096817470572319
belki,Belki,ADV,ADV,0.2976823675361869,1.9102296920048334,PRON,"PRON: 0.39, ADV: 0.30, CCONJ: 0.20, PROPN: 0.10",True,25,0,3.258096538021482
de,de,CCONJ,CCONJ,0.13783772654910434,1.6723904656042283,AUX,"AUX: 0.44, ADP: 0.38, CCONJ: 0.14",True,326,0,5.7899601708972535
o,o,DET,DET,0.6447660992254824,1.4376147671166477,NUM,"DET: 0.64, NUM: 0.18, ADJ: 0.13",True,113,0,4.736198448394496
yüz,yüzden,NOUN,NOUN,0.4177442495739065,0.9803883989493742,ADJ,"ADJ: 0.58, NOUN: 0.42",True,30,0,3.4339872044851463
böyle,böyle,ADV,ADV,0.158683827175278,1.5460276291544226,PRON,"PRON: 0.66, ADV: 0.16, PROPN: 0.07, ADJ: 0.06, NOUN: 0.05",True,35,0,3.58351893845611
çekici,çekici,ADJ,ADJ,,,,,False,0,0,0.0
.,.,PUNCT,PUNCT,,,,,True,3283,0,8.096817470572319
Bartın,Bartın,PROPN,PROPN,,,,,False,0,0,0.0
gece,gecesinden,NOUN,NOUN,0.19864455081399557,0.9246613571687522,PRON,"PRON: 0.77, NOUN: 0.20",True,37,0,3.6375861597263857
soğuk,soğuk,ADJ,ADJ,,,,,True,5,0,1.791759469228055
bir,bir,DET,DET,0.49958184875865663,1.6482580173109218,NUM,"DET: 0.50, NUM: 0.30, ADJ: 0.15",True,616,0,6.424869023905388
yel,yel,NOUN,NOUN,,,,,False,0,0,0.0
es,esmeye,VERB,VERB,,,,,False,0,0,0.0
başla,başlamıştı,VERB,VERB,0.7003594242233127,0.880851097931121,CCONJ,"VERB: 0.70, CCONJ: 0.30",True,83,0,4.430816798843313
.,.,PUNCT,PUNCT,,,,,True,3283,0,8.096817470572319
Mebrure,Mebrure,PROPN,PROPN,,,,,False,0,0,0.0
yanıbaşı,yanıbaşımda,NOUN,NOUN,,,,,False,0,0,0.0
i,ydı,AUX,AUX,0.47697018772995686,1.861138213598426,ADP,"AUX: 0.48, ADP: 0.26, CCONJ: 0.18, PROPN: 0.06",True,546,0,6.304448802421981
.,.,PUNCT,PUNCT,,,,,True,3283,0,8.096817470572319
Taşhan,Taşhan'ın,PROPN,PROPN,,,,,False,0,0,0.0
kapı,kapısının,NOUN,NOUN,0.29229919585074965,1.974713495304894,PRON,"PRON: 0.30, NOUN: 0.29, ADJ: 0.21, PROPN: 0.19",True,22,0,3.1354942159291497
ön,önünde,ADJ,ADJ,0.45739573711896436,1.2559973268911384,NOUN,"NOUN: 0.49, ADJ: 0.46, VERB: 0.06",True,36,0,3.6109179126442243
i,ydik,AUX,AUX,0.47697018772995686,1.861138213598426,ADP,"AUX: 0.48, ADP: 0.26, CCONJ: 0.18, PROPN: 0.06",True,546,0,6.304448802421981
.,.,PUNCT,PUNCT,,,,,True,3283,0,8.096817470572319
ay,Ay,NOUN,NOUN,0.39387553074624077,1.7763200980518743,PRON,"NOUN: 0.39, PRON: 0.33, PROPN: 0.21, ADJ: 0.06",True,23,0,3.1780538303479458
çok,çoktan,ADJ,ADJ,0.11052386614726717,2.2021956458728464,DET,"DET: 0.40, NUM: 0.29, ADJ: 0.11, ADV: 0.07, CCONJ: 0.07",True,38,0,3.6635616461296463
bat,batmıştı,VERB,VERB,,,,,False,0,0,0.0
.,.,PUNCT,PUNCT,,,,,True,3283,0,8.096817470572319
mektup,Mektubu,NOUN,NOUN,,,,,True,5,0,1.791759469228055
yaz,yazdım,VERB,VERB,1.0,0.0,,VERB: 1.00,True,35,0,3.58351893845611
",",",",PUNCT,PUNCT,,,,,True,2285,0,7.734558844354756
de,dedi,VERB,VERB,0.7089626585740004,0.8700574815901702,CCONJ,"VERB: 0.71, CCONJ: 0.29",True,295,0,5.69035945432406
.,.,PUNCT,PUNCT,,,,,True,3283,0,8.096817470572319
el,Elinde,NOUN,NOUN,0.685323078074829,0.8984985975836332,ADJ,"NOUN: 0.69, ADJ: 0.31",True,81,0,4.406719247264253
beyaz,beyaz,ADJ,ADJ,0.08771521443795713,1.4066009842302882,DET,"DET: 0.63, NUM: 0.24, ADJ: 0.09",True,20,0,3.044522437723423
bir,bir,DET,DET,0.49958184875865663,1.6482580173109218,NUM,"DET: 0.50, NUM: 0.30, ADJ: 0.15",True,616,0,6.424869023905388
zarf,zarf,NOUN,NOUN,,,,,True,3,0,1.3862943611198906
tut,tutuyordu,VERB,VERB,1.0,0.0,,VERB: 1.00,True,29,0,3.4011973816621555
.,.,PUNCT,PUNCT,,,,,True,3283,0,8.096817470572319
o,Ona,PRON,PRON,0.5961784524857141,1.6538184960634559,ADV,"PRON: 0.60, ADV: 0.24, CCONJ: 0.07, PROPN: 0.05",True,264,0,5.579729825986222
her,her,DET,DET,0.5393270671644539,1.4044282159240997,NUM,"DET: 0.54, NUM: 0.36, ADJ: 0.09",True,91,0,4.5217885770490405
şey,şeyi,NOUN,NOUN,0.7797490937613291,0.7606253858126094,ADJ,"NOUN: 0.78, ADJ: 0.22",True,102,0,4.634728988229636
yaz,yazdım,VERB,VERB,1.0,0.0,,VERB: 1.00,True,35,0,3.58351893845611
.,.,PUNCT,PUNCT,,,,,True,3283,0,8.096817470572319
çek,Çektiğim,VERB,VERB,0.5799102140104834,1.4728643172157725,CCONJ,"VERB: 0.58, CCONJ: 0.26, ADV: 0.14",True,40,0,3.713572066704308
acı,acıyı,ADJ,ADJ,0.3103537033349995,0.8935813262787496,NOUN,"NOUN: 0.69, ADJ: 0.31",True,15,0,2.772588722239781
",",",",PUNCT,PUNCT,,,,,True,2285,0,7.734558844354756
duygu,duygularımı,NOUN,NOUN,0.23079199979938317,1.7073611952753653,PRON,"PRON: 0.45, PROPN: 0.28, NOUN: 0.23",True,35,0,3.58351893845611
",",",",PUNCT,PUNCT,,,,,True,2285,0,7.734558844354756
o,onu,PRON,PRON,0.5961784524857141,1.6538184960634559,ADV,"PRON: 0.60, ADV: 0.24, CCONJ: 0.07, PROPN: 0.05",True,264,0,5.579729825986222
gör,görmek,VERB,VERB,1.0,0.0,,VERB: 1.00,True,81,0,4.406719247264253
iste,istediğimi,VERB,VERB,0.6774524752691933,1.0218601397810432,CCONJ,"VERB: 0.68, CCONJ: 0.30",True,117,0,4.770684624465665
...,...,PUNCT,PUNCT,,,,,True,91,0,4.5217885770490405
kapa,Kapattınız,VERB,VERB,1.0,0.0,,VERB: 1.00,True,31,0,3.4657359027997265
mi,mı,AUX,AUX,0.49179730733219285,1.8739792138931677,CCONJ,"AUX: 0.49, CCONJ: 0.24, ADP: 0.18, ADV: 0.05",True,112,0,4.727387818712341
zarf,zarfı,NOUN,NOUN,,,,,True,3,0,1.3862943611198906
.,.,PUNCT,PUNCT,,,,,True,3283,0,8.096817470572319
ver,Verin,VERB,VERB,1.0,0.0,,VERB: 1.00,True,138,0,4.9344739331306915
o,onu,PRON,PRON,0.5961784524857141,1.6538184960634559,ADV,"PRON: 0.60, ADV: 0.24, CCONJ: 0.07, PROPN: 0.05",True,264,0,5.579729825986222
ben,bana,PRON,PRON,0.614767428544865,1.6599914502896118,ADV,"PRON: 0.61, ADV: 0.21, CCONJ: 0.08, PROPN: 0.06",True,310,0,5.739792912179234
.,.,PUNCT,PUNCT,,,,,True,3283,0,8.096817470572319
şimdi,Şimdi,ADV,ADV,0.22752642581986968,1.694646457999899,PRON,"PRON: 0.56, ADV: 0.23, CCONJ: 0.14, PROPN: 0.05",True,36,0,3.6109179126442243
içeri,içeriye,NOUN,NOUN,0.4367572947609049,1.5503596805696764,ADJ,"NOUN: 0.44, ADJ: 0.30, PROPN: 0.27",True,12,0,2.5649493574615367
gir,girip,VERB,VERB,1.0,0.0,,VERB: 1.00,True,63,0,4.1588830833596715
o,onu,PRON,PRON,0.5961784524857141,1.6538184960634559,ADV,"PRON: 0.60, ADV: 0.24, CCONJ: 0.07, PROPN: 0.05",True,264,0,5.579729825986222
Mahmut,Mahmut'a,PROPN,PROPN,,,,,False,0,0,0.0
ver,vereceğim,VERB,VERB,1.0,0.0,,VERB: 1.00,True,138,0,4.9344739331306915
",",",",PUNCT,PUNCT,,,,,True,2285,0,7.734558844354756
de,dedim,VERB,VERB,0.7089626585740004,0.8700574815901702,CCONJ,"VERB: 0.71, CCONJ: 0.29",True,295,0,5.69035945432406
.,.,PUNCT,PUNCT,,,,,True,3283,0,8.096817470572319
Mebrure,Mebrure,PROPN,PROPN,,,,,False,0,0,0.0
birden,birden,ADV,ADV,,,,,True,8,0,2.1972245773362196
heyecanlan,heyecanlanmıştı,VERB,VERB,,,,,True,1,0,0.6931471805599453
.,.,PUNCT,PUNCT,,,,,True,3283,0,8.096817470572319
Taşhan,Taşhan'ın,PROPN,PROPN,,,,,False,0,0,0.0
kapı,kapısının,NOUN,NOUN,0.29229919585074965,1.974713495304894,PRON,"PRON: 0.30, NOUN: 0.29, ADJ: 0.21, PROPN: 0.19",True,22,0,3.1354942159291497
ön,önünde,ADJ,ADJ,0.45739573711896436,1.2559973268911384,NOUN,"NOUN: 0.49, ADJ: 0.46, VERB: 0.06",True,36,0,3.6109179126442243
bir,bir,DET,DET,0.49958184875865663,1.6482580173109218,NUM,"DET: 0.50, NUM: 0.30, ADJ: 0.15",True,616,0,6.424869023905388
an,an,NOUN,NOUN,0.7767539182231282,0.7660506138585593,ADJ,"NOUN: 0.78, ADJ: 0.22",True,32,0,3.4965075614664802
bir,bir,DET,DET,0.49958184875865663,1.6482580173109218,NUM,"DET: 0.50, NUM: 0.30, ADJ: 0.15",True,616,0,6.424869023905388
kararsızlık,kararsızlık,NOUN,NOUN,,,,,False,0,0,0.0
geçir,geçirdi,VERB,VERB,1.0,0.0,,VERB: 1.00,True,24,0,3.2188758248682006
.,.,PUNCT,PUNCT,,,,,True,3283,0,8.096817470572319
ver,Versem,VERB,VERB,1.0,0.0,,VERB: 1.00,True,138,0,4.9344739331306915
mi,mi,AUX,AUX,0.49179730733219285,1.8739792138931677,CCONJ,"AUX: 0.49, CCONJ: 0.24, ADP: 0.18, ADV: 0.05",True,112,0,4.727387818712341
acaba,acaba,ADV,ADV,,,,,True,6,0,1.9459101490553132
?,?,PUNCT,PUNCT,,,,,True,125,0,4.836281906951478
yanlış,Yanlış,ADJ,ADJ,0.0914264789430462,1.3913938090881726,PRON,"PRON: 0.68, NOUN: 0.14, ADJ: 0.09, ADV: 0.08",True,16,0,2.833213344056216
bir,bir,NUM,NUM,0.3916735022215744,1.8552050660223744,DET,"DET: 0.40, NUM: 0.39, ADJ: 0.09, PROPN: 0.06, NOUN: 0.06",True,170,0,5.14166355650266
şey,şey,NOUN,NOUN,0.7797490937613291,0.7606253858126094,ADJ,"NOUN: 0.78, ADJ: 0.22",True,102,0,4.634728988229636
yap,yapmış,VERB,VERB,1.0,0.0,,VERB: 1.00,True,209,0,5.3471075307174685
ol,olmayalım,VERB,VERB,1.0,0.0,,VERB: 1.00,True,603,0,6.403574197934815
?,?,PUNCT,PUNCT,,,,,True,125,0,4.836281906951478
diye,diye,ADP,ADP,0.26515728248607623,2.352927457262911,AUX,"AUX: 0.34, ADP: 0.27, PRON: 0.15, CCONJ: 0.13",True,107,0,4.68213122712422
sor,sordu,VERB,VERB,1.0,0.0,,VERB: 1.00,True,49,0,3.912023005428146
.,.,PUNCT,PUNCT,,,,,True,3283,0,8.096817470572319
ne,Ne,PRON,PRON,0.657373909218341,1.5595369645973152,PROPN,"PRON: 0.66, PROPN: 0.14, ADV: 0.11, NOUN: 0.06",True,98,0,4.59511985013459
kaybet,kaybedersin,VERB,VERB,,,,,True,7,0,2.0794415416798357
.,.,PUNCT,PUNCT,,,,,True,3283,0,8.096817470572319
ne,Ne,PRON,PRON,0.657373909218341,1.5595369645973152,PROPN,"PRON: 0.66, PROPN: 0.14, ADV: 0.11, NOUN: 0.06",True,98,0,4.59511985013459
kaybet,kaybedersiniz,VERB,VERB,,,,,True,7,0,2.0794415416798357
?,?,PUNCT,PUNCT,,,,,True,125,0,4.836281906951478
ver,Verin,VERB,VERB,1.0,0.0,,VERB: 1.00,True,138,0,4.9344739331306915
mektup,mektubu,NOUN,NOUN,,,,,True,5,0,1.791759469228055
ben,bana,PRON,PRON,0.614767428544865,1.6599914502896118,ADV,"PRON: 0.61, ADV: 0.21, CCONJ: 0.08, PROPN: 0.06",True,310,0,5.739792912179234
.,.,PUNCT,PUNCT,,,,,True,3283,0,8.096817470572319
gir,Giriyorum,VERB,VERB,1.0,0.0,,VERB: 1.00,True,63,0,4.1588830833596715
içeri,içeriye,NOUN,NOUN,0.4367572947609049,1.5503596805696764,ADJ,"NOUN: 0.44, ADJ: 0.30, PROPN: 0.27",True,12,0,2.5649493574615367
",",",",PUNCT,PUNCT,,,,,True,2285,0,7.734558844354756
de,dedim,VERB,VERB,0.7089626585740004,0.8700574815901702,CCONJ,"VERB: 0.71, CCONJ: 0.29",True,295,0,5.69035945432406
.,.,PUNCT,PUNCT,,,,,True,3283,0,8.096817470572319
Mebrure,Mebrure,PROPN,PROPN,,,,,False,0,0,0.0
zarf,zarfı,NOUN,NOUN,,,,,True,3,0,1.3862943611198906
ben,bana,PRON,PRON,0.614767428544865,1.6599914502896118,ADV,"PRON: 0.61, ADV: 0.21, CCONJ: 0.08, PROPN: 0.06",True,310,0,5.739792912179234
uza,uzattı,VERB,VERB,1.0,0.0,,VERB: 1.00,True,22,0,3.1354942159291497
.,.,PUNCT,PUNCT,,,,,True,3283,0,8.096817470572319
Taşhan,Taşhan'ın,PROPN,PROPN,,,,,False,0,0,0.0
kapı,kapısını,NOUN,NOUN,0.29229919585074965,1.974713495304894,PRON,"PRON: 0.30, NOUN: 0.29, ADJ: 0.21, PROPN: 0.19",True,22,0,3.1354942159291497
it,itip,VERB,VERB,,,,,True,1,0,0.6931471805599453
bu,bu,DET,DET,0.6017857940157323,1.5300103231456785,NUM,"DET: 0.60, NUM: 0.20, ADJ: 0.15",True,350,0,5.860786223465865
yarı,yarı,ADJ,ADJ,0.3917735826110317,0.9659345709351683,NOUN,"NOUN: 0.61, ADJ: 0.39",True,14,0,2.70805020110221
karanlık,karanlık,ADJ,ADJ,,,,,True,3,0,1.3862943611198906
dünya,dünyanın,NOUN,NOUN,0.6875493916276434,0.895982041192993,ADJ,"NOUN: 0.69, ADJ: 0.31",True,50,0,3.9318256327243257
iç,içine,ADJ,ADJ,0.5266476463656918,0.9979501219428724,NOUN,"ADJ: 0.53, NOUN: 0.47",True,71,0,4.276666119016055
gir,girdim,VERB,VERB,1.0,0.0,,VERB: 1.00,True,63,0,4.1588830833596715
.,.,PUNCT,PUNCT,,,,,True,3283,0,8.096817470572319
ben,Benim,PRON,PRON,0.614767428544865,1.6599914502896118,ADV,"PRON: 0.61, ADV: 0.21, CCONJ: 0.08, PROPN: 0.06",True,310,0,5.739792912179234
adam,adam,NOUN,NOUN,0.48168004535673414,1.5142431721146627,PROPN,"NOUN: 0.48, PROPN: 0.28, ADJ: 0.24",True,41,0,3.7376696182833684
her,her,DET,DET,0.5393270671644539,1.4044282159240997,NUM,"DET: 0.54, NUM: 0.36, ADJ: 0.09",True,91,0,4.5217885770490405
zaman,zaman,NOUN,NOUN,0.7768808568937368,0.7658222066504196,ADJ,"NOUN: 0.78, ADJ: 0.22",True,77,0,4.356708826689592
ki,ki,ADP,ADP,0.352272282719127,2.181690690995641,AUX,"ADP: 0.35, AUX: 0.28, CCONJ: 0.23, NUM: 0.08",True,217,0,5.384495062789089
masa,masasında,NOUN,NOUN,0.31818580128896556,1.323079485206322,PRON,"PRON: 0.58, NOUN: 0.32, ADJ: 0.10",True,17,0,2.8903717578961645
otur,oturuyordu,VERB,VERB,1.0,0.0,,VERB: 1.00,True,54,0,4.007333185232471
.,.,PUNCT,PUNCT,,,,,True,3283,0,8.096817470572319
Mahmut,Mahmut'un,PROPN,PROPN,,,,,False,0,0,0.0
masa,masasına,NOUN,NOUN,0.31818580128896556,1.323079485206322,PRON,"PRON: 0.58, NOUN: 0.32, ADJ: 0.10",True,17,0,2.8903717578961645
bak,baktım,VERB,VERB,1.0,0.0,,VERB: 1.00,True,85,0,4.454347296253507
",",",",PUNCT,PUNCT,,,,,True,2285,0,7.734558844354756
boş,boş,ADV,ADV,,,,,False,0,0,0.0
i,tu,AUX,AUX,0.47697018772995686,1.861138213598426,ADP,"AUX: 0.48, ADP: 0.26, CCONJ: 0.18, PROPN: 0.06",True,546,0,6.304448802421981
.,.,PUNCT,PUNCT,,,,,True,3283,0,8.096817470572319
nere,Nereye,PRON,PRON,0.5735438291128842,1.611292883227183,ADV,"PRON: 0.57, ADV: 0.19, NOUN: 0.17, ADJ: 0.07",True,19,0,2.995732273553991
git,gittiler,VERB,VERB,1.0,0.0,,VERB: 1.00,True,116,0,4.762173934797756
?,?,PUNCT,PUNCT,,,,,True,125,0,4.836281906951478
diye,diye,ADP,ADP,0.26515728248607623,2.352927457262911,AUX,"AUX: 0.34, ADP: 0.27, PRON: 0.15, CCONJ: 0.13",True,107,0,4.68213122712422
şaşkınlık,şaşkınlıkla,NOUN,ADV,,,,,True,1,1,0.6931471805599453
sor,sordum,VERB,VERB,1.0,0.0,,VERB: 1.00,True,49,0,3.912023005428146
.,.,PUNCT,PUNCT,,,,,True,3283,0,8.096817470572319
han,Hanın,NOUN,NOUN,,,,,False,0,0,0.0
üst,üst,ADJ,ADJ,0.46638801387351886,0.9967377258438014,NOUN,"NOUN: 0.53, ADJ: 0.47",True,32,0,3.4965075614664802
kat,katında,NOUN,NOUN,,,,,True,6,0,1.9459101490553132
ki,ki,ADP,ADP,0.352272282719127,2.181690690995641,AUX,"ADP: 0.35, AUX: 0.28, CCONJ: 0.23, NUM: 0.08",True,217,0,5.384495062789089
oda,odalardan,NOUN,NOUN,0.6085012339086038,0.9657599469236062,ADJ,"NOUN: 0.61, ADJ: 0.39",True,15,0,2.772588722239781
bir,birine,NUM,NUM,0.3916735022215744,1.8552050660223744,DET,"DET: 0.40, NUM: 0.39, ADJ: 0.09, PROPN: 0.06, NOUN: 0.06",True,170,0,5.14166355650266
çık,çıktılar,VERB,VERB,1.0,0.0,,VERB: 1.00,True,80,0,4.394449154672439
",",",",PUNCT,PUNCT,,,,,True,2285,0,7.734558844354756
de,dedi,VERB,VERB,0.7089626585740004,0.8700574815901702,CCONJ,"VERB: 0.71, CCONJ: 0.29",True,295,0,5.69035945432406
.,.,PUNCT,PUNCT,,,,,True,3283,0,8.096817470572319
bir,Bir,NUM,NUM,0.3916735022215744,1.8552050660223744,DET,"DET: 0.40, NUM: 0.39, ADJ: 0.09, PROPN: 0.06, NOUN: 0.06",True,170,0,5.14166355650266
saat,saat,NOUN,NOUN,0.355905210057268,1.8860925341581882,PRON,"NOUN: 0.36, PRON: 0.32, PROPN: 0.21, ADJ: 0.12",True,25,0,3.258096538021482
önce,önce,ADV,ADV,0.27453839774370165,1.600366977632288,PRON,"PRON: 0.56, ADV: 0.27, PROPN: 0.12",True,27,0,3.332204510175204
.,.,PUNCT,PUNCT,,,,,True,3283,0,8.096817470572319
han,Hanın,NOUN,NOUN,,,,,False,0,0,0.0
üst,üst,ADJ,ADJ,0.46638801387351886,0.9967377258438014,NOUN,"NOUN: 0.53, ADJ: 0.47",True,32,0,3.4965075614664802
kat,katında,NOUN,NOUN,,,,,True,6,0,1.9459101490553132
oda,odalar,NOUN,NOUN,0.6085012339086038,0.9657599469236062,ADJ,"NOUN: 0.61, ADJ: 0.39",True,15,0,2.772588722239781
da,da,CCONJ,CCONJ,0.13730810580889885,1.6721173968196932,AUX,"AUX: 0.44, ADP: 0.38, CCONJ: 0.14",True,275,0,5.62040086571715
mi,mı,AUX,AUX,0.49179730733219285,1.8739792138931677,CCONJ,"AUX: 0.49, CCONJ: 0.24, ADP: 0.18, ADV: 0.05",True,112,0,4.727387818712341
var,var,ADJ,ADJ,0.06842400166907717,1.0397429867758838,VERB,"VERB: 0.74, ADV: 0.19, ADJ: 0.07",True,87,0,4.477336814478207
.,.,PUNCT,PUNCT,,,,,True,3283,0,8.096817470572319
evet,Evet,NOUN,NOUN,0.06449692503540634,2.073848469012467,PROPN,"PROPN: 0.46, PRON: 0.23, ADV: 0.11, CCONJ: 0.11, NOUN: 0.06",True,13,0,2.6390573296152584
",",",",PUNCT,PUNCT,,,,,True,2285,0,7.734558844354756
de,dedi,VERB,VERB,0.7089626585740004,0.8700574815901702,CCONJ,"VERB: 0.71, CCONJ: 0.29",True,295,0,5.69035945432406
adam,adam,NOUN,NOUN,0.48168004535673414,1.5142431721146627,PROPN,"NOUN: 0.48, PROPN: 0.28, ADJ: 0.24",True,41,0,3.7376696182833684
.,.,PUNCT,PUNCT,,,,,True,3283,0,8.096817470572319
bak,Bakın,VERB,VERB,1.0,0.0,,VERB: 1.00,True,85,0,4.454347296253507
",",",",PUNCT,PUNCT,,,,,True,2285,0,7.734558844354756
şu,şu,DET,DET,0.6473703379030218,1.4318787820731502,NUM,"DET: 0.65, NUM: 0.18, ADJ: 0.13",True,22,0,3.1354942159291497
demir,demir,ADJ,ADJ,,,,,True,2,0,1.0986122886681098
korkuluk,korkulukların,NOUN,NOUN,,,,,False,0,0,0.0
art,ardında,NOUN,NOUN,0.28496221453873083,1.1056218998328282,ADJ,"ADJ: 0.67, NOUN: 0.28",True,13,0,2.6390573296152584
görün,görünen,VERB,VERB,1.0,0.0,,VERB: 1.00,True,24,0,3.2188758248682006
kapı,kapılar,NOUN,NOUN,0.29229919585074965,1.974713495304894,PRON,"PRON: 0.30, NOUN: 0.29, ADJ: 0.21, PROPN: 0.19",True,22,0,3.1354942159291497
.,.,PUNCT,PUNCT,,,,,True,3283,0,8.096817470572319
nasıl,Nasıl,ADV,ADV,0.22688879708691875,1.6551093959198966,PRON,"PRON: 0.59, ADV: 0.23, PROPN: 0.07, NOUN: 0.06",True,24,0,3.2188758248682006
çık,çıkabilirim,VERB,VERB,1.0,0.0,,VERB: 1.00,True,80,0,4.394449154672439
ora,oraya,NOUN,NOUN,0.06614595594686694,1.725004869700506,PRON,"PRON: 0.60, PROPN: 0.15, ADV: 0.12, NOUN: 0.07, ADJ: 0.06",True,29,0,3.4011973816621555
.,.,PUNCT,PUNCT,,,,,True,3283,0,8.096817470572319
çay,Çay,NOUN,NOUN,,,,,True,2,0,1.0986122886681098
ocak,ocağının,NOUN,NOUN,0.11025638946039205,1.8448550525517238,NUM,"NUM: 0.52, CCONJ: 0.24, NOUN: 0.11, PROPN: 0.09",True,11,0,2.4849066497880004
ora,orada,NOUN,NOUN,0.06614595594686694,1.725004869700506,PRON,"PRON: 0.60, PROPN: 0.15, ADV: 0.12, NOUN: 0.07, ADJ: 0.06",True,29,0,3.4011973816621555
merdiven,merdiven,NOUN,NOUN,,,,,True,2,0,1.0986122886681098
var,var,ADJ,ADJ,0.06842400166907717,1.0397429867758838,VERB,"VERB: 0.74, ADV: 0.19, ADJ: 0.07",True,87,0,4.477336814478207
.,.,PUNCT,PUNCT,,,,,True,3283,0,8.096817470572319
çay,Çay,NOUN,NOUN,,,,,True,2,0,1.0986122886681098
ocak,ocağının,NOUN,NOUN,0.11025638946039205,1.8448550525517238,NUM,"NUM: 0.52, CCONJ: 0.24, NOUN: 0.11, PROPN: 0.09",True,11,0,2.4849066497880004
yan,yanından,ADJ,ADJ,0.22369130935054335,0.7668506751450528,NOUN,"NOUN: 0.78, ADJ: 0.22",True,60,0,4.110873864173311
",",",",PUNCT,PUNCT,,,,,True,2285,0,7.734558844354756
dar,dar,ADJ,ADJ,,,,,True,1,0,0.6931471805599453
bir,bir,DET,DET,0.49958184875865663,1.6482580173109218,NUM,"DET: 0.50, NUM: 0.30, ADJ: 0.15",True,616,0,6.424869023905388
merdiven,merdiven,NOUN,NOUN,,,,,True,2,0,1.0986122886681098
yukarı,yukarıya,ADJ,ADJ,,,,,True,8,0,2.1972245773362196
çık,çıkıyordu,VERB,VERB,1.0,0.0,,VERB: 1.00,True,80,0,4.394449154672439
.,.,PUNCT,PUNCT,,,,,True,3283,0,8.096817470572319
aşın,Aşınmış,VERB,VERB,,,,,False,0,0,0.0
mermer,mermer,ADJ,ADJ,,,,,False,0,0,0.0
merdiven,merdiveni,NOUN,NOUN,,,,,True,2,0,1.0986122886681098
tırman,tırmandım,VERB,VERB,,,,,True,2,0,1.0986122886681098
.,.,PUNCT,PUNCT,,,,,True,3283,0,8.096817470572319
Taşhan,Taşhan'ın,PROPN,PROPN,,,,,False,0,0,0.0
asma,asma,ADJ,ADJ,,,,,False,0,0,0.0
kat,katı,NOUN,NOUN,,,,,True,6,0,1.9459101490553132
",",",",PUNCT,PUNCT,,,,,True,2285,0,7.734558844354756
kapı,kapısı,NOUN,NOUN,0.29229919585074965,1.974713495304894,PRON,"PRON: 0.30, NOUN: 0.29, ADJ: 0.21, PROPN: 0.19",True,22,0,3.1354942159291497
kapalı,kapalı,ADJ,ADJ,,,,,True,5,0,1.791759469228055
oda,odalarla,NOUN,NOUN,0.6085012339086038,0.9657599469236062,ADJ,"NOUN: 0.61, ADJ: 0.39",True,15,0,2.772588722239781
dolu,dolu,ADJ,ADJ,,,,,True,10,0,2.3978952727983707
i,ydu,AUX,AUX,0.47697018772995686,1.861138213598426,ADP,"AUX: 0.48, ADP: 0.26, CCONJ: 0.18, PROPN: 0.06",True,546,0,6.304448802421981
.,.,PUNCT,PUNCT,,,,,True,3283,0,8.096817470572319
ne,Ne,PRON,PRON,0.657373909218341,1.5595369645973152,PROPN,"PRON: 0.66, PROPN: 0.14, ADV: 0.11, NOUN: 0.06",True,98,0,4.59511985013459
tuhaf,tuhaf,NOUN,NOUN,,,,,False,0,0,0.0
",",",",PUNCT,PUNCT,,,,,True,2285,0,7.734558844354756
daha,daha,ADV,ADV,0.16216742905437215,2.279909832774521,PRON,"PRON: 0.30, CCONJ: 0.27, PROPN: 0.19, ADV: 0.16",True,127,0,4.852030263919617
önce,önce,ADV,ADV,0.27453839774370165,1.600366977632288,PRON,"PRON: 0.56, ADV: 0.27, PROPN: 0.12",True,27,0,3.332204510175204
dikkat,dikkatimi,NOUN,NOUN,0.6088085136107217,0.9655641535362572,ADJ,"NOUN: 0.61, ADJ: 0.39",True,15,0,2.772588722239781
çek,çekmemişlerdi,VERB,VERB,0.5799102140104834,1.4728643172157725,CCONJ,"VERB: 0.58, CCONJ: 0.26, ADV: 0.14",True,40,0,3.713572066704308
.,.,PUNCT,PUNCT,,,,,True,3283,0,8.096817470572319
Meral,Meral,PROPN,PROPN,,,,,False,0,0,0.0
acaba,acaba,ADV,ADV,,,,,True,6,0,1.9459101490553132
hangi,hangi,ADJ,ADJ,,,,,True,5,0,1.791759469228055
oda,odada,NOUN,NOUN,0.6085012339086038,0.9657599469236062,ADJ,"NOUN: 0.61, ADJ: 0.39",True,15,0,2.772588722239781
i,ydılar,AUX,AUX,0.47697018772995686,1.861138213598426,ADP,"AUX: 0.48, ADP: 0.26, CCONJ: 0.18, PROPN: 0.06",True,546,0,6.304448802421981
?,?,PUNCT,PUNCT,,,,,True,125,0,4.836281906951478
adam,Adama,NOUN,NOUN,0.48168004535673414,1.5142431721146627,PROPN,"NOUN: 0.48, PROPN: 0.28, ADJ: 0.24",True,41,0,3.7376696182833684
sor,sormayı,VERB,VERB,1.0,0.0,,VERB: 1.00,True,49,0,3.912023005428146
unut,unutmuştum,VERB,VERB,,,,,True,7,0,2.0794415416798357
.,.,PUNCT,PUNCT,,,,,True,3283,0,8.096817470572319
çevre,Çevrede,NOUN,NOUN,,,,,True,4,0,1.6094379124341003
kimsecik,kimsecikler,NOUN,NOUN,,,,,False,0,0,0.0
yok,yok,ADV,ADV,0.0,0.6417583248544891,VERB,"VERB: 0.84, ADJ: 0.16",True,39,0,3.6888794541139363
i,tu,AUX,AUX,0.47697018772995686,1.861138213598426,ADP,"AUX: 0.48, ADP: 0.26, CCONJ: 0.18, PROPN: 0.06",True,546,0,6.304448802421981
.,.,PUNCT,PUNCT,,,,,True,3283,0,8.096817470572319
rastgele,Rastgele,ADJ,ADJ,,,,,True,1,0,0.6931471805599453
bir,bir,DET,DET,0.49958184875865663,1.6482580173109218,NUM,"DET: 0.50, NUM: 0.30, ADJ: 0.15",True,616,0,6.424869023905388
oda,odanın,NOUN,NOUN,0.6085012339086038,0.9657599469236062,ADJ,"NOUN: 0.61, ADJ: 0.39",True,15,0,2.772588722239781
kapı,kapısını,NOUN,NOUN,0.29229919585074965,1.974713495304894,PRON,"PRON: 0.30, NOUN: 0.29, ADJ: 0.21, PROPN: 0.19",True,22,0,3.1354942159291497
vur,vurdum,VERB,VERB,1.0,0.0,,VERB: 1.00,True,17,0,2.8903717578961645
.,.,PUNCT,PUNCT,,,,,True,3283,0,8.096817470572319
kim,Kim,PRON,PRON,0.5973445626800743,1.7438346441668269,ADV,"PRON: 0.60, ADV: 0.14, NOUN: 0.11, PROPN: 0.09, ADJ: 0.05",True,12,0,2.5649493574615367
o,o,PRON,PRON,0.5961784524857141,1.6538184960634559,ADV,"PRON: 0.60, ADV: 0.24, CCONJ: 0.07, PROPN: 0.05",True,264,0,5.579729825986222
?,?,PUNCT,PUNCT,,,,,True,125,0,4.836281906951478
de,dedi,VERB,VERB,0.7089626585740004,0.8700574815901702,CCONJ,"VERB: 0.71, CCONJ: 0.29",True,295,0,5.69035945432406
sert,sert,ADJ,ADJ,,,,,True,2,0,1.0986122886681098
bir,bir,DET,DET,0.49958184875865663,1.6482580173109218,NUM,"DET: 0.50, NUM: 0.30, ADJ: 0.15",True,616,0,6.424869023905388
erkek,erkek,ADJ,ADJ,0.2550214721482965,1.9837572266938677,DET,"DET: 0.30, ADJ: 0.26, PRON: 0.24, NOUN: 0.20",True,24,0,3.2188758248682006
ses,sesi,NOUN,NOUN,0.3237009019450614,1.9450836951989445,PRON,"NOUN: 0.32, PRON: 0.31, PROPN: 0.20, ADJ: 0.17",True,32,0,3.4965075614664802
.,.,PUNCT,PUNCT,,,,,True,3283,0,8.096817470572319
Mahmut,Mahmut,PROPN,PROPN,,,,,False,0,0,0.0
bey,Beyi,NOUN,NOUN,0.007994657747978159,2.330046123091645,AUX,"AUX: 0.31, ADP: 0.26, CCONJ: 0.22, PROPN: 0.10, NUM: 0.07",True,16,0,2.833213344056216
ara,arıyordum,VERB,VERB,1.0,0.0,,VERB: 1.00,True,33,0,3.5263605246161616
...,...,PUNCT,PUNCT,,,,,True,91,0,4.5217885770490405
Mahmut,Mahmut,PROPN,PROPN,,,,,False,0,0,0.0
bey,Bey,NOUN,NOUN,0.007994657747978159,2.330046123091645,AUX,"AUX: 0.31, ADP: 0.26, CCONJ: 0.22, PROPN: 0.10, NUM: 0.07",True,16,0,2.833213344056216
bura,burada,NOUN,NOUN,0.05707749199808409,1.3288542344914385,PRON,"PRON: 0.74, ADV: 0.10, PROPN: 0.07, NOUN: 0.06",True,39,0,3.6888794541139363
yok,yok,ADV,ADV,0.0,0.6417583248544891,VERB,"VERB: 0.84, ADJ: 0.16",True,39,0,3.6888794541139363
",",",",PUNCT,PUNCT,,,,,True,2285,0,7.734558844354756
de,dedi,VERB,VERB,0.7089626585740004,0.8700574815901702,CCONJ,"VERB: 0.71, CCONJ: 0.29",True,295,0,5.69035945432406
ses,ses,NOUN,NOUN,0.3237009019450614,1.9450836951989445,PRON,"NOUN: 0.32, PRON: 0.31, PROPN: 0.20, ADJ: 0.17",True,32,0,3.4965075614664802
.,.,PUNCT,PUNCT,,,,,True,3283,0,8.096817470572319
siz,Siz,PRON,PRON,0.6489290710050605,1.4471589459833951,ADV,"PRON: 0.65, ADV: 0.22, CCONJ: 0.08",True,49,0,3.912023005428146
kim,?,PRON,PRON,0.5973445626800743,1.7438346441668269,ADV,"PRON: 0.60, ADV: 0.14, NOUN: 0.11, PROPN: 0.09, ADJ: 0.05",True,12,0,2.5649493574615367
i,imsiniz,AUX,AUX,0.47697018772995686,1.861138213598426,ADP,"AUX: 0.48, ADP: 0.26, CCONJ: 0.18, PROPN: 0.06",True,546,0,6.304448802421981
?,?,PUNCT,PUNCT,,,,,True,125,0,4.836281906951478
diye,diye,ADP,ADP,0.26515728248607623,2.352927457262911,AUX,"AUX: 0.34, ADP: 0.27, PRON: 0.15, CCONJ: 0.13",True,107,0,4.68213122712422
sor,sordum,VERB,VERB,1.0,0.0,,VERB: 1.00,True,49,0,3.912023005428146
ürk,ürkerek,VERB,ADV,,,,,False,0,1,0.0
.,.,PUNCT,PUNCT,,,,,True,3283,0,8.096817470572319
ben,Ben,PRON,PRON,0.614767428544865,1.6599914502896118,ADV,"PRON: 0.61, ADV: 0.21, CCONJ: 0.08, PROPN: 0.06",True,310,0,5.739792912179234
savcı,savcı,NOUN,NOUN,,,,,True,2,0,1.0986122886681098
i,yım,AUX,AUX,0.47697018772995686,1.861138213598426,ADP,"AUX: 0.48, ADP: 0.26, CCONJ: 0.18, PROPN: 0.06",True,546,0,6.304448802421981
.,.,PUNCT,PUNCT,,,,,True,3283,0,8.096817470572319
dinlen,Dinleniyorum,VERB,VERB,,,,,True,1,0,0.6931471805599453
bu,bu,DET,DET,0.6017857940157323,1.5300103231456785,NUM,"DET: 0.60, NUM: 0.20, ADJ: 0.15",True,350,0,5.860786223465865
oda,odada,NOUN,NOUN,0.6085012339086038,0.9657599469236062,ADJ,"NOUN: 0.61, ADJ: 0.39",True,15,0,2.772588722239781
.,.,PUNCT,PUNCT,,,,,True,3283,0,8.096817470572319
bir,Bir,DET,DET,0.49958184875865663,1.6482580173109218,NUM,"DET: 0.50, NUM: 0.30, ADJ: 0.15",True,616,0,6.424869023905388
mektup,mektup,NOUN,NOUN,,,,,True,5,0,1.791759469228055
getir,getirmiştim,VERB,VERB,1.0,0.0,,VERB: 1.00,True,42,0,3.7612001156935624
Mahmut,Mahmut,PROPN,PROPN,,,,,False,0,0,0.0
bey,Beye,NOUN,NOUN,0.007994657747978159,2.330046123091645,AUX,"AUX: 0.31, ADP: 0.26, CCONJ: 0.22, PROPN: 0.10, NUM: 0.07",True,16,0,2.833213344056216
.,.,PUNCT,PUNCT,,,,,True,3283,0,8.096817470572319
çok,Çok,ADJ,ADV,0.11052386614726717,2.2021956458728464,DET,"DET: 0.40, NUM: 0.29, ADJ: 0.11, ADV: 0.07, CCONJ: 0.07",True,38,1,3.6635616461296463
acil,acil,ADJ,ADJ,,,,,False,0,0,0.0
.,.,PUNCT,PUNCT,,,,,True,3283,0,8.096817470572319
o,Onu,PRON,PRON,0.5961784524857141,1.6538184960634559,ADV,"PRON: 0.60, ADV: 0.24, CCONJ: 0.07, PROPN: 0.05",True,264,0,5.579729825986222
ulaş,ulaştırmam,VERB,VERB,1.0,0.0,,VERB: 1.00,True,28,0,3.367295829986474
gerek,gerek,NOUN,VERB,,,,,True,10,1,2.3978952727983707
",",",",PUNCT,PUNCT,,,,,True,2285,0,7.734558844354756
de,dedim,VERB,VERB,0.7089626585740004,0.8700574815901702,CCONJ,"VERB: 0.71, CCONJ: 0.29",True,295,0,5.69035945432406
.,.,PUNCT,PUNCT,,,,,True,3283,0,8.096817470572319
savcı,Savcı,NOUN,NOUN,,,,,True,2,0,1.0986122886681098
",",",",PUNCT,PUNCT,,,,,True,2285,0,7.734558844354756
Mahmut,Mahmut,PROPN,PROPN,,,,,False,0,0,0.0
bey,Bey,NOUN,NOUN,0.007994657747978159,2.330046123091645,AUX,"AUX: 0.31, ADP: 0.26, CCONJ: 0.22, PROPN: 0.10, NUM: 0.07",True,16,0,2.833213344056216
yan,yan,ADJ,ADJ,0.22369130935054335,0.7668506751450528,NOUN,"NOUN: 0.78, ADJ: 0.22",True,60,0,4.110873864173311
oda,odada,NOUN,NOUN,0.6085012339086038,0.9657599469236062,ADJ,"NOUN: 0.61, ADJ: 0.39",True,15,0,2.772588722239781
",",",",PUNCT,PUNCT,,,,,True,2285,0,7.734558844354756
de,dedi,VERB,VERB,0.7089626585740004,0.8700574815901702,CCONJ,"VERB: 0.71, CCONJ: 0.29",True,295,0,5.69035945432406
.,.,PUNCT,PUNCT,,,,,True,3283,0,8.096817470572319
sağol,Sağolun,VERB,VERB,,,,,False,0,0,0.0
.,.,PUNCT,PUNCT,,,,,True,3283,0,8.096817470572319
yan,Yanda,ADJ,ADJ,0.22369130935054335,0.7668506751450528,NOUN,"NOUN: 0.78, ADJ: 0.22",True,60,0,4.110873864173311
ki,ki,ADP,ADP,0.352272282719127,2.181690690995641,AUX,"ADP: 0.35, AUX: 0.28, CCONJ: 0.23, NUM: 0.08",True,217,0,5.384495062789089
oda,odanın,NOUN,NOUN,0.6085012339086038,0.9657599469236062,ADJ,"NOUN: 0.61, ADJ: 0.39",True,15,0,2.772588722239781
kapı,kapısını,NOUN,NOUN,0.29229919585074965,1.974713495304894,PRON,"PRON: 0.30, NOUN: 0.29, ADJ: 0.21, PROPN: 0.19",True,22,0,3.1354942159291497
vur,vurdum,VERB,VERB,1.0,0.0,,VERB: 1.00,True,17,0,2.8903717578961645
.,.,PUNCT,PUNCT,,,,,True,3283,0,8.096817470572319
kim,?,PRON,PRON,0.5973445626800743,1.7438346441668269,ADV,"PRON: 0.60, ADV: 0.14, NOUN: 0.11, PROPN: 0.09, ADJ: 0.05",True,12,0,2.5649493574615367
i,imsiniz,AUX,AUX,0.47697018772995686,1.861138213598426,ADP,"AUX: 0.48, ADP: 0.26, CCONJ: 0.18, PROPN: 0.06",True,546,0,6.304448802421981
?,?,PUNCT,PUNCT,,,,,True,125,0,4.836281906951478
de,dedi,VERB,VERB,0.7089626585740004,0.8700574815901702,CCONJ,"VERB: 0.71, CCONJ: 0.29",True,295,0,5.69035945432406
bir,bir,DET,DET,0.49958184875865663,1.6482580173109218,NUM,"DET: 0.50, NUM: 0.30, ADJ: 0.15",True,616,0,6.424869023905388
erkek,erkek,ADJ,ADJ,0.2550214721482965,1.9837572266938677,DET,"DET: 0.30, ADJ: 0.26, PRON: 0.24, NOUN: 0.20",True,24,0,3.2188758248682006
ses,sesi,NOUN,NOUN,0.3237009019450614,1.9450836951989445,PRON,"NOUN: 0.32, PRON: 0.31, PROPN: 0.20, ADJ: 0.17",True,32,0,3.4965075614664802
.,.,PUNCT,PUNCT,,,,,True,3283,0,8.096817470572319
Mahmut,Mahmut,PROPN,PROPN,,,,,False,0,0,0.0
bey,Beyi,NOUN,NOUN,0.007994657747978159,2.330046123091645,AUX,"AUX: 0.31, ADP: 0.26, CCONJ: 0.22, PROPN: 0.10, NUM: 0.07",True,16,0,2.833213344056216
ara,aramıştım,VERB,VERB,1.0,0.0,,VERB: 1.00,True,33,0,3.5263605246161616
.,.,PUNCT,PUNCT,,,,,True,3283,0,8.096817470572319
o,Ona,PRON,PRON,0.5961784524857141,1.6538184960634559,ADV,"PRON: 0.60, ADV: 0.24, CCONJ: 0.07, PROPN: 0.05",True,264,0,5.579729825986222
önem,önem,NOUN,NOUN,0.43315904159061264,0.9870702301970621,ADJ,"ADJ: 0.57, NOUN: 0.43",True,28,0,3.367295829986474
li,li,ADP,ADP,0.2797323618856777,2.3836488217196035,AUX,"AUX: 0.30, ADP: 0.28, CCONJ: 0.23, NUM: 0.08",True,182,0,5.209486152841421
bir,bir,DET,DET,0.49958184875865663,1.6482580173109218,NUM,"DET: 0.50, NUM: 0.30, ADJ: 0.15",True,616,0,6.424869023905388
mektup,mektup,NOUN,NOUN,,,,,True,5,0,1.791759469228055
getir,getirdim,VERB,VERB,1.0,0.0,,VERB: 1.00,True,42,0,3.7612001156935624
.,.,PUNCT,PUNCT,,,,,True,3283,0,8.096817470572319
bu,Bu,DET,DET,0.6017857940157323,1.5300103231456785,NUM,"DET: 0.60, NUM: 0.20, ADJ: 0.15",True,350,0,5.860786223465865
gece,gece,NOUN,NOUN,0.19864455081399557,0.9246613571687522,PRON,"PRON: 0.77, NOUN: 0.20",True,37,0,3.6375861597263857
ulaş,ulaştırmam,VERB,VERB,1.0,0.0,,VERB: 1.00,True,28,0,3.367295829986474
gerek,gerek,VERB,VERB,0.5748381538387066,1.4766281055453563,CCONJ,"VERB: 0.57, CCONJ: 0.30, NOUN: 0.07, ADJ: 0.06",True,47,0,3.871201010907891
...,...,PUNCT,PUNCT,,,,,True,91,0,4.5217885770490405
kapı,Kapı,NOUN,NOUN,0.29229919585074965,1.974713495304894,PRON,"PRON: 0.30, NOUN: 0.29, ADJ: 0.21, PROPN: 0.19",True,22,0,3.1354942159291497
hafif,hafif,ADJ,ADJ,,,,,True,7,0,2.0794415416798357
ce,çe,ADP,ADP,,,,,True,32,0,3.4965075614664802
arala,aralandı,VERB,VERB,,,,,False,0,0,0.0
.,.,PUNCT,PUNCT,,,,,True,3283,0,8.096817470572319
Mahmut,Mahmut,PROPN,PROPN,,,,,False,0,0,0.0
",",",",PUNCT,PUNCT,,,,,True,2285,0,7.734558844354756
kapı,kapının,NOUN,NOUN,0.29229919585074965,1.974713495304894,PRON,"PRON: 0.30, NOUN: 0.29, ADJ: 0.21, PROPN: 0.19",True,22,0,3.1354942159291497
aralık,aralığından,NOUN,NOUN,,,,,True,3,0,1.3862943611198906
baş,başını,NOUN,NOUN,0.1890902731140519,1.8430796248904169,PRON,"PRON: 0.46, ADJ: 0.21, NOUN: 0.19, PROPN: 0.15",True,54,0,4.007333185232471
uza,uzatıp,VERB,VERB,1.0,0.0,,VERB: 1.00,True,22,0,3.1354942159291497
ben,bana,PRON,PRON,0.614767428544865,1.6599914502896118,ADV,"PRON: 0.61, ADV: 0.21, CCONJ: 0.08, PROPN: 0.06",True,310,0,5.739792912179234
bak,baktı,VERB,VERB,1.0,0.0,,VERB: 1.00,True,85,0,4.454347296253507
.,.,PUNCT,PUNCT,,,,,True,3283,0,8.096817470572319
üst,Üstünde,ADJ,ADJ,0.46638801387351886,0.9967377258438014,NOUN,"NOUN: 0.53, ADJ: 0.47",True,32,0,3.4965075614664802
bir,bir,DET,DET,0.49958184875865663,1.6482580173109218,NUM,"DET: 0.50, NUM: 0.30, ADJ: 0.15",True,616,0,6.424869023905388
atlet,atlet,NOUN,NOUN,,,,,False,0,0,0.0
var,vardı,VERB,VERB,0.919968924709315,0.40228867645093425,ADJ,"VERB: 0.92, ADJ: 0.08",True,49,0,3.912023005428146
.,.,PUNCT,PUNCT,,,,,True,3283,0,8.096817470572319
mektup,Mektup,NOUN,NOUN,,,,,True,5,0,1.791759469228055
mi,mu,AUX,AUX,0.49179730733219285,1.8739792138931677,CCONJ,"AUX: 0.49, CCONJ: 0.24, ADP: 0.18, ADV: 0.05",True,112,0,4.727387818712341
.,.,PUNCT,PUNCT,,,,,True,3283,0,8.096817470572319
evet,Evet,NOUN,NOUN,0.06449692503540634,2.073848469012467,PROPN,"PROPN: 0.46, PRON: 0.23, ADV: 0.11, CCONJ: 0.11, NOUN: 0.06",True,13,0,2.6390573296152584
",",",",PUNCT,PUNCT,,,,,True,2285,0,7.734558844354756
siz,size,PRON,PRON,0.6489290710050605,1.4471589459833951,ADV,"PRON: 0.65, ADV: 0.22, CCONJ: 0.08",True,49,0,3.912023005428146
bir,bir,DET,DET,0.49958184875865663,1.6482580173109218,NUM,"DET: 0.50, NUM: 0.30, ADJ: 0.15",True,616,0,6.424869023905388
mektup,mektup,NOUN,NOUN,,,,,True,5,0,1.791759469228055
getir,getirdim,VERB,VERB,1.0,0.0,,VERB: 1.00,True,42,0,3.7612001156935624
.,.,PUNCT,PUNCT,,,,,True,3283,0,8.096817470572319
buyuru,Buyurun,NOUN,NOUN,,,,,True,1,0,0.6931471805599453
.,.,PUNCT,PUNCT,,,,,True,3283,0,8.096817470572319
uza,Uzanıp,VERB,VERB,1.0,0.0,,VERB: 1.00,True,22,0,3.1354942159291497
mektup,mektubu,NOUN,NOUN,,,,,True,5,0,1.791759469228055
al,aldı,VERB,VERB,1.0,0.0,,VERB: 1.00,True,169,0,5.135798437050262
.,.,PUNCT,PUNCT,,,,,True,3283,0,8.096817470572319
kapı,Kapıyı,NOUN,NOUN,0.29229919585074965,1.974713495304894,PRON,"PRON: 0.30, NOUN: 0.29, ADJ: 0.21, PROPN: 0.19",True,22,0,3.1354942159291497
kapa,kapattı,VERB,VERB,1.0,0.0,,VERB: 1.00,True,31,0,3.4657359027997265
.,.,PUNCT,PUNCT,,,,,True,3283,0,8.096817470572319
merdiven,Merdivenden,NOUN,NOUN,,,,,True,2,0,1.0986122886681098
aşağı,aşağıya,ADJ,ADJ,,,,,True,6,0,1.9459101490553132
in,indim,VERB,VERB,1.0,0.0,,VERB: 1.00,True,16,0,2.833213344056216
.,.,PUNCT,PUNCT,,,,,True,3283,0,8.096817470572319
adam,Adamın,NOUN,NOUN,0.48168004535673414,1.5142431721146627,PROPN,"NOUN: 0.48, PROPN: 0.28, ADJ: 0.24",True,41,0,3.7376696182833684
yan,yanında,ADJ,ADJ,0.22369130935054335,0.7668506751450528,NOUN,"NOUN: 0.78, ADJ: 0.22",True,60,0,4.110873864173311
ki,ki,ADP,ADP,0.352272282719127,2.181690690995641,AUX,"ADP: 0.35, AUX: 0.28, CCONJ: 0.23, NUM: 0.08",True,217,0,5.384495062789089
masa,masaya,NOUN,NOUN,0.31818580128896556,1.323079485206322,PRON,"PRON: 0.58, NOUN: 0.32, ADJ: 0.10",True,17,0,2.8903717578961645
otur,oturdum,VERB,VERB,1.0,0.0,,VERB: 1.00,True,54,0,4.007333185232471
.,.,PUNCT,PUNCT,,,,,True,3283,0,8.096817470572319
heyecanlı,Heyecanlı,ADJ,ADJ,,,,,False,0,0,0.0
görün,görünüyorsunuz,VERB,VERB,1.0,0.0,,VERB: 1.00,True,24,0,3.2188758248682006
.,.,PUNCT,PUNCT,,,,,True,3283,0,8.096817470572319
bir,Bir,NUM,NUM,0.3916735022215744,1.8552050660223744,DET,"DET: 0.40, NUM: 0.39, ADJ: 0.09, PROPN: 0.06, NOUN: 0.06",True,170,0,5.14166355650266
mektup,mektup,NOUN,NOUN,,,,,True,5,0,1.791759469228055
ulaş,ulaştırdım,VERB,VERB,1.0,0.0,,VERB: 1.00,True,28,0,3.367295829986474
Mahmut,Mahmut'a,PROPN,PROPN,,,,,False,0,0,0.0
.,.,PUNCT,PUNCT,,,,,True,3283,0,8.096817470572319
bir,Bir,DET,DET,0.49958184875865663,1.6482580173109218,NUM,"DET: 0.50, NUM: 0.30, ADJ: 0.15",True,616,0,6.424869023905388
mektup,mektup,NOUN,NOUN,,,,,True,5,0,1.791759469228055
mi,mu,AUX,AUX,0.49179730733219285,1.8739792138931677,CCONJ,"AUX: 0.49, CCONJ: 0.24, ADP: 0.18, ADV: 0.05",True,112,0,4.727387818712341
.,.,PUNCT,PUNCT,,,,,True,3283,0,8.096817470572319
Mebrure,Mebrure,PROPN,PROPN,,,,,False,0,0,0.0
bir,bir,DET,DET,0.49958184875865663,1.6482580173109218,NUM,"DET: 0.50, NUM: 0.30, ADJ: 0.15",True,616,0,6.424869023905388
mektup,mektup,NOUN,NOUN,,,,,True,5,0,1.791759469228055
yaz,yazdı,VERB,VERB,1.0,0.0,,VERB: 1.00,True,35,0,3.58351893845611
o,ona,PRON,PRON,0.5961784524857141,1.6538184960634559,ADV,"PRON: 0.60, ADV: 0.24, CCONJ: 0.07, PROPN: 0.05",True,264,0,5.579729825986222
.,.,PUNCT,PUNCT,,,,,True,3283,0,8.096817470572319
ben,Ben,PRON,PRON,0.614767428544865,1.6599914502896118,ADV,"PRON: 0.61, ADV: 0.21, CCONJ: 0.08, PROPN: 0.06",True,310,0,5.739792912179234
de,de,CCONJ,CCONJ,0.13783772654910434,1.6723904656042283,AUX,"AUX: 0.44, ADP: 0.38, CCONJ: 0.14",True,326,0,5.7899601708972535
götür,götürüp,VERB,VERB,1.0,0.0,,VERB: 1.00,True,11,0,2.4849066497880004
ver,verdim,VERB,VERB,1.0,0.0,,VERB: 1.00,True,138,0,4.9344739331306915
.,.,PUNCT,PUNCT,,,,,True,3283,0,8.096817470572319
merak,Merak,NOUN,NOUN,,,,,True,8,0,2.1972245773362196
et,eder,VERB,VERB,0.021423477839648417,2.0747581498935594,AUX,"AUX: 0.33, ADP: 0.33, CCONJ: 0.23",True,260,0,5.564520407322694
",",",",PUNCT,PUNCT,,,,,True,2285,0,7.734558844354756
aç,açar,VERB,VERB,1.0,0.0,,VERB: 1.00,True,44,0,3.8066624897703196
.,.,PUNCT,PUNCT,,,,,True,3283,0,8.096817470572319
satır,Satırlara,NOUN,NOUN,,,,,True,4,0,1.6094379124341003
bir,bir,NUM,DET,0.3916735022215744,1.8552050660223744,DET,"DET: 0.40, NUM: 0.39, ADJ: 0.09, PROPN: 0.06, NOUN: 0.06",True,170,1,5.14166355650266
göz,göz,NOUN,NOUN,0.48581680668839844,1.5108829755725355,PROPN,"NOUN: 0.49, PROPN: 0.28, ADJ: 0.24",True,49,0,3.912023005428146
at,atar,VERB,VERB,1.0,0.0,,VERB: 1.00,True,26,0,3.295836866004329
",",",",PUNCT,PUNCT,,,,,True,2285,0,7.734558844354756
de,dedi,VERB,VERB,0.7089626585740004,0.8700574815901702,CCONJ,"VERB: 0.71, CCONJ: 0.29",True,295,0,5.69035945432406
adam,adam,NOUN,NOUN,0.48168004535673414,1.5142431721146627,PROPN,"NOUN: 0.48, PROPN: 0.28, ADJ: 0.24",True,41,0,3.7376696182833684
.,.,PUNCT,PUNCT,,,,,True,3283,0,8.096817470572319
evet,Evet,NOUN,NOUN,0.06449692503540634,2.073848469012467,PROPN,"PROPN: 0.46, PRON: 0.23, ADV: 0.11, CCONJ: 0.11, NOUN: 0.06",True,13,0,2.6390573296152584
",",",",PUNCT,PUNCT,,,,,True,2285,0,7.734558844354756
birlikte,birlikte,ADV,ADV,,,,,True,8,0,2.1972245773362196
çık,çıktılar,VERB,VERB,1.0,0.0,,VERB: 1.00,True,80,0,4.394449154672439
oda,odaya,NOUN,NOUN,0.6085012339086038,0.9657599469236062,ADJ,"NOUN: 0.61, ADJ: 0.39",True,15,0,2.772588722239781
.,.,PUNCT,PUNCT,,,,,True,3283,0,8.096817470572319
düşün,Düşünmeye,VERB,VERB,0.7113540833748332,0.8669656577665865,CCONJ,"VERB: 0.71, CCONJ: 0.29",True,61,0,4.127134385045092
çalış,çalışıyordum,VERB,VERB,0.650530576282453,1.1285592750273743,CCONJ,"VERB: 0.65, CCONJ: 0.30",True,64,0,4.174387269895637
.,.,PUNCT,PUNCT,,,,,True,3283,0,8.096817470572319
oku,Okumayabilir,VERB,VERB,1.0,0.0,,VERB: 1.00,True,29,0,3.4011973816621555
mektup,mektubu,NOUN,NOUN,,,,,True,5,0,1.791759469228055
",",",",PUNCT,PUNCT,,,,,True,2285,0,7.734558844354756
de,dedim,VERB,VERB,0.7089626585740004,0.8700574815901702,CCONJ,"VERB: 0.71, CCONJ: 0.29",True,295,0,5.69035945432406
.,.,PUNCT,PUNCT,,,,,True,3283,0,8.096817470572319
belli,Belli,ADJ,ADJ,0.1552551369395006,1.9247260843151064,PRON,"PRON: 0.53, ADJ: 0.16, NOUN: 0.12, PROPN: 0.11, ADV: 0.08",True,12,0,2.5649493574615367
ol,olmaz,VERB,VERB,1.0,0.0,,VERB: 1.00,True,603,0,6.403574197934815
.,.,PUNCT,PUNCT,,,,,True,3283,0,8.096817470572319
kadın,Kadın,ADJ,ADJ,0.22426573119393564,0.7678804621873997,NOUN,"NOUN: 0.78, ADJ: 0.22",True,40,0,3.713572066704308
uyu,uyuduysa,VERB,VERB,,,,,True,9,0,2.302585092994046
oku,okur,VERB,VERB,1.0,0.0,,VERB: 1.00,True,29,0,3.4011973816621555
",",",",PUNCT,PUNCT,,,,,True,2285,0,7.734558844354756
de,dedi,VERB,VERB,0.7089626585740004,0.8700574815901702,CCONJ,"VERB: 0.71, CCONJ: 0.29",True,295,0,5.69035945432406
adam,adam,NOUN,NOUN,0.48168004535673414,1.5142431721146627,PROPN,"NOUN: 0.48, PROPN: 0.28, ADJ: 0.24",True,41,0,3.7376696182833684
.,.,PUNCT,PUNCT,,,,,True,3283,0,8.096817470572319
anla,Anlarız,VERB,VERB,1.0,0.0,,VERB: 1.00,True,44,0,3.8066624897703196
.,.,PUNCT,PUNCT,,,,,True,3283,0,8.096817470572319
anla,Anlarız,VERB,VERB,1.0,0.0,,VERB: 1.00,True,44,0,3.8066624897703196
.,.,PUNCT,PUNCT,,,,,True,3283,0,8.096817470572319
anla,Anlar,VERB,VERB,1.0,0.0,,VERB: 1.00,True,44,0,3.8066624897703196
mi,mıyız,AUX,AUX,0.49179730733219285,1.8739792138931677,CCONJ,"AUX: 0.49, CCONJ: 0.24, ADP: 0.18, ADV: 0.05",True,112,0,4.727387818712341
.,.,PUNCT,PUNCT,,,,,True,3283,0,8.096817470572319
otur,Oturduğum,VERB,VERB,1.0,0.0,,VERB: 1.00,True,54,0,4.007333185232471
yer,yerden,NOUN,NOUN,0.6105573897718891,0.964438903111094,ADJ,"NOUN: 0.61, ADJ: 0.39",True,111,0,4.718498871295094
çevre,çevreme,NOUN,NOUN,,,,,True,4,0,1.6094379124341003
göz,göz,NOUN,NOUN,0.48581680668839844,1.5108829755725355,PROPN,"NOUN: 0.49, PROPN: 0.28, ADJ: 0.24",True,49,0,3.912023005428146
gez,gezdiriyordum,VERB,VERB,,,,,True,8,0,2.1972245773362196
.,.,PUNCT,PUNCT,,,,,True,3283,0,8.096817470572319
birden,Birden,ADV,ADV,,,,,True,8,0,2.1972245773362196
Taşhan,Taşhan'ın,PROPN,PROPN,,,,,False,0,0,0.0
kapı,kapısı,NOUN,NOUN,0.29229919585074965,1.974713495304894,PRON,"PRON: 0.30, NOUN: 0.29, ADJ: 0.21, PROPN: 0.19",True,22,0,3.1354942159291497
zorla,zorlanmaya,VERB,VERB,,,,,True,8,0,2.1972245773362196
başla,başladı,VERB,VERB,0.7003594242233127,0.880851097931121,CCONJ,"VERB: 0.70, CCONJ: 0.30",True,83,0,4.430816798843313
.,.,PUNCT,PUNCT,,,,,True,3283,0,8.096817470572319
kapı,Kapı,NOUN,NOUN,0.29229919585074965,1.974713495304894,PRON,"PRON: 0.30, NOUN: 0.29, ADJ: 0.21, PROPN: 0.19",True,22,0,3.1354942159291497
dışarı,dışarıdan,NOUN,NOUN,,,,,True,7,0,2.0794415416798357
vurul,vuruluyor,VERB,VERB,,,,,True,1,0,0.6931471805599453
",",",",PUNCT,PUNCT,,,,,True,2285,0,7.734558844354756
hafif,hafif,ADJ,ADJ,,,,,True,7,0,2.0794415416798357
ce,çe,ADP,ADP,,,,,True,32,0,3.4965075614664802
it,itiliyor,VERB,VERB,,,,,True,1,0,0.6931471805599453
",",",",PUNCT,PUNCT,,,,,True,2285,0,7.734558844354756
arala,aralanıyor,VERB,VERB,,,,,False,0,0,0.0
",",",",PUNCT,PUNCT,,,,,True,2285,0,7.734558844354756
yeniden,yeniden,ADV,ADV,0.21097570581915642,1.7793365705047433,PRON,"PRON: 0.55, ADV: 0.21, PROPN: 0.14, ADJ: 0.06",True,17,0,2.8903717578961645
kapa,kapanıyordu,VERB,VERB,1.0,0.0,,VERB: 1.00,True,31,0,3.4657359027997265
.,.,PUNCT,PUNCT,,,,,True,3283,0,8.096817470572319
mektup,Mektubu,NOUN,NOUN,,,,,True,5,0,1.791759469228055
oku,okuyor,VERB,VERB,1.0,0.0,,VERB: 1.00,True,29,0,3.4011973816621555
",",",",PUNCT,PUNCT,,,,,True,2285,0,7.734558844354756
de,dedi,VERB,VERB,0.7089626585740004,0.8700574815901702,CCONJ,"VERB: 0.71, CCONJ: 0.29",True,295,0,5.69035945432406
adam,adam,NOUN,NOUN,0.48168004535673414,1.5142431721146627,PROPN,"NOUN: 0.48, PROPN: 0.28, ADJ: 0.24",True,41,0,3.7376696182833684
.,.,PUNCT,PUNCT,,,,,True,3283,0,8.096817470572319
zarf,Zarfı,NOUN,NOUN,,,,,True,3,0,1.3862943611198906
aç,açtı,VERB,VERB,1.0,0.0,,VERB: 1.00,True,44,0,3.8066624897703196
ve,ve,CCONJ,CCONJ,0.23925769350174309,2.411623002364367,NUM,"NUM: 0.34, CCONJ: 0.24, ADJ: 0.14, DET: 0.11, PRON: 0.09, PROPN: 0.06",True,359,0,5.886104031450156
mektup,mektubu,NOUN,NOUN,,,,,True,5,0,1.791759469228055
oku,okuyor,VERB,VERB,1.0,0.0,,VERB: 1.00,True,29,0,3.4011973816621555
.,.,PUNCT,PUNCT,,,,,True,3283,0,8.096817470572319
bir,Bir,DET,DET,0.49958184875865663,1.6482580173109218,NUM,"DET: 0.50, NUM: 0.30, ADJ: 0.15",True,616,0,6.424869023905388
dilim,dilim,NOUN,NOUN,,,,,True,3,0,1.3862943611198906
kavun,kavun,NOUN,NOUN,,,,,True,1,0,0.6931471805599453
al,aldı,VERB,VERB,1.0,0.0,,VERB: 1.00,True,169,0,5.135798437050262
.,.,PUNCT,PUNCT,,,,,True,3283,0,8.096817470572319
nere,Nereden,PRON,PRON,0.5735438291128842,1.611292883227183,ADV,"PRON: 0.57, ADV: 0.19, NOUN: 0.17, ADJ: 0.07",True,19,0,2.995732273553991
bil,biliyorsunuz,VERB,VERB,0.6930942464089043,1.0036086273143747,CCONJ,"VERB: 0.69, CCONJ: 0.28",True,101,0,4.624972813284271
?,?,PUNCT,PUNCT,,,,,True,125,0,4.836281906951478
diye,diye,ADP,ADP,0.26515728248607623,2.352927457262911,AUX,"AUX: 0.34, ADP: 0.27, PRON: 0.15, CCONJ: 0.13",True,107,0,4.68213122712422
hayret,hayretle,ADV,ADV,,,,,False,0,0,0.0
sor,sordum,VERB,VERB,1.0,0.0,,VERB: 1.00,True,49,0,3.912023005428146
.,.,PUNCT,PUNCT,,,,,True,3283,0,8.096817470572319
Mebrure,Mebrure,PROPN,PROPN,,,,,False,0,0,0.0
gene,gene,ADV,ADV,,,,,True,7,0,2.0794415416798357
düşünce,düşüncelerine,NOUN,NOUN,0.7746699325072259,0.7697813084492007,ADJ,"NOUN: 0.77, ADJ: 0.23",True,13,0,2.6390573296152584
gir,girmek,VERB,VERB,1.0,0.0,,VERB: 1.00,True,63,0,4.1588830833596715
üzere,üzere,ADP,ADP,0.9706083919639183,0.19133156635872536,NOUN,ADP: 0.97,True,16,0,2.833213344056216
.,.,PUNCT,PUNCT,,,,,True,3283,0,8.096817470572319
bak,Bak,VERB,VERB,1.0,0.0,,VERB: 1.00,True,85,0,4.454347296253507
",",",",PUNCT,PUNCT,,,,,True,2285,0,7.734558844354756
kapı,kapı,NOUN,NOUN,0.29229919585074965,1.974713495304894,PRON,"PRON: 0.30, NOUN: 0.29, ADJ: 0.21, PROPN: 0.19",True,22,0,3.1354942159291497
zorla,zorlanıyor,VERB,VERB,,,,,True,8,0,2.1972245773362196
.,.,PUNCT,PUNCT,,,,,True,3283,0,8.096817470572319
kapı,Kapının,NOUN,NOUN,0.29229919585074965,1.974713495304894,PRON,"PRON: 0.30, NOUN: 0.29, ADJ: 0.21, PROPN: 0.19",True,22,0,3.1354942159291497
art,ardında,NOUN,NOUN,0.28496221453873083,1.1056218998328282,ADJ,"ADJ: 0.67, NOUN: 0.28",True,13,0,2.6390573296152584
ki,ki,ADP,ADP,0.352272282719127,2.181690690995641,AUX,"ADP: 0.35, AUX: 0.28, CCONJ: 0.23, NUM: 0.08",True,217,0,5.384495062789089
gürültü,gürültüler,NOUN,NOUN,,,,,True,4,0,1.6094379124341003
art,artmıştı,VERB,VERB,,,,,True,7,0,2.0794415416798357
.,.,PUNCT,PUNCT,,,,,True,3283,0,8.096817470572319
kapı,Kapı,NOUN,NOUN,0.29229919585074965,1.974713495304894,PRON,"PRON: 0.30, NOUN: 0.29, ADJ: 0.21, PROPN: 0.19",True,22,0,3.1354942159291497
arala,aralanır,VERB,VERB,,,,,False,0,0,0.0
gibi,gibi,ADP,ADP,0.36045769630430313,1.8400611893764562,AUX,"ADP: 0.36, AUX: 0.30, CCONJ: 0.28",True,145,0,4.983606621708336
ol,oluyor,VERB,VERB,1.0,0.0,,VERB: 1.00,True,603,0,6.403574197934815
",",",",PUNCT,PUNCT,,,,,True,2285,0,7.734558844354756
büyük,büyük,ADJ,ADJ,0.14477411515577987,1.3823539050949016,DET,"DET: 0.57, NUM: 0.29, ADJ: 0.14",True,65,0,4.189654742026425
bir,bir,DET,DET,0.49958184875865663,1.6482580173109218,NUM,"DET: 0.50, NUM: 0.30, ADJ: 0.15",True,616,0,6.424869023905388
gürültü,gürültü,ADV,ADV,,,,,True,1,0,0.6931471805599453
ile,ile,ADP,ADP,0.3337755659323291,2.1372220360744323,AUX,"ADP: 0.33, AUX: 0.32, CCONJ: 0.24",True,11,0,2.4849066497880004
yeniden,yeniden,ADV,ADV,0.21097570581915642,1.7793365705047433,PRON,"PRON: 0.55, ADV: 0.21, PROPN: 0.14, ADJ: 0.06",True,17,0,2.8903717578961645
çarp,çarpıp,VERB,VERB,,,,,True,7,0,2.0794415416798357
kapa,kapanıyordu,VERB,VERB,1.0,0.0,,VERB: 1.00,True,31,0,3.4657359027997265
.,.,PUNCT,PUNCT,,,,,True,3283,0,8.096817470572319
mücadele,Mücadele,ADV,ADV,,,,,False,0,0,0.0
...,...,PUNCT,PUNCT,,,,,True,91,0,4.5217885770490405
diye,diye,ADP,ADP,0.26515728248607623,2.352927457262911,AUX,"AUX: 0.34, ADP: 0.27, PRON: 0.15, CCONJ: 0.13",True,107,0,4.68213122712422
mırıldan,mırıldandı,VERB,VERB,,,,,True,3,0,1.3862943611198906
adam,adam,NOUN,NOUN,0.48168004535673414,1.5142431721146627,PROPN,"NOUN: 0.48, PROPN: 0.28, ADJ: 0.24",True,41,0,3.7376696182833684
.,.,PUNCT,PUNCT,,,,,True,3283,0,8.096817470572319
düşün,Düşünüyor,VERB,VERB,0.7113540833748332,0.8669656577665865,CCONJ,"VERB: 0.71, CCONJ: 0.29",True,61,0,4.127134385045092
mi,mu,AUX,AUX,0.49179730733219285,1.8739792138931677,CCONJ,"AUX: 0.49, CCONJ: 0.24, ADP: 0.18, ADV: 0.05",True,112,0,4.727387818712341
Mebrure,Mebrure'yi,PROPN,PROPN,,,,,False,0,0,0.0
.,.,PUNCT,PUNCT,,,,,True,3283,0,8.096817470572319
birden,Birden,ADV,ADV,,,,,True,8,0,2.1972245773362196
hatırla,hatırladı,VERB,VERB,,,,,True,9,0,2.302585092994046
.,.,PUNCT,PUNCT,,,,,True,3283,0,8.096817470572319
ama,Ama,CCONJ,CCONJ,0.26313102212215905,1.8047829885976687,PRON,"PRON: 0.46, CCONJ: 0.26, ADV: 0.22",True,139,0,4.941642422609304
şu,şu,DET,DET,0.6473703379030218,1.4318787820731502,NUM,"DET: 0.65, NUM: 0.18, ADJ: 0.13",True,22,0,3.1354942159291497
an,an,NOUN,NOUN,0.7767539182231282,0.7660506138585593,ADJ,"NOUN: 0.78, ADJ: 0.22",True,32,0,3.4965075614664802
düşün,düşündüğü,VERB,VERB,0.7113540833748332,0.8669656577665865,CCONJ,"VERB: 0.71, CCONJ: 0.29",True,61,0,4.127134385045092
o,o,PRON,PRON,0.5961784524857141,1.6538184960634559,ADV,"PRON: 0.60, ADV: 0.24, CCONJ: 0.07, PROPN: 0.05",True,264,0,5.579729825986222
i,değil,AUX,AUX,0.47697018772995686,1.861138213598426,ADP,"AUX: 0.48, ADP: 0.26, CCONJ: 0.18, PROPN: 0.06",True,546,0,6.304448802421981
;,;,PUNCT,PUNCT,,,,,True,84,0,4.442651256490317
bak,bak,VERB,VERB,1.0,0.0,,VERB: 1.00,True,85,0,4.454347296253507
gir,giremiyor,VERB,VERB,1.0,0.0,,VERB: 1.00,True,63,0,4.1588830833596715
kapı,kapıdan,NOUN,NOUN,0.29229919585074965,1.974713495304894,PRON,"PRON: 0.30, NOUN: 0.29, ADJ: 0.21, PROPN: 0.19",True,22,0,3.1354942159291497
içeri,içeri,NOUN,NOUN,0.4367572947609049,1.5503596805696764,ADJ,"NOUN: 0.44, ADJ: 0.30, PROPN: 0.27",True,12,0,2.5649493574615367
Mebrure,Mebrure,PROPN,PROPN,,,,,False,0,0,0.0
...,...,PUNCT,PUNCT,,,,,True,91,0,4.5217885770490405
de,Dediğim,VERB,VERB,0.7089626585740004,0.8700574815901702,CCONJ,"VERB: 0.71, CCONJ: 0.29",True,295,0,5.69035945432406
gibi,gibi,ADP,ADP,0.36045769630430313,1.8400611893764562,AUX,"ADP: 0.36, AUX: 0.30, CCONJ: 0.28",True,145,0,4.983606621708336
",",",",PUNCT,PUNCT,,,,,True,2285,0,7.734558844354756
Mahmut,Mahmut,PROPN,PROPN,,,,,False,0,0,0.0
yepyeni,yepyeni,ADJ,ADJ,,,,,False,0,0,0.0
bir,bir,DET,DET,0.49958184875865663,1.6482580173109218,NUM,"DET: 0.50, NUM: 0.30, ADJ: 0.15",True,616,0,6.424869023905388
titreşim,titreşimin,NOUN,NOUN,,,,,False,0,0,0.0
iç,içinde,ADJ,ADJ,0.5266476463656918,0.9979501219428724,NOUN,"ADJ: 0.53, NOUN: 0.47",True,71,0,4.276666119016055
.,.,PUNCT,PUNCT,,,,,True,3283,0,8.096817470572319
cinsellik,Cinsellik,NOUN,NOUN,,,,,True,3,0,1.3862943611198906
",",",",PUNCT,PUNCT,,,,,True,2285,0,7.734558844354756
çekim,çekim,NOUN,NOUN,,,,,True,1,0,0.6931471805599453
",",",",PUNCT,PUNCT,,,,,True,2285,0,7.734558844354756
arzu,arzu,NOUN,NOUN,,,,,True,2,0,1.0986122886681098
.,.,PUNCT,PUNCT,,,,,True,3283,0,8.096817470572319
bu,Bunlar,PRON,PRON,0.7006788109102466,1.3923524752663319,ADV,"PRON: 0.70, ADV: 0.14, CCONJ: 0.09, NOUN: 0.05",True,171,0,5.147494476813453
Mebrure,Mebrure'den,PROPN,PROPN,,,,,False,0,0,0.0
güçlü,güçlü,ADJ,ADJ,,,,,True,1,0,0.6931471805599453
",",",",PUNCT,PUNCT,,,,,True,2285,0,7.734558844354756
de,dedi,VERB,VERB,0.7089626585740004,0.8700574815901702,CCONJ,"VERB: 0.71, CCONJ: 0.29",True,295,0,5.69035945432406
.,.,PUNCT,PUNCT,,,,,True,3283,0,8.096817470572319
korkunç,Korkunç,ADJ,ADJ,,,,,True,4,0,1.6094379124341003
bir,bir,NUM,NUM,0.3916735022215744,1.8552050660223744,DET,"DET: 0.40, NUM: 0.39, ADJ: 0.09, PROPN: 0.06, NOUN: 0.06",True,170,0,5.14166355650266
şey,şey,NOUN,NOUN,0.7797490937613291,0.7606253858126094,ADJ,"NOUN: 0.78, ADJ: 0.22",True,102,0,4.634728988229636
bu,bu,PRON,PRON,0.7006788109102466,1.3923524752663319,ADV,"PRON: 0.70, ADV: 0.14, CCONJ: 0.09, NOUN: 0.05",True,171,0,5.147494476813453
!,!,PUNCT,PUNCT,,,,,True,39,0,3.6888794541139363
diye,diye,ADP,ADP,0.26515728248607623,2.352927457262911,AUX,"AUX: 0.34, ADP: 0.27, PRON: 0.15, CCONJ: 0.13",True,107,0,4.68213122712422
mırıldan,mırıldandım,VERB,VERB,,,,,True,3,0,1.3862943611198906
.,.,PUNCT,PUNCT,,,,,True,3283,0,8.096817470572319
zavallı,Zavallı,ADJ,ADJ,,,,,True,1,0,0.6931471805599453
Mebrure,Mebrure,PROPN,PROPN,,,,,False,0,0,0.0
.,.,PUNCT,PUNCT,,,,,True,3283,0,8.096817470572319
nasıl,Nasıl,ADV,ADV,0.22688879708691875,1.6551093959198966,PRON,"PRON: 0.59, ADV: 0.23, PROPN: 0.07, NOUN: 0.06",True,24,0,3.2188758248682006
da,da,CCONJ,CCONJ,0.13730810580889885,1.6721173968196932,AUX,"AUX: 0.44, ADP: 0.38, CCONJ: 0.14",True,275,0,5.62040086571715
zorla,zorluyor,VERB,VERB,,,,,True,8,0,2.1972245773362196
kapı,kapıyı,NOUN,NOUN,0.29229919585074965,1.974713495304894,PRON,"PRON: 0.30, NOUN: 0.29, ADJ: 0.21, PROPN: 0.19",True,22,0,3.1354942159291497
...,...,PUNCT,PUNCT,,,,,True,91,0,4.5217885770490405
gir,Giremiyor,VERB,VERB,1.0,0.0,,VERB: 1.00,True,63,0,4.1588830833596715
düşünce,düşüncelerine,NOUN,NOUN,0.7746699325072259,0.7697813084492007,ADJ,"NOUN: 0.77, ADJ: 0.23",True,13,0,2.6390573296152584
Mahmut,Mahmut'un,PROPN,PROPN,,,,,False,0,0,0.0
...,...,PUNCT,PUNCT,,,,,True,91,0,4.5217885770490405
mektup,mektubun,NOUN,NOUN,,,,,True,5,0,1.791759469228055
biraz,biraz,ADV,ADV,0.2480275191840872,1.1405442588096235,PRON,"PRON: 0.70, ADV: 0.25",True,27,0,3.332204510175204
etki,etkisi,NOUN,NOUN,,,,,True,7,0,2.0794415416798357
ol,oldu,VERB,VERB,1.0,0.0,,VERB: 1.00,True,603,0,6.403574197934815
galiba,galiba,ADV,ADV,,,,,True,6,0,1.9459101490553132
.,.,PUNCT,PUNCT,,,,,True,3283,0,8.096817470572319
bak,Bakın,VERB,VERB,1.0,0.0,,VERB: 1.00,True,85,0,4.454347296253507
",",",",PUNCT,PUNCT,,,,,True,2285,0,7.734558844354756
kapı,kapı,NOUN,NOUN,0.29229919585074965,1.974713495304894,PRON,"PRON: 0.30, NOUN: 0.29, ADJ: 0.21, PROPN: 0.19",True,22,0,3.1354942159291497
neredeyse,neredeyse,ADV,ADV,,,,,True,4,0,1.6094379124341003
aç,açılacak,VERB,VERB,1.0,0.0,,VERB: 1.00,True,44,0,3.8066624897703196
.,.,PUNCT,PUNCT,,,,,True,3283,0,8.096817470572319
kapı,Kapı,NOUN,NOUN,0.29229919585074965,1.974713495304894,PRON,"PRON: 0.30, NOUN: 0.29, ADJ: 0.21, PROPN: 0.19",True,22,0,3.1354942159291497
bir,bir,DET,NUM,0.49958184875865663,1.6482580173109218,NUM,"DET: 0.50, NUM: 0.30, ADJ: 0.15",True,616,1,6.424869023905388
an,an,NOUN,ADV,0.7767539182231282,0.7660506138585593,ADJ,"NOUN: 0.78, ADJ: 0.22",True,32,1,3.4965075614664802
art,ardına,NOUN,NOUN,0.28496221453873083,1.1056218998328282,ADJ,"ADJ: 0.67, NOUN: 0.28",True,13,0,2.6390573296152584
kadar,kadar,ADP,ADP,0.3692723596113412,1.6932259529300686,AUX,"AUX: 0.42, ADP: 0.37, CCONJ: 0.17",True,105,0,4.663439094112067
aç,açılır,VERB,VERB,1.0,0.0,,VERB: 1.00,True,44,0,3.8066624897703196
gibi,gibi,ADP,ADP,0.36045769630430313,1.8400611893764562,AUX,"ADP: 0.36, AUX: 0.30, CCONJ: 0.28",True,145,0,4.983606621708336
ol,oldu,VERB,VERB,1.0,0.0,,VERB: 1.00,True,603,0,6.403574197934815
",",",",PUNCT,PUNCT,,,,,True,2285,0,7.734558844354756
yeniden,yeniden,ADV,ADV,0.21097570581915642,1.7793365705047433,PRON,"PRON: 0.55, ADV: 0.21, PROPN: 0.14, ADJ: 0.06",True,17,0,2.8903717578961645
çarp,çarpıp,VERB,VERB,,,,,True,7,0,2.0794415416798357
kapa,kapandı,VERB,VERB,1.0,0.0,,VERB: 1.00,True,31,0,3.4657359027997265
.,.,PUNCT,PUNCT,,,,,True,3283,0,8.096817470572319
çok,Çok,ADV,ADV,0.33203987735528007,1.3405495937378578,PRON,"PRON: 0.59, ADV: 0.33, ADJ: 0.05",True,97,0,4.584967478670572
güç,güç,ADJ,ADJ,0.38891220072976296,0.9640939642669308,NOUN,"NOUN: 0.61, ADJ: 0.39",True,13,0,2.6390573296152584
",",",",PUNCT,PUNCT,,,,,True,2285,0,7.734558844354756
de,dedi,VERB,VERB,0.7089626585740004,0.8700574815901702,CCONJ,"VERB: 0.71, CCONJ: 0.29",True,295,0,5.69035945432406
adam,adam,NOUN,NOUN,0.48168004535673414,1.5142431721146627,PROPN,"NOUN: 0.48, PROPN: 0.28, ADJ: 0.24",True,41,0,3.7376696182833684
.,.,PUNCT,PUNCT,,,,,True,3283,0,8.096817470572319
bir,Bir,NUM,NUM,0.3916735022215744,1.8552050660223744,DET,"DET: 0.40, NUM: 0.39, ADJ: 0.09, PROPN: 0.06, NOUN: 0.06",True,170,0,5.14166355650266
mücadele,mücadeleyi,NOUN,NOUN,,,,,True,7,0,2.0794415416798357
izle,izliyoruz,VERB,VERB,1.0,0.0,,VERB: 1.00,True,19,0,2.995732273553991
işte,işte,ADV,ADV,0.11734689772862172,2.034632031144819,PRON,"PRON: 0.41, CCONJ: 0.29, PROPN: 0.15, ADV: 0.12",True,18,0,2.9444389791664403
.,.,PUNCT,PUNCT,,,,,True,3283,0,8.096817470572319
şehvet,Şehvet,NOUN,NOUN,,,,,True,1,0,0.6931471805599453
ve,ve,CCONJ,CCONJ,0.23925769350174309,2.411623002364367,NUM,"NUM: 0.34, CCONJ: 0.24, ADJ: 0.14, DET: 0.11, PRON: 0.09, PROPN: 0.06",True,359,0,5.886104031450156
arzu,arzu,NOUN,NOUN,,,,,True,2,0,1.0986122886681098
yaşa,yaşanırken,VERB,VERB,1.0,0.0,,VERB: 1.00,True,55,0,4.02535169073515
",",",",PUNCT,PUNCT,,,,,True,2285,0,7.734558844354756
eski,eski,ADJ,ADJ,0.12356482321186857,1.5251739549622578,DET,"DET: 0.67, ADJ: 0.12, NUM: 0.11, CCONJ: 0.08",True,21,0,3.091042453358316
bir,bir,DET,DET,0.49958184875865663,1.6482580173109218,NUM,"DET: 0.50, NUM: 0.30, ADJ: 0.15",True,616,0,6.424869023905388
kadın,kadının,ADJ,ADJ,0.22426573119393564,0.7678804621873997,NOUN,"NOUN: 0.78, ADJ: 0.22",True,40,0,3.713572066704308
düşünce,düşüncelere,NOUN,NOUN,0.7746699325072259,0.7697813084492007,ADJ,"NOUN: 0.77, ADJ: 0.23",True,13,0,2.6390573296152584
gir,girmesi,VERB,VERB,1.0,0.0,,VERB: 1.00,True,63,0,4.1588830833596715
çok,çok,ADV,ADV,0.33203987735528007,1.3405495937378578,PRON,"PRON: 0.59, ADV: 0.33, ADJ: 0.05",True,97,0,4.584967478670572
zor,zor,ADJ,ADJ,0.22223016687522598,0.7642188650529111,NOUN,"NOUN: 0.78, ADJ: 0.22",True,22,0,3.1354942159291497
i,dur,AUX,AUX,0.47697018772995686,1.861138213598426,ADP,"AUX: 0.48, ADP: 0.26, CCONJ: 0.18, PROPN: 0.06",True,546,0,6.304448802421981
.,.,PUNCT,PUNCT,,,,,True,3283,0,8.096817470572319
çaresizlik,Çaresizlikle,NOUN,ADV,,,,,True,6,1,1.9459101490553132
yer,yerimde,NOUN,NOUN,0.6105573897718891,0.964438903111094,ADJ,"NOUN: 0.61, ADJ: 0.39",True,111,0,4.718498871295094
otur,oturuyordum,VERB,VERB,1.0,0.0,,VERB: 1.00,True,54,0,4.007333185232471
.,.,PUNCT,PUNCT,,,,,True,3283,0,8.096817470572319
Taşhan,Taşhan'ın,PROPN,PROPN,,,,,False,0,0,0.0
kapı,kapısı,NOUN,NOUN,0.29229919585074965,1.974713495304894,PRON,"PRON: 0.30, NOUN: 0.29, ADJ: 0.21, PROPN: 0.19",True,22,0,3.1354942159291497
büyük,büyük,ADJ,ADJ,0.14477411515577987,1.3823539050949016,DET,"DET: 0.57, NUM: 0.29, ADJ: 0.14",True,65,0,4.189654742026425
bir,bir,DET,DET,0.49958184875865663,1.6482580173109218,NUM,"DET: 0.50, NUM: 0.30, ADJ: 0.15",True,616,0,6.424869023905388
güç,güçle,ADJ,ADJ,0.38891220072976296,0.9640939642669308,NOUN,"NOUN: 0.61, ADJ: 0.39",True,13,0,2.6390573296152584
zorla,zorlanıyordu,VERB,VERB,,,,,True,8,0,2.1972245773362196
.,.,PUNCT,PUNCT,,,,,True,3283,0,8.096817470572319
gir,Giremeyecek,VERB,VERB,1.0,0.0,,VERB: 1.00,True,63,0,4.1588830833596715
",",",",PUNCT,PUNCT,,,,,True,2285,0,7.734558844354756
de,dedim,VERB,VERB,0.7089626585740004,0.8700574815901702,CCONJ,"VERB: 0.71, CCONJ: 0.29",True,295,0,5.69035945432406
umutsuzluk,umutsuzlukla,ADV,ADV,,,,,False,0,0,0.0
.,.,PUNCT,PUNCT,,,,,True,3283,0,8.096817470572319
belki,Belki,ADV,ADV,0.2976823675361869,1.9102296920048334,PRON,"PRON: 0.39, ADV: 0.30, CCONJ: 0.20, PROPN: 0.10",True,25,0,3.258096538021482
biraz,biraz,ADJ,ADV,,,,,True,3,1,1.3862943611198906
zaman,zaman,NOUN,NOUN,0.7768808568937368,0.7658222066504196,ADJ,"NOUN: 0.78, ADJ: 0.22",True,77,0,4.356708826689592
gerekli,gerekli,ADJ,ADJ,,,,,True,6,0,1.9459101490553132
.,.,PUNCT,PUNCT,,,,,True,3283,0,8.096817470572319
zaman,Zaman,NOUN,NOUN,0.7768808568937368,0.7658222066504196,ADJ,"NOUN: 0.78, ADJ: 0.22",True,77,0,4.356708826689592
iki,iki,NUM,NUM,0.27698505514822225,1.5675874170394526,DET,"DET: 0.55, NUM: 0.28, ADJ: 0.13",True,83,0,4.430816798843313
taraflı,taraflı,ADJ,ADJ,,,,,True,1,0,0.6931471805599453
i,dır,AUX,AUX,0.47697018772995686,1.861138213598426,ADP,"AUX: 0.48, ADP: 0.26, CCONJ: 0.18, PROPN: 0.06",True,546,0,6.304448802421981
.,.,PUNCT,PUNCT,,,,,True,3283,0,8.096817470572319
ben,Ben,PRON,PRON,0.614767428544865,1.6599914502896118,ADV,"PRON: 0.61, ADV: 0.21, CCONJ: 0.08, PROPN: 0.06",True,310,0,5.739792912179234
ürk,ürkerim,VERB,VERB,,,,,False,0,0,0.0
zaman,zamandan,NOUN,NOUN,0.7768808568937368,0.7658222066504196,ADJ,"NOUN: 0.78, ADJ: 0.22",True,77,0,4.356708826689592
.,.,PUNCT,PUNCT,,,,,True,3283,0,8.096817470572319
ben,Bence,PRON,PRON,0.614767428544865,1.6599914502896118,ADV,"PRON: 0.61, ADV: 0.21, CCONJ: 0.08, PROPN: 0.06",True,310,0,5.739792912179234
zaman,zamanın,NOUN,NOUN,0.7768808568937368,0.7658222066504196,ADJ,"NOUN: 0.78, ADJ: 0.22",True,77,0,4.356708826689592
geç,geçmesi,VERB,VERB,1.0,0.0,,VERB: 1.00,True,62,0,4.143134726391533
tehlike,tehlike,NOUN,NOUN,,,,,True,6,0,1.9459101490553132
li,li,ADP,ADP,0.2797323618856777,2.3836488217196035,AUX,"AUX: 0.30, ADP: 0.28, CCONJ: 0.23, NUM: 0.08",True,182,0,5.209486152841421
.,.,PUNCT,PUNCT,,,,,True,3283,0,8.096817470572319
yap,Yapacak,VERB,VERB,1.0,0.0,,VERB: 1.00,True,209,0,5.3471075307174685
.,.,PUNCT,PUNCT,,,,,True,3283,0,8.096817470572319
bir,bir,NUM,NUM,0.3916735022215744,1.8552050660223744,DET,"DET: 0.40, NUM: 0.39, ADJ: 0.09, PROPN: 0.06, NOUN: 0.06",True,170,0,5.14166355650266
şey,şey,NOUN,NOUN,0.7797490937613291,0.7606253858126094,ADJ,"NOUN: 0.78, ADJ: 0.22",True,102,0,4.634728988229636
yok,yok,ADV,ADV,0.0,0.6417583248544891,VERB,"VERB: 0.84, ADJ: 0.16",True,39,0,3.6888794541139363
ki,ki,CCONJ,CCONJ,0.1806152397797589,1.9747454841180783,AUX,"AUX: 0.51, CCONJ: 0.18, ADP: 0.18, ADV: 0.07",True,81,0,4.406719247264253
!,!,PUNCT,PUNCT,,,,,True,39,0,3.6888794541139363
de,dedi,VERB,VERB,0.7089626585740004,0.8700574815901702,CCONJ,"VERB: 0.71, CCONJ: 0.29",True,295,0,5.69035945432406
adam,adam,NOUN,NOUN,0.48168004535673414,1.5142431721146627,PROPN,"NOUN: 0.48, PROPN: 0.28, ADJ: 0.24",True,41,0,3.7376696182833684
.,.,PUNCT,PUNCT,,,,,True,3283,0,8.096817470572319
yavaş,Yavaş,ADJ,ADJ,,,,,True,10,0,2.3978952727983707
yavaş,yavaş,ADJ,ADJ,,,,,True,10,0,2.3978952727983707
rakı,rakısını,NOUN,NOUN,0.021914524200959,1.6179094289053584,DET,"DET: 0.61, NUM: 0.20, ADJ: 0.10, CCONJ: 0.07",True,17,0,2.8903717578961645
yudumla,yudumluyordu,VERB,VERB,,,,,False,0,0,0.0
.,.,PUNCT,PUNCT,,,,,True,3283,0,8.096817470572319
kapı,Kapıda,NOUN,NOUN,0.29229919585074965,1.974713495304894,PRON,"PRON: 0.30, NOUN: 0.29, ADJ: 0.21, PROPN: 0.19",True,22,0,3.1354942159291497
ki,ki,ADP,ADP,0.352272282719127,2.181690690995641,AUX,"ADP: 0.35, AUX: 0.28, CCONJ: 0.23, NUM: 0.08",True,217,0,5.384495062789089
gürültü,gürültüler,NOUN,NOUN,,,,,True,4,0,1.6094379124341003
kes,kesilmişti,VERB,VERB,1.0,0.0,,VERB: 1.00,True,11,0,2.4849066497880004
.,.,PUNCT,PUNCT,,,,,True,3283,0,8.096817470572319
gir,Giremedi,VERB,VERB,1.0,0.0,,VERB: 1.00,True,63,0,4.1588830833596715
içeri,içeriye,NOUN,NOUN,0.4367572947609049,1.5503596805696764,ADJ,"NOUN: 0.44, ADJ: 0.30, PROPN: 0.27",True,12,0,2.5649493574615367
",",",",PUNCT,PUNCT,,,,,True,2285,0,7.734558844354756
de,dedim,VERB,VERB,0.7089626585740004,0.8700574815901702,CCONJ,"VERB: 0.71, CCONJ: 0.29",True,295,0,5.69035945432406
.,.,PUNCT,PUNCT,,,,,True,3283,0,8.096817470572319
hız,Hızla,ADV,ADV,,,,,False,0,0,0.0
yer,yerimden,NOUN,NOUN,0.6105573897718891,0.964438903111094,ADJ,"NOUN: 0.61, ADJ: 0.39",True,111,0,4.718498871295094
kalk,kalkıp,VERB,VERB,0.318376600131841,0.9026073263581879,AUX,"AUX: 0.68, VERB: 0.32",True,20,0,3.044522437723423
",",",",PUNCT,PUNCT,,,,,True,2285,0,7.734558844354756
Taşhan,Taşhan'dan,PROPN,PROPN,,,,,False,0,0,0.0
dışarı,dışarıya,NOUN,NOUN,,,,,True,7,0,2.0794415416798357
çık,çıktım,VERB,VERB,1.0,0.0,,VERB: 1.00,True,80,0,4.394449154672439
.,.,PUNCT,PUNCT,,,,,True,3283,0,8.096817470572319
gece,Gece,NOUN,NOUN,0.19864455081399557,0.9246613571687522,PRON,"PRON: 0.77, NOUN: 0.20",True,37,0,3.6375861597263857
yüz,yüzüme,NOUN,NOUN,0.4177442495739065,0.9803883989493742,ADJ,"ADJ: 0.58, NOUN: 0.42",True,30,0,3.4339872044851463
çarp,çarptı,VERB,VERB,,,,,True,7,0,2.0794415416798357
.,.,PUNCT,PUNCT,,,,,True,3283,0,8.096817470572319
Mebrure,Mebrure,PROPN,PROPN,,,,,False,0,0,0.0
kapı,kapının,NOUN,NOUN,0.29229919585074965,1.974713495304894,PRON,"PRON: 0.30, NOUN: 0.29, ADJ: 0.21, PROPN: 0.19",True,22,0,3.1354942159291497
yanında,yanında,ADV,ADV,,,,,False,0,0,0.0
i,ydı,AUX,AUX,0.47697018772995686,1.861138213598426,ADP,"AUX: 0.48, ADP: 0.26, CCONJ: 0.18, PROPN: 0.06",True,546,0,6.304448802421981
.,.,PUNCT,PUNCT,,,,,True,3283,0,8.096817470572319
saç,Saçı,NOUN,NOUN,0.21845761954504656,2.041878288407362,PRON,"PRON: 0.45, NOUN: 0.22, PROPN: 0.14, ADV: 0.11, ADJ: 0.08",True,14,0,2.70805020110221
baş,başı,NOUN,NOUN,0.1890902731140519,1.8430796248904169,PRON,"PRON: 0.46, ADJ: 0.21, NOUN: 0.19, PROPN: 0.15",True,54,0,4.007333185232471
dağıl,dağılmış,VERB,VERB,,,,,True,4,0,1.6094379124341003
",",",",PUNCT,PUNCT,,,,,True,2285,0,7.734558844354756
trençkot,trençkotunun,NOUN,NOUN,,,,,False,0,0,0.0
düğme,düğmeleri,NOUN,NOUN,,,,,False,0,0,0.0
aç,açılmış,VERB,VERB,1.0,0.0,,VERB: 1.00,True,44,0,3.8066624897703196
",",",",PUNCT,PUNCT,,,,,True,2285,0,7.734558844354756
bir,bir,NUM,DET,0.3916735022215744,1.8552050660223744,DET,"DET: 0.40, NUM: 0.39, ADJ: 0.09, PROPN: 0.06, NOUN: 0.06",True,170,1,5.14166355650266
iki,ikisi,NUM,NUM,0.27698505514822225,1.5675874170394526,DET,"DET: 0.55, NUM: 0.28, ADJ: 0.13",True,83,0,4.430816798843313
kop,kopmuştu,VERB,VERB,,,,,True,5,0,1.791759469228055
.,.,PUNCT,PUNCT,,,,,True,3283,0,8.096817470572319
bitkin,Bitkin,ADJ,ADJ,,,,,False,0,0,0.0
görün,görünüyordu,VERB,VERB,1.0,0.0,,VERB: 1.00,True,24,0,3.2188758248682006
.,.,PUNCT,PUNCT,,,,,True,3283,0,8.096817470572319
ver,Verebildiniz,VERB,VERB,1.0,0.0,,VERB: 1.00,True,138,0,4.9344739331306915
mi,mi,AUX,AUX,0.49179730733219285,1.8739792138931677,CCONJ,"AUX: 0.49, CCONJ: 0.24, ADP: 0.18, ADV: 0.05",True,112,0,4.727387818712341
mektup,mektubu,NOUN,NOUN,,,,,True,5,0,1.791759469228055
?,?,PUNCT,PUNCT,,,,,True,125,0,4.836281906951478
diye,diye,ADP,ADP,0.26515728248607623,2.352927457262911,AUX,"AUX: 0.34, ADP: 0.27, PRON: 0.15, CCONJ: 0.13",True,107,0,4.68213122712422
sor,sordu,VERB,VERB,1.0,0.0,,VERB: 1.00,True,49,0,3.912023005428146
.,.,PUNCT,PUNCT,,,,,True,3283,0,8.096817470572319
ver,Verdim,VERB,VERB,1.0,0.0,,VERB: 1.00,True,138,0,4.9344739331306915
.,.,PUNCT,PUNCT,,,,,True,3283,0,8.096817470572319
gir,Giremiyorum,VERB,VERB,1.0,0.0,,VERB: 1.00,True,63,0,4.1588830833596715
içeri,içeriye,NOUN,NOUN,0.4367572947609049,1.5503596805696764,ADJ,"NOUN: 0.44, ADJ: 0.30, PROPN: 0.27",True,12,0,2.5649493574615367
.,.,PUNCT,PUNCT,,,,,True,3283,0,8.096817470572319
kapı,Kapıyı,NOUN,NOUN,0.29229919585074965,1.974713495304894,PRON,"PRON: 0.30, NOUN: 0.29, ADJ: 0.21, PROPN: 0.19",True,22,0,3.1354942159291497
it,itiyorum,VERB,VERB,,,,,True,1,0,0.6931471805599453
",",",",PUNCT,PUNCT,,,,,True,2285,0,7.734558844354756
zorla,zorluyorum,VERB,VERB,,,,,True,8,0,2.1972245773362196
",",",",PUNCT,PUNCT,,,,,True,2285,0,7.734558844354756
tam,tam,ADV,ADV,,,,,True,9,0,2.302585092994046
biraz,biraz,ADV,ADV,0.2480275191840872,1.1405442588096235,PRON,"PRON: 0.70, ADV: 0.25",True,27,0,3.332204510175204
aç,açılır,VERB,VERB,1.0,0.0,,VERB: 1.00,True,44,0,3.8066624897703196
gibi,gibi,ADP,ADP,0.36045769630430313,1.8400611893764562,AUX,"ADP: 0.36, AUX: 0.30, CCONJ: 0.28",True,145,0,4.983606621708336
ol,oluyor,VERB,VERB,1.0,0.0,,VERB: 1.00,True,603,0,6.403574197934815
",",",",PUNCT,PUNCT,,,,,True,2285,0,7.734558844354756
gene,gene,ADV,ADV,,,,,True,7,0,2.0794415416798357
kapa,kapanıyor,VERB,VERB,1.0,0.0,,VERB: 1.00,True,31,0,3.4657359027997265
.,.,PUNCT,PUNCT,,,,,True,3283,0,8.096817470572319
boğ,Boğuluyorum,VERB,VERB,,,,,True,2,0,1.0986122886681098
",",",",PUNCT,PUNCT,,,,,True,2285,0,7.734558844354756
perişan,perişan,ADJ,ADJ,,,,,False,0,0,0.0
i,ım,AUX,AUX,0.47697018772995686,1.861138213598426,ADP,"AUX: 0.48, ADP: 0.26, CCONJ: 0.18, PROPN: 0.06",True,546,0,6.304448802421981
",",",",PUNCT,PUNCT,,,,,True,2285,0,7.734558844354756
de,dedi,VERB,VERB,0.7089626585740004,0.8700574815901702,CCONJ,"VERB: 0.71, CCONJ: 0.29",True,295,0,5.69035945432406
.,.,PUNCT,PUNCT,,,,,True,3283,0,8.096817470572319
bir,Bir,DET,DET,0.49958184875865663,1.6482580173109218,NUM,"DET: 0.50, NUM: 0.30, ADJ: 0.15",True,616,0,6.424869023905388
erkek,erkeğin,ADJ,ADJ,0.2550214721482965,1.9837572266938677,DET,"DET: 0.30, ADJ: 0.26, PRON: 0.24, NOUN: 0.20",True,24,0,3.2188758248682006
beyin,beyni,NOUN,NOUN,0.1484638886507912,1.9125984992022371,PRON,"PRON: 0.39, NUM: 0.25, ADJ: 0.21, NOUN: 0.15",True,16,0,2.833213344056216
ve,ve,CCONJ,CCONJ,0.23925769350174309,2.411623002364367,NUM,"NUM: 0.34, CCONJ: 0.24, ADJ: 0.14, DET: 0.11, PRON: 0.09, PROPN: 0.06",True,359,0,5.886104031450156
düşünce,düşünceleri,NOUN,NOUN,0.7746699325072259,0.7697813084492007,ADJ,"NOUN: 0.77, ADJ: 0.23",True,13,0,2.6390573296152584
...,...,PUNCT,PUNCT,,,,,True,91,0,4.5217885770490405
de,dedim,VERB,VERB,0.7089626585740004,0.8700574815901702,CCONJ,"VERB: 0.71, CCONJ: 0.29",True,295,0,5.69035945432406
.,.,PUNCT,PUNCT,,,,,True,3283,0,8.096817470572319
zor,Zor,ADJ,ADJ,0.22223016687522598,0.7642188650529111,NOUN,"NOUN: 0.78, ADJ: 0.22",True,22,0,3.1354942159291497
şey,şey,NOUN,NOUN,0.7797490937613291,0.7606253858126094,ADJ,"NOUN: 0.78, ADJ: 0.22",True,102,0,4.634728988229636
ora,oraya,NOUN,NOUN,0.06614595594686694,1.725004869700506,PRON,"PRON: 0.60, PROPN: 0.15, ADV: 0.12, NOUN: 0.07, ADJ: 0.06",True,29,0,3.4011973816621555
yeniden,yeniden,ADV,ADV,0.21097570581915642,1.7793365705047433,PRON,"PRON: 0.55, ADV: 0.21, PROPN: 0.14, ADJ: 0.06",True,17,0,2.8903717578961645
gir,girebilmek,VERB,VERB,1.0,0.0,,VERB: 1.00,True,63,0,4.1588830833596715
.,.,PUNCT,PUNCT,,,,,True,3283,0,8.096817470572319
belki,Belki,ADV,ADV,0.2976823675361869,1.9102296920048334,PRON,"PRON: 0.39, ADV: 0.30, CCONJ: 0.20, PROPN: 0.10",True,25,0,3.258096538021482
de,de,CCONJ,CCONJ,0.13783772654910434,1.6723904656042283,AUX,"AUX: 0.44, ADP: 0.38, CCONJ: 0.14",True,326,0,5.7899601708972535
inat,inadına,ADV,ADV,,,,,False,0,0,0.0
sok,sokmuyor,VERB,VERB,,,,,True,8,0,2.1972245773362196
.,.,PUNCT,PUNCT,,,,,True,3283,0,8.096817470572319
ol,Olabilir,VERB,VERB,1.0,0.0,,VERB: 1.00,True,603,0,6.403574197934815
...,...,PUNCT,PUNCT,,,,,True,91,0,4.5217885770490405
bak,Bakın,VERB,VERB,1.0,0.0,,VERB: 1.00,True,85,0,4.454347296253507
bu,bu,PRON,PRON,0.7006788109102466,1.3923524752663319,ADV,"PRON: 0.70, ADV: 0.14, CCONJ: 0.09, NOUN: 0.05",True,171,0,5.147494476813453
ol,olabilir,VERB,VERB,1.0,0.0,,VERB: 1.00,True,603,0,6.403574197934815
",",",",PUNCT,PUNCT,,,,,True,2285,0,7.734558844354756
de,dedi,VERB,VERB,0.7089626585740004,0.8700574815901702,CCONJ,"VERB: 0.71, CCONJ: 0.29",True,295,0,5.69035945432406
acı,acıyla,ADJ,ADJ,0.3103537033349995,0.8935813262787496,NOUN,"NOUN: 0.69, ADJ: 0.31",True,15,0,2.772588722239781
.,.,PUNCT,PUNCT,,,,,True,3283,0,8.096817470572319
bekle,Bekleyelim,VERB,VERB,0.7047743026417859,0.8753762910019542,CCONJ,"VERB: 0.70, CCONJ: 0.30",True,27,0,3.332204510175204
.,.,PUNCT,PUNCT,,,,,True,3283,0,8.096817470572319
başka,Başka,ADJ,ADJ,0.019678146206921186,1.7040643896520111,PRON,"PRON: 0.56, ADV: 0.22, PROPN: 0.14, NOUN: 0.06",True,35,0,3.58351893845611
ne,ne,PRON,PRON,0.657373909218341,1.5595369645973152,PROPN,"PRON: 0.66, PROPN: 0.14, ADV: 0.11, NOUN: 0.06",True,98,0,4.59511985013459
yap,yapabilirim,VERB,VERB,1.0,0.0,,VERB: 1.00,True,209,0,5.3471075307174685
ki,ki,CCONJ,CCONJ,0.1806152397797589,1.9747454841180783,AUX,"AUX: 0.51, CCONJ: 0.18, ADP: 0.18, ADV: 0.07",True,81,0,4.406719247264253
.,.,PUNCT,PUNCT,,,,,True,3283,0,8.096817470572319
ter,Ter,NOUN,NOUN,,,,,True,2,0,1.0986122886681098
iç,içinde,ADJ,ADJ,0.5266476463656918,0.9979501219428724,NOUN,"ADJ: 0.53, NOUN: 0.47",True,71,0,4.276666119016055
kal,kalmıştı,VERB,VERB,1.0,0.0,,VERB: 1.00,True,77,0,4.356708826689592
.,.,PUNCT,PUNCT,,,,,True,3283,0,8.096817470572319
Taşhan,Taşhan'ın,PROPN,PROPN,,,,,False,0,0,0.0
duvar,duvarına,NOUN,NOUN,,,,,True,6,0,1.9459101490553132
yasla,yaslandı,VERB,VERB,,,,,True,2,0,1.0986122886681098
.,.,PUNCT,PUNCT,,,,,True,3283,0,8.096817470572319
Bartın,Bartın'ın,PROPN,PROPN,,,,,False,0,0,0.0
karanlık,karanlık,ADJ,ADJ,,,,,True,3,0,1.3862943611198906
ve,ve,CCONJ,CCONJ,0.23925769350174309,2.411623002364367,NUM,"NUM: 0.34, CCONJ: 0.24, ADJ: 0.14, DET: 0.11, PRON: 0.09, PROPN: 0.06",True,359,0,5.886104031450156
ses,ses,NOUN,NOUN,0.3237009019450614,1.9450836951989445,PRON,"NOUN: 0.32, PRON: 0.31, PROPN: 0.20, ADJ: 0.17",True,32,0,3.4965075614664802
siz,siz,ADP,ADP,0.3340274831620072,2.1348321686976823,AUX,"ADP: 0.33, AUX: 0.31, CCONJ: 0.24",True,28,0,3.367295829986474
gece,gecesi,NOUN,NOUN,0.19864455081399557,0.9246613571687522,PRON,"PRON: 0.77, NOUN: 0.20",True,37,0,3.6375861597263857
iki,ikimizi,NUM,NUM,0.27698505514822225,1.5675874170394526,DET,"DET: 0.55, NUM: 0.28, ADJ: 0.13",True,83,0,4.430816798843313
de,de,CCONJ,CCONJ,0.13783772654910434,1.6723904656042283,AUX,"AUX: 0.44, ADP: 0.38, CCONJ: 0.14",True,326,0,5.7899601708972535
ört,örtmüştü,VERB,VERB,,,,,True,1,0,0.6931471805599453
.,.,PUNCT,PUNCT,,,,,True,3283,0,8.096817470572319
gel,Gel,VERB,VERB,1.0,0.0,,VERB: 1.00,True,166,0,5.117993812416755
",",",",PUNCT,PUNCT,,,,,True,2285,0,7.734558844354756
de,dedim,VERB,VERB,0.7089626585740004,0.8700574815901702,CCONJ,"VERB: 0.71, CCONJ: 0.29",True,295,0,5.69035945432406
Celal,Celal'e,PROPN,PROPN,,,,,True,7,0,2.0794415416798357
.,.,PUNCT,PUNCT,,,,,True,3283,0,8.096817470572319
nere,Nereye,PRON,PRON,0.5735438291128842,1.611292883227183,ADV,"PRON: 0.57, ADV: 0.19, NOUN: 0.17, ADJ: 0.07",True,19,0,2.995732273553991
?,?,PUNCT,PUNCT,,,,,True,125,0,4.836281906951478
diye,diye,ADP,ADP,0.26515728248607623,2.352927457262911,AUX,"AUX: 0.34, ADP: 0.27, PRON: 0.15, CCONJ: 0.13",True,107,0,4.68213122712422
merak,merakla,ADV,ADV,,,,,True,1,0,0.6931471805599453
sor,sordu,VERB,VERB,1.0,0.0,,VERB: 1.00,True,49,0,3.912023005428146
.,.,PUNCT,PUNCT,,,,,True,3283,0,8.096817470572319
altın,Altın,ADJ,ADJ,,,,,True,4,0,1.6094379124341003
li,lı,ADP,ADP,0.2797323618856777,2.3836488217196035,AUX,"AUX: 0.30, ADP: 0.28, CCONJ: 0.23, NUM: 0.08",True,182,0,5.209486152841421
makine,makine,NOUN,NOUN,,,,,True,8,0,2.1972245773362196
artık,artık,ADV,ADV,0.0895164476303238,2.0263396610671656,PRON,"PRON: 0.47, CCONJ: 0.25, PROPN: 0.12, ADV: 0.09",True,30,0,3.4339872044851463
ver,vermiyordu,VERB,VERB,1.0,0.0,,VERB: 1.00,True,138,0,4.9344739331306915
",",",",PUNCT,PUNCT,,,,,True,2285,0,7.734558844354756
ye,yemeye,VERB,VERB,0.31499665175351066,0.8988572844523286,AUX,"AUX: 0.69, VERB: 0.31",True,26,0,3.295836866004329
geç,geçmişti,VERB,VERB,1.0,0.0,,VERB: 1.00,True,62,0,4.143134726391533
.,.,PUNCT,PUNCT,,,,,True,3283,0,8.096817470572319
cennet,Cennet,NOUN,NOUN,,,,,False,0,0,0.0
bekçi,bekçisi,NOUN,NOUN,,,,,False,0,0,0.0
irfan,İrfan,NOUN,NOUN,,,,,False,0,0,0.0
oyna,oynamayı,VERB,VERB,1.0,0.0,,VERB: 1.00,True,15,0,2.772588722239781
bırak,bırakıp,VERB,VERB,1.0,0.0,,VERB: 1.00,True,32,0,3.4965075614664802
bir,bir,NUM,NUM,0.3916735022215744,1.8552050660223744,DET,"DET: 0.40, NUM: 0.39, ADJ: 0.09, PROPN: 0.06, NOUN: 0.06",True,170,0,5.14166355650266
köşe,köşeye,NOUN,NOUN,0.4181190297317545,1.5243451774489396,PRON,"NOUN: 0.42, PRON: 0.38, ADJ: 0.20",True,11,0,2.4849066497880004
çek,çekilmişti,VERB,VERB,0.5799102140104834,1.4728643172157725,CCONJ,"VERB: 0.58, CCONJ: 0.26, ADV: 0.14",True,40,0,3.713572066704308
.,.,PUNCT,PUNCT,,,,,True,3283,0,8.096817470572319
git,Gidiyoruz,VERB,VERB,1.0,0.0,,VERB: 1.00,True,116,0,4.762173934797756
",",",",PUNCT,PUNCT,,,,,True,2285,0,7.734558844354756
gel,gelin,VERB,VERB,1.0,0.0,,VERB: 1.00,True,166,0,5.117993812416755
.,.,PUNCT,PUNCT,,,,,True,3283,0,8.096817470572319
nere,Nereye,PRON,PRON,0.5735438291128842,1.611292883227183,ADV,"PRON: 0.57, ADV: 0.19, NOUN: 0.17, ADJ: 0.07",True,19,0,2.995732273553991
git,gidiyoruz,VERB,VERB,1.0,0.0,,VERB: 1.00,True,116,0,4.762173934797756
.,.,PUNCT,PUNCT,,,,,True,3283,0,8.096817470572319
Celal,Celal'in,PROPN,PROPN,,,,,True,7,0,2.0794415416798357
renk,rengi,NOUN,NOUN,,,,,True,9,0,2.302585092994046
bir,bir,DET,DET,0.49958184875865663,1.6482580173109218,NUM,"DET: 0.50, NUM: 0.30, ADJ: 0.15",True,616,0,6.424869023905388
an,an,NOUN,ADV,0.7767539182231282,0.7660506138585593,ADJ,"NOUN: 0.78, ADJ: 0.22",True,32,1,3.4965075614664802
kül,kül,NOUN,ADV,,,,,True,1,1,0.6931471805599453
gibi,gibi,ADP,ADP,0.36045769630430313,1.8400611893764562,AUX,"ADP: 0.36, AUX: 0.30, CCONJ: 0.28",True,145,0,4.983606621708336
sar,sarardı,VERB,VERB,,,,,True,8,0,2.1972245773362196
.,.,PUNCT,PUNCT,,,,,True,3283,0,8.096817470572319
Heyecanlan,Heyecanlanmıştı,VERB,VERB,,,,,False,0,0,0.0
.,.,PUNCT,PUNCT,,,,,True,3283,0,8.096817470572319
tüm,Tüm,DET,DET,0.6670142769264794,1.2477219724171198,ADJ,"DET: 0.67, ADJ: 0.19, CCONJ: 0.15",True,27,0,3.332204510175204
gövde,gövdesinden,NOUN,NOUN,,,,,True,3,0,1.3862943611198906
elektrik,elektrik,NOUN,NOUN,,,,,True,5,0,1.791759469228055
akım,akımı,NOUN,NOUN,,,,,True,2,0,1.0986122886681098
gibi,gibi,ADP,ADP,0.36045769630430313,1.8400611893764562,AUX,"ADP: 0.36, AUX: 0.30, CCONJ: 0.28",True,145,0,4.983606621708336
bir,bir,DET,DET,0.49958184875865663,1.6482580173109218,NUM,"DET: 0.50, NUM: 0.30, ADJ: 0.15",True,616,0,6.424869023905388
titre,titreme,VERB,VERB,,,,,True,6,0,1.9459101490553132
geç,geçti,VERB,VERB,1.0,0.0,,VERB: 1.00,True,62,0,4.143134726391533
.,.,PUNCT,PUNCT,,,,,True,3283,0,8.096817470572319
nasıl,Nasıl,ADV,ADV,0.22688879708691875,1.6551093959198966,PRON,"PRON: 0.59, ADV: 0.23, PROPN: 0.07, NOUN: 0.06",True,24,0,3.2188758248682006
bul,buldun,VERB,VERB,1.0,0.0,,VERB: 1.00,True,56,0,4.04305126783455
o,onu,PRON,PRON,0.5961784524857141,1.6538184960634559,ADV,"PRON: 0.60, ADV: 0.24, CCONJ: 0.07, PROPN: 0.05",True,264,0,5.579729825986222
.,.,PUNCT,PUNCT,,,,,True,3283,0,8.096817470572319
bul,Buldum,VERB,VERB,1.0,0.0,,VERB: 1.00,True,56,0,4.04305126783455
işte,işte,ADV,ADV,0.11734689772862172,2.034632031144819,PRON,"PRON: 0.41, CCONJ: 0.29, PROPN: 0.15, ADV: 0.12",True,18,0,2.9444389791664403
.,.,PUNCT,PUNCT,,,,,True,3283,0,8.096817470572319
bunca,Bunca,ADJ,ADJ,,,,,True,4,0,1.6094379124341003
yıl,yıl,NOUN,NOUN,0.29569595997941395,1.4054086954468807,PRON,"PRON: 0.55, NOUN: 0.30, ADJ: 0.15",True,68,0,4.23410650459726
sonra,sonra,ADP,ADP,0.3753969513334362,1.9295725955468828,AUX,"ADP: 0.38, AUX: 0.28, CCONJ: 0.27, ADV: 0.06",True,66,0,4.204692619390966
Adviye,Adviye'yi,PROPN,PROPN,,,,,False,0,0,0.0
yeniden,yeniden,ADV,ADV,0.21097570581915642,1.7793365705047433,PRON,"PRON: 0.55, ADV: 0.21, PROPN: 0.14, ADJ: 0.06",True,17,0,2.8903717578961645
bul,bulmak,VERB,VERB,1.0,0.0,,VERB: 1.00,True,56,0,4.04305126783455
...,...,PUNCT,PUNCT,,,,,True,91,0,4.5217885770490405
o,Onu,PRON,PRON,0.5961784524857141,1.6538184960634559,ADV,"PRON: 0.60, ADV: 0.24, CCONJ: 0.07, PROPN: 0.05",True,264,0,5.579729825986222
gör,görmek,VERB,VERB,1.0,0.0,,VERB: 1.00,True,81,0,4.406719247264253
...,...,PUNCT,PUNCT,,,,,True,91,0,4.5217885770490405
bu,Bu,DET,DET,0.6017857940157323,1.5300103231456785,NUM,"DET: 0.60, NUM: 0.20, ADJ: 0.15",True,350,0,5.860786223465865
heyecan,heyecana,NOUN,NOUN,,,,,True,6,0,1.9459101490553132
nasıl,nasıl,ADV,ADV,0.22688879708691875,1.6551093959198966,PRON,"PRON: 0.59, ADV: 0.23, PROPN: 0.07, NOUN: 0.06",True,24,0,3.2188758248682006
dayan,dayanabilirim,VERB,VERB,,,,,True,8,0,2.1972245773362196
.,.,PUNCT,PUNCT,,,,,True,3283,0,8.096817470572319
diye,diye,ADP,ADP,0.26515728248607623,2.352927457262911,AUX,"AUX: 0.34, ADP: 0.27, PRON: 0.15, CCONJ: 0.13",True,107,0,4.68213122712422
mırıldan,mırıldandı,VERB,VERB,,,,,True,3,0,1.3862943611198906
Celal,Celal,PROPN,PROPN,,,,,True,7,0,2.0794415416798357
.,.,PUNCT,PUNCT,,,,,True,3283,0,8.096817470572319
üst,Üstümde,ADJ,ADJ,0.46638801387351886,0.9967377258438014,NOUN,"NOUN: 0.53, ADJ: 0.47",True,32,0,3.4965075614664802
ki,kiler,ADP,ADP,0.352272282719127,2.181690690995641,AUX,"ADP: 0.35, AUX: 0.28, CCONJ: 0.23, NUM: 0.08",True,217,0,5.384495062789089
eski,eski,VERB,VERB,,,,,False,0,0,0.0
",",",",PUNCT,PUNCT,,,,,True,2285,0,7.734558844354756
ipek,ipek,ADJ,ADJ,,,,,False,0,0,0.0
gömlek,gömleğim,NOUN,NOUN,,,,,True,5,0,1.791759469228055
sarar,sararmış,VERB,VERB,,,,,False,0,0,0.0
...,...,PUNCT,PUNCT,,,,,True,91,0,4.5217885770490405
gayet,Gayet,ADV,ADV,,,,,True,1,0,0.6931471805599453
iyi,iyi,ADJ,ADJ,0.03291619485831978,1.0997597953020077,PRON,"PRON: 0.75, ADV: 0.18",True,58,0,4.07753744390572
i,sin,AUX,AUX,0.47697018772995686,1.861138213598426,ADP,"AUX: 0.48, ADP: 0.26, CCONJ: 0.18, PROPN: 0.06",True,546,0,6.304448802421981
",",",",PUNCT,PUNCT,,,,,True,2285,0,7.734558844354756
de,dedim,VERB,VERB,0.7089626585740004,0.8700574815901702,CCONJ,"VERB: 0.71, CCONJ: 0.29",True,295,0,5.69035945432406
.,.,PUNCT,PUNCT,,,,,True,3283,0,8.096817470572319
bir,Bir,DET,DET,0.49958184875865663,1.6482580173109218,NUM,"DET: 0.50, NUM: 0.30, ADJ: 0.15",True,616,0,6.424869023905388
yudum,yudum,NOUN,NOUN,,,,,True,4,0,1.6094379124341003
rakı,rakı,NOUN,NOUN,0.021914524200959,1.6179094289053584,DET,"DET: 0.61, NUM: 0.20, ADJ: 0.10, CCONJ: 0.07",True,17,0,2.8903717578961645
.,.,PUNCT,PUNCT,,,,,True,3283,0,8.096817470572319
yoğun,Yoğun,ADJ,ADJ,,,,,True,2,0,1.0986122886681098
sis,siste,NOUN,NOUN,,,,,True,1,0,0.6931471805599453
uçak,uçak,NOUN,NOUN,0.09848242424888279,2.3988667127377203,NUM,"NUM: 0.36, DET: 0.18, PRON: 0.14, ADJ: 0.13, NOUN: 0.10, PROPN: 0.09",True,62,0,4.143134726391533
pist,piste,NOUN,NOUN,,,,,True,2,0,1.0986122886681098
doğru,doğru,ADP,ADP,0.603356309009717,1.3846799551995925,CCONJ,"ADP: 0.60, CCONJ: 0.30, ADV: 0.06",True,20,0,3.044522437723423
gel,gelirken,VERB,VERB,1.0,0.0,,VERB: 1.00,True,166,0,5.117993812416755
pilot,pilota,NOUN,NOUN,0.038530932365366796,1.4761372113110303,NUM,"NUM: 0.60, DET: 0.24, ADJ: 0.12",True,21,0,3.091042453358316
"""","""",PUNCT,PUNCT,,,,,True,210,0,5.351858133476067
yaklaş,Yaklaşma,VERB,VERB,,,,,True,10,0,2.3978952727983707
hat,hattının,NOUN,NOUN,,,,,True,10,0,2.3978952727983707
sol,solunda,ADJ,ADJ,0.1083138792298035,1.274647141669574,DET,"DET: 0.68, NUM: 0.19, ADJ: 0.11",True,11,0,2.4849066497880004
kal,kaldın,VERB,VERB,1.0,0.0,,VERB: 1.00,True,77,0,4.356708826689592
"""","""",PUNCT,PUNCT,,,,,True,210,0,5.351858133476067
uyarı,uyarısı,NOUN,NOUN,,,,,True,1,0,0.6931471805599453
yap,yapıldığı,VERB,VERB,1.0,0.0,,VERB: 1.00,True,209,0,5.3471075307174685
",",",",PUNCT,PUNCT,,,,,True,2285,0,7.734558844354756
bu,bunun,PRON,PRON,0.7006788109102466,1.3923524752663319,ADV,"PRON: 0.70, ADV: 0.14, CCONJ: 0.09, NOUN: 0.05",True,171,0,5.147494476813453
üzer,üzerine,NOUN,NOUN,0.3732858720878324,1.2061022689833243,ADJ,"ADJ: 0.58, NOUN: 0.37, VERB: 0.05",True,45,0,3.828641396489095
pilot,pilotun,NOUN,NOUN,0.038530932365366796,1.4761372113110303,NUM,"NUM: 0.60, DET: 0.24, ADJ: 0.12",True,21,0,3.091042453358316
uçak,uçağı,NOUN,NOUN,0.09848242424888279,2.3988667127377203,NUM,"NUM: 0.36, DET: 0.18, PRON: 0.14, ADJ: 0.13, NOUN: 0.10, PROPN: 0.09",True,62,0,4.143134726391533
düzel,düzeltmeye,VERB,VERB,,,,,True,6,0,1.9459101490553132
çalış,çalıştığı,VERB,VERB,0.650530576282453,1.1285592750273743,CCONJ,"VERB: 0.65, CCONJ: 0.30",True,64,0,4.174387269895637
",",",",PUNCT,PUNCT,,,,,True,2285,0,7.734558844354756
ancak,ancak,CCONJ,CCONJ,0.3387760771315332,1.840793145532436,PRON,"PRON: 0.38, CCONJ: 0.34, ADV: 0.22",True,28,0,3.367295829986474
sol,sol,ADJ,ADJ,0.1083138792298035,1.274647141669574,DET,"DET: 0.68, NUM: 0.19, ADJ: 0.11",True,11,0,2.4849066497880004
dikme,dikmenin,ADJ,ADJ,,,,,False,0,0,0.0
(,(,PUNCT,PUNCT,,,,,True,61,0,4.127134385045092
ana,ana,ADJ,ADJ,0.14175382169670167,1.9379249598637027,DET,"DET: 0.51, NUM: 0.18, ADJ: 0.14, PROPN: 0.08, NOUN: 0.08",True,11,0,2.4849066497880004
iniş,iniş,NOUN,NOUN,,,,,True,3,0,1.3862943611198906
takım,takımı,NOUN,NOUN,,,,,True,7,0,2.0794415416798357
sol,solu,ADJ,ADJ,0.1083138792298035,1.274647141669574,DET,"DET: 0.68, NUM: 0.19, ADJ: 0.11",True,11,0,2.4849066497880004
),),PUNCT,PUNCT,,,,,True,65,0,4.189654742026425
tepe,tepeye,NOUN,NOUN,,,,,True,3,0,1.3862943611198906
çarp,çarptığı,VERB,VERB,,,,,True,7,0,2.0794415416798357
ifade,ifade,NOUN,NOUN,0.6587640981498802,1.2552319768327007,ADJ,"NOUN: 0.66, ADJ: 0.21, VERB: 0.13",True,27,0,3.332204510175204
et,edildi,VERB,VERB,0.021423477839648417,2.0747581498935594,AUX,"AUX: 0.33, ADP: 0.33, CCONJ: 0.23",True,260,0,5.564520407322694
.,.,PUNCT,PUNCT,,,,,True,3283,0,8.096817470572319
gecekondu,Gecekondu,NOUN,NOUN,,,,,True,2,0,1.0986122886681098
derken,derken,ADV,ADV,,,,,True,5,0,1.791759469228055
",",",",PUNCT,PUNCT,,,,,True,2285,0,7.734558844354756
gün,günümüzde,NOUN,NOUN,0.7766440096348868,0.7662482696838814,ADJ,"NOUN: 0.78, ADJ: 0.22",True,91,0,4.5217885770490405
mafyatik,mafyatik,ADJ,ADJ,,,,,False,0,0,0.0
ilişki,ilişkilerle,NOUN,NOUN,0.6341712050128674,1.193890856830851,ADJ,"NOUN: 0.63, ADJ: 0.30, VERB: 0.06",True,14,0,2.70805020110221
",",",",PUNCT,PUNCT,,,,,True,2285,0,7.734558844354756
rant,rant,NOUN,NOUN,,,,,False,0,0,0.0
ekonomi,ekonomisinin,NOUN,NOUN,,,,,True,5,0,1.791759469228055
bir,bir,DET,DET,0.49958184875865663,1.6482580173109218,NUM,"DET: 0.50, NUM: 0.30, ADJ: 0.15",True,616,0,6.424869023905388
parça,parçası,NOUN,NOUN,,,,,True,9,0,2.302585092994046
ol,olan,VERB,VERB,1.0,0.0,,VERB: 1.00,True,603,0,6.403574197934815
uygulama,uygulamalardan,NOUN,NOUN,,,,,True,9,0,2.302585092994046
değil,değil,CCONJ,AUX,0.0,0.0,VERB,VERB: 1.00,True,20,1,3.044522437723423
",",",",PUNCT,PUNCT,,,,,True,2285,0,7.734558844354756
bindokuzyüzatmış,bindokuzyüzatmış,NUM,VERB,,,,,False,0,1,0.0
bindokuzyüzyetmişsekiz,bindokuzyüzyetmişsekiz,NUM,NUM,,,,,False,0,0,0.0
ara,arası,ADJ,ADJ,0.45952551652597307,0.9952680248528016,NOUN,"NOUN: 0.54, ADJ: 0.46",True,73,0,4.30406509320417
",",",",PUNCT,PUNCT,,,,,True,2285,0,7.734558844354756
her,her,DET,DET,0.5393270671644539,1.4044282159240997,NUM,"DET: 0.54, NUM: 0.36, ADJ: 0.09",True,91,0,4.5217885770490405
aile,ailenin,NOUN,NOUN,0.510999330063195,1.301420677370205,PRON,"NOUN: 0.51, PRON: 0.41, ADJ: 0.07",True,28,0,3.367295829986474
kendi,kendi,PRON,PRON,0.6796575105452602,1.4263748283851931,ADV,"PRON: 0.68, ADV: 0.19, PROPN: 0.06",True,126,0,4.844187086458591
ev,evini,NOUN,NOUN,0.2165987183589658,2.0343315049689665,PRON,"PRON: 0.45, NOUN: 0.22, PROPN: 0.14, ADV: 0.11, ADJ: 0.08",True,113,0,4.736198448394496
kendi,kendisinin,PRON,PRON,0.6796575105452602,1.4263748283851931,ADV,"PRON: 0.68, ADV: 0.19, PROPN: 0.06",True,126,0,4.844187086458591
yap,yapması,VERB,VERB,1.0,0.0,,VERB: 1.00,True,209,0,5.3471075307174685
şekil,şeklinde,NOUN,NOUN,0.7768352665630845,0.7659042550828407,ADJ,"NOUN: 0.78, ADJ: 0.22",True,15,0,2.772588722239781
gerçekleş,gerçekleşen,VERB,VERB,1.0,0.0,,VERB: 1.00,True,21,0,3.091042453358316
(,(,PUNCT,PUNCT,,,,,True,61,0,4.127134385045092
dokuz,dokuz,NUM,NUM,,,,,True,5,0,1.791759469228055
),),PUNCT,PUNCT,,,,,True,65,0,4.189654742026425
uygulama,uygulamalardan,NOUN,NOUN,,,,,True,9,0,2.302585092994046
söz,söz,NOUN,NOUN,0.777721631080761,0.7643059703618319,ADJ,"NOUN: 0.78, ADJ: 0.22",True,40,0,3.713572066704308
et,ediyorum,VERB,VERB,0.021423477839648417,2.0747581498935594,AUX,"AUX: 0.33, ADP: 0.33, CCONJ: 0.23",True,260,0,5.564520407322694
.,.,PUNCT,PUNCT,,,,,True,3283,0,8.096817470572319
Zeynep,Zeynep,PROPN,PROPN,,,,,False,0,0,0.0
şaşkınlık,şaşkınlıkla,ADV,ADV,,,,,False,0,0,0.0
kardeş,kardeşine,NOUN,NOUN,0.29093609901655704,1.9737228321004774,PRON,"PRON: 0.30, NOUN: 0.29, ADJ: 0.21, PROPN: 0.19",True,25,0,3.258096538021482
bak,baktı,VERB,VERB,1.0,0.0,,VERB: 1.00,True,85,0,4.454347296253507
",",",",PUNCT,PUNCT,,,,,True,2285,0,7.734558844354756
sen,Sen,PRON,PRON,0.5975153654339292,1.4960517331359373,ADV,"PRON: 0.60, ADV: 0.28, PROPN: 0.06",True,96,0,4.574710978503383
ne,ne,PRON,PRON,0.657373909218341,1.5595369645973152,PROPN,"PRON: 0.66, PROPN: 0.14, ADV: 0.11, NOUN: 0.06",True,98,0,4.59511985013459
de,dediğinin,VERB,VERB,0.7089626585740004,0.8700574815901702,CCONJ,"VERB: 0.71, CCONJ: 0.29",True,295,0,5.69035945432406
fark,farkında,NOUN,NOUN,0.6366314361633321,1.1826654627056212,ADJ,"NOUN: 0.64, ADJ: 0.30, VERB: 0.06",True,16,0,2.833213344056216
mi,mısın,AUX,AUX,0.49179730733219285,1.8739792138931677,CCONJ,"AUX: 0.49, CCONJ: 0.24, ADP: 0.18, ADV: 0.05",True,112,0,4.727387818712341
?,?,PUNCT,PUNCT,,,,,True,125,0,4.836281906951478
ben,Ben,PRON,PRON,0.614767428544865,1.6599914502896118,ADV,"PRON: 0.61, ADV: 0.21, CCONJ: 0.08, PROPN: 0.06",True,310,0,5.739792912179234
mi,mi,AUX,AUX,0.49179730733219285,1.8739792138931677,CCONJ,"AUX: 0.49, CCONJ: 0.24, ADP: 0.18, ADV: 0.05",True,112,0,4.727387818712341
sen,senin,PRON,PRON,0.5975153654339292,1.4960517331359373,ADV,"PRON: 0.60, ADV: 0.28, PROPN: 0.06",True,96,0,4.574710978503383
üst,üstüne,ADJ,ADJ,0.46638801387351886,0.9967377258438014,NOUN,"NOUN: 0.53, ADJ: 0.47",True,32,0,3.4965075614664802
köpek,köpeği,NOUN,NOUN,0.2580625161877512,1.0560002241100372,PRON,"PRON: 0.70, NOUN: 0.26",True,22,0,3.1354942159291497
sal,saldırttım,VERB,VERB,,,,,True,1,0,0.6931471805599453
?,?,PUNCT,PUNCT,,,,,True,125,0,4.836281906951478
.,.,PUNCT,PUNCT,,,,,True,3283,0,8.096817470572319
Orhan,Orhan,PROPN,PROPN,,,,,False,0,0,0.0
gizem,gizem,NOUN,NOUN,,,,,False,0,0,0.0
li,li,ADP,ADP,0.2797323618856777,2.3836488217196035,AUX,"AUX: 0.30, ADP: 0.28, CCONJ: 0.23, NUM: 0.08",True,182,0,5.209486152841421
bir,bir,DET,DET,0.49958184875865663,1.6482580173109218,NUM,"DET: 0.50, NUM: 0.30, ADJ: 0.15",True,616,0,6.424869023905388
hava,havayla,NOUN,NOUN,0.29029750329497095,1.9737188215195793,PRON,"PRON: 0.30, NOUN: 0.29, ADJ: 0.21, PROPN: 0.19",True,17,0,2.8903717578961645
:,:,PUNCT,PUNCT,,,,,True,127,0,4.852030263919617
o,Onun,PRON,PRON,0.5961784524857141,1.6538184960634559,ADV,"PRON: 0.60, ADV: 0.24, CCONJ: 0.07, PROPN: 0.05",True,264,0,5.579729825986222
gibi,gibi,ADP,ADP,0.36045769630430313,1.8400611893764562,AUX,"ADP: 0.36, AUX: 0.30, CCONJ: 0.28",True,145,0,4.983606621708336
bir,bir,DET,NUM,0.49958184875865663,1.6482580173109218,NUM,"DET: 0.50, NUM: 0.30, ADJ: 0.15",True,616,1,6.424869023905388
şey,şeyler,NOUN,NOUN,0.7797490937613291,0.7606253858126094,ADJ,"NOUN: 0.78, ADJ: 0.22",True,102,0,4.634728988229636
de,dedi,VERB,VERB,0.7089626585740004,0.8700574815901702,CCONJ,"VERB: 0.71, CCONJ: 0.29",True,295,0,5.69035945432406
.,.,PUNCT,PUNCT,,,,,True,3283,0,8.096817470572319
Zeynep,Zeynep,PROPN,PROPN,,,,,False,0,0,0.0
merak,merak,ADV,ADV,,,,,True,1,0,0.6931471805599453
ve,ve,CCONJ,CCONJ,0.23925769350174309,2.411623002364367,NUM,"NUM: 0.34, CCONJ: 0.24, ADJ: 0.14, DET: 0.11, PRON: 0.09, PROPN: 0.06",True,359,0,5.886104031450156
endişe,endişeyle,NOUN,NOUN,,,,,False,0,0,0.0
kardeş,kardeşine,NOUN,NOUN,0.29093609901655704,1.9737228321004774,PRON,"PRON: 0.30, NOUN: 0.29, ADJ: 0.21, PROPN: 0.19",True,25,0,3.258096538021482
bak,baktı,VERB,VERB,1.0,0.0,,VERB: 1.00,True,85,0,4.454347296253507
:,:,PUNCT,PUNCT,,,,,True,127,0,4.852030263919617
Orhan,Orhan,PROPN,PROPN,,,,,False,0,0,0.0
sen,sen,PRON,PRON,0.5975153654339292,1.4960517331359373,ADV,"PRON: 0.60, ADV: 0.28, PROPN: 0.06",True,96,0,4.574710978503383
ben,benden,PRON,PRON,0.614767428544865,1.6599914502896118,ADV,"PRON: 0.61, ADV: 0.21, CCONJ: 0.08, PROPN: 0.06",True,310,0,5.739792912179234
bir,bir,NUM,NUM,0.3916735022215744,1.8552050660223744,DET,"DET: 0.40, NUM: 0.39, ADJ: 0.09, PROPN: 0.06, NOUN: 0.06",True,170,0,5.14166355650266
şey,şeyler,NOUN,NOUN,0.7797490937613291,0.7606253858126094,ADJ,"NOUN: 0.78, ADJ: 0.22",True,102,0,4.634728988229636
gizle,gizliyorsun,VERB,VERB,,,,,True,1,0,0.6931471805599453
?,?,PUNCT,PUNCT,,,,,True,125,0,4.836281906951478
lütfen,Lütfen,ADV,ADV,,,,,False,0,0,0.0
ben,bana,PRON,PRON,0.614767428544865,1.6599914502896118,ADV,"PRON: 0.61, ADV: 0.21, CCONJ: 0.08, PROPN: 0.06",True,310,0,5.739792912179234
gerçek,gerçeği,ADJ,ADJ,0.4623612727439735,0.9959084741375528,NOUN,"NOUN: 0.54, ADJ: 0.46",True,27,0,3.332204510175204
söyle,söyle,VERB,VERB,0.721528986702589,0.8533590847777625,CCONJ,"VERB: 0.72, CCONJ: 0.28",True,89,0,4.499809670330265
.,.,PUNCT,PUNCT,,,,,True,3283,0,8.096817470572319
eğer,Eğer,CCONJ,CCONJ,,,,,True,9,0,2.302585092994046
kötü,kötü,ADJ,ADJ,,,,,True,9,0,2.302585092994046
bir,bir,NUM,NUM,0.3916735022215744,1.8552050660223744,DET,"DET: 0.40, NUM: 0.39, ADJ: 0.09, PROPN: 0.06, NOUN: 0.06",True,170,0,5.14166355650266
şey,şey,NOUN,NOUN,0.7797490937613291,0.7606253858126094,ADJ,"NOUN: 0.78, ADJ: 0.22",True,102,0,4.634728988229636
yap,yaptınsa,VERB,VERB,1.0,0.0,,VERB: 1.00,True,209,0,5.3471075307174685
",",",",PUNCT,PUNCT,,,,,True,2285,0,7.734558844354756
söz,söz,NOUN,NOUN,0.777721631080761,0.7643059703618319,ADJ,"NOUN: 0.78, ADJ: 0.22",True,40,0,3.713572066704308
ver,veriyorum,VERB,VERB,1.0,0.0,,VERB: 1.00,True,138,0,4.9344739331306915
sen,sana,PRON,PRON,0.5975153654339292,1.4960517331359373,ADV,"PRON: 0.60, ADV: 0.28, PROPN: 0.06",True,96,0,4.574710978503383
yardım,yardım,NOUN,NOUN,0.492452467055801,1.2551462811382508,ADJ,"NOUN: 0.49, ADJ: 0.45, VERB: 0.06",True,15,0,2.772588722239781
et,edeceğim,VERB,VERB,0.021423477839648417,2.0747581498935594,AUX,"AUX: 0.33, ADP: 0.33, CCONJ: 0.23",True,260,0,5.564520407322694
.,.,PUNCT,PUNCT,,,,,True,3283,0,8.096817470572319
kardeş,Kardeşler,NOUN,NOUN,0.29093609901655704,1.9737228321004774,PRON,"PRON: 0.30, NOUN: 0.29, ADJ: 0.21, PROPN: 0.19",True,25,0,3.258096538021482
zor,zor,ADJ,ADJ,0.22223016687522598,0.7642188650529111,NOUN,"NOUN: 0.78, ADJ: 0.22",True,22,0,3.1354942159291497
gün,günlerde,NOUN,NOUN,0.7766440096348868,0.7662482696838814,ADJ,"NOUN: 0.78, ADJ: 0.22",True,91,0,4.5217885770490405
birbiri,birbirleriyle,PRON,PRON,0.6383125076461561,1.5385441389140795,ADV,"PRON: 0.64, ADV: 0.21, PROPN: 0.07, NOUN: 0.05",True,20,0,3.044522437723423
dayanışma,dayanışma,NOUN,NOUN,,,,,True,2,0,1.0986122886681098
iç,içinde,ADJ,ADJ,0.5266476463656918,0.9979501219428724,NOUN,"ADJ: 0.53, NOUN: 0.47",True,71,0,4.276666119016055
ol,olurlar,VERB,VERB,1.0,0.0,,VERB: 1.00,True,603,0,6.403574197934815
.,.,PUNCT,PUNCT,,,,,True,3283,0,8.096817470572319
Orhan,Orhan,PROPN,PROPN,,,,,False,0,0,0.0
kuşku,kuşkuyla,NOUN,NOUN,,,,,True,4,0,1.6094379124341003
:,:,PUNCT,PUNCT,,,,,True,127,0,4.852030263919617
ağız,Ağzımdan,NOUN,NOUN,0.23400866790892572,1.7911424434232268,PRON,"PRON: 0.48, NOUN: 0.23, PROPN: 0.15, ADJ: 0.13",True,17,0,2.8903717578961645
laf,laf,NOUN,NOUN,,,,,True,9,0,2.302585092994046
al,almaya,VERB,VERB,1.0,0.0,,VERB: 1.00,True,169,0,5.135798437050262
çalış,çalışıyorsun,VERB,VERB,0.650530576282453,1.1285592750273743,CCONJ,"VERB: 0.65, CCONJ: 0.30",True,64,0,4.174387269895637
değil,değil,AUX,AUX,0.684685125302444,0.8992136021504445,VERB,"AUX: 0.68, VERB: 0.32",True,72,0,4.290459441148391
mi,mi,AUX,AUX,0.49179730733219285,1.8739792138931677,CCONJ,"AUX: 0.49, CCONJ: 0.24, ADP: 0.18, ADV: 0.05",True,112,0,4.727387818712341
?,?,PUNCT,PUNCT,,,,,True,125,0,4.836281906951478
sonra,Sonra,ADV,ADV,0.30381655368036,1.5872488856701816,PRON,"PRON: 0.54, ADV: 0.30, PROPN: 0.11",True,39,0,3.6888794541139363
da,da,CCONJ,CCONJ,0.13730810580889885,1.6721173968196932,AUX,"AUX: 0.44, ADP: 0.38, CCONJ: 0.14",True,275,0,5.62040086571715
anne,anneme,NOUN,NOUN,0.022677746240264553,1.7793257576975863,PRON,"PRON: 0.58, ADV: 0.16, PROPN: 0.16, CCONJ: 0.07",True,91,0,4.5217885770490405
baba,babama,NOUN,NOUN,0.08739074631515946,1.5907457423322957,PRON,"PRON: 0.64, PROPN: 0.16, NOUN: 0.09, ADV: 0.06",True,78,0,4.3694478524670215
yetiş,yetiştir,VERB,VERB,,,,,True,5,0,1.791759469228055
",",",",PUNCT,PUNCT,,,,,True,2285,0,7.734558844354756
de,dedi,VERB,VERB,0.7089626585740004,0.8700574815901702,CCONJ,"VERB: 0.71, CCONJ: 0.29",True,295,0,5.69035945432406
sinirli,sinirli,ADJ,ADJ,,,,,False,0,0,0.0
sinirli,sinirli,ADJ,ADJ,,,,,False,0,0,0.0
.,.,PUNCT,PUNCT,,,,,True,3283,0,8.096817470572319
Zeynep,Zeynep,PROPN,PROPN,,,,,False,0,0,0.0
:,:,PUNCT,PUNCT,,,,,True,127,0,4.852030263919617
yemin,Yemin,NOUN,NOUN,,,,,False,0,0,0.0
et,ederim,VERB,VERB,0.021423477839648417,2.0747581498935594,AUX,"AUX: 0.33, ADP: 0.33, CCONJ: 0.23",True,260,0,5.564520407322694
ki,ki,CCONJ,CCONJ,0.1806152397797589,1.9747454841180783,AUX,"AUX: 0.51, CCONJ: 0.18, ADP: 0.18, ADV: 0.07",True,81,0,4.406719247264253
kimse,kimseye,NOUN,NOUN,0.030071231212396455,1.645199013552493,PRON,"PRON: 0.54, ADV: 0.26, CCONJ: 0.16",True,22,0,3.1354942159291497
bir,bir,NUM,NUM,0.3916735022215744,1.8552050660223744,DET,"DET: 0.40, NUM: 0.39, ADJ: 0.09, PROPN: 0.06, NOUN: 0.06",True,170,0,5.14166355650266
şey,şey,NOUN,NOUN,0.7797490937613291,0.7606253858126094,ADJ,"NOUN: 0.78, ADJ: 0.22",True,102,0,4.634728988229636
söyle,söylemeyeceğim,VERB,VERB,0.721528986702589,0.8533590847777625,CCONJ,"VERB: 0.72, CCONJ: 0.28",True,89,0,4.499809670330265
.,.,PUNCT,PUNCT,,,,,True,3283,0,8.096817470572319
hem,Hem,ADV,ADV,,,,,True,4,0,1.6094379124341003
son,sonuna,ADJ,ADJ,0.1777361734882735,2.377263529052741,DET,"DET: 0.32, CCONJ: 0.22, ADJ: 0.18, NUM: 0.16, PROPN: 0.08, NOUN: 0.05",True,59,0,4.0943445622221
kadar,kadar,ADP,ADP,0.3692723596113412,1.6932259529300686,AUX,"AUX: 0.42, ADP: 0.37, CCONJ: 0.17",True,105,0,4.663439094112067
sen,senin,PRON,PRON,0.5975153654339292,1.4960517331359373,ADV,"PRON: 0.60, ADV: 0.28, PROPN: 0.06",True,96,0,4.574710978503383
arka,arkanda,ADJ,ADJ,0.2353351102688727,1.4691297226591569,PRON,"PRON: 0.53, NOUN: 0.24, ADJ: 0.24",True,26,0,3.295836866004329
olacak,olacağımı,ADJ,ADJ,0.11600682008236941,0.8841241031373779,NOUN,"NOUN: 0.81, ADJ: 0.12, VERB: 0.07",True,12,0,2.5649493574615367
söyle,söyledim,VERB,VERB,0.721528986702589,0.8533590847777625,CCONJ,"VERB: 0.72, CCONJ: 0.28",True,89,0,4.499809670330265
ya,ya,INTJ,INTJ,,,,,True,8,0,2.1972245773362196
.,.,PUNCT,PUNCT,,,,,True,3283,0,8.096817470572319
Orhan,Orhan,PROPN,PROPN,,,,,False,0,0,0.0
:,:,PUNCT,PUNCT,,,,,True,127,0,4.852030263919617
bu,Bu,DET,DET,0.6017857940157323,1.5300103231456785,NUM,"DET: 0.60, NUM: 0.20, ADJ: 0.15",True,350,0,5.860786223465865
bir,bir,DET,DET,0.49958184875865663,1.6482580173109218,NUM,"DET: 0.50, NUM: 0.30, ADJ: 0.15",True,616,0,6.424869023905388
sır,sır,NOUN,NOUN,,,,,True,6,0,1.9459101490553132
.,.,PUNCT,PUNCT,,,,,True,3283,0,8.096817470572319
iki,İkimizden,NUM,NUM,0.27698505514822225,1.5675874170394526,DET,"DET: 0.55, NUM: 0.28, ADJ: 0.13",True,83,0,4.430816798843313
başka,başka,ADP,ADP,,,,,True,4,0,1.6094379124341003
kimse,kimse,NOUN,NOUN,0.030071231212396455,1.645199013552493,PRON,"PRON: 0.54, ADV: 0.26, CCONJ: 0.16",True,22,0,3.1354942159291497
bil,bilmeyecek,VERB,VERB,0.6930942464089043,1.0036086273143747,CCONJ,"VERB: 0.69, CCONJ: 0.28",True,101,0,4.624972813284271
tamam,tamam,ADJ,ADJ,0.23324808690765333,1.6069120417133527,PRON,"PRON: 0.52, ADJ: 0.23, NOUN: 0.22",True,12,0,2.5649493574615367
mi,mı,AUX,AUX,0.49179730733219285,1.8739792138931677,CCONJ,"AUX: 0.49, CCONJ: 0.24, ADP: 0.18, ADV: 0.05",True,112,0,4.727387818712341
?,?,PUNCT,PUNCT,,,,,True,125,0,4.836281906951478
de,dedi,VERB,VERB,0.7089626585740004,0.8700574815901702,CCONJ,"VERB: 0.71, CCONJ: 0.29",True,295,0,5.69035945432406
.,.,PUNCT,PUNCT,,,,,True,3283,0,8.096817470572319
tamam,Tamam,ADJ,ADJ,0.23324808690765333,1.6069120417133527,PRON,"PRON: 0.52, ADJ: 0.23, NOUN: 0.22",True,12,0,2.5649493574615367
!,!,PUNCT,PUNCT,,,,,True,39,0,3.6888794541139363
tamam,tamam,ADJ,ADJ,0.23324808690765333,1.6069120417133527,PRON,"PRON: 0.52, ADJ: 0.23, NOUN: 0.22",True,12,0,2.5649493574615367
!,!,PUNCT,PUNCT,,,,,True,39,0,3.6888794541139363
hadi,Hadi,INTJ,INTJ,,,,,True,9,0,2.302585092994046
çabuk,çabuk,ADV,ADV,,,,,True,1,0,0.6931471805599453
anlat,anlat,VERB,VERB,1.0,0.0,,VERB: 1.00,True,69,0,4.248495242049359
",",",",PUNCT,PUNCT,,,,,True,2285,0,7.734558844354756
merak,meraktan,NOUN,NOUN,,,,,True,8,0,2.1972245773362196
öl,öleceğim,VERB,VERB,0.5682293006747299,1.4135799515431988,ADJ,"VERB: 0.57, ADJ: 0.24, NOUN: 0.19",True,39,0,3.6888794541139363
.,.,PUNCT,PUNCT,,,,,True,3283,0,8.096817470572319
ben,Ben,PRON,PRON,0.614767428544865,1.6599914502896118,ADV,"PRON: 0.61, ADV: 0.21, CCONJ: 0.08, PROPN: 0.06",True,310,0,5.739792912179234
dün,dün,NOUN,NOUN,,,,,True,6,0,1.9459101490553132
gece,gece,NOUN,NOUN,0.19864455081399557,0.9246613571687522,PRON,"PRON: 0.77, NOUN: 0.20",True,37,0,3.6375861597263857
siz,siz,PRON,PRON,0.6489290710050605,1.4471589459833951,ADV,"PRON: 0.65, ADV: 0.22, CCONJ: 0.08",True,49,0,3.912023005428146
yat,yattıktan,VERB,VERB,1.0,0.0,,VERB: 1.00,True,23,0,3.1780538303479458
sonra,sonra,ADP,ADP,0.3753969513334362,1.9295725955468828,AUX,"ADP: 0.38, AUX: 0.28, CCONJ: 0.27, ADV: 0.06",True,66,0,4.204692619390966
ev,evden,NOUN,NOUN,0.2165987183589658,2.0343315049689665,PRON,"PRON: 0.45, NOUN: 0.22, PROPN: 0.14, ADV: 0.11, ADJ: 0.08",True,113,0,4.736198448394496
kaç,kaçtım,VERB,VERB,,,,,True,5,0,1.791759469228055
.,.,PUNCT,PUNCT,,,,,True,3283,0,8.096817470572319
bacak,Bacağımı,NOUN,NOUN,,,,,True,4,0,1.6094379124341003
da,da,CCONJ,CCONJ,0.13730810580889885,1.6721173968196932,AUX,"AUX: 0.44, ADP: 0.38, CCONJ: 0.14",True,275,0,5.62040086571715
sabah,sabah,NOUN,NOUN,0.11450917871831384,0.7864342524726671,PRON,"PRON: 0.84, NOUN: 0.11",True,16,0,2.833213344056216
değil,değil,AUX,AUX,0.684685125302444,0.8992136021504445,VERB,"AUX: 0.68, VERB: 0.32",True,72,0,4.290459441148391
",",",",PUNCT,PUNCT,,,,,True,2285,0,7.734558844354756
gece,gece,NOUN,NOUN,0.19864455081399557,0.9246613571687522,PRON,"PRON: 0.77, NOUN: 0.20",True,37,0,3.6375861597263857
köpek,köpek,NOUN,NOUN,0.2580625161877512,1.0560002241100372,PRON,"PRON: 0.70, NOUN: 0.26",True,22,0,3.1354942159291497
ısır,ısırdı,VERB,VERB,,,,,False,0,0,0.0
.,.,PUNCT,PUNCT,,,,,True,3283,0,8.096817470572319
Zeynep,Zeynep,PROPN,PROPN,,,,,False,0,0,0.0
şaşkınlık,şaşkınlık,ADV,ADV,,,,,False,0,0,0.0
ve,ve,CCONJ,CCONJ,0.23925769350174309,2.411623002364367,NUM,"NUM: 0.34, CCONJ: 0.24, ADJ: 0.14, DET: 0.11, PRON: 0.09, PROPN: 0.06",True,359,0,5.886104031450156
korku,korkuyla,NOUN,NOUN,0.7747892094697927,0.7695687527417757,ADJ,"NOUN: 0.77, ADJ: 0.23",True,20,0,3.044522437723423
kardeş,kardeşine,NOUN,NOUN,0.29093609901655704,1.9737228321004774,PRON,"PRON: 0.30, NOUN: 0.29, ADJ: 0.21, PROPN: 0.19",True,25,0,3.258096538021482
bak,baktı,VERB,VERB,1.0,0.0,,VERB: 1.00,True,85,0,4.454347296253507
.,.,PUNCT,PUNCT,,,,,True,3283,0,8.096817470572319
ne,Ne,PRON,PRON,0.657373909218341,1.5595369645973152,PROPN,"PRON: 0.66, PROPN: 0.14, ADV: 0.11, NOUN: 0.06",True,98,0,4.59511985013459
!,!,PUNCT,PUNCT,,,,,True,39,0,3.6888794541139363
...,...,PUNCT,PUNCT,,,,,True,91,0,4.5217885770490405
ev,Evden,NOUN,NOUN,0.2165987183589658,2.0343315049689665,PRON,"PRON: 0.45, NOUN: 0.22, PROPN: 0.14, ADV: 0.11, ADJ: 0.08",True,113,0,4.736198448394496
mi,mi,AUX,AUX,0.49179730733219285,1.8739792138931677,CCONJ,"AUX: 0.49, CCONJ: 0.24, ADP: 0.18, ADV: 0.05",True,112,0,4.727387818712341
kaç,kaçtın,VERB,VERB,,,,,True,5,0,1.791759469228055
?,?,PUNCT,PUNCT,,,,,True,125,0,4.836281906951478
...,...,PUNCT,PUNCT,,,,,True,91,0,4.5217885770490405
hep,Hep,ADV,ADV,0.17309001779684272,1.7271777054178834,PRON,"PRON: 0.51, CCONJ: 0.25, ADV: 0.17",True,25,0,3.258096538021482
sen,senin,PRON,PRON,0.5975153654339292,1.4960517331359373,ADV,"PRON: 0.60, ADV: 0.28, PROPN: 0.06",True,96,0,4.574710978503383
yüz,yüzünden,NOUN,NOUN,0.4177442495739065,0.9803883989493742,ADJ,"ADJ: 0.58, NOUN: 0.42",True,30,0,3.4339872044851463
.,.,PUNCT,PUNCT,,,,,True,3283,0,8.096817470572319
sen,Sana,PRON,PRON,0.5975153654339292,1.4960517331359373,ADV,"PRON: 0.60, ADV: 0.28, PROPN: 0.06",True,96,0,4.574710978503383
sinirlen,sinirlenip,VERB,VERB,,,,,True,2,0,1.0986122886681098
ev,evi,NOUN,NOUN,0.2165987183589658,2.0343315049689665,PRON,"PRON: 0.45, NOUN: 0.22, PROPN: 0.14, ADV: 0.11, ADJ: 0.08",True,113,0,4.736198448394496
terk,terk,NOUN,NOUN,0.531543856465604,1.4442761835404323,ADJ,"NOUN: 0.53, ADJ: 0.29, VERB: 0.18",True,14,0,2.70805020110221
et,ettim,VERB,VERB,0.021423477839648417,2.0747581498935594,AUX,"AUX: 0.33, ADP: 0.33, CCONJ: 0.23",True,260,0,5.564520407322694
.,.,PUNCT,PUNCT,,,,,True,3283,0,8.096817470572319
Seymenler,Seymenler,PROPN,NOUN,,,,,False,0,1,0.0
park,Parkı'na,NOUN,NOUN,,,,,False,0,0,0.0
git,gittim,VERB,VERB,1.0,0.0,,VERB: 1.00,True,116,0,4.762173934797756
her,her,DET,DET,0.5393270671644539,1.4044282159240997,NUM,"DET: 0.54, NUM: 0.36, ADJ: 0.09",True,91,0,4.5217885770490405
şey,şey,NOUN,NOUN,0.7797490937613291,0.7606253858126094,ADJ,"NOUN: 0.78, ADJ: 0.22",True,102,0,4.634728988229636
ora,orada,NOUN,NOUN,0.06614595594686694,1.725004869700506,PRON,"PRON: 0.60, PROPN: 0.15, ADV: 0.12, NOUN: 0.07, ADJ: 0.06",True,29,0,3.4011973816621555
ol,oldu,VERB,VERB,1.0,0.0,,VERB: 1.00,True,603,0,6.403574197934815
.,.,PUNCT,PUNCT,,,,,True,3283,0,8.096817470572319
Orhan,Orhan,PROPN,PROPN,,,,,False,0,0,0.0
o,o,DET,DET,0.6447660992254824,1.4376147671166477,NUM,"DET: 0.64, NUM: 0.18, ADJ: 0.13",True,113,0,4.736198448394496
gece,geceyi,NOUN,NOUN,0.19864455081399557,0.9246613571687522,PRON,"PRON: 0.77, NOUN: 0.20",True,37,0,3.6375861597263857
tekrar,tekrar,ADV,ADV,,,,,True,5,0,1.791759469228055
yaşa,yaşıyormuş,VERB,VERB,1.0,0.0,,VERB: 1.00,True,55,0,4.02535169073515
gibi,gibi,ADP,ADP,0.36045769630430313,1.8400611893764562,AUX,"ADP: 0.36, AUX: 0.30, CCONJ: 0.28",True,145,0,4.983606621708336
aynı,aynı,ADJ,ADJ,0.11957005345771128,1.4044471997085064,DET,"DET: 0.58, NUM: 0.29, ADJ: 0.12",True,44,0,3.8066624897703196
heyecan,heyecanla,NOUN,NOUN,,,,,True,6,0,1.9459101490553132
ol,olan,VERB,VERB,1.0,0.0,,VERB: 1.00,True,603,0,6.403574197934815
_,ları,ADP,ADP,,,,,True,70,0,4.2626798770413155
Zeynep,Zeynep'e,PROPN,PROPN,,,,,False,0,0,0.0
anlat,anlattı,VERB,VERB,1.0,0.0,,VERB: 1.00,True,69,0,4.248495242049359
.,.,PUNCT,PUNCT,,,,,True,3283,0,8.096817470572319
Zeynep,Zeynep'te,PROPN,PROPN,,,,,False,0,0,0.0
en,en,ADV,ADV,0.22782607963906426,2.317896341903966,CCONJ,"CCONJ: 0.30, ADV: 0.23, PROPN: 0.21, ADJ: 0.14, PRON: 0.11",True,92,0,4.532599493153256
az,az,ADJ,ADJ,,,,,True,8,0,2.1972245773362196
Orhan,Orhan,PROPN,PROPN,,,,,False,0,0,0.0
kadar,kadar,ADP,ADP,0.3692723596113412,1.6932259529300686,AUX,"AUX: 0.42, ADP: 0.37, CCONJ: 0.17",True,105,0,4.663439094112067
heyecanlan,heyecanlanmıştı,VERB,VERB,,,,,True,1,0,0.6931471805599453
.,.,PUNCT,PUNCT,,,,,True,3283,0,8.096817470572319
tanrı,Tanrım,ADP,NOUN,,,,,False,0,1,0.0
nasıl,nasıl,ADV,ADV,0.22688879708691875,1.6551093959198966,PRON,"PRON: 0.59, ADV: 0.23, PROPN: 0.07, NOUN: 0.06",True,24,0,3.2188758248682006
yap,yaptın,VERB,VERB,1.0,0.0,,VERB: 1.00,True,209,0,5.3471075307174685
böyle,böyle,DET,ADV,,,,,True,1,1,0.6931471805599453
bir,bir,DET,DET,0.49958184875865663,1.6482580173109218,NUM,"DET: 0.50, NUM: 0.30, ADJ: 0.15",True,616,0,6.424869023905388
şey,şeyi,NOUN,NOUN,0.7797490937613291,0.7606253858126094,ADJ,"NOUN: 0.78, ADJ: 0.22",True,102,0,4.634728988229636
?,?,PUNCT,PUNCT,,,,,True,125,0,4.836281906951478
baş,Başına,NOUN,NOUN,0.1890902731140519,1.8430796248904169,PRON,"PRON: 0.46, ADJ: 0.21, NOUN: 0.19, PROPN: 0.15",True,54,0,4.007333185232471
çok,çok,ADV,ADV,0.33203987735528007,1.3405495937378578,PRON,"PRON: 0.59, ADV: 0.33, ADJ: 0.05",True,97,0,4.584967478670572
daha,daha,ADV,ADV,0.16216742905437215,2.279909832774521,PRON,"PRON: 0.30, CCONJ: 0.27, PROPN: 0.19, ADV: 0.16",True,127,0,4.852030263919617
kötü,kötü,ADJ,ADJ,,,,,True,9,0,2.302585092994046
olay,olaylar,NOUN,NOUN,0.14473084876938566,0.8987501055667961,PRON,"PRON: 0.80, NOUN: 0.14, ADJ: 0.06",True,34,0,3.5553480614894135
gel,gelebilirdi,VERB,VERB,1.0,0.0,,VERB: 1.00,True,166,0,5.117993812416755
.,.,PUNCT,PUNCT,,,,,True,3283,0,8.096817470572319
yine,Yine,ADV,ADV,0.23735574991736438,1.9589772928384734,PRON,"PRON: 0.42, ADV: 0.24, CCONJ: 0.22, PROPN: 0.10",True,19,0,2.995732273553991
de,de,CCONJ,CCONJ,0.13783772654910434,1.6723904656042283,AUX,"AUX: 0.44, ADP: 0.38, CCONJ: 0.14",True,326,0,5.7899601708972535
iyi,iyi,ADJ,ADJ,0.03291619485831978,1.0997597953020077,PRON,"PRON: 0.75, ADV: 0.18",True,58,0,4.07753744390572
çocuk,çocuklar,NOUN,NOUN,0.41886901196129345,1.5243676922345937,PRON,"NOUN: 0.42, PRON: 0.38, ADJ: 0.20",True,59,0,4.0943445622221
i,mış,AUX,AUX,0.47697018772995686,1.861138213598426,ADP,"AUX: 0.48, ADP: 0.26, CCONJ: 0.18, PROPN: 0.06",True,546,0,6.304448802421981
",",",",PUNCT,PUNCT,,,,,True,2285,0,7.734558844354756
sen,seni,PRON,PRON,0.5975153654339292,1.4960517331359373,ADV,"PRON: 0.60, ADV: 0.28, PROPN: 0.06",True,96,0,4.574710978503383
ev,eve,NOUN,NOUN,0.2165987183589658,2.0343315049689665,PRON,"PRON: 0.45, NOUN: 0.22, PROPN: 0.14, ADV: 0.11, ADJ: 0.08",True,113,0,4.736198448394496
kadar,kadar,ADP,ADP,0.3692723596113412,1.6932259529300686,AUX,"AUX: 0.42, ADP: 0.37, CCONJ: 0.17",True,105,0,4.663439094112067
getir,getirmiş,VERB,VERB,1.0,0.0,,VERB: 1.00,True,42,0,3.7612001156935624
.,.,PUNCT,PUNCT,,,,,True,3283,0,8.096817470572319
Ali,Ali'nin,PROPN,PROPN,0.18801058072548615,2.0950273333207106,NUM,"NUM: 0.49, PROPN: 0.19, DET: 0.12, CCONJ: 0.08, ADJ: 0.07",True,13,0,2.6390573296152584
söz,sözleri,NOUN,NOUN,0.777721631080761,0.7643059703618319,ADJ,"NOUN: 0.78, ADJ: 0.22",True,40,0,3.713572066704308
sürekli,sürekli,ADV,ADV,,,,,True,6,0,1.9459101490553132
kulak,kulaklarımda,NOUN,NOUN,,,,,True,5,0,1.791759469228055
çınla,çınlıyor,VERB,VERB,,,,,True,2,0,1.0986122886681098
.,.,PUNCT,PUNCT,,,,,True,3283,0,8.096817470572319
bazı,Bazı,DET,DET,0.7061105395508743,1.3354414497943836,ADJ,"DET: 0.71, ADJ: 0.14, NUM: 0.10",True,15,0,2.772588722239781
çocuk,çocukların,NOUN,NOUN,0.41886901196129345,1.5243676922345937,PRON,"NOUN: 0.42, PRON: 0.38, ADJ: 0.20",True,59,0,4.0943445622221
da,da,CCONJ,CCONJ,0.13730810580889885,1.6721173968196932,AUX,"AUX: 0.44, ADP: 0.38, CCONJ: 0.14",True,275,0,5.62040086571715
biz,bizim,PRON,PRON,0.5140713310358356,1.872132039681025,ADV,"PRON: 0.51, ADV: 0.19, CCONJ: 0.17, PROPN: 0.06, NOUN: 0.05",True,86,0,4.465908118654584
gibi,gibi,ADP,ADP,0.36045769630430313,1.8400611893764562,AUX,"ADP: 0.36, AUX: 0.30, CCONJ: 0.28",True,145,0,4.983606621708336
yaşa,yaşadığını,VERB,VERB,1.0,0.0,,VERB: 1.00,True,55,0,4.02535169073515
unut,unutma,VERB,VERB,,,,,True,7,0,2.0794415416798357
de,demişti,VERB,VERB,0.7089626585740004,0.8700574815901702,CCONJ,"VERB: 0.71, CCONJ: 0.29",True,295,0,5.69035945432406
.,.,PUNCT,PUNCT,,,,,True,3283,0,8.096817470572319
dün,Dün,NOUN,NOUN,,,,,True,6,0,1.9459101490553132
gece,geceden,NOUN,NOUN,0.19864455081399557,0.9246613571687522,PRON,"PRON: 0.77, NOUN: 0.20",True,37,0,3.6375861597263857
beri,beri,ADP,ADV,,,,,True,8,1,2.1972245773362196
o,onları,PRON,PRON,0.5961784524857141,1.6538184960634559,ADV,"PRON: 0.60, ADV: 0.24, CCONJ: 0.07, PROPN: 0.05",True,264,0,5.579729825986222
düşün,düşünüyorum,VERB,VERB,0.7113540833748332,0.8669656577665865,CCONJ,"VERB: 0.71, CCONJ: 0.29",True,61,0,4.127134385045092
.,.,PUNCT,PUNCT,,,,,True,3283,0,8.096817470572319
Zeynep,Zeynep,PROPN,PROPN,,,,,False,0,0,0.0
",",",",PUNCT,PUNCT,,,,,True,2285,0,7.734558844354756
o,onlara,PRON,PRON,0.5961784524857141,1.6538184960634559,ADV,"PRON: 0.60, ADV: 0.24, CCONJ: 0.07, PROPN: 0.05",True,264,0,5.579729825986222
bir,bir,DET,DET,0.49958184875865663,1.6482580173109218,NUM,"DET: 0.50, NUM: 0.30, ADJ: 0.15",True,616,0,6.424869023905388
şekil,şekilde,ADV,ADV,,,,,False,0,0,0.0
yardım,yardım,NOUN,NOUN,0.492452467055801,1.2551462811382508,ADJ,"NOUN: 0.49, ADJ: 0.45, VERB: 0.06",True,15,0,2.772588722239781
et,etmeliyiz,VERB,VERB,0.021423477839648417,2.0747581498935594,AUX,"AUX: 0.33, ADP: 0.33, CCONJ: 0.23",True,260,0,5.564520407322694
.,.,PUNCT,PUNCT,,,,,True,3283,0,8.096817470572319
Zeynep,Zeynep,PROPN,PROPN,,,,,False,0,0,0.0
:,:,PUNCT,PUNCT,,,,,True,127,0,4.852030263919617
giyecek,Giyecek,NOUN,NOUN,,,,,False,0,0,0.0
",",",",PUNCT,PUNCT,,,,,True,2285,0,7.734558844354756
yiyecek,yiyecek,ADJ,ADJ,,,,,True,4,0,1.6094379124341003
götür,götürelim,VERB,VERB,1.0,0.0,,VERB: 1.00,True,11,0,2.4849066497880004
.,.,PUNCT,PUNCT,,,,,True,3283,0,8.096817470572319
Zeynep,Zeynep,PROPN,PROPN,,,,,False,0,0,0.0
bir,bir,DET,DET,0.49958184875865663,1.6482580173109218,NUM,"DET: 0.50, NUM: 0.30, ADJ: 0.15",True,616,0,6.424869023905388
süre,süre,NOUN,NOUN,0.8820365801913382,0.523478306365258,ADJ,"NOUN: 0.88, ADJ: 0.12",True,24,0,3.2188758248682006
ses,ses,NOUN,ADV,0.3237009019450614,1.9450836951989445,PRON,"NOUN: 0.32, PRON: 0.31, PROPN: 0.20, ADJ: 0.17",True,32,1,3.4965075614664802
siz,siz,ADP,ADP,0.3340274831620072,2.1348321686976823,AUX,"ADP: 0.33, AUX: 0.31, CCONJ: 0.24",True,28,0,3.367295829986474
kal,kalıp,VERB,VERB,1.0,0.0,,VERB: 1.00,True,77,0,4.356708826689592
düşünce,düşünceye,NOUN,NOUN,0.7746699325072259,0.7697813084492007,ADJ,"NOUN: 0.77, ADJ: 0.23",True,13,0,2.6390573296152584
dal,daldı,VERB,VERB,,,,,True,2,0,1.0986122886681098
.,.,PUNCT,PUNCT,,,,,True,3283,0,8.096817470572319
Orhan,Orhan,PROPN,PROPN,,,,,False,0,0,0.0
ümit,ümitle,ADV,ADV,,,,,False,0,0,0.0
o,ona,PRON,PRON,0.5961784524857141,1.6538184960634559,ADV,"PRON: 0.60, ADV: 0.24, CCONJ: 0.07, PROPN: 0.05",True,264,0,5.579729825986222
bak,baktı,VERB,VERB,1.0,0.0,,VERB: 1.00,True,85,0,4.454347296253507
",",",",PUNCT,PUNCT,,,,,True,2285,0,7.734558844354756
sen,Sen,PRON,PRON,0.5975153654339292,1.4960517331359373,ADV,"PRON: 0.60, ADV: 0.28, PROPN: 0.06",True,96,0,4.574710978503383
bir,bir,DET,DET,0.49958184875865663,1.6482580173109218,NUM,"DET: 0.50, NUM: 0.30, ADJ: 0.15",True,616,0,6.424869023905388
şey,şeyler,NOUN,NOUN,0.7797490937613291,0.7606253858126094,ADJ,"NOUN: 0.78, ADJ: 0.22",True,102,0,4.634728988229636
düşün,düşünüyorsun,VERB,VERB,0.7113540833748332,0.8669656577665865,CCONJ,"VERB: 0.71, CCONJ: 0.29",True,61,0,4.127134385045092
?,?,PUNCT,PUNCT,,,,,True,125,0,4.836281906951478
.,.,PUNCT,PUNCT,,,,,True,3283,0,8.096817470572319
Zeynep,Zeynep,PROPN,PROPN,,,,,False,0,0,0.0
ben,Benim,PRON,PRON,0.614767428544865,1.6599914502896118,ADV,"PRON: 0.61, ADV: 0.21, CCONJ: 0.08, PROPN: 0.06",True,310,0,5.739792912179234
akıl,aklıma,NOUN,NOUN,0.5386672765526301,0.9956815746298321,ADJ,"NOUN: 0.54, ADJ: 0.46",True,31,0,3.4657359027997265
bazı,bazı,DET,DET,0.7061105395508743,1.3354414497943836,ADJ,"DET: 0.71, ADJ: 0.14, NUM: 0.10",True,15,0,2.772588722239781
şey,şeyler,NOUN,NOUN,0.7797490937613291,0.7606253858126094,ADJ,"NOUN: 0.78, ADJ: 0.22",True,102,0,4.634728988229636
gel,geliyor,VERB,VERB,1.0,0.0,,VERB: 1.00,True,166,0,5.117993812416755
",",",",PUNCT,PUNCT,,,,,True,2285,0,7.734558844354756
ama,ama,CCONJ,CCONJ,0.26313102212215905,1.8047829885976687,PRON,"PRON: 0.46, CCONJ: 0.26, ADV: 0.22",True,139,0,4.941642422609304
bu,bunu,PRON,PRON,0.7006788109102466,1.3923524752663319,ADV,"PRON: 0.70, ADV: 0.14, CCONJ: 0.09, NOUN: 0.05",True,171,0,5.147494476813453
yap,yapabilmek,VERB,VERB,1.0,0.0,,VERB: 1.00,True,209,0,5.3471075307174685
çok,çok,ADV,ADV,0.33203987735528007,1.3405495937378578,PRON,"PRON: 0.59, ADV: 0.33, ADJ: 0.05",True,97,0,4.584967478670572
zor,zor,ADJ,ADJ,0.22223016687522598,0.7642188650529111,NOUN,"NOUN: 0.78, ADJ: 0.22",True,22,0,3.1354942159291497
.,.,PUNCT,PUNCT,,,,,True,3283,0,8.096817470572319
Orhan,Orhan,PROPN,PROPN,,,,,False,0,0,0.0
Zeynep,Zeynep,PROPN,PROPN,,,,,False,0,0,0.0
hadi,hadi,INTJ,INTJ,,,,,True,9,0,2.302585092994046
çabuk,çabuk,ADV,ADV,,,,,True,1,0,0.6931471805599453
söyle,söyle,VERB,VERB,0.721528986702589,0.8533590847777625,CCONJ,"VERB: 0.72, CCONJ: 0.28",True,89,0,4.499809670330265
çok,çok,ADJ,ADV,0.11052386614726717,2.2021956458728464,DET,"DET: 0.40, NUM: 0.29, ADJ: 0.11, ADV: 0.07, CCONJ: 0.07",True,38,1,3.6635616461296463
merak,merak,NOUN,NOUN,,,,,True,8,0,2.1972245773362196
et,ettim,VERB,VERB,0.021423477839648417,2.0747581498935594,AUX,"AUX: 0.33, ADP: 0.33, CCONJ: 0.23",True,260,0,5.564520407322694
",",",",PUNCT,PUNCT,,,,,True,2285,0,7.734558844354756
de,dedi,VERB,VERB,0.7089626585740004,0.8700574815901702,CCONJ,"VERB: 0.71, CCONJ: 0.29",True,295,0,5.69035945432406
heyecan,heyecanla,NOUN,ADV,,,,,True,6,1,1.9459101490553132
.,.,PUNCT,PUNCT,,,,,True,3283,0,8.096817470572319
Tunalıhilmi,Tunalıhilmi,PROPN,PROPN,,,,,False,0,0,0.0
cadde,Caddesi,NOUN,NOUN,,,,,True,5,0,1.791759469228055
insan,insan,NOUN,NOUN,0.6842686317549259,0.8996789321325918,ADJ,"NOUN: 0.68, ADJ: 0.32",True,68,0,4.23410650459726
ve,ve,CCONJ,CCONJ,0.23925769350174309,2.411623002364367,NUM,"NUM: 0.34, CCONJ: 0.24, ADJ: 0.14, DET: 0.11, PRON: 0.09, PROPN: 0.06",True,359,0,5.886104031450156
trafik,trafiğe,NOUN,NOUN,,,,,True,1,0,0.6931471805599453
çık,çıkmış,VERB,VERB,1.0,0.0,,VERB: 1.00,True,80,0,4.394449154672439
araba,arabaların,NOUN,NOUN,,,,,True,2,0,1.0986122886681098
gürültü,gürültüsüyle,NOUN,NOUN,,,,,True,4,0,1.6094379124341003
arı,arı,ADJ,ADJ,,,,,True,6,0,1.9459101490553132
kovan,kovanı,NOUN,NOUN,,,,,False,0,0,0.0
gibi,gibi,ADP,ADP,0.36045769630430313,1.8400611893764562,AUX,"ADP: 0.36, AUX: 0.30, CCONJ: 0.28",True,145,0,4.983606621708336
uğulda,uğuldamaktaydı,VERB,VERB,,,,,False,0,0,0.0
.,.,PUNCT,PUNCT,,,,,True,3283,0,8.096817470572319
Melek,Melek,PROPN,PROPN,,,,,True,1,0,0.6931471805599453
her,her,DET,DET,0.5393270671644539,1.4044282159240997,NUM,"DET: 0.54, NUM: 0.36, ADJ: 0.09",True,91,0,4.5217885770490405
zaman,zaman,NOUN,NOUN,0.7768808568937368,0.7658222066504196,ADJ,"NOUN: 0.78, ADJ: 0.22",True,77,0,4.356708826689592
ki,ki,ADP,ADP,0.352272282719127,2.181690690995641,AUX,"ADP: 0.35, AUX: 0.28, CCONJ: 0.23, NUM: 0.08",True,217,0,5.384495062789089
yer,yerinde,NOUN,NOUN,0.6105573897718891,0.964438903111094,ADJ,"NOUN: 0.61, ADJ: 0.39",True,111,0,4.718498871295094
",",",",PUNCT,PUNCT,,,,,True,2285,0,7.734558844354756
ümit,ümitle,ADV,ADV,,,,,False,0,0,0.0
gel,gelen,VERB,VERB,1.0,0.0,,VERB: 1.00,True,166,0,5.117993812416755
_,e,ADP,ADP,,,,,True,70,0,4.2626798770413155
geç,geçen,VERB,VERB,1.0,0.0,,VERB: 1.00,True,62,0,4.143134726391533
_,e,ADP,ADP,,,,,True,70,0,4.2626798770413155
flaster,flasterlerini,NOUN,NOUN,,,,,False,0,0,0.0
ve,ve,CCONJ,CCONJ,0.23925769350174309,2.411623002364367,NUM,"NUM: 0.34, CCONJ: 0.24, ADJ: 0.14, DET: 0.11, PRON: 0.09, PROPN: 0.06",True,359,0,5.886104031450156
kalem,kalemlerini,NOUN,NOUN,,,,,True,7,0,2.0794415416798357
uza,uzatıyordu,VERB,VERB,1.0,0.0,,VERB: 1.00,True,22,0,3.1354942159291497
",",",",PUNCT,PUNCT,,,,,True,2285,0,7.734558844354756
ama,ama,CCONJ,CCONJ,0.26313102212215905,1.8047829885976687,PRON,"PRON: 0.46, CCONJ: 0.26, ADV: 0.22",True,139,0,4.941642422609304
nafile,nafile,ADJ,ADJ,,,,,True,1,0,0.6931471805599453
;,;,PUNCT,PUNCT,,,,,True,84,0,4.442651256490317
kimse,kimsenin,NOUN,NOUN,0.030071231212396455,1.645199013552493,PRON,"PRON: 0.54, ADV: 0.26, CCONJ: 0.16",True,22,0,3.1354942159291497
o,ona,PRON,PRON,0.5961784524857141,1.6538184960634559,ADV,"PRON: 0.60, ADV: 0.24, CCONJ: 0.07, PROPN: 0.05",True,264,0,5.579729825986222
al,aldırdığı,VERB,VERB,1.0,0.0,,VERB: 1.00,True,169,0,5.135798437050262
yok,yok,ADV,ADV,0.0,0.6417583248544891,VERB,"VERB: 0.84, ADJ: 0.16",True,39,0,3.6888794541139363
i,tu,AUX,AUX,0.47697018772995686,1.861138213598426,ADP,"AUX: 0.48, ADP: 0.26, CCONJ: 0.18, PROPN: 0.06",True,546,0,6.304448802421981
.,.,PUNCT,PUNCT,,,,,True,3283,0,8.096817470572319
ezberle,Ezberlediği,VERB,VERB,,,,,False,0,0,0.0
bir,bir,DET,DET,0.49958184875865663,1.6482580173109218,NUM,"DET: 0.50, NUM: 0.30, ADJ: 0.15",True,616,0,6.424869023905388
kaç,kaç,ADJ,ADJ,,,,,True,6,0,1.9459101490553132
cümle,cümleyi,NOUN,NOUN,,,,,True,1,0,0.6931471805599453
robot,robot,NOUN,NOUN,,,,,False,0,0,0.0
gibi,gibi,ADP,ADP,0.36045769630430313,1.8400611893764562,AUX,"ADP: 0.36, AUX: 0.30, CCONJ: 0.28",True,145,0,4.983606621708336
tekrarla,tekrarlıyordu,VERB,VERB,,,,,True,2,0,1.0986122886681098
;,;,PUNCT,PUNCT,,,,,True,84,0,4.442651256490317
bayan,Bayan,NOUN,NOUN,,,,,True,1,0,0.6931471805599453
lütfen,lütfen,ADV,ADV,,,,,False,0,0,0.0
bir,bir,DET,DET,0.49958184875865663,1.6482580173109218,NUM,"DET: 0.50, NUM: 0.30, ADJ: 0.15",True,616,0,6.424869023905388
flaster,flaster,NOUN,NOUN,,,,,False,0,0,0.0
al,alın,VERB,VERB,1.0,0.0,,VERB: 1.00,True,169,0,5.135798437050262
.,.,PUNCT,PUNCT,,,,,True,3283,0,8.096817470572319
hayat,Hayat,NOUN,NOUN,0.23617296238770852,1.163013823457567,PRON,"PRON: 0.68, NOUN: 0.24, ADJ: 0.08",True,32,0,3.4965075614664802
hiç,hiç,ADV,ADV,0.14829755248371262,1.3987334442647599,PRON,"PRON: 0.70, ADV: 0.15, PROPN: 0.06",True,45,0,3.828641396489095
belli,belli,ADJ,ADJ,0.1552551369395006,1.9247260843151064,PRON,"PRON: 0.53, ADJ: 0.16, NOUN: 0.12, PROPN: 0.11, ADV: 0.08",True,12,0,2.5649493574615367
ol,olmaz,VERB,VERB,1.0,0.0,,VERB: 1.00,True,603,0,6.403574197934815
.,.,PUNCT,PUNCT,,,,,True,3283,0,8.096817470572319
bir,Bir,DET,DET,0.49958184875865663,1.6482580173109218,NUM,"DET: 0.50, NUM: 0.30, ADJ: 0.15",True,616,0,6.424869023905388
gün,gün,NOUN,NOUN,0.7766440096348868,0.7662482696838814,ADJ,"NOUN: 0.78, ADJ: 0.22",True,91,0,4.5217885770490405
bir,bir,NUM,NUM,0.3916735022215744,1.8552050660223744,DET,"DET: 0.40, NUM: 0.39, ADJ: 0.09, PROPN: 0.06, NOUN: 0.06",True,170,0,5.14166355650266
küçük,küçük,ADJ,ADJ,0.1447489167000414,2.0397905976212307,DET,"DET: 0.47, NUM: 0.23, ADJ: 0.14, CCONJ: 0.08, PROPN: 0.06",True,24,0,3.2188758248682006
kaza,kaza,NOUN,NOUN,0.13902079024538147,1.5219029241205815,NUM,"NUM: 0.64, NOUN: 0.14, ADJ: 0.12, PROPN: 0.11",True,35,0,3.58351893845611
ol,olur,VERB,VERB,1.0,0.0,,VERB: 1.00,True,603,0,6.403574197934815
",",",",PUNCT,PUNCT,,,,,True,2285,0,7.734558844354756
çanta,çantanızda,NOUN,NOUN,,,,,True,2,0,1.0986122886681098
ki,ki,ADP,ADP,0.352272282719127,2.181690690995641,AUX,"ADP: 0.35, AUX: 0.28, CCONJ: 0.23, NUM: 0.08",True,217,0,5.384495062789089
bir,bir,NUM,NUM,0.3916735022215744,1.8552050660223744,DET,"DET: 0.40, NUM: 0.39, ADJ: 0.09, PROPN: 0.06, NOUN: 0.06",True,170,0,5.14166355650266
flaster,flaster,NOUN,NOUN,,,,,False,0,0,0.0
belki,belki,ADV,ADV,0.2976823675361869,1.9102296920048334,PRON,"PRON: 0.39, ADV: 0.30, CCONJ: 0.20, PROPN: 0.10",True,25,0,3.258096538021482
de,de,CCONJ,CCONJ,0.13783772654910434,1.6723904656042283,AUX,"AUX: 0.44, ADP: 0.38, CCONJ: 0.14",True,326,0,5.7899601708972535
hayat,hayatınızı,NOUN,NOUN,0.23617296238770852,1.163013823457567,PRON,"PRON: 0.68, NOUN: 0.24, ADJ: 0.08",True,32,0,3.4965075614664802
kurtar,kurtarır,VERB,VERB,,,,,True,3,0,1.3862943611198906
.,.,PUNCT,PUNCT,,,,,True,3283,0,8.096817470572319
Melek,Melek,PROPN,PROPN,,,,,True,1,0,0.6931471805599453
kaç,kaç,ADJ,ADJ,,,,,True,6,0,1.9459101490553132
tane,tane,NOUN,NOUN,,,,,True,10,0,2.3978952727983707
sat,sattın,VERB,VERB,1.0,0.0,,VERB: 1.00,True,12,0,2.5649493574615367
?,?,PUNCT,PUNCT,,,,,True,125,0,4.836281906951478
diye,diye,ADP,ADP,0.26515728248607623,2.352927457262911,AUX,"AUX: 0.34, ADP: 0.27, PRON: 0.15, CCONJ: 0.13",True,107,0,4.68213122712422
yaklaş,yaklaştı,VERB,VERB,,,,,True,10,0,2.3978952727983707
Memo,Memo,PROPN,PROPN,,,,,False,0,0,0.0
.,.,PUNCT,PUNCT,,,,,True,3283,0,8.096817470572319
hiç,Hiç,ADV,ADV,0.14829755248371262,1.3987334442647599,PRON,"PRON: 0.70, ADV: 0.15, PROPN: 0.06",True,45,0,3.828641396489095
sat,satamadım,VERB,VERB,1.0,0.0,,VERB: 1.00,True,12,0,2.5649493574615367
Memo,Memo,PROPN,PROPN,,,,,False,0,0,0.0
",",",",PUNCT,PUNCT,,,,,True,2285,0,7.734558844354756
bugün,bugün,NOUN,NOUN,0.022136295336893458,1.2503911124781508,PRON,"PRON: 0.66, ADV: 0.27, PROPN: 0.05",True,27,0,3.332204510175204
iş,işler,NOUN,NOUN,0.46442635400175103,1.4429440308933483,PRON,"NOUN: 0.46, PRON: 0.39, ADJ: 0.14",True,70,0,4.2626798770413155
kesat,kesat,NOUN,NOUN,,,,,False,0,0,0.0
.,.,PUNCT,PUNCT,,,,,True,3283,0,8.096817470572319
sen,Sen,PRON,PRON,0.5975153654339292,1.4960517331359373,ADV,"PRON: 0.60, ADV: 0.28, PROPN: 0.06",True,96,0,4.574710978503383
bura,buralarda,NOUN,NOUN,0.05707749199808409,1.3288542344914385,PRON,"PRON: 0.74, ADV: 0.10, PROPN: 0.07, NOUN: 0.06",True,39,0,3.6888794541139363
ne,ne,PRON,PRON,0.657373909218341,1.5595369645973152,PROPN,"PRON: 0.66, PROPN: 0.14, ADV: 0.11, NOUN: 0.06",True,98,0,4.59511985013459
gez,geziyorsun,VERB,VERB,,,,,True,8,0,2.1972245773362196
aylak,aylak,ADJ,ADJ,,,,,False,0,0,0.0
aylak,aylak,ADJ,ADJ,,,,,False,0,0,0.0
.,.,PUNCT,PUNCT,,,,,True,3283,0,8.096817470572319
sabah,Sabahtan,NOUN,NOUN,0.11450917871831384,0.7864342524726671,PRON,"PRON: 0.84, NOUN: 0.11",True,16,0,2.833213344056216
beri,beri,ADP,ADV,,,,,True,8,1,2.1972245773362196
sen,seni,PRON,PRON,0.5975153654339292,1.4960517331359373,ADV,"PRON: 0.60, ADV: 0.28, PROPN: 0.06",True,96,0,4.574710978503383
gözetle,gözetliyorum,VERB,VERB,,,,,False,0,0,0.0
",",",",PUNCT,PUNCT,,,,,True,2285,0,7.734558844354756
hiç,hiç,ADV,ADV,0.14829755248371262,1.3987334442647599,PRON,"PRON: 0.70, ADV: 0.15, PROPN: 0.06",True,45,0,3.828641396489095
bir,bir,DET,DET,0.49958184875865663,1.6482580173109218,NUM,"DET: 0.50, NUM: 0.30, ADJ: 0.15",True,616,0,6.424869023905388
araba,arabaya,NOUN,NOUN,,,,,True,2,0,1.0986122886681098
yanaş,yanaşmadın,VERB,VERB,,,,,True,1,0,0.6931471805599453
.,.,PUNCT,PUNCT,,,,,True,3283,0,8.096817470572319
ben,Bana,PRON,PRON,0.614767428544865,1.6599914502896118,ADV,"PRON: 0.61, ADV: 0.21, CCONJ: 0.08, PROPN: 0.06",True,310,0,5.739792912179234
göre,göre,ADP,ADP,0.41770577295576294,1.830188214073782,AUX,"ADP: 0.42, AUX: 0.30, CCONJ: 0.23",True,38,0,3.6635616461296463
araba,araba,NOUN,NOUN,,,,,True,2,0,1.0986122886681098
geç,geçmedi,VERB,VERB,1.0,0.0,,VERB: 1.00,True,62,0,4.143134726391533
ki,ki,CCONJ,CCONJ,0.1806152397797589,1.9747454841180783,AUX,"AUX: 0.51, CCONJ: 0.18, ADP: 0.18, ADV: 0.07",True,81,0,4.406719247264253
.,.,PUNCT,PUNCT,,,,,True,3283,0,8.096817470572319
uy,Uy,VERB,VERB,,,,,True,9,0,2.302585092994046
",",",",PUNCT,PUNCT,,,,,True,2285,0,7.734558844354756
sev,sevsinler,VERB,VERB,1.0,0.0,,VERB: 1.00,True,44,0,3.8066624897703196
sen,seni,PRON,PRON,0.5975153654339292,1.4960517331359373,ADV,"PRON: 0.60, ADV: 0.28, PROPN: 0.06",True,96,0,4.574710978503383
!,!,PUNCT,PUNCT,,,,,True,39,0,3.6888794541139363
araba,Araba,NOUN,NOUN,,,,,True,2,0,1.0986122886681098
beğen,beğenmeyen,VERB,VERB,1.0,0.0,,VERB: 1.00,True,11,0,2.4849066497880004
_,e,ADP,ADP,,,,,True,70,0,4.2626798770413155
bak,bakın,VERB,VERB,1.0,0.0,,VERB: 1.00,True,85,0,4.454347296253507
.,.,PUNCT,PUNCT,,,,,True,3283,0,8.096817470572319
ben,Benim,PRON,PRON,0.614767428544865,1.6599914502896118,ADV,"PRON: 0.61, ADV: 0.21, CCONJ: 0.08, PROPN: 0.06",True,310,0,5.739792912179234
sil,sileceğim,VERB,VERB,,,,,True,4,0,1.6094379124341003
araba,araba,NOUN,NOUN,,,,,True,2,0,1.0986122886681098
Mersedes,Mersedes,PROPN,PROPN,,,,,False,0,0,0.0
",",",",PUNCT,PUNCT,,,,,True,2285,0,7.734558844354756
Bmw,BMW,NOUN,NOUN,,,,,False,0,0,0.0
falan,falan,ADJ,ADJ,,,,,True,4,0,1.6094379124341003
ol,olacak,VERB,VERB,1.0,0.0,,VERB: 1.00,True,603,0,6.403574197934815
.,.,PUNCT,PUNCT,,,,,True,3283,0,8.096817470572319
hadi,Hadi,INTJ,INTJ,,,,,True,9,0,2.302585092994046
gevezelen,gevezelenme,VERB,VERB,,,,,False,0,0,0.0
koş,koş,VERB,VERB,0.7157210183187309,1.1118797468105879,NOUN,"VERB: 0.72, NOUN: 0.20, ADJ: 0.09",True,17,0,2.8903717578961645
!,!,PUNCT,PUNCT,,,,,True,39,0,3.6888794541139363
kırmızı,Kırmızı,ADJ,ADJ,,,,,True,6,0,1.9459101490553132
yan,yandı,VERB,VERB,,,,,True,6,0,1.9459101490553132
",",",",PUNCT,PUNCT,,,,,True,2285,0,7.734558844354756
araba,arabalar,NOUN,NOUN,,,,,True,2,0,1.0986122886681098
dur,duruyor,VERB,VERB,1.0,0.0,,VERB: 1.00,True,27,0,3.332204510175204
.,.,PUNCT,PUNCT,,,,,True,3283,0,8.096817470572319
kırmızı,Kırmızı,ADJ,ADJ,,,,,True,6,0,1.9459101490553132
bir,bir,DET,DET,0.49958184875865663,1.6482580173109218,NUM,"DET: 0.50, NUM: 0.30, ADJ: 0.15",True,616,0,6.424869023905388
Mersedes,Mersedes,PROPN,PROPN,,,,,False,0,0,0.0
!,!,PUNCT,PUNCT,,,,,True,39,0,3.6888794541139363
diye,diye,ADP,ADP,0.26515728248607623,2.352927457262911,AUX,"AUX: 0.34, ADP: 0.27, PRON: 0.15, CCONJ: 0.13",True,107,0,4.68213122712422
bağır,bağırıyordu,VERB,VERB,,,,,True,7,0,2.0794415416798357
.,.,PUNCT,PUNCT,,,,,True,3283,0,8.096817470572319
koş,Koşarak,VERB,VERB,0.7157210183187309,1.1118797468105879,NOUN,"VERB: 0.72, NOUN: 0.20, ADJ: 0.09",True,17,0,2.8903717578961645
araba,arabanın,NOUN,NOUN,,,,,True,2,0,1.0986122886681098
ön,önüne,ADJ,ADJ,0.45739573711896436,1.2559973268911384,NOUN,"NOUN: 0.49, ADJ: 0.46, VERB: 0.06",True,36,0,3.6109179126442243
atla,atladı,VERB,VERB,,,,,True,9,0,2.302585092994046
",",",",PUNCT,PUNCT,,,,,True,2285,0,7.734558844354756
sil,Sileyim,VERB,NOUN,,,,,True,4,1,1.6094379124341003
bay,bayım,NOUN,NOUN,,,,,False,0,0,0.0
.,.,PUNCT,PUNCT,,,,,True,3283,0,8.096817470572319
o,Onun,PRON,PRON,0.5961784524857141,1.6538184960634559,ADV,"PRON: 0.60, ADV: 0.24, CCONJ: 0.07, PROPN: 0.05",True,264,0,5.579729825986222
arka,arkasından,ADJ,ADJ,0.2353351102688727,1.4691297226591569,PRON,"PRON: 0.53, NOUN: 0.24, ADJ: 0.24",True,26,0,3.295836866004329
öbür,öbür,ADJ,ADJ,,,,,True,6,0,1.9459101490553132
sil,sil,VERB,VERB,,,,,True,4,0,1.6094379124341003
ci,ici,ADP,ADP,0.7311580784991505,0.8397979536897208,CCONJ,"ADP: 0.73, CCONJ: 0.27",True,21,0,3.091042453358316
çocuk,çocuklar,NOUN,NOUN,0.41886901196129345,1.5243676922345937,PRON,"NOUN: 0.42, PRON: 0.38, ADJ: 0.20",True,59,0,4.0943445622221
da,da,CCONJ,CCONJ,0.13730810580889885,1.6721173968196932,AUX,"AUX: 0.44, ADP: 0.38, CCONJ: 0.14",True,275,0,5.62040086571715
araba,arabanın,NOUN,NOUN,,,,,True,2,0,1.0986122886681098
ön,önüne,ADJ,ADJ,0.45739573711896436,1.2559973268911384,NOUN,"NOUN: 0.49, ADJ: 0.46, VERB: 0.06",True,36,0,3.6109179126442243
atla,atladılar,VERB,VERB,,,,,True,9,0,2.302585092994046
ve,ve,CCONJ,CCONJ,0.23925769350174309,2.411623002364367,NUM,"NUM: 0.34, CCONJ: 0.24, ADJ: 0.14, DET: 0.11, PRON: 0.09, PROPN: 0.06",True,359,0,5.886104031450156
birbiri,birbirleriyle,PRON,PRON,0.6383125076461561,1.5385441389140795,ADV,"PRON: 0.64, ADV: 0.21, PROPN: 0.07, NOUN: 0.05",True,20,0,3.044522437723423
itiş,itişip,VERB,VERB,,,,,True,1,0,0.6931471805599453
kakış,kakışmaya,VERB,VERB,,,,,False,0,0,0.0
başla,başladılar,VERB,VERB,0.7003594242233127,0.880851097931121,CCONJ,"VERB: 0.70, CCONJ: 0.30",True,83,0,4.430816798843313
.,.,PUNCT,PUNCT,,,,,True,3283,0,8.096817470572319
sürücü,Sürücü,NOUN,NOUN,,,,,False,0,0,0.0
:,:,PUNCT,PUNCT,,,,,True,127,0,4.852030263919617
ne,Ne,PRON,PRON,0.657373909218341,1.5595369645973152,PROPN,"PRON: 0.66, PROPN: 0.14, ADV: 0.11, NOUN: 0.06",True,98,0,4.59511985013459
itiş,itişip,VERB,VERB,,,,,True,1,0,0.6931471805599453
dur,duruyorsunuz,VERB,VERB,1.0,0.0,,VERB: 1.00,True,27,0,3.332204510175204
?,?,PUNCT,PUNCT,,,,,True,125,0,4.836281906951478
araba,Arabanın,NOUN,NOUN,,,,,True,2,0,1.0986122886681098
alt,altına,ADJ,ADJ,0.5754490403850242,1.2043036029571808,NOUN,"ADJ: 0.58, NOUN: 0.37",True,18,0,2.9444389791664403
gir,girip,VERB,VERB,1.0,0.0,,VERB: 1.00,True,63,0,4.1588830833596715
geber,gebereceksiniz,VERB,VERB,,,,,True,1,0,0.6931471805599453
.,.,PUNCT,PUNCT,,,,,True,3283,0,8.096817470572319
sonra,Sonra,ADV,ADV,0.30381655368036,1.5872488856701816,PRON,"PRON: 0.54, ADV: 0.30, PROPN: 0.11",True,39,0,3.6888794541139363
da,da,CCONJ,CCONJ,0.13730810580889885,1.6721173968196932,AUX,"AUX: 0.44, ADP: 0.38, CCONJ: 0.14",True,275,0,5.62040086571715
adam,adamdan,NOUN,NOUN,0.48168004535673414,1.5142431721146627,PROPN,"NOUN: 0.48, PROPN: 0.28, ADJ: 0.24",True,41,0,3.7376696182833684
say,sayılıp,VERB,VERB,1.0,0.0,,VERB: 1.00,True,20,0,3.044522437723423
baş,başımıza,ADV,ADV,,,,,True,1,0,0.6931471805599453
bela,bela,NOUN,NOUN,,,,,True,1,0,0.6931471805599453
ol,olacaksınız,VERB,VERB,1.0,0.0,,VERB: 1.00,True,603,0,6.403574197934815
!,!,PUNCT,PUNCT,,,,,True,39,0,3.6888794541139363
diye,diye,ADP,ADP,0.26515728248607623,2.352927457262911,AUX,"AUX: 0.34, ADP: 0.27, PRON: 0.15, CCONJ: 0.13",True,107,0,4.68213122712422
bağır,bağırdı,VERB,VERB,,,,,True,7,0,2.0794415416798357
.,.,PUNCT,PUNCT,,,,,True,3283,0,8.096817470572319
Memo,Memo,PROPN,PROPN,,,,,False,0,0,0.0
bir,bir,NUM,NUM,0.3916735022215744,1.8552050660223744,DET,"DET: 0.40, NUM: 0.39, ADJ: 0.09, PROPN: 0.06, NOUN: 0.06",True,170,0,5.14166355650266
",",",",PUNCT,PUNCT,,,,,True,2285,0,7.734558844354756
iki,iki,NUM,NUM,0.27698505514822225,1.5675874170394526,DET,"DET: 0.55, NUM: 0.28, ADJ: 0.13",True,83,0,4.430816798843313
dirsek,dirsek,NOUN,NOUN,,,,,True,1,0,0.6931471805599453
ve,ve,CCONJ,CCONJ,0.23925769350174309,2.411623002364367,NUM,"NUM: 0.34, CCONJ: 0.24, ADJ: 0.14, DET: 0.11, PRON: 0.09, PROPN: 0.06",True,359,0,5.886104031450156
yumruk,yumruk,ADJ,ADJ,,,,,True,2,0,1.0986122886681098
darbe,darbesiyle,NOUN,NOUN,,,,,True,2,0,1.0986122886681098
öbür,öbür,ADJ,ADJ,,,,,True,6,0,1.9459101490553132
çocuk,çocukları,NOUN,NOUN,0.41886901196129345,1.5243676922345937,PRON,"NOUN: 0.42, PRON: 0.38, ADJ: 0.20",True,59,0,4.0943445622221
uzaklaş,uzaklaştırdı,VERB,VERB,,,,,True,1,0,0.6931471805599453
.,.,PUNCT,PUNCT,,,,,True,3283,0,8.096817470572319
Mersedes,Mersedes,PROPN,PROPN,,,,,False,0,0,0.0
bul,buldum,VERB,VERB,1.0,0.0,,VERB: 1.00,True,56,0,4.04305126783455
mi,mu,AUX,AUX,0.49179730733219285,1.8739792138931677,CCONJ,"AUX: 0.49, CCONJ: 0.24, ADP: 0.18, ADV: 0.05",True,112,0,4.727387818712341
bırak,bırakmam,VERB,VERB,1.0,0.0,,VERB: 1.00,True,32,0,3.4965075614664802
abi,abi,NOUN,NOUN,,,,,True,5,0,1.791759469228055
.,.,PUNCT,PUNCT,,,,,True,3283,0,8.096817470572319
ben,Ben,PRON,PRON,0.614767428544865,1.6599914502896118,ADV,"PRON: 0.61, ADV: 0.21, CCONJ: 0.08, PROPN: 0.06",True,310,0,5.739792912179234
uyduruk,uyduruk,ADJ,ADJ,,,,,True,1,0,0.6931471805599453
araba,araba,NOUN,NOUN,,,,,True,2,0,1.0986122886681098
sil,silmem,VERB,VERB,,,,,True,4,0,1.6094379124341003
!,!,PUNCT,PUNCT,,,,,True,39,0,3.6888794541139363
de,dedi,VERB,VERB,0.7089626585740004,0.8700574815901702,CCONJ,"VERB: 0.71, CCONJ: 0.29",True,295,0,5.69035945432406
sürücü,sürücüye,NOUN,NOUN,,,,,False,0,0,0.0
.,.,PUNCT,PUNCT,,,,,True,3283,0,8.096817470572319
sürücü,Sürücü,NOUN,NOUN,,,,,False,0,0,0.0
:,:,PUNCT,PUNCT,,,,,True,127,0,4.852030263919617
çok,Çok,ADJ,ADJ,0.11052386614726717,2.2021956458728464,DET,"DET: 0.40, NUM: 0.29, ADJ: 0.11, ADV: 0.07, CCONJ: 0.07",True,38,0,3.6635616461296463
tip,tip,NOUN,NOUN,,,,,True,5,0,1.791759469228055
bir,bir,DET,DET,0.49958184875865663,1.6482580173109218,NUM,"DET: 0.50, NUM: 0.30, ADJ: 0.15",True,616,0,6.424869023905388
oğlan,oğlan,NOUN,NOUN,,,,,True,8,0,2.1972245773362196
",",",",PUNCT,PUNCT,,,,,True,2285,0,7.734558844354756
diye,diye,ADP,ADP,0.26515728248607623,2.352927457262911,AUX,"AUX: 0.34, ADP: 0.27, PRON: 0.15, CCONJ: 0.13",True,107,0,4.68213122712422
yan,yanında,ADJ,ADJ,0.22369130935054335,0.7668506751450528,NOUN,"NOUN: 0.78, ADJ: 0.22",True,60,0,4.110873864173311
ki,ki,ADP,ADP,0.352272282719127,2.181690690995641,AUX,"ADP: 0.35, AUX: 0.28, CCONJ: 0.23, NUM: 0.08",True,217,0,5.384495062789089
bayan,bayana,NOUN,NOUN,,,,,True,1,0,0.6931471805599453
dön,döndü,VERB,VERB,1.0,0.0,,VERB: 1.00,True,37,0,3.6375861597263857
gül,gülerek,VERB,VERB,,,,,True,7,0,2.0794415416798357
.,.,PUNCT,PUNCT,,,,,True,3283,0,8.096817470572319
Memo,Memo,PROPN,PROPN,,,,,False,0,0,0.0
sürücü,sürücünün,NOUN,NOUN,,,,,False,0,0,0.0
hoşgörü,hoşgörüsünden,NOUN,NOUN,,,,,True,4,0,1.6094379124341003
yüz,yüz,NOUN,NUM,0.4177442495739065,0.9803883989493742,ADJ,"ADJ: 0.58, NOUN: 0.42",True,30,1,3.4339872044851463
bul,bularak,VERB,VERB,1.0,0.0,,VERB: 1.00,True,56,0,4.04305126783455
hafif,hafif,ADJ,ADJ,,,,,True,7,0,2.0794415416798357
ce,çe,ADP,ADP,,,,,True,32,0,3.4965075614664802
şımar,şımarmıştı,VERB,VERB,,,,,False,0,0,0.0
.,.,PUNCT,PUNCT,,,,,True,3283,0,8.096817470572319
sürücü,Sürücü,NOUN,NOUN,,,,,False,0,0,0.0
o,onun,PRON,PRON,0.5961784524857141,1.6538184960634559,ADV,"PRON: 0.60, ADV: 0.24, CCONJ: 0.07, PROPN: 0.05",True,264,0,5.579729825986222
kafa,kafasını,NOUN,NOUN,0.11312777865829834,1.7506345330582818,PRON,"PRON: 0.60, ADV: 0.14, NOUN: 0.11, PROPN: 0.10, ADJ: 0.05",True,15,0,2.772588722239781
okşa,okşayarak,VERB,VERB,,,,,True,4,0,1.6094379124341003
:,:,PUNCT,PUNCT,,,,,True,127,0,4.852030263919617
ulan,Ulan,INTJ,VERB,,,,,True,1,1,0.6931471805599453
ufaklık,ufaklık,NOUN,NOUN,,,,,True,5,0,1.791759469228055
",",",",PUNCT,PUNCT,,,,,True,2285,0,7.734558844354756
sen,sen,PRON,PRON,0.5975153654339292,1.4960517331359373,ADV,"PRON: 0.60, ADV: 0.28, PROPN: 0.06",True,96,0,4.574710978503383
şeytan,şeytanın,NOUN,NOUN,,,,,True,1,0,0.6931471805599453
sağ,sağ,ADJ,ADJ,,,,,True,10,0,2.3978952727983707
bacak,bacağı,NOUN,NOUN,,,,,True,4,0,1.6094379124341003
i,sın,AUX,AUX,0.47697018772995686,1.861138213598426,ADP,"AUX: 0.48, ADP: 0.26, CCONJ: 0.18, PROPN: 0.06",True,546,0,6.304448802421981
vallahi,vallahi,ADV,ADV,,,,,False,0,0,0.0
!,!,PUNCT,PUNCT,,,,,True,39,0,3.6888794541139363
sen,Seni,PRON,PRON,0.5975153654339292,1.4960517331359373,ADV,"PRON: 0.60, ADV: 0.28, PROPN: 0.06",True,96,0,4.574710978503383
sev,sevdim,VERB,VERB,1.0,0.0,,VERB: 1.00,True,44,0,3.8066624897703196
bil,biliyor,VERB,VERB,0.6930942464089043,1.0036086273143747,CCONJ,"VERB: 0.69, CCONJ: 0.28",True,101,0,4.624972813284271
mi,musun,AUX,AUX,0.49179730733219285,1.8739792138931677,CCONJ,"AUX: 0.49, CCONJ: 0.24, ADP: 0.18, ADV: 0.05",True,112,0,4.727387818712341
?,?,PUNCT,PUNCT,,,,,True,125,0,4.836281906951478
al,Al,VERB,VERB,1.0,0.0,,VERB: 1.00,True,169,0,5.135798437050262
bak,bakalım,VERB,VERB,1.0,0.0,,VERB: 1.00,True,85,0,4.454347296253507
bahşiş,bahşişini,NOUN,NOUN,,,,,False,0,0,0.0
",",",",PUNCT,PUNCT,,,,,True,2285,0,7.734558844354756
yine,yine,ADV,ADV,0.23735574991736438,1.9589772928384734,PRON,"PRON: 0.42, ADV: 0.24, CCONJ: 0.22, PROPN: 0.10",True,19,0,2.995732273553991
görüş,görüşürüz,VERB,VERB,1.0,0.0,,VERB: 1.00,True,12,0,2.5649493574615367
!,!,PUNCT,PUNCT,,,,,True,39,0,3.6888794541139363
de,dedi,VERB,VERB,0.7089626585740004,0.8700574815901702,CCONJ,"VERB: 0.71, CCONJ: 0.29",True,295,0,5.69035945432406
.,.,PUNCT,PUNCT,,,,,True,3283,0,8.096817470572319
araba,Araba,NOUN,NOUN,,,,,True,2,0,1.0986122886681098
hız,hızla,NOUN,ADV,,,,,True,4,1,1.6094379124341003
hareket,hareket,NOUN,NOUN,0.46389258541889833,1.4825736885831595,ADJ,"NOUN: 0.46, ADJ: 0.36, VERB: 0.17",True,14,0,2.70805020110221
et,etti,VERB,VERB,0.021423477839648417,2.0747581498935594,AUX,"AUX: 0.33, ADP: 0.33, CCONJ: 0.23",True,260,0,5.564520407322694
.,.,PUNCT,PUNCT,,,,,True,3283,0,8.096817470572319
Memo,Memo,PROPN,PROPN,,,,,False,0,0,0.0
el,elinde,NOUN,NOUN,0.685323078074829,0.8984985975836332,ADJ,"NOUN: 0.69, ADJ: 0.31",True,81,0,4.406719247264253
ki,ki,ADP,ADP,0.352272282719127,2.181690690995641,AUX,"ADP: 0.35, AUX: 0.28, CCONJ: 0.23, NUM: 0.08",True,217,0,5.384495062789089
yüz,yüz,NUM,NUM,0.7460524783246977,0.817475056293391,NOUN,"NUM: 0.75, NOUN: 0.25",True,36,0,3.6109179126442243
bin,bin,NUM,NUM,0.9754567681468136,0.1662405167880201,NOUN,NUM: 0.98,True,25,0,3.258096538021482
lira,liraya,NOUN,NOUN,0.1563501102209089,0.6255059145004597,NUM,"NUM: 0.84, NOUN: 0.16",True,15,0,2.772588722239781
şaşkınlık,şaşkınlıkla,NOUN,NOUN,,,,,True,1,0,0.6931471805599453
bak,bakıyordu,VERB,VERB,1.0,0.0,,VERB: 1.00,True,85,0,4.454347296253507
.,.,PUNCT,PUNCT,,,,,True,3283,0,8.096817470572319
çocuk,Çocuklar,NOUN,NOUN,0.41886901196129345,1.5243676922345937,PRON,"NOUN: 0.42, PRON: 0.38, ADJ: 0.20",True,59,0,4.0943445622221
bas,basına,NOUN,NOUN,,,,,False,0,0,0.0
üşüş,üşüştüler,VERB,VERB,,,,,False,0,0,0.0
para,parayı,NOUN,NOUN,0.23514448544243344,1.7957240914597472,PRON,"PRON: 0.48, NOUN: 0.24, PROPN: 0.15, ADJ: 0.13",True,27,0,3.332204510175204
gör,gören,VERB,VERB,1.0,0.0,,VERB: 1.00,True,81,0,4.406719247264253
bağır,bağırıyordu,VERB,VERB,,,,,True,7,0,2.0794415416798357
:,:,PUNCT,PUNCT,,,,,True,127,0,4.852030263919617
vay,Vay,INTJ,INTJ,,,,,True,1,0,0.6931471805599453
ana,anam,ADJ,NOUN,0.14175382169670167,1.9379249598637027,DET,"DET: 0.51, NUM: 0.18, ADJ: 0.14, PROPN: 0.08, NOUN: 0.08",True,11,1,2.4849066497880004
vay,vay,INTJ,NOUN,,,,,True,1,1,0.6931471805599453
!,!,PUNCT,PUNCT,,,,,True,39,0,3.6888794541139363
...,...,PUNCT,PUNCT,,,,,True,91,0,4.5217885770490405
yüz,Yüz,NUM,NUM,0.7460524783246977,0.817475056293391,NOUN,"NUM: 0.75, NOUN: 0.25",True,36,0,3.6109179126442243
bin,bin,NUM,NUM,0.9754567681468136,0.1662405167880201,NOUN,NUM: 0.98,True,25,0,3.258096538021482
kağıt,kağıt,ADJ,ADJ,,,,,True,4,0,1.6094379124341003
ver,vermiş,VERB,VERB,1.0,0.0,,VERB: 1.00,True,138,0,4.9344739331306915
!,!,PUNCT,PUNCT,,,,,True,39,0,3.6888794541139363
...,...,PUNCT,PUNCT,,,,,True,91,0,4.5217885770490405
Memo,Memo,PROPN,PROPN,,,,,False,0,0,0.0
keyif,keyifle,NOUN,ADV,,,,,True,3,1,1.3862943611198906
bağır,bağırdı,VERB,VERB,,,,,True,7,0,2.0794415416798357
:,:,PUNCT,PUNCT,,,,,True,127,0,4.852030263919617
ben,Ben,PRON,PRON,0.614767428544865,1.6599914502896118,ADV,"PRON: 0.61, ADV: 0.21, CCONJ: 0.08, PROPN: 0.06",True,310,0,5.739792912179234
iş,iş,NOUN,ADV,0.46442635400175103,1.4429440308933483,PRON,"NOUN: 0.46, PRON: 0.39, ADJ: 0.14",True,70,1,4.2626798770413155
diye,diye,ADP,ADP,0.26515728248607623,2.352927457262911,AUX,"AUX: 0.34, ADP: 0.27, PRON: 0.15, CCONJ: 0.13",True,107,0,4.68213122712422
bu,buna,PRON,PRON,0.7006788109102466,1.3923524752663319,ADV,"PRON: 0.70, ADV: 0.14, CCONJ: 0.09, NOUN: 0.05",True,171,0,5.147494476813453
de,derim,VERB,VERB,0.7089626585740004,0.8700574815901702,CCONJ,"VERB: 0.71, CCONJ: 0.29",True,295,0,5.69035945432406
is,iste,NOUN,VERB,,,,,False,0,1,0.0
!,!,PUNCT,PUNCT,,,,,True,39,0,3.6888794541139363
...,...,PUNCT,PUNCT,,,,,True,91,0,4.5217885770490405
çocuk,Çocuklar,NOUN,NOUN,0.41886901196129345,1.5243676922345937,PRON,"NOUN: 0.42, PRON: 0.38, ADJ: 0.20",True,59,0,4.0943445622221
mızıklan,mızıklanmaya,VERB,VERB,,,,,False,0,0,0.0
başla,başlamışlardı,VERB,VERB,0.7003594242233127,0.880851097931121,CCONJ,"VERB: 0.70, CCONJ: 0.30",True,83,0,4.430816798843313
.,.,PUNCT,PUNCT,,,,,True,3283,0,8.096817470572319
yarın,Yarın,NOUN,NOUN,,,,,True,7,0,2.0794415416798357
o,o,DET,DET,0.6447660992254824,1.4376147671166477,NUM,"DET: 0.64, NUM: 0.18, ADJ: 0.13",True,113,0,4.736198448394496
araba,araba,NOUN,NOUN,,,,,True,2,0,1.0986122886681098
ben,ben,PRON,PRON,0.614767428544865,1.6599914502896118,ADV,"PRON: 0.61, ADV: 0.21, CCONJ: 0.08, PROPN: 0.06",True,310,0,5.739792912179234
i,im,AUX,AUX,0.47697018772995686,1.861138213598426,ADP,"AUX: 0.48, ADP: 0.26, CCONJ: 0.18, PROPN: 0.06",True,546,0,6.304448802421981
!,!,PUNCT,PUNCT,,,,,True,39,0,3.6888794541139363
.,.,PUNCT,PUNCT,,,,,True,3283,0,8.096817470572319
de,dedi,VERB,VERB,0.7089626585740004,0.8700574815901702,CCONJ,"VERB: 0.71, CCONJ: 0.29",True,295,0,5.69035945432406
",",",",PUNCT,PUNCT,,,,,True,2285,0,7.734558844354756
bir,biri,NUM,PRON,0.3916735022215744,1.8552050660223744,DET,"DET: 0.40, NUM: 0.39, ADJ: 0.09, PROPN: 0.06, NOUN: 0.06",True,170,1,5.14166355650266
Memo,Memo'ya,PROPN,PROPN,,,,,False,0,0,0.0
bak,bakarak,VERB,VERB,1.0,0.0,,VERB: 1.00,True,85,0,4.454347296253507
.,.,PUNCT,PUNCT,,,,,True,3283,0,8.096817470572319
biz,Bize,PRON,PRON,0.5140713310358356,1.872132039681025,ADV,"PRON: 0.51, ADV: 0.19, CCONJ: 0.17, PROPN: 0.06, NOUN: 0.05",True,86,0,4.465908118654584
on,on,NUM,NUM,0.6219187351173523,1.783965877110234,PROPN,"NUM: 0.62, PROPN: 0.10, DET: 0.10, ADJ: 0.08, CCONJ: 0.07",True,21,0,3.091042453358316
bin,bin,NUM,NUM,0.9754567681468136,0.1662405167880201,NOUN,NUM: 0.98,True,25,0,3.258096538021482
lira,lira,NOUN,NOUN,0.1563501102209089,0.6255059145004597,NUM,"NUM: 0.84, NOUN: 0.16",True,15,0,2.772588722239781
bile,bile,ADV,ADV,0.0,1.3965541340455074,ADP,"ADP: 0.56, CCONJ: 0.36",True,36,0,3.6109179126442243
ver,vermiyorlar,VERB,VERB,1.0,0.0,,VERB: 1.00,True,138,0,4.9344739331306915
.,.,PUNCT,PUNCT,,,,,True,3283,0,8.096817470572319
yağma,Yağma,NOUN,NOUN,,,,,False,0,0,0.0
yok,yok,ADJ,ADJ,0.19004932758774726,1.3228686251346322,VERB,"VERB: 0.63, ADJ: 0.19, ADV: 0.18",True,51,0,3.9512437185814275
diye,diye,ADP,ADP,0.26515728248607623,2.352927457262911,AUX,"AUX: 0.34, ADP: 0.27, PRON: 0.15, CCONJ: 0.13",True,107,0,4.68213122712422
diklen,diklendi,VERB,VERB,,,,,False,0,0,0.0
Memo,Memo,PROPN,PROPN,,,,,False,0,0,0.0
",",",",PUNCT,PUNCT,,,,,True,2285,0,7.734558844354756
hep,hepiniz,PRON,PRON,,,,,True,4,0,1.6094379124341003
hava,havanızı,NOUN,NOUN,0.29029750329497095,1.9737188215195793,PRON,"PRON: 0.30, NOUN: 0.29, ADJ: 0.21, PROPN: 0.19",True,17,0,2.8903717578961645
al,?,VERB,VERB,1.0,0.0,,VERB: 1.00,True,169,0,5.135798437050262
i,lırsınız,AUX,AUX,0.47697018772995686,1.861138213598426,ADP,"AUX: 0.48, ADP: 0.26, CCONJ: 0.18, PROPN: 0.06",True,546,0,6.304448802421981
.,.,PUNCT,PUNCT,,,,,True,3283,0,8.096817470572319
yanaş,Yanaşan,VERB,VERB,,,,,True,1,0,0.6931471805599453
_,ı,ADP,ADP,,,,,True,70,0,4.2626798770413155
hak,haklar,NOUN,NOUN,0.7806780603786757,0.7589274505193416,ADJ,"NOUN: 0.78, ADJ: 0.22",True,19,0,2.995732273553991
i,ım,AUX,AUX,0.47697018772995686,1.861138213598426,ADP,"AUX: 0.48, ADP: 0.26, CCONJ: 0.18, PROPN: 0.06",True,546,0,6.304448802421981
anla,anladınız,VERB,VERB,1.0,0.0,,VERB: 1.00,True,44,0,3.8066624897703196
mi,mı,AUX,AUX,0.49179730733219285,1.8739792138931677,CCONJ,"AUX: 0.49, CCONJ: 0.24, ADP: 0.18, ADV: 0.05",True,112,0,4.727387818712341
?,?,PUNCT,PUNCT,,,,,True,125,0,4.836281906951478
silis,Silisimi,NOUN,NOUN,,,,,False,0,0,0.0
beğen,beğendiği,VERB,VERB,1.0,0.0,,VERB: 1.00,True,11,0,2.4849066497880004
için,için,ADP,ADP,0.4371344784042817,1.7284041476856495,AUX,"ADP: 0.44, AUX: 0.27, CCONJ: 0.25",True,159,0,5.075173815233827
yüz,yüz,NUM,NUM,0.7460524783246977,0.817475056293391,NOUN,"NUM: 0.75, NOUN: 0.25",True,36,0,3.6109179126442243
bin,bin,NUM,NUM,0.9754567681468136,0.1662405167880201,NOUN,NUM: 0.98,True,25,0,3.258096538021482
lira,lira,NOUN,NOUN,0.1563501102209089,0.6255059145004597,NUM,"NUM: 0.84, NOUN: 0.16",True,15,0,2.772588722239781
ver,verdi,VERB,VERB,1.0,0.0,,VERB: 1.00,True,138,0,4.9344739331306915
",",",",PUNCT,PUNCT,,,,,True,2285,0,7.734558844354756
hem,hem,ADV,ADV,,,,,True,4,0,1.6094379124341003
yine,yine,ADV,ADV,0.23735574991736438,1.9589772928384734,PRON,"PRON: 0.42, ADV: 0.24, CCONJ: 0.22, PROPN: 0.10",True,19,0,2.995732273553991
görüş,görüşürüz,VERB,VERB,1.0,0.0,,VERB: 1.00,True,12,0,2.5649493574615367
de,dedi,VERB,VERB,0.7089626585740004,0.8700574815901702,CCONJ,"VERB: 0.71, CCONJ: 0.29",True,295,0,5.69035945432406
.,.,PUNCT,PUNCT,,,,,True,3283,0,8.096817470572319
gör,Görürüz,VERB,VERB,1.0,0.0,,VERB: 1.00,True,81,0,4.406719247264253
bak,bakalım,VERB,VERB,1.0,0.0,,VERB: 1.00,True,85,0,4.454347296253507
",",",",PUNCT,PUNCT,,,,,True,2285,0,7.734558844354756
yarın,yarın,NOUN,NOUN,,,,,True,7,0,2.0794415416798357
o,o,DET,DET,0.6447660992254824,1.4376147671166477,NUM,"DET: 0.64, NUM: 0.18, ADJ: 0.13",True,113,0,4.736198448394496
araba,arabayı,NOUN,NOUN,,,,,True,2,0,1.0986122886681098
kim,kim,PRON,PRON,0.5973445626800743,1.7438346441668269,ADV,"PRON: 0.60, ADV: 0.14, NOUN: 0.11, PROPN: 0.09, ADJ: 0.05",True,12,0,2.5649493574615367
sil,silecek,VERB,VERB,,,,,True,4,0,1.6094379124341003
",",",",PUNCT,PUNCT,,,,,True,2285,0,7.734558844354756
diye,diye,ADP,ADP,0.26515728248607623,2.352927457262911,AUX,"AUX: 0.34, ADP: 0.27, PRON: 0.15, CCONJ: 0.13",True,107,0,4.68213122712422
tehdit,tehditler,NOUN,NOUN,,,,,True,5,0,1.791759469228055
savur,savurarak,VERB,VERB,,,,,True,2,0,1.0986122886681098
uzaklaş,uzaklaştı,VERB,VERB,,,,,True,1,0,0.6931471805599453
diğer,diğer,ADJ,ADJ,,,,,True,10,0,2.3978952727983707
silici,siliciler,NOUN,NOUN,,,,,False,0,0,0.0
.,.,PUNCT,PUNCT,,,,,True,3283,0,8.096817470572319
Memo,Memo,PROPN,PROPN,,,,,False,0,0,0.0
koş,koşarak,VERB,VERB,0.7157210183187309,1.1118797468105879,NOUN,"VERB: 0.72, NOUN: 0.20, ADJ: 0.09",True,17,0,2.8903717578961645
Melek,Melek'in,PROPN,PROPN,,,,,True,1,0,0.6931471805599453
yan,yanına,ADJ,ADJ,0.22369130935054335,0.7668506751450528,NOUN,"NOUN: 0.78, ADJ: 0.22",True,60,0,4.110873864173311
gel,geldi,VERB,VERB,1.0,0.0,,VERB: 1.00,True,166,0,5.117993812416755
.,.,PUNCT,PUNCT,,,,,True,3283,0,8.096817470572319
göz,Gözünü,NOUN,NOUN,0.48581680668839844,1.5108829755725355,PROPN,"NOUN: 0.49, PROPN: 0.28, ADJ: 0.24",True,49,0,3.912023005428146
kapa,kapa,VERB,VERB,1.0,0.0,,VERB: 1.00,True,31,0,3.4657359027997265
Melek,Melek,PROPN,PROPN,,,,,True,1,0,0.6931471805599453
!,!,PUNCT,PUNCT,,,,,True,39,0,3.6888794541139363
.,.,PUNCT,PUNCT,,,,,True,3283,0,8.096817470572319
kapa,Kapat,VERB,VERB,1.0,0.0,,VERB: 1.00,True,31,0,3.4657359027997265
",",",",PUNCT,PUNCT,,,,,True,2285,0,7.734558844354756
ben,ben,PRON,PRON,0.614767428544865,1.6599914502896118,ADV,"PRON: 0.61, ADV: 0.21, CCONJ: 0.08, PROPN: 0.06",True,310,0,5.739792912179234
aç,aç,VERB,VERB,1.0,0.0,,VERB: 1.00,True,44,0,3.8066624897703196
dey,deyince,VERB,VERB,,,,,True,9,0,2.302585092994046
aç,açacaksın,VERB,VERB,1.0,0.0,,VERB: 1.00,True,44,0,3.8066624897703196
.,.,PUNCT,PUNCT,,,,,True,3283,0,8.096817470572319
tamam,Tamam,ADJ,ADJ,0.23324808690765333,1.6069120417133527,PRON,"PRON: 0.52, ADJ: 0.23, NOUN: 0.22",True,12,0,2.5649493574615367
kapa,kapattım,VERB,VERB,1.0,0.0,,VERB: 1.00,True,31,0,3.4657359027997265
.,.,PUNCT,PUNCT,,,,,True,3283,0,8.096817470572319
aman,Aman,INTJ,INTJ,,,,,False,0,0,0.0
allah,Allahım,NOUN,NOUN,,,,,True,1,0,0.6931471805599453
yüz,yüz,NUM,NUM,0.7460524783246977,0.817475056293391,NOUN,"NUM: 0.75, NOUN: 0.25",True,36,0,3.6109179126442243
bin,bin,NUM,NUM,0.9754567681468136,0.1662405167880201,NOUN,NUM: 0.98,True,25,0,3.258096538021482
lira,lira,NOUN,NOUN,0.1563501102209089,0.6255059145004597,NUM,"NUM: 0.84, NOUN: 0.16",True,15,0,2.772588722239781
!,!,PUNCT,PUNCT,,,,,True,39,0,3.6888794541139363
diye,diye,ADP,ADP,0.26515728248607623,2.352927457262911,AUX,"AUX: 0.34, ADP: 0.27, PRON: 0.15, CCONJ: 0.13",True,107,0,4.68213122712422
hayret,hayretle,NOUN,NOUN,,,,,True,1,0,0.6931471805599453
bağır,bağırdı,VERB,VERB,,,,,True,7,0,2.0794415416798357
Melek,Melek,PROPN,PROPN,,,,,True,1,0,0.6931471805599453
.,.,PUNCT,PUNCT,,,,,True,3283,0,8.096817470572319
Memo,Memo,PROPN,PROPN,,,,,False,0,0,0.0
boz,bozuldu,VERB,VERB,,,,,True,9,0,2.302585092994046
",",",",PUNCT,PUNCT,,,,,True,2285,0,7.734558844354756
ağız,Ağzını,NOUN,NOUN,0.23400866790892572,1.7911424434232268,PRON,"PRON: 0.48, NOUN: 0.23, PROPN: 0.15, ADJ: 0.13",True,17,0,2.8903717578961645
topla,topla,VERB,VERB,,,,,True,9,0,2.302585092994046
",",",",PUNCT,PUNCT,,,,,True,2285,0,7.734558844354756
ben,ben,PRON,PRON,0.614767428544865,1.6599914502896118,ADV,"PRON: 0.61, ADV: 0.21, CCONJ: 0.08, PROPN: 0.06",True,310,0,5.739792912179234
hırsız,hırsız,ADJ,ADJ,,,,,False,0,0,0.0
mi,mıyım,AUX,AUX,0.49179730733219285,1.8739792138931677,CCONJ,"AUX: 0.49, CCONJ: 0.24, ADP: 0.18, ADV: 0.05",True,112,0,4.727387818712341
?,?,PUNCT,PUNCT,,,,,True,125,0,4.836281906951478
.,.,PUNCT,PUNCT,,,,,True,3283,0,8.096817470572319
Melek,Melek,PROPN,PROPN,,,,,True,1,0,0.6931471805599453
üstele,üsteledi,VERB,VERB,,,,,True,1,0,0.6931471805599453
",",",",PUNCT,PUNCT,,,,,True,2285,0,7.734558844354756
nere,Nerden,PRON,PRON,0.5735438291128842,1.611292883227183,ADV,"PRON: 0.57, ADV: 0.19, NOUN: 0.17, ADJ: 0.07",True,19,0,2.995732273553991
bul,buldun,VERB,VERB,1.0,0.0,,VERB: 1.00,True,56,0,4.04305126783455
öyle,öyle,ADJ,ADJ,,,,,True,9,0,2.302585092994046
i,yse,AUX,AUX,0.47697018772995686,1.861138213598426,ADP,"AUX: 0.48, ADP: 0.26, CCONJ: 0.18, PROPN: 0.06",True,546,0,6.304448802421981
?,?,PUNCT,PUNCT,,,,,True,125,0,4.836281906951478
Memo,Memo,PROPN,PROPN,,,,,False,0,0,0.0
:,:,PUNCT,PUNCT,,,,,True,127,0,4.852030263919617
kazan,Kazandım,VERB,VERB,1.0,0.0,,VERB: 1.00,True,11,0,2.4849066497880004
de,dedi,VERB,VERB,0.7089626585740004,0.8700574815901702,CCONJ,"VERB: 0.71, CCONJ: 0.29",True,295,0,5.69035945432406
kas,kasılarak,VERB,VERB,,,,,False,0,0,0.0
.,.,PUNCT,PUNCT,,,,,True,3283,0,8.096817470572319
Mersedes,Mersedes,PROPN,PROPN,,,,,False,0,0,0.0
li,'li,ADP,ADP,0.2797323618856777,2.3836488217196035,AUX,"AUX: 0.30, ADP: 0.28, CCONJ: 0.23, NUM: 0.08",True,182,0,5.209486152841421
_,den,ADP,ADP,,,,,True,70,0,4.2626798770413155
kazan,kazandım,VERB,VERB,1.0,0.0,,VERB: 1.00,True,11,0,2.4849066497880004
...,...,PUNCT,PUNCT,,,,,True,91,0,4.5217885770490405
kıskan,kıskandın,VERB,VERB,,,,,False,0,0,0.0
tabi,tabi,INTJ,INTJ,,,,,True,5,0,1.791759469228055
.,.,PUNCT,PUNCT,,,,,True,3283,0,8.096817470572319
hiç,Hiç,ADV,ADV,0.14829755248371262,1.3987334442647599,PRON,"PRON: 0.70, ADV: 0.15, PROPN: 0.06",True,45,0,3.828641396489095
bir,bir,NUM,NUM,0.3916735022215744,1.8552050660223744,DET,"DET: 0.40, NUM: 0.39, ADJ: 0.09, PROPN: 0.06, NOUN: 0.06",True,170,0,5.14166355650266
şey,şey,NOUN,NOUN,0.7797490937613291,0.7606253858126094,ADJ,"NOUN: 0.78, ADJ: 0.22",True,102,0,4.634728988229636
sat,satamamışsın,VERB,VERB,1.0,0.0,,VERB: 1.00,True,12,0,2.5649493574615367
.,.,PUNCT,PUNCT,,,,,True,3283,0,8.096817470572319
kalem,Kalemlerin,NOUN,NOUN,,,,,True,7,0,2.0794415416798357
de,de,CCONJ,CCONJ,0.13783772654910434,1.6723904656042283,AUX,"AUX: 0.44, ADP: 0.38, CCONJ: 0.14",True,326,0,5.7899601708972535
flaster,flasterlerin,NOUN,NOUN,,,,,False,0,0,0.0
de,de,CCONJ,CCONJ,0.13783772654910434,1.6723904656042283,AUX,"AUX: 0.44, ADP: 0.38, CCONJ: 0.14",True,326,0,5.7899601708972535
dur,duruyor,VERB,VERB,1.0,0.0,,VERB: 1.00,True,27,0,3.332204510175204
.,.,PUNCT,PUNCT,,,,,True,3283,0,8.096817470572319
şımar,Şımarma,VERB,VERB,,,,,False,0,0,0.0
hemen,hemen,ADV,ADV,0.2792013661719707,1.4958619337206507,PRON,"PRON: 0.58, ADV: 0.28, PROPN: 0.10",True,17,0,2.8903717578961645
.,.,PUNCT,PUNCT,,,,,True,3283,0,8.096817470572319
iyi,İyi,ADJ,ADJ,0.03291619485831978,1.0997597953020077,PRON,"PRON: 0.75, ADV: 0.18",True,58,0,4.07753744390572
ki,ki,CCONJ,CCONJ,0.1806152397797589,1.9747454841180783,AUX,"AUX: 0.51, CCONJ: 0.18, ADP: 0.18, ADV: 0.07",True,81,0,4.406719247264253
kedi,kedi,NOUN,NOUN,,,,,True,1,0,0.6931471805599453
ol,olalı,VERB,VERB,1.0,0.0,,VERB: 1.00,True,603,0,6.403574197934815
bir,bir,NUM,NUM,0.3916735022215744,1.8552050660223744,DET,"DET: 0.40, NUM: 0.39, ADJ: 0.09, PROPN: 0.06, NOUN: 0.06",True,170,0,5.14166355650266
fare,fare,NOUN,NOUN,,,,,False,0,0,0.0
tut,tuttun,VERB,VERB,1.0,0.0,,VERB: 1.00,True,29,0,3.4011973816621555
",",",",PUNCT,PUNCT,,,,,True,2285,0,7.734558844354756
de,dedi,VERB,VERB,0.7089626585740004,0.8700574815901702,CCONJ,"VERB: 0.71, CCONJ: 0.29",True,295,0,5.69035945432406
Melek,Melek,PROPN,PROPN,,,,,True,1,0,0.6931471805599453
.,.,PUNCT,PUNCT,,,,,True,3283,0,8.096817470572319
Melek,Melek,PROPN,PROPN,,,,,True,1,0,0.6931471805599453
sen,sana,PRON,PRON,0.5975153654339292,1.4960517331359373,ADV,"PRON: 0.60, ADV: 0.28, PROPN: 0.06",True,96,0,4.574710978503383
bir,bir,DET,DET,0.49958184875865663,1.6482580173109218,NUM,"DET: 0.50, NUM: 0.30, ADJ: 0.15",True,616,0,6.424869023905388
döner,döner,ADJ,NOUN,,,,,False,0,1,0.0
ısmarla,ısmarlayayım,VERB,VERB,,,,,False,0,0,0.0
mi,mı,AUX,AUX,0.49179730733219285,1.8739792138931677,CCONJ,"AUX: 0.49, CCONJ: 0.24, ADP: 0.18, ADV: 0.05",True,112,0,4.727387818712341
?,?,PUNCT,PUNCT,,,,,True,125,0,4.836281906951478
.,.,PUNCT,PUNCT,,,,,True,3283,0,8.096817470572319
ben,Ben,PRON,PRON,0.614767428544865,1.6599914502896118,ADV,"PRON: 0.61, ADV: 0.21, CCONJ: 0.08, PROPN: 0.06",True,310,0,5.739792912179234
sen,senin,PRON,PRON,0.5975153654339292,1.4960517331359373,ADV,"PRON: 0.60, ADV: 0.28, PROPN: 0.06",True,96,0,4.574710978503383
gibi,gibi,ADP,ADP,0.36045769630430313,1.8400611893764562,AUX,"ADP: 0.36, AUX: 0.30, CCONJ: 0.28",True,145,0,4.983606621708336
pis,pis,ADJ,ADJ,,,,,True,1,0,0.6931471805599453
boğaz,boğaz,NOUN,NOUN,,,,,True,1,0,0.6931471805599453
değil,değilim,AUX,AUX,0.684685125302444,0.8992136021504445,VERB,"AUX: 0.68, VERB: 0.32",True,72,0,4.290459441148391
",",",",PUNCT,PUNCT,,,,,True,2285,0,7.734558844354756
koy,koy,VERB,VERB,1.0,0.0,,VERB: 1.00,True,23,0,3.1780538303479458
cep,cebine,NOUN,NOUN,,,,,True,4,0,1.6094379124341003
akşam,akşam,NOUN,NOUN,0.543237782580388,1.4254235433890245,PROPN,"NOUN: 0.54, PROPN: 0.29, ADJ: 0.16",True,13,0,2.6390573296152584
abi,abime,NOUN,NOUN,,,,,True,5,0,1.791759469228055
ver,verirsin,VERB,VERB,1.0,0.0,,VERB: 1.00,True,138,0,4.9344739331306915
.,.,PUNCT,PUNCT,,,,,True,3283,0,8.096817470572319
sevin,Sevinmez,VERB,VERB,,,,,True,10,0,2.3978952727983707
mi,mi,AUX,AUX,0.49179730733219285,1.8739792138931677,CCONJ,"AUX: 0.49, CCONJ: 0.24, ADP: 0.18, ADV: 0.05",True,112,0,4.727387818712341
?,?,PUNCT,PUNCT,,,,,True,125,0,4.836281906951478
gecekondu,Gecekondu,NOUN,NOUN,,,,,True,2,0,1.0986122886681098
yap,yapmak,VERB,VERB,1.0,0.0,,VERB: 1.00,True,209,0,5.3471075307174685
için,için,ADP,ADP,0.4371344784042817,1.7284041476856495,AUX,"ADP: 0.44, AUX: 0.27, CCONJ: 0.25",True,159,0,5.075173815233827
para,para,NOUN,NOUN,0.23514448544243344,1.7957240914597472,PRON,"PRON: 0.48, NOUN: 0.24, PROPN: 0.15, ADJ: 0.13",True,27,0,3.332204510175204
birik,biriktiriyor,VERB,VERB,,,,,True,5,0,1.791759469228055
.,.,PUNCT,PUNCT,,,,,True,3283,0,8.096817470572319
her,Her,DET,DET,0.5393270671644539,1.4044282159240997,NUM,"DET: 0.54, NUM: 0.36, ADJ: 0.09",True,91,0,4.5217885770490405
gün,gün,NOUN,NOUN,0.7766440096348868,0.7662482696838814,ADJ,"NOUN: 0.78, ADJ: 0.22",True,91,0,4.5217885770490405
kaç,kaç,ADJ,ADJ,,,,,True,6,0,1.9459101490553132
çuval,çuval,NOUN,NOUN,,,,,True,1,0,0.6931471805599453
kağıt,kağıt,ADJ,ADJ,,,,,True,4,0,1.6094379124341003
topla,topluyor,VERB,VERB,,,,,True,9,0,2.302585092994046
.,.,PUNCT,PUNCT,,,,,True,3283,0,8.096817470572319
yakın,Yakında,ADJ,ADJ,0.15381550000503325,2.1107736313294096,PRON,"PRON: 0.43, NOUN: 0.18, ADJ: 0.15, PROPN: 0.14, ADV: 0.10",True,20,0,3.044522437723423
sis,sise,NOUN,ADV,,,,,True,1,1,0.6931471805599453
is,isine,NOUN,ADJ,,,,,False,0,1,0.0
de,de,CCONJ,CCONJ,0.13783772654910434,1.6723904656042283,AUX,"AUX: 0.44, ADP: 0.38, CCONJ: 0.14",True,326,0,5.7899601708972535
gir,girecekmiş,VERB,VERB,1.0,0.0,,VERB: 1.00,True,63,0,4.1588830833596715
.,.,PUNCT,PUNCT,,,,,True,3283,0,8.096817470572319
Melek,Melek,PROPN,PROPN,,,,,True,1,0,0.6931471805599453
her,her,DET,DET,0.5393270671644539,1.4044282159240997,NUM,"DET: 0.54, NUM: 0.36, ADJ: 0.09",True,91,0,4.5217885770490405
gün,gün,NOUN,NOUN,0.7766440096348868,0.7662482696838814,ADJ,"NOUN: 0.78, ADJ: 0.22",True,91,0,4.5217885770490405
yüz,yüz,NUM,NUM,0.7460524783246977,0.817475056293391,NOUN,"NUM: 0.75, NOUN: 0.25",True,36,0,3.6109179126442243
bin,bin,NUM,NUM,0.9754567681468136,0.1662405167880201,NOUN,NUM: 0.98,True,25,0,3.258096538021482
lira,lira,NOUN,NOUN,0.1563501102209089,0.6255059145004597,NUM,"NUM: 0.84, NOUN: 0.16",True,15,0,2.772588722239781
kazan,kazansam,VERB,VERB,1.0,0.0,,VERB: 1.00,True,11,0,2.4849066497880004
",",",",PUNCT,PUNCT,,,,,True,2285,0,7.734558844354756
kış,kış,NOUN,NOUN,,,,,False,0,0,0.0
gel,gelen,VERB,VERB,1.0,0.0,,VERB: 1.00,True,166,0,5.117993812416755
_,e,ADP,ADP,,,,,True,70,0,4.2626798770413155
kadar,kadar,ADP,ADP,0.3692723596113412,1.6932259529300686,AUX,"AUX: 0.42, ADP: 0.37, CCONJ: 0.17",True,105,0,4.663439094112067
bir,bir,DET,DET,0.49958184875865663,1.6482580173109218,NUM,"DET: 0.50, NUM: 0.30, ADJ: 0.15",True,616,0,6.424869023905388
kon,kondu,VERB,VERB,,,,,True,8,0,2.1972245773362196
al,alabilir,VERB,VERB,1.0,0.0,,VERB: 1.00,True,169,0,5.135798437050262
mi,miyiz,AUX,AUX,0.49179730733219285,1.8739792138931677,CCONJ,"AUX: 0.49, CCONJ: 0.24, ADP: 0.18, ADV: 0.05",True,112,0,4.727387818712341
?,?,PUNCT,PUNCT,,,,,True,125,0,4.836281906951478
.,.,PUNCT,PUNCT,,,,,True,3283,0,8.096817470572319
her,Her,DET,DET,0.5393270671644539,1.4044282159240997,NUM,"DET: 0.54, NUM: 0.36, ADJ: 0.09",True,91,0,4.5217885770490405
gün,gün,NOUN,NOUN,0.7766440096348868,0.7662482696838814,ADJ,"NOUN: 0.78, ADJ: 0.22",True,91,0,4.5217885770490405
yüz,yüz,NUM,NUM,0.7460524783246977,0.817475056293391,NOUN,"NUM: 0.75, NOUN: 0.25",True,36,0,3.6109179126442243
bin,bin,NUM,NUM,0.9754567681468136,0.1662405167880201,NOUN,NUM: 0.98,True,25,0,3.258096538021482
mi,mi,AUX,AUX,0.49179730733219285,1.8739792138931677,CCONJ,"AUX: 0.49, CCONJ: 0.24, ADP: 0.18, ADV: 0.05",True,112,0,4.727387818712341
ver,verecekler,VERB,VERB,1.0,0.0,,VERB: 1.00,True,138,0,4.9344739331306915
sen,sana,PRON,PRON,0.5975153654339292,1.4960517331359373,ADV,"PRON: 0.60, ADV: 0.28, PROPN: 0.06",True,96,0,4.574710978503383
.,.,PUNCT,PUNCT,,,,,True,3283,0,8.096817470572319
her,Her,DET,DET,0.5393270671644539,1.4044282159240997,NUM,"DET: 0.54, NUM: 0.36, ADJ: 0.09",True,91,0,4.5217885770490405
gün,gün,NOUN,NOUN,0.7766440096348868,0.7662482696838814,ADJ,"NOUN: 0.78, ADJ: 0.22",True,91,0,4.5217885770490405
kırmızı,kırmızı,ADJ,ADJ,,,,,True,6,0,1.9459101490553132
Mersedes,Mersedesi,PROPN,PROPN,,,,,False,0,0,0.0
bekle,bekleyeceğim,VERB,VERB,0.7047743026417859,0.8753762910019542,CCONJ,"VERB: 0.70, CCONJ: 0.30",True,27,0,3.332204510175204
",",",",PUNCT,PUNCT,,,,,True,2285,0,7.734558844354756
de,dedi,VERB,VERB,0.7089626585740004,0.8700574815901702,CCONJ,"VERB: 0.71, CCONJ: 0.29",True,295,0,5.69035945432406
Memo,Memo,PROPN,PROPN,,,,,False,0,0,0.0
heyecan,heyecanla,ADV,ADV,,,,,False,0,0,0.0
.,.,PUNCT,PUNCT,,,,,True,3283,0,8.096817470572319
ama,Ama,CCONJ,CCONJ,0.26313102212215905,1.8047829885976687,PRON,"PRON: 0.46, CCONJ: 0.26, ADV: 0.22",True,139,0,4.941642422609304
öteki,öteki,NOUN,ADJ,,,,,True,8,1,2.1972245773362196
çocuk,çocuklar,NOUN,NOUN,0.41886901196129345,1.5243676922345937,PRON,"NOUN: 0.42, PRON: 0.38, ADJ: 0.20",True,59,0,4.0943445622221
da,da,CCONJ,CCONJ,0.13730810580889885,1.6721173968196932,AUX,"AUX: 0.44, ADP: 0.38, CCONJ: 0.14",True,275,0,5.62040086571715
Mersedes,Mersedes'in,PROPN,PROPN,,,,,False,0,0,0.0
baş,başına,NOUN,NOUN,0.1890902731140519,1.8430796248904169,PRON,"PRON: 0.46, ADJ: 0.21, NOUN: 0.19, PROPN: 0.15",True,54,0,4.007333185232471
üşüş,üşüşecekler,VERB,VERB,,,,,False,0,0,0.0
bil,biliyorum,VERB,VERB,0.6930942464089043,1.0036086273143747,CCONJ,"VERB: 0.69, CCONJ: 0.28",True,101,0,4.624972813284271
.,.,PUNCT,PUNCT,,,,,True,3283,0,8.096817470572319
yüz,Yüz,NUM,NUM,0.7460524783246977,0.817475056293391,NOUN,"NUM: 0.75, NOUN: 0.25",True,36,0,3.6109179126442243
bin,bini,NUM,NUM,0.9754567681468136,0.1662405167880201,NOUN,NUM: 0.98,True,25,0,3.258096538021482
gör,gördüler,VERB,VERB,1.0,0.0,,VERB: 1.00,True,81,0,4.406719247264253
ya,ya,INTJ,CCONJ,,,,,True,8,1,2.1972245773362196
!,!,PUNCT,PUNCT,,,,,True,39,0,3.6888794541139363
..,..,PUNCT,PUNCT,,,,,True,13,0,2.6390573296152584
göz,Gözleri,NOUN,NOUN,0.48581680668839844,1.5108829755725355,PROPN,"NOUN: 0.49, PROPN: 0.28, ADJ: 0.24",True,49,0,3.912023005428146
kal,kaldı,VERB,VERB,1.0,0.0,,VERB: 1.00,True,77,0,4.356708826689592
.,.,PUNCT,PUNCT,,,,,True,3283,0,8.096817470572319
hep,Hepinizi,PRON,PRON,,,,,True,4,0,1.6094379124341003
tek,tek,ADJ,ADJ,0.08443640996211106,1.3149620958284147,DET,"DET: 0.53, NUM: 0.38, ADJ: 0.08",True,31,0,3.4657359027997265
bas,basıma,NOUN,NOUN,,,,,False,0,0,0.0
hakla,haklarım,VERB,VERB,,,,,False,0,0,0.0
de,dedim,VERB,VERB,0.7089626585740004,0.8700574815901702,CCONJ,"VERB: 0.71, CCONJ: 0.29",True,295,0,5.69035945432406
.,.,PUNCT,PUNCT,,,,,True,3283,0,8.096817470572319
ama,Ama,CCONJ,CCONJ,0.26313102212215905,1.8047829885976687,PRON,"PRON: 0.46, CCONJ: 0.26, ADV: 0.22",True,139,0,4.941642422609304
biraz,biraz,ADV,ADV,0.2480275191840872,1.1405442588096235,PRON,"PRON: 0.70, ADV: 0.25",True,27,0,3.332204510175204
zor,zor,ADJ,ADJ,0.22223016687522598,0.7642188650529111,NOUN,"NOUN: 0.78, ADJ: 0.22",True,22,0,3.1354942159291497
.,.,PUNCT,PUNCT,,,,,True,3283,0,8.096817470572319
Melek,Melek,PROPN,PROPN,,,,,True,1,0,0.6931471805599453
",",",",PUNCT,PUNCT,,,,,True,2285,0,7.734558844354756
sen,sen,PRON,PRON,0.5975153654339292,1.4960517331359373,ADV,"PRON: 0.60, ADV: 0.28, PROPN: 0.06",True,96,0,4.574710978503383
ben,bana,PRON,PRON,0.614767428544865,1.6599914502896118,ADV,"PRON: 0.61, ADV: 0.21, CCONJ: 0.08, PROPN: 0.06",True,310,0,5.739792912179234
yardım,yardım,NOUN,NOUN,0.492452467055801,1.2551462811382508,ADJ,"NOUN: 0.49, ADJ: 0.45, VERB: 0.06",True,15,0,2.772588722239781
et,eder,VERB,VERB,0.021423477839648417,2.0747581498935594,AUX,"AUX: 0.33, ADP: 0.33, CCONJ: 0.23",True,260,0,5.564520407322694
mi,misin,AUX,AUX,0.49179730733219285,1.8739792138931677,CCONJ,"AUX: 0.49, CCONJ: 0.24, ADP: 0.18, ADV: 0.05",True,112,0,4.727387818712341
?,?,PUNCT,PUNCT,,,,,True,125,0,4.836281906951478
nasıl,Nasıl,ADV,ADV,0.22688879708691875,1.6551093959198966,PRON,"PRON: 0.59, ADV: 0.23, PROPN: 0.07, NOUN: 0.06",True,24,0,3.2188758248682006
ol,olsa,VERB,VERB,1.0,0.0,,VERB: 1.00,True,603,0,6.403574197934815
bir,bir,NUM,NUM,0.3916735022215744,1.8552050660223744,DET,"DET: 0.40, NUM: 0.39, ADJ: 0.09, PROPN: 0.06, NOUN: 0.06",True,170,0,5.14166355650266
şey,şey,NOUN,NOUN,0.7797490937613291,0.7606253858126094,ADJ,"NOUN: 0.78, ADJ: 0.22",True,102,0,4.634728988229636
sat,satamıyorsun,VERB,VERB,1.0,0.0,,VERB: 1.00,True,12,0,2.5649493574615367
.,.,PUNCT,PUNCT,,,,,True,3283,0,8.096817470572319
hadi,Hadi,INTJ,INTJ,,,,,True,9,0,2.302585092994046
yürü,yürü,VERB,VERB,0.9696329731056629,0.1962291533592685,NOUN,VERB: 0.97,True,18,0,2.9444389791664403
geç,geç,ADV,ADV,,,,,True,3,0,1.3862943611198906
ol,oldu,VERB,VERB,1.0,0.0,,VERB: 1.00,True,603,0,6.403574197934815
park,parka,NOUN,NOUN,,,,,False,0,0,0.0
git,gidelim,VERB,VERB,1.0,0.0,,VERB: 1.00,True,116,0,4.762173934797756
.,.,PUNCT,PUNCT,,,,,True,3283,0,8.096817470572319
abi,Abim,NOUN,NOUN,,,,,True,5,0,1.791759469228055
yiyecek,yiyecek,ADJ,ADJ,,,,,True,4,0,1.6094379124341003
bir,bir,DET,DET,0.49958184875865663,1.6482580173109218,NUM,"DET: 0.50, NUM: 0.30, ADJ: 0.15",True,616,0,6.424869023905388
şey,şeyler,NOUN,NOUN,0.7797490937613291,0.7606253858126094,ADJ,"NOUN: 0.78, ADJ: 0.22",True,102,0,4.634728988229636
getir,getirmiştir,VERB,VERB,1.0,0.0,,VERB: 1.00,True,42,0,3.7612001156935624
",",",",PUNCT,PUNCT,,,,,True,2285,0,7.734558844354756
herhalde,herhalde,ADV,ADV,,,,,True,4,0,1.6094379124341003
.,.,PUNCT,PUNCT,,,,,True,3283,0,8.096817470572319
karın,Karnım,NOUN,NOUN,,,,,True,6,0,1.9459101490553132
da,da,CCONJ,CCONJ,0.13730810580889885,1.6721173968196932,AUX,"AUX: 0.44, ADP: 0.38, CCONJ: 0.14",True,275,0,5.62040086571715
öyle,öyle,ADV,ADV,0.13971307685069986,1.047214932529053,PRON,"PRON: 0.78, ADV: 0.14",True,18,0,2.9444389791664403
acık,acıktı,VERB,VERB,,,,,False,0,0,0.0
ki,ki,CCONJ,CCONJ,0.1806152397797589,1.9747454841180783,AUX,"AUX: 0.51, CCONJ: 0.18, ADP: 0.18, ADV: 0.07",True,81,0,4.406719247264253
.,.,PUNCT,PUNCT,,,,,True,3283,0,8.096817470572319
Melek,Melek,PROPN,PROPN,,,,,True,1,0,0.6931471805599453
ben,bana,PRON,PRON,0.614767428544865,1.6599914502896118,ADV,"PRON: 0.61, ADV: 0.21, CCONJ: 0.08, PROPN: 0.06",True,310,0,5.739792912179234
yardım,yardım,NOUN,NOUN,0.492452467055801,1.2551462811382508,ADJ,"NOUN: 0.49, ADJ: 0.45, VERB: 0.06",True,15,0,2.772588722239781
et,edersen,VERB,VERB,0.021423477839648417,2.0747581498935594,AUX,"AUX: 0.33, ADP: 0.33, CCONJ: 0.23",True,260,0,5.564520407322694
çocuk,çocuklarla,NOUN,NOUN,0.41886901196129345,1.5243676922345937,PRON,"NOUN: 0.42, PRON: 0.38, ADJ: 0.20",True,59,0,4.0943445622221
baş,başa,NOUN,NOUN,0.1890902731140519,1.8430796248904169,PRON,"PRON: 0.46, ADJ: 0.21, NOUN: 0.19, PROPN: 0.15",True,54,0,4.007333185232471
çık,çıkarım,VERB,VERB,1.0,0.0,,VERB: 1.00,True,80,0,4.394449154672439
",",",",PUNCT,PUNCT,,,,,True,2285,0,7.734558844354756
de,dedi,VERB,VERB,0.7089626585740004,0.8700574815901702,CCONJ,"VERB: 0.71, CCONJ: 0.29",True,295,0,5.69035945432406
üstele,üsteleyerek,VERB,VERB,,,,,True,1,0,0.6931471805599453
Memo,Memo,PROPN,PROPN,,,,,False,0,0,0.0
.,.,PUNCT,PUNCT,,,,,True,3283,0,8.096817470572319
o,O,DET,DET,0.6447660992254824,1.4376147671166477,NUM,"DET: 0.64, NUM: 0.18, ADJ: 0.13",True,113,0,4.736198448394496
araba,araba,NOUN,NOUN,,,,,True,2,0,1.0986122886681098
her,her,DET,DET,0.5393270671644539,1.4044282159240997,NUM,"DET: 0.54, NUM: 0.36, ADJ: 0.09",True,91,0,4.5217885770490405
gün,gün,NOUN,NOUN,0.7766440096348868,0.7662482696838814,ADJ,"NOUN: 0.78, ADJ: 0.22",True,91,0,4.5217885770490405
ora,oradan,NOUN,NOUN,0.06614595594686694,1.725004869700506,PRON,"PRON: 0.60, PROPN: 0.15, ADV: 0.12, NOUN: 0.07, ADJ: 0.06",True,29,0,3.4011973816621555
mi,mı,AUX,AUX,0.49179730733219285,1.8739792138931677,CCONJ,"AUX: 0.49, CCONJ: 0.24, ADP: 0.18, ADV: 0.05",True,112,0,4.727387818712341
geç,geçecek,VERB,VERB,1.0,0.0,,VERB: 1.00,True,62,0,4.143134726391533
",",",",PUNCT,PUNCT,,,,,True,2285,0,7.734558844354756
geç,geçse,VERB,VERB,1.0,0.0,,VERB: 1.00,True,62,0,4.143134726391533
bile,bile,ADV,ADV,0.0,1.3965541340455074,ADP,"ADP: 0.56, CCONJ: 0.36",True,36,0,3.6109179126442243
sen,sana,PRON,PRON,0.5975153654339292,1.4960517331359373,ADV,"PRON: 0.60, ADV: 0.28, PROPN: 0.06",True,96,0,4.574710978503383
her,her,DET,DET,0.5393270671644539,1.4044282159240997,NUM,"DET: 0.54, NUM: 0.36, ADJ: 0.09",True,91,0,4.5217885770490405
gün,gün,NOUN,NOUN,0.7766440096348868,0.7662482696838814,ADJ,"NOUN: 0.78, ADJ: 0.22",True,91,0,4.5217885770490405
yüz,yüz,NUM,NUM,0.7460524783246977,0.817475056293391,NOUN,"NUM: 0.75, NOUN: 0.25",True,36,0,3.6109179126442243
bin,bin,NUM,NUM,0.9754567681468136,0.1662405167880201,NOUN,NUM: 0.98,True,25,0,3.258096538021482
mi,mi,AUX,AUX,0.49179730733219285,1.8739792138931677,CCONJ,"AUX: 0.49, CCONJ: 0.24, ADP: 0.18, ADV: 0.05",True,112,0,4.727387818712341
ver,verecek,VERB,VERB,1.0,0.0,,VERB: 1.00,True,138,0,4.9344739331306915
?,?,PUNCT,PUNCT,,,,,True,125,0,4.836281906951478
akılsız,Akılsız,ADJ,ADJ,,,,,False,0,0,0.0
",",",",PUNCT,PUNCT,,,,,True,2285,0,7.734558844354756
de,dedi,VERB,VERB,0.7089626585740004,0.8700574815901702,CCONJ,"VERB: 0.71, CCONJ: 0.29",True,295,0,5.69035945432406
Melek,Melek,PROPN,PROPN,,,,,True,1,0,0.6931471805599453
.,.,PUNCT,PUNCT,,,,,True,3283,0,8.096817470572319
park,Parka,NOUN,NOUN,,,,,False,0,0,0.0
yaklaş,yaklaştıklarında,VERB,VERB,,,,,True,10,0,2.3978952727983707
Memo,Memo,PROPN,PROPN,,,,,False,0,0,0.0
abi,abisi,NOUN,NOUN,,,,,True,5,0,1.791759469228055
Ali,Ali'yi,PROPN,PROPN,0.18801058072548615,2.0950273333207106,NUM,"NUM: 0.49, PROPN: 0.19, DET: 0.12, CCONJ: 0.08, ADJ: 0.07",True,13,0,2.6390573296152584
gör,gördü,VERB,VERB,1.0,0.0,,VERB: 1.00,True,81,0,4.406719247264253
.,.,PUNCT,PUNCT,,,,,True,3283,0,8.096817470572319
koş,Koşarak,VERB,VERB,0.7157210183187309,1.1118797468105879,NOUN,"VERB: 0.72, NOUN: 0.20, ADJ: 0.09",True,17,0,2.8903717578961645
o,ona,PRON,PRON,0.5961784524857141,1.6538184960634559,ADV,"PRON: 0.60, ADV: 0.24, CCONJ: 0.07, PROPN: 0.05",True,264,0,5.579729825986222
yaklaş,yaklaştı,VERB,VERB,,,,,True,10,0,2.3978952727983707
heyecan,heyecanla,NOUN,NOUN,,,,,True,6,0,1.9459101490553132
abi,Abi,NOUN,NOUN,,,,,True,5,0,1.791759469228055
!,!,PUNCT,PUNCT,,,,,True,39,0,3.6888794541139363
.,.,PUNCT,PUNCT,,,,,True,3283,0,8.096817470572319
kapa,kapa,VERB,VERB,1.0,0.0,,VERB: 1.00,True,31,0,3.4657359027997265
göz,gözünü,NOUN,NOUN,0.48581680668839844,1.5108829755725355,PROPN,"NOUN: 0.49, PROPN: 0.28, ADJ: 0.24",True,49,0,3.912023005428146
!,!,PUNCT,PUNCT,,,,,True,39,0,3.6888794541139363
.,.,PUNCT,PUNCT,,,,,True,3283,0,8.096817470572319
hadi,Hadi,INTJ,INTJ,,,,,True,9,0,2.302585092994046
abi,abi,NOUN,NOUN,,,,,True,5,0,1.791759469228055
kapa,kapa,VERB,VERB,1.0,0.0,,VERB: 1.00,True,31,0,3.4657359027997265
göz,gözünü,NOUN,NOUN,0.48581680668839844,1.5108829755725355,PROPN,"NOUN: 0.49, PROPN: 0.28, ADJ: 0.24",True,49,0,3.912023005428146
",",",",PUNCT,PUNCT,,,,,True,2285,0,7.734558844354756
aç,aç,VERB,VERB,1.0,0.0,,VERB: 1.00,True,44,0,3.8066624897703196
de,demeden,VERB,VERB,0.7089626585740004,0.8700574815901702,CCONJ,"VERB: 0.71, CCONJ: 0.29",True,295,0,5.69035945432406
aç,açmak,VERB,VERB,1.0,0.0,,VERB: 1.00,True,44,0,3.8066624897703196
yok,yok,ADJ,ADJ,0.19004932758774726,1.3228686251346322,VERB,"VERB: 0.63, ADJ: 0.19, ADV: 0.18",True,51,0,3.9512437185814275
ha,ha,INTJ,INTJ,,,,,True,2,0,1.0986122886681098
!,!,PUNCT,PUNCT,,,,,True,39,0,3.6888794541139363
..,..,PUNCT,PUNCT,,,,,True,13,0,2.6390573296152584
tamam,Tamam,ADJ,ADJ,0.23324808690765333,1.6069120417133527,PRON,"PRON: 0.52, ADJ: 0.23, NOUN: 0.22",True,12,0,2.5649493574615367
kapa,kapatıyorum,VERB,VERB,1.0,0.0,,VERB: 1.00,True,31,0,3.4657359027997265
.,.,PUNCT,PUNCT,,,,,True,3283,0,8.096817470572319
kadın,Kadın,ADJ,ADJ,0.22426573119393564,0.7678804621873997,NOUN,"NOUN: 0.78, ADJ: 0.22",True,40,0,3.713572066704308
telaşlan,telaşlanmıştı,VERB,VERB,,,,,True,2,0,1.0986122886681098
.,.,PUNCT,PUNCT,,,,,True,3283,0,8.096817470572319
nere,Nereye,PRON,PRON,0.5735438291128842,1.611292883227183,ADV,"PRON: 0.57, ADV: 0.19, NOUN: 0.17, ADJ: 0.07",True,19,0,2.995732273553991
böyle,böyle,ADV,ADV,0.158683827175278,1.5460276291544226,PRON,"PRON: 0.66, ADV: 0.16, PROPN: 0.07, ADJ: 0.06, NOUN: 0.05",True,35,0,3.58351893845611
.,.,PUNCT,PUNCT,,,,,True,3283,0,8.096817470572319
kendi,Kendisinin,PRON,PRON,0.6796575105452602,1.4263748283851931,ADV,"PRON: 0.68, ADV: 0.19, PROPN: 0.06",True,126,0,4.844187086458591
de,de,CCONJ,CCONJ,0.13783772654910434,1.6723904656042283,AUX,"AUX: 0.44, ADP: 0.38, CCONJ: 0.14",True,326,0,5.7899601708972535
dizi,dizide,NOUN,NOUN,,,,,True,9,0,2.302585092994046
ki,ki,ADP,ADP,0.352272282719127,2.181690690995641,AUX,"ADP: 0.35, AUX: 0.28, CCONJ: 0.23, NUM: 0.08",True,217,0,5.384495062789089
olağanüstü,olağanüstü,ADJ,ADJ,,,,,True,1,0,0.6931471805599453
güç,güçlere,ADJ,ADJ,0.38891220072976296,0.9640939642669308,NOUN,"NOUN: 0.61, ADJ: 0.39",True,13,0,2.6390573296152584
sahip,sahip,NOUN,NOUN,0.3038164652958034,1.4036184408627501,ADJ,"ADJ: 0.55, NOUN: 0.30, VERB: 0.15",True,13,0,2.6390573296152584
ol,olan,VERB,VERB,1.0,0.0,,VERB: 1.00,True,603,0,6.403574197934815
Melek,Melek,PROPN,PROPN,,,,,True,1,0,0.6931471805599453
gibi,gibi,ADP,ADP,0.36045769630430313,1.8400611893764562,AUX,"ADP: 0.36, AUX: 0.30, CCONJ: 0.28",True,145,0,4.983606621708336
garip,garip,ADJ,ADJ,,,,,True,1,0,0.6931471805599453
his,hisler,NOUN,NOUN,,,,,True,4,0,1.6094379124341003
iç,içinde,ADJ,ADJ,0.5266476463656918,0.9979501219428724,NOUN,"ADJ: 0.53, NOUN: 0.47",True,71,0,4.276666119016055
yaşa,yaşadığını,VERB,VERB,1.0,0.0,,VERB: 1.00,True,55,0,4.02535169073515
belir,belirten,VERB,VERB,0.6730954504846309,1.10235351077283,CCONJ,"VERB: 0.67, CCONJ: 0.28",True,28,0,3.367295829986474
kütük,Kütük,NOUN,PROPN,,,,,True,2,1,1.0986122886681098
",",",",PUNCT,PUNCT,,,,,True,2285,0,7.734558844354756
"""","""",PUNCT,PUNCT,,,,,True,210,0,5.351858133476067
daha,Daha,ADV,ADV,0.16216742905437215,2.279909832774521,PRON,"PRON: 0.30, CCONJ: 0.27, PROPN: 0.19, ADV: 0.16",True,127,0,4.852030263919617
dizi,dizi,NOUN,NOUN,,,,,True,9,0,2.302585092994046
için,için,ADP,ADP,0.4371344784042817,1.7284041476856495,AUX,"ADP: 0.44, AUX: 0.27, CCONJ: 0.25",True,159,0,5.075173815233827
ben,bana,PRON,PRON,0.614767428544865,1.6599914502896118,ADV,"PRON: 0.61, ADV: 0.21, CCONJ: 0.08, PROPN: 0.06",True,310,0,5.739792912179234
teklif,teklif,NOUN,NOUN,,,,,True,6,0,1.9459101490553132
yap,yapılmadan,VERB,VERB,1.0,0.0,,VERB: 1.00,True,209,0,5.3471075307174685
böyle,böyle,ADV,ADV,0.158683827175278,1.5460276291544226,PRON,"PRON: 0.66, ADV: 0.16, PROPN: 0.07, ADJ: 0.06, NOUN: 0.05",True,35,0,3.58351893845611
bir,bir,DET,DET,0.49958184875865663,1.6482580173109218,NUM,"DET: 0.50, NUM: 0.30, ADJ: 0.15",True,616,0,6.424869023905388
dizi,dizinin,NOUN,NOUN,,,,,True,9,0,2.302585092994046
çek,çekileceğini,VERB,VERB,0.5799102140104834,1.4728643172157725,CCONJ,"VERB: 0.58, CCONJ: 0.26, ADV: 0.14",True,40,0,3.713572066704308
bil,biliyordum,VERB,VERB,0.6930942464089043,1.0036086273143747,CCONJ,"VERB: 0.69, CCONJ: 0.28",True,101,0,4.624972813284271
"""","""",PUNCT,PUNCT,,,,,True,210,0,5.351858133476067
de,dedi,VERB,VERB,0.7089626585740004,0.8700574815901702,CCONJ,"VERB: 0.71, CCONJ: 0.29",True,295,0,5.69035945432406
.,.,PUNCT,PUNCT,,,,,True,3283,0,8.096817470572319
iyi,İyi,ADJ,ADJ,0.03291619485831978,1.0997597953020077,PRON,"PRON: 0.75, ADV: 0.18",True,58,0,4.07753744390572
i,yim,AUX,AUX,0.47697018772995686,1.861138213598426,ADP,"AUX: 0.48, ADP: 0.26, CCONJ: 0.18, PROPN: 0.06",True,546,0,6.304448802421981
.,.,PUNCT,PUNCT,,,,,True,3283,0,8.096817470572319
entelektüel,entelektüel,ADJ,ADJ,,,,,True,1,0,0.6931471805599453
yeti,yetilerde,NOUN,NOUN,,,,,True,1,0,0.6931471805599453
uzun,uzun,ADJ,ADJ,0.12210348386186666,1.3877243018568113,DET,"DET: 0.53, NUM: 0.35, ADJ: 0.12",True,24,0,3.2188758248682006
ce,ca,ADP,ADP,,,,,True,32,0,3.4965075614664802
bir,bir,DET,DET,0.49958184875865663,1.6482580173109218,NUM,"DET: 0.50, NUM: 0.30, ADJ: 0.15",True,616,0,6.424869023905388
süre,süre,NOUN,NOUN,0.8820365801913382,0.523478306365258,ADJ,"NOUN: 0.88, ADJ: 0.12",True,24,0,3.2188758248682006
boz,bozulma,VERB,VERB,,,,,True,9,0,2.302585092994046
gör,görülmeyeceğinden,VERB,VERB,1.0,0.0,,VERB: 1.00,True,81,0,4.406719247264253
bağımlı,bağımlı,ADJ,ADJ,0.21247305258197055,1.26488821264527,NOUN,"NOUN: 0.65, ADJ: 0.21, VERB: 0.13",True,15,0,2.772588722239781
kişi,kişilerde,NOUN,NOUN,0.7739422470129287,0.7710755240752433,ADJ,"NOUN: 0.77, ADJ: 0.23",True,38,0,3.6635616461296463
temel,temelde,ADJ,ADJ,0.4653698610024834,0.9965369341463338,NOUN,"NOUN: 0.53, ADJ: 0.47",True,22,0,3.1354942159291497
yat,yatan,VERB,VERB,1.0,0.0,,VERB: 1.00,True,23,0,3.1780538303479458
kişilik,kişilik,NOUN,NOUN,,,,,True,4,0,1.6094379124341003
bozukluk,bozukluğuyla,NOUN,NOUN,,,,,False,0,0,0.0
da,da,CCONJ,CCONJ,0.13730810580889885,1.6721173968196932,AUX,"AUX: 0.44, ADP: 0.38, CCONJ: 0.14",True,275,0,5.62040086571715
besle,beslenmiş,VERB,VERB,,,,,True,1,0,0.6931471805599453
",",",",PUNCT,PUNCT,,,,,True,2285,0,7.734558844354756
parlak,parlak,ADJ,ADJ,,,,,False,0,0,0.0
bir,bir,DET,DET,0.49958184875865663,1.6482580173109218,NUM,"DET: 0.50, NUM: 0.30, ADJ: 0.15",True,616,0,6.424869023905388
zeka,zeka,NOUN,NOUN,,,,,True,6,0,1.9459101490553132
ve,ve,CCONJ,CCONJ,0.23925769350174309,2.411623002364367,NUM,"NUM: 0.34, CCONJ: 0.24, ADJ: 0.14, DET: 0.11, PRON: 0.09, PROPN: 0.06",True,359,0,5.886104031450156
yalancı,yalancı,NOUN,NOUN,,,,,False,0,0,0.0
bir,bir,DET,DET,0.49958184875865663,1.6482580173109218,NUM,"DET: 0.50, NUM: 0.30, ADJ: 0.15",True,616,0,6.424869023905388
filozofluk,filozofluk,NOUN,NOUN,,,,,False,0,0,0.0
çok,çok,ADJ,ADJ,0.11052386614726717,2.2021956458728464,DET,"DET: 0.40, NUM: 0.29, ADJ: 0.11, ADV: 0.07, CCONJ: 0.07",True,38,0,3.6635616461296463
belirgin,belirgin,ADJ,ADJ,,,,,False,0,0,0.0
bir,bir,DET,DET,0.49958184875865663,1.6482580173109218,NUM,"DET: 0.50, NUM: 0.30, ADJ: 0.15",True,616,0,6.424869023905388
ortak,ortak,ADJ,ADJ,0.2806537073261403,1.5163027046186939,NOUN,"NOUN: 0.48, ADJ: 0.28, VERB: 0.24",True,12,0,2.5649493574615367
özellik,özellik,NOUN,NOUN,,,,,True,6,0,1.9459101490553132
i,tir,AUX,AUX,0.47697018772995686,1.861138213598426,ADP,"AUX: 0.48, ADP: 0.26, CCONJ: 0.18, PROPN: 0.06",True,546,0,6.304448802421981
.,.,PUNCT,PUNCT,,,,,True,3283,0,8.096817470572319
ses,Sesinden,NOUN,NOUN,0.3237009019450614,1.9450836951989445,PRON,"NOUN: 0.32, PRON: 0.31, PROPN: 0.20, ADJ: 0.17",True,32,0,3.4965075614664802
tanı,tanıyordum,VERB,VERB,1.0,0.0,,VERB: 1.00,True,21,0,3.091042453358316
kadın,kadınların,ADJ,ADJ,0.22426573119393564,0.7678804621873997,NOUN,"NOUN: 0.78, ADJ: 0.22",True,40,0,3.713572066704308
mutsuzluk,mutsuzluğunu,NOUN,NOUN,,,,,True,1,0,0.6931471805599453
",",",",PUNCT,PUNCT,,,,,True,2285,0,7.734558844354756
sanki,sanki,ADV,ADV,0.18798383564530385,1.769447959111264,PRON,"PRON: 0.55, ADV: 0.19, CCONJ: 0.14, PROPN: 0.10",True,14,0,2.70805020110221
ses,seslerinin,NOUN,NOUN,0.3237009019450614,1.9450836951989445,PRON,"NOUN: 0.32, PRON: 0.31, PROPN: 0.20, ADJ: 0.17",True,32,0,3.4965075614664802
özel,özel,ADJ,ADJ,0.15163901164851568,1.5287530846041504,DET,"DET: 0.60, NUM: 0.20, ADJ: 0.15",True,16,0,2.833213344056216
bir,bir,DET,DET,0.49958184875865663,1.6482580173109218,NUM,"DET: 0.50, NUM: 0.30, ADJ: 0.15",True,616,0,6.424869023905388
koku,kokusu,NOUN,NOUN,,,,,True,4,0,1.6094379124341003
ol,oluyordu,VERB,VERB,1.0,0.0,,VERB: 1.00,True,603,0,6.403574197934815
",",",",PUNCT,PUNCT,,,,,True,2285,0,7.734558844354756
kıy,kıyılmış,VERB,VERB,,,,,False,0,0,0.0
tütün,tütün,NOUN,NOUN,,,,,False,0,0,0.0
kıvam,kıvamında,NOUN,NOUN,,,,,False,0,0,0.0
",",",",PUNCT,PUNCT,,,,,True,2285,0,7.734558844354756
yanık,yanık,ADJ,ADJ,,,,,True,2,0,1.0986122886681098
gül,gül,NOUN,NOUN,,,,,False,0,0,0.0
yaprak,yaprağı,NOUN,NOUN,,,,,True,1,0,0.6931471805599453
gibi,gibi,ADP,ADP,0.36045769630430313,1.8400611893764562,AUX,"ADP: 0.36, AUX: 0.30, CCONJ: 0.28",True,145,0,4.983606621708336
kok,kokuyordu,VERB,VERB,,,,,True,2,0,1.0986122886681098
ses,sesleri,NOUN,NOUN,0.3237009019450614,1.9450836951989445,PRON,"NOUN: 0.32, PRON: 0.31, PROPN: 0.20, ADJ: 0.17",True,32,0,3.4965075614664802
",",",",PUNCT,PUNCT,,,,,True,2285,0,7.734558844354756
daha,daha,ADV,ADV,0.16216742905437215,2.279909832774521,PRON,"PRON: 0.30, CCONJ: 0.27, PROPN: 0.19, ADV: 0.16",True,127,0,4.852030263919617
ilk,ilk,ADJ,ADJ,0.121493136275404,1.1638215395306515,DET,"DET: 0.70, NUM: 0.17, ADJ: 0.12",True,33,0,3.5263605246161616
nota,notasında,NOUN,NOUN,,,,,True,1,0,0.6931471805599453
al,alıyordunuz,VERB,VERB,1.0,0.0,,VERB: 1.00,True,169,0,5.135798437050262
koku,kokusunu,NOUN,NOUN,,,,,True,4,0,1.6094379124341003
",",",",PUNCT,PUNCT,,,,,True,2285,0,7.734558844354756
bezgin,bezgin,ADJ,ADJ,,,,,False,0,0,0.0
",",",",PUNCT,PUNCT,,,,,True,2285,0,7.734558844354756
mesafe,mesafe,NOUN,NOUN,,,,,False,0,0,0.0
li,li,ADP,ADP,0.2797323618856777,2.3836488217196035,AUX,"AUX: 0.30, ADP: 0.28, CCONJ: 0.23, NUM: 0.08",True,182,0,5.209486152841421
ve,ve,CCONJ,CCONJ,0.23925769350174309,2.411623002364367,NUM,"NUM: 0.34, CCONJ: 0.24, ADJ: 0.14, DET: 0.11, PRON: 0.09, PROPN: 0.06",True,359,0,5.886104031450156
biraz,biraz,ADJ,ADJ,,,,,True,3,0,1.3862943611198906
da,da,CCONJ,CCONJ,0.13730810580889885,1.6721173968196932,AUX,"AUX: 0.44, ADP: 0.38, CCONJ: 0.14",True,275,0,5.62040086571715
düşman,düşmanca,ADJ,ADJ,,,,,False,0,0,0.0
bir,bir,DET,DET,0.49958184875865663,1.6482580173109218,NUM,"DET: 0.50, NUM: 0.30, ADJ: 0.15",True,616,0,6.424869023905388
ses,ses,NOUN,NOUN,0.3237009019450614,1.9450836951989445,PRON,"NOUN: 0.32, PRON: 0.31, PROPN: 0.20, ADJ: 0.17",True,32,0,3.4965075614664802
çıkar,çıkarıyorlardı,VERB,VERB,1.0,0.0,,VERB: 1.00,True,34,0,3.5553480614894135
.,.,PUNCT,PUNCT,,,,,True,3283,0,8.096817470572319
bu,Bu,DET,DET,0.6017857940157323,1.5300103231456785,NUM,"DET: 0.60, NUM: 0.20, ADJ: 0.15",True,350,0,5.860786223465865
dava,davanın,NOUN,NOUN,0.6883853739469162,0.8950284832558462,ADJ,"NOUN: 0.69, ADJ: 0.31",True,14,0,2.70805020110221
sağlık,sağlık,NOUN,NOUN,,,,,True,6,0,1.9459101490553132
li,lı,ADP,ADP,0.2797323618856777,2.3836488217196035,AUX,"AUX: 0.30, ADP: 0.28, CCONJ: 0.23, NUM: 0.08",True,182,0,5.209486152841421
gör,görülebilmesi,VERB,VERB,1.0,0.0,,VERB: 1.00,True,81,0,4.406719247264253
için,için,ADP,ADP,0.4371344784042817,1.7284041476856495,AUX,"ADP: 0.44, AUX: 0.27, CCONJ: 0.25",True,159,0,5.075173815233827
de,de,CCONJ,CCONJ,0.13783772654910434,1.6723904656042283,AUX,"AUX: 0.44, ADP: 0.38, CCONJ: 0.14",True,326,0,5.7899601708972535
askeri,askeri,ADJ,ADJ,0.10674025728410493,1.4827300346237717,DET,"DET: 0.60, NUM: 0.25, ADJ: 0.11",True,20,0,3.044522437723423
savcı,savcının,NOUN,NOUN,,,,,True,2,0,1.0986122886681098
hazırla,hazırladığı,VERB,VERB,1.0,0.0,,VERB: 1.00,True,25,0,3.258096538021482
karar,kararların,NOUN,NOUN,0.6289291734064841,1.1965592865096546,ADJ,"NOUN: 0.63, ADJ: 0.31, VERB: 0.06",True,31,0,3.4657359027997265
ve,ve,CCONJ,CCONJ,0.23925769350174309,2.411623002364367,NUM,"NUM: 0.34, CCONJ: 0.24, ADJ: 0.14, DET: 0.11, PRON: 0.09, PROPN: 0.06",True,359,0,5.886104031450156
bu,bu,DET,DET,0.6017857940157323,1.5300103231456785,NUM,"DET: 0.60, NUM: 0.20, ADJ: 0.15",True,350,0,5.860786223465865
karar,kararlara,NOUN,NOUN,0.6289291734064841,1.1965592865096546,ADJ,"NOUN: 0.63, ADJ: 0.31, VERB: 0.06",True,31,0,3.4657359027997265
alt,alt,ADJ,ADJ,0.5754490403850242,1.2043036029571808,NOUN,"ADJ: 0.58, NOUN: 0.37",True,18,0,2.9444389791664403
yapı,yapı,NOUN,NOUN,0.7798968950609049,0.7603557248669875,ADJ,"NOUN: 0.78, ADJ: 0.22",True,19,0,2.995732273553991
oluş,oluşturan,VERB,VERB,1.0,0.0,,VERB: 1.00,True,22,0,3.1354942159291497
rapor,raporların,NOUN,NOUN,0.7712507682945624,0.7758245533225406,ADJ,"NOUN: 0.77, ADJ: 0.23",True,37,0,3.6375861597263857
tamam,tamamının,ADJ,ADJ,0.23324808690765333,1.6069120417133527,PRON,"PRON: 0.52, ADJ: 0.23, NOUN: 0.22",True,12,0,2.5649493574615367
askeri,askeri,ADJ,ADJ,0.10674025728410493,1.4827300346237717,DET,"DET: 0.60, NUM: 0.25, ADJ: 0.11",True,20,0,3.044522437723423
savcılık,savcılıktan,NOUN,NOUN,,,,,True,10,0,2.3978952727983707
iste,istenmesi,VERB,VERB,0.6774524752691933,1.0218601397810432,CCONJ,"VERB: 0.68, CCONJ: 0.30",True,117,0,4.770684624465665
ve,ve,CCONJ,CCONJ,0.23925769350174309,2.411623002364367,NUM,"NUM: 0.34, CCONJ: 0.24, ADJ: 0.14, DET: 0.11, PRON: 0.09, PROPN: 0.06",True,359,0,5.886104031450156
dava,dava,NOUN,NOUN,0.6883853739469162,0.8950284832558462,ADJ,"NOUN: 0.69, ADJ: 0.31",True,14,0,2.70805020110221
ile,ile,ADP,ADP,0.3337755659323291,2.1372220360744323,AUX,"ADP: 0.33, AUX: 0.32, CCONJ: 0.24",True,11,0,2.4849066497880004
ilgili,ilgili,ADJ,ADJ,0.3778449130873198,1.9272226065946012,ADP,"ADJ: 0.38, ADP: 0.25, NOUN: 0.22, VERB: 0.16",True,30,0,3.4339872044851463
kişi,kişilerce,NOUN,NOUN,0.7739422470129287,0.7710755240752433,ADJ,"NOUN: 0.77, ADJ: 0.23",True,38,0,3.6635616461296463
incele,incelenmesi,VERB,VERB,0.6778933492768536,1.2286879460824742,ADJ,"VERB: 0.68, ADJ: 0.16, NOUN: 0.16",True,24,0,3.2188758248682006
gerek,gerekiyordu,VERB,VERB,0.5748381538387066,1.4766281055453563,CCONJ,"VERB: 0.57, CCONJ: 0.30, NOUN: 0.07, ADJ: 0.06",True,47,0,3.871201010907891
.,.,PUNCT,PUNCT,,,,,True,3283,0,8.096817470572319
yıl,Yıl,NOUN,NOUN,0.29569595997941395,1.4054086954468807,PRON,"PRON: 0.55, NOUN: 0.30, ADJ: 0.15",True,68,0,4.23410650459726
bindokuzyüzyirmisekiz,bindokuzyüzyirmisekiz,NUM,NUM,,,,,False,0,0,0.0
...,...,PUNCT,PUNCT,,,,,True,91,0,4.5217885770490405
niye,Niye,ADV,ADV,,,,,True,10,0,2.3978952727983707
mutsuz,mutsuz,ADJ,ADJ,,,,,True,3,0,1.3862943611198906
ol,olduklarını,VERB,VERB,1.0,0.0,,VERB: 1.00,True,603,0,6.403574197934815
i,ise,CCONJ,CCONJ,0.16850437400312243,2.3685132507982036,ADP,"ADP: 0.35, AUX: 0.27, CCONJ: 0.17, NUM: 0.08, PROPN: 0.07",True,26,0,3.295836866004329
söyle,söylemezlerdi,VERB,VERB,0.721528986702589,0.8533590847777625,CCONJ,"VERB: 0.72, CCONJ: 0.28",True,89,0,4.499809670330265
",",",",PUNCT,PUNCT,,,,,True,2285,0,7.734558844354756
mutsuzluk,mutsuzluklarının,NOUN,NOUN,,,,,True,1,0,0.6931471805599453
neden,nedenini,NOUN,NOUN,0.6864847591447512,0.8971896139560198,ADJ,"NOUN: 0.69, ADJ: 0.31",True,30,0,3.4339872044851463
siz,siz,PRON,PRON,0.6489290710050605,1.4471589459833951,ADV,"PRON: 0.65, ADV: 0.22, CCONJ: 0.08",True,49,0,3.912023005428146
keşfet,keşfetmek,VERB,VERB,,,,,True,2,0,1.0986122886681098
zorun,zorunda,NOUN,NOUN,,,,,True,3,0,1.3862943611198906
i,ydınız,AUX,AUX,0.47697018772995686,1.861138213598426,ADP,"AUX: 0.48, ADP: 0.26, CCONJ: 0.18, PROPN: 0.06",True,546,0,6.304448802421981
",",",",PUNCT,PUNCT,,,,,True,2285,0,7.734558844354756
bu,bunu,PRON,PRON,0.7006788109102466,1.3923524752663319,ADV,"PRON: 0.70, ADV: 0.14, CCONJ: 0.09, NOUN: 0.05",True,171,0,5.147494476813453
keşfet,keşfedemezseniz,VERB,VERB,,,,,True,2,0,1.0986122886681098
biraz,biraz,ADV,ADV,0.2480275191840872,1.1405442588096235,PRON,"PRON: 0.70, ADV: 0.25",True,27,0,3.332204510175204
daha,daha,ADV,ADV,0.16216742905437215,2.279909832774521,PRON,"PRON: 0.30, CCONJ: 0.27, PROPN: 0.19, ADV: 0.16",True,127,0,4.852030263919617
düşmanlaş,düşmanlaşırlardı,VERB,VERB,,,,,False,0,0,0.0
;,;,PUNCT,PUNCT,,,,,True,84,0,4.442651256490317
bu,bu,DET,DET,0.6017857940157323,1.5300103231456785,NUM,"DET: 0.60, NUM: 0.20, ADJ: 0.15",True,350,0,5.860786223465865
düşmanlık,düşmanlık,NOUN,NOUN,,,,,True,1,0,0.6931471805599453
gerçek,gerçek,ADJ,ADJ,0.4623612727439735,0.9959084741375528,NOUN,"NOUN: 0.54, ADJ: 0.46",True,27,0,3.332204510175204
değil,değildi,AUX,AUX,0.684685125302444,0.8992136021504445,VERB,"AUX: 0.68, VERB: 0.32",True,72,0,4.290459441148391
",",",",PUNCT,PUNCT,,,,,True,2285,0,7.734558844354756
yalnızca,yalnızca,ADV,ADV,,,,,True,6,0,1.9459101490553132
mutsuzluk,mutsuzluklarının,NOUN,NOUN,,,,,True,1,0,0.6931471805599453
üst,üstüne,ADJ,ADJ,0.46638801387351886,0.9967377258438014,NOUN,"NOUN: 0.53, ADJ: 0.47",True,32,0,3.4965075614664802
ört,örtmeye,VERB,VERB,,,,,True,1,0,0.6931471805599453
çalış,çalıştıkları,VERB,VERB,0.650530576282453,1.1285592750273743,CCONJ,"VERB: 0.65, CCONJ: 0.30",True,64,0,4.174387269895637
yak,yak,VERB,VERB,,,,,True,5,0,1.791759469228055
ci,ıcı,ADP,ADP,0.7311580784991505,0.8397979536897208,CCONJ,"ADP: 0.73, CCONJ: 0.27",True,21,0,3.091042453358316
bir,bir,DET,DET,0.49958184875865663,1.6482580173109218,NUM,"DET: 0.50, NUM: 0.30, ADJ: 0.15",True,616,0,6.424869023905388
örtü,örtü,NOUN,NOUN,,,,,True,3,0,1.3862943611198906
i,ydü,AUX,AUX,0.47697018772995686,1.861138213598426,ADP,"AUX: 0.48, ADP: 0.26, CCONJ: 0.18, PROPN: 0.06",True,546,0,6.304448802421981
.,.,PUNCT,PUNCT,,,,,True,3283,0,8.096817470572319
Celal,Celal,PROPN,PROPN,,,,,True,7,0,2.0794415416798357
uzak,uzaktan,ADJ,ADJ,0.06612593682668895,1.832694630405033,PRON,"PRON: 0.56, NOUN: 0.17, PROPN: 0.12, ADV: 0.09, ADJ: 0.07",True,15,0,2.772588722239781
kumanda,kumandayı,NOUN,NOUN,,,,,False,0,0,0.0
el,elimden,NOUN,NOUN,0.685323078074829,0.8984985975836332,ADJ,"NOUN: 0.69, ADJ: 0.31",True,81,0,4.406719247264253
al,alıp,VERB,VERB,1.0,0.0,,VERB: 1.00,True,169,0,5.135798437050262
",",",",PUNCT,PUNCT,,,,,True,2285,0,7.734558844354756
yuzelli,yuzelli,NUM,NUM,,,,,True,1,0,0.6931471805599453
yıl,yıl,VERB,VERB,,,,,True,1,0,0.6931471805599453
önce,önce,ADP,ADP,0.5161242363988484,1.7862775296674653,CCONJ,"ADP: 0.52, CCONJ: 0.30, NUM: 0.10",True,41,0,3.7376696182833684
yağmur,yağmur,NOUN,NOUN,,,,,True,2,0,1.0986122886681098
gri,grisi,ADJ,ADJ,,,,,True,1,0,0.6931471805599453
gök,gökler,NOUN,NOUN,,,,,True,3,0,1.3862943611198906
alt,altında,ADJ,ADJ,0.5754490403850242,1.2043036029571808,NOUN,"ADJ: 0.58, NOUN: 0.37",True,18,0,2.9444389791664403
yağmur,yağmur,NOUN,NOUN,,,,,True,2,0,1.0986122886681098
yeşil,yeşili,ADJ,ADJ,,,,,True,9,0,2.302585092994046
çayır,çayırlarda,NOUN,NOUN,,,,,False,0,0,0.0
bir,bir,NUM,NUM,0.3916735022215744,1.8552050660223744,DET,"DET: 0.40, NUM: 0.39, ADJ: 0.09, PROPN: 0.06, NOUN: 0.06",True,170,0,5.14166355650266
metre,metre,NOUN,NOUN,,,,,True,1,0,0.6931471805599453
mesafe,mesafeyle,NOUN,NOUN,,,,,False,0,0,0.0
yürü,yürüyerek,VERB,VERB,0.9696329731056629,0.1962291533592685,NOUN,VERB: 0.97,True,18,0,2.9444389791664403
seviş,sevişen,VERB,VERB,,,,,True,9,0,2.302585092994046
aşık,aşıklar,ADJ,ADJ,,,,,True,5,0,1.791759469228055
hak,hakkında,NOUN,NOUN,0.7806780603786757,0.7589274505193416,ADJ,"NOUN: 0.78, ADJ: 0.22",True,19,0,2.995732273553991
ki,ki,ADP,ADP,0.352272282719127,2.181690690995641,AUX,"ADP: 0.35, AUX: 0.28, CCONJ: 0.23, NUM: 0.08",True,217,0,5.384495062789089
İngiliz,İngiliz,ADJ,ADJ,,,,,True,4,0,1.6094379124341003
tv,TV,NOUN,NOUN,,,,,True,1,0,0.6931471805599453
film,filmlerinden,NOUN,NOUN,,,,,True,4,0,1.6094379124341003
bir,birini,NUM,NUM,0.3916735022215744,1.8552050660223744,DET,"DET: 0.40, NUM: 0.39, ADJ: 0.09, PROPN: 0.06, NOUN: 0.06",True,170,0,5.14166355650266
bul,buldu,VERB,VERB,1.0,0.0,,VERB: 1.00,True,56,0,4.04305126783455
",",",",PUNCT,PUNCT,,,,,True,2285,0,7.734558844354756
kumanda,kumanda,NOUN,NOUN,,,,,False,0,0,0.0
alet,aletini,NOUN,NOUN,,,,,False,0,0,0.0
ara,aramıza,ADJ,ADJ,0.45952551652597307,0.9952680248528016,NOUN,"NOUN: 0.54, ADJ: 0.46",True,73,0,4.30406509320417
değil,değil,AUX,AUX,0.684685125302444,0.8992136021504445,VERB,"AUX: 0.68, VERB: 0.32",True,72,0,4.290459441148391
öbür,öbür,ADJ,ADJ,,,,,True,6,0,1.9459101490553132
yan,yanına,ADJ,ADJ,0.22369130935054335,0.7668506751450528,NOUN,"NOUN: 0.78, ADJ: 0.22",True,60,0,4.110873864173311
koy,koydu,VERB,VERB,1.0,0.0,,VERB: 1.00,True,23,0,3.1780538303479458
.,.,PUNCT,PUNCT,,,,,True,3283,0,8.096817470572319
ben,Ben,PRON,PRON,0.614767428544865,1.6599914502896118,ADV,"PRON: 0.61, ADV: 0.21, CCONJ: 0.08, PROPN: 0.06",True,310,0,5.739792912179234
akşam,akşama,NOUN,NOUN,0.543237782580388,1.4254235433890245,PROPN,"NOUN: 0.54, PROPN: 0.29, ADJ: 0.16",True,13,0,2.6390573296152584
vur,vurulacak,VERB,VERB,1.0,0.0,,VERB: 1.00,True,17,0,2.8903717578961645
insan,insanların,NOUN,NOUN,0.6842686317549259,0.8996789321325918,ADJ,"NOUN: 0.68, ADJ: 0.32",True,68,0,4.23410650459726
o,o,DET,DET,0.6447660992254824,1.4376147671166477,NUM,"DET: 0.64, NUM: 0.18, ADJ: 0.13",True,113,0,4.736198448394496
sıra,sırada,NOUN,NOUN,0.21801908515437277,2.0406772673437534,PRON,"PRON: 0.45, NOUN: 0.22, PROPN: 0.14, ADV: 0.11, ADJ: 0.08",True,28,0,3.367295829986474
ne,neler,PRON,PRON,0.657373909218341,1.5595369645973152,PROPN,"PRON: 0.66, PROPN: 0.14, ADV: 0.11, NOUN: 0.06",True,98,0,4.59511985013459
yap,yaptığını,VERB,VERB,1.0,0.0,,VERB: 1.00,True,209,0,5.3471075307174685
merak,merak,NOUN,NOUN,,,,,True,8,0,2.1972245773362196
et,ederek,VERB,VERB,0.021423477839648417,2.0747581498935594,AUX,"AUX: 0.33, ADP: 0.33, CCONJ: 0.23",True,260,0,5.564520407322694
cinayet,cinayet,NOUN,NOUN,,,,,True,2,0,1.0986122886681098
haber,haberlerini,NOUN,NOUN,0.5432773143633932,1.42471049861644,PROPN,"NOUN: 0.54, PROPN: 0.29, ADJ: 0.16",True,29,0,3.4011973816621555
kes,kesip,VERB,VERB,1.0,0.0,,VERB: 1.00,True,11,0,2.4849066497880004
dosya,dosyalarına,NOUN,NOUN,0.10361220752777171,0.6316942068995558,PRON,"PRON: 0.87, NOUN: 0.10",True,25,0,3.258096538021482
koy,koyardım,VERB,VERB,1.0,0.0,,VERB: 1.00,True,23,0,3.1780538303479458
;,;,PUNCT,PUNCT,,,,,True,84,0,4.442651256490317
ara,arada,ADJ,ADJ,0.45952551652597307,0.9952680248528016,NOUN,"NOUN: 0.54, ADJ: 0.46",True,73,0,4.30406509320417
ilginç,ilginç,ADJ,ADJ,,,,,True,1,0,0.6931471805599453
bir,bir,DET,DET,0.49958184875865663,1.6482580173109218,NUM,"DET: 0.50, NUM: 0.30, ADJ: 0.15",True,616,0,6.424869023905388
cinayet,cinayet,NOUN,NOUN,,,,,True,2,0,1.0986122886681098
çıkar,çıkar,NOUN,NOUN,,,,,False,0,0,0.0
i,sa,AUX,AUX,0.47697018772995686,1.861138213598426,ADP,"AUX: 0.48, ADP: 0.26, CCONJ: 0.18, PROPN: 0.06",True,546,0,6.304448802421981
",",",",PUNCT,PUNCT,,,,,True,2285,0,7.734558844354756
kim,kimin,PRON,PRON,0.5973445626800743,1.7438346441668269,ADV,"PRON: 0.60, ADV: 0.14, NOUN: 0.11, PROPN: 0.09, ADJ: 0.05",True,12,0,2.5649493574615367
",",",",PUNCT,PUNCT,,,,,True,2285,0,7.734558844354756
nere,nerede,PRON,PRON,0.5735438291128842,1.611292883227183,ADV,"PRON: 0.57, ADV: 0.19, NOUN: 0.17, ADJ: 0.07",True,19,0,2.995732273553991
",",",",PUNCT,PUNCT,,,,,True,2285,0,7.734558844354756
nasıl,nasıl,ADV,ADV,0.22688879708691875,1.6551093959198966,PRON,"PRON: 0.59, ADV: 0.23, PROPN: 0.07, NOUN: 0.06",True,24,0,3.2188758248682006
öl,öldürdüğünü,VERB,VERB,0.5682293006747299,1.4135799515431988,ADJ,"VERB: 0.57, ADJ: 0.24, NOUN: 0.19",True,39,0,3.6888794541139363
yan,yanımda,ADJ,ADJ,0.22369130935054335,0.7668506751450528,NOUN,"NOUN: 0.78, ADJ: 0.22",True,60,0,4.110873864173311
taşı,taşıdığım,VERB,VERB,1.0,0.0,,VERB: 1.00,True,20,0,3.044522437723423
özel,özel,ADJ,ADJ,0.15163901164851568,1.5287530846041504,DET,"DET: 0.60, NUM: 0.20, ADJ: 0.15",True,16,0,2.833213344056216
cinayet,cinayet,NOUN,NOUN,,,,,True,2,0,1.0986122886681098
defter,defterime,NOUN,NOUN,,,,,True,1,0,0.6931471805599453
kendi,kendim,PRON,PRON,0.6796575105452602,1.4263748283851931,ADV,"PRON: 0.68, ADV: 0.19, PROPN: 0.06",True,126,0,4.844187086458591
için,için,ADP,ADP,0.4371344784042817,1.7284041476856495,AUX,"ADP: 0.44, AUX: 0.27, CCONJ: 0.25",True,159,0,5.075173815233827
kaydet,kaydederdim,VERB,VERB,0.726558632177668,0.8463595544531956,CCONJ,"VERB: 0.73, CCONJ: 0.27",True,11,0,2.4849066497880004
.,.,PUNCT,PUNCT,,,,,True,3283,0,8.096817470572319
önce,Önce,NOUN,NOUN,,,,,True,10,0,2.3978952727983707
ki,ki,ADP,ADP,0.352272282719127,2.181690690995641,AUX,"ADP: 0.35, AUX: 0.28, CCONJ: 0.23, NUM: 0.08",True,217,0,5.384495062789089
gün,gün,NOUN,NOUN,0.7766440096348868,0.7662482696838814,ADJ,"NOUN: 0.78, ADJ: 0.22",True,91,0,4.5217885770490405
saat,saat,NOUN,NOUN,0.355905210057268,1.8860925341581882,PRON,"NOUN: 0.36, PRON: 0.32, PROPN: 0.21, ADJ: 0.12",True,25,0,3.258096538021482
onaltıotuz,onaltıotuz'da,NUM,NUM,,,,,False,0,0,0.0
ben,beni,PRON,PRON,0.614767428544865,1.6599914502896118,ADV,"PRON: 0.61, ADV: 0.21, CCONJ: 0.08, PROPN: 0.06",True,310,0,5.739792912179234
ara,aradı,VERB,VERB,1.0,0.0,,VERB: 1.00,True,33,0,3.5263605246161616
.,.,PUNCT,PUNCT,,,,,True,3283,0,8.096817470572319
tıkanıklık,Tıkanıklığın,NOUN,NOUN,,,,,False,0,0,0.0
aş,aşılması,VERB,VERB,,,,,True,2,0,1.0986122886681098
için,için,ADP,ADP,0.4371344784042817,1.7284041476856495,AUX,"ADP: 0.44, AUX: 0.27, CCONJ: 0.25",True,159,0,5.075173815233827
sorun,sorunların,NOUN,NOUN,0.7779423061342887,0.7639070323785578,ADJ,"NOUN: 0.78, ADJ: 0.22",True,18,0,2.9444389791664403
çözümle,çözümlenmesinin,VERB,VERB,,,,,False,0,0,0.0
gerek,gereğine,NOUN,NOUN,,,,,True,10,0,2.3978952727983707
değin,değinen,VERB,VERB,,,,,True,6,0,1.9459101490553132
Tezer,Tezer,PROPN,PROPN,,,,,True,1,0,0.6931471805599453
",",",",PUNCT,PUNCT,,,,,True,2285,0,7.734558844354756
alım,alım,NOUN,NOUN,,,,,True,1,0,0.6931471805599453
güç,gücünün,ADJ,ADJ,0.38891220072976296,0.9640939642669308,NOUN,"NOUN: 0.61, ADJ: 0.39",True,13,0,2.6390573296152584
düş,düşmesi,VERB,VERB,1.0,0.0,,VERB: 1.00,True,32,0,3.4965075614664802
",",",",PUNCT,PUNCT,,,,,True,2285,0,7.734558844354756
otomobil,otomobil,NOUN,NOUN,,,,,True,4,0,1.6094379124341003
üzer,üzerinde,NOUN,NOUN,0.3732858720878324,1.2061022689833243,ADJ,"ADJ: 0.58, NOUN: 0.37, VERB: 0.05",True,45,0,3.828641396489095
ki,ki,ADP,ADP,0.352272282719127,2.181690690995641,AUX,"ADP: 0.35, AUX: 0.28, CCONJ: 0.23, NUM: 0.08",True,217,0,5.384495062789089
yüz,yüzde,NUM,NUM,0.7460524783246977,0.817475056293391,NOUN,"NUM: 0.75, NOUN: 0.25",True,36,0,3.6109179126442243
elli,elli'yi,NUM,NUM,,,,,True,10,0,2.3978952727983707
bul,bulan,VERB,VERB,1.0,0.0,,VERB: 1.00,True,56,0,4.04305126783455
vergi,vergiler,NOUN,NOUN,0.011950653793856328,1.6785541093229865,NUM,"NUM: 0.56, DET: 0.22, ADJ: 0.16, PROPN: 0.06",True,15,0,2.772588722239781
ve,ve,CCONJ,CCONJ,0.23925769350174309,2.411623002364367,NUM,"NUM: 0.34, CCONJ: 0.24, ADJ: 0.14, DET: 0.11, PRON: 0.09, PROPN: 0.06",True,359,0,5.886104031450156
siyasi,siyasi,ADJ,ADJ,,,,,True,2,0,1.0986122886681098
belirsizlik,belirsizliğin,NOUN,NOUN,,,,,True,1,0,0.6931471805599453
de,de,CCONJ,CCONJ,0.13783772654910434,1.6723904656042283,AUX,"AUX: 0.44, ADP: 0.38, CCONJ: 0.14",True,326,0,5.7899601708972535
baskı,baskı,NOUN,NOUN,,,,,True,2,0,1.0986122886681098
yarat,yarattığını,VERB,VERB,1.0,0.0,,VERB: 1.00,True,29,0,3.4011973816621555
söyle,söyledi,VERB,VERB,0.721528986702589,0.8533590847777625,CCONJ,"VERB: 0.72, CCONJ: 0.28",True,89,0,4.499809670330265
.,.,PUNCT,PUNCT,,,,,True,3283,0,8.096817470572319
ondokuz,ondokuz,NUM,NUM,,,,,False,0,0,0.0
mayıs,Mayıs,NOUN,NOUN,,,,,False,0,0,0.0
bindokuzyüzotuzbir,bindokuzyüzotuzbir,NUM,NUM,,,,,False,0,0,0.0
doğum,doğum,NOUN,NOUN,,,,,True,6,0,1.9459101490553132
li,lu,ADP,ADP,0.2797323618856777,2.3836488217196035,AUX,"AUX: 0.30, ADP: 0.28, CCONJ: 0.23, NUM: 0.08",True,182,0,5.209486152841421
.,.,PUNCT,PUNCT,,,,,True,3283,0,8.096817470572319
süryani,Süryani,NOUN,NOUN,,,,,True,3,0,1.3862943611198906
kadim,Kadim,ADJ,ADJ,,,,,False,0,0,0.0
Meryem,Meryem,PROPN,PROPN,,,,,False,0,0,0.0
ana,Ana,ADJ,ADJ,0.14175382169670167,1.9379249598637027,DET,"DET: 0.51, NUM: 0.18, ADJ: 0.14, PROPN: 0.08, NOUN: 0.08",True,11,0,2.4849066497880004
kilise,Kilisesi,NOUN,NOUN,,,,,True,3,0,1.3862943611198906
vakıf,Vakfı,NOUN,NOUN,,,,,True,5,0,1.791759469228055
başkan,Başkanı,NOUN,NOUN,0.5589749876751691,1.2408104327014762,ADJ,"NOUN: 0.56, ADJ: 0.38, VERB: 0.06",True,24,0,3.2188758248682006
Yakup,Yakup,PROPN,PROPN,,,,,False,0,0,0.0
Tahincioğlu,Tahincioğlu,PROPN,PROPN,,,,,True,2,0,1.0986122886681098
ve,ve,CCONJ,CCONJ,0.23925769350174309,2.411623002364367,NUM,"NUM: 0.34, CCONJ: 0.24, ADJ: 0.14, DET: 0.11, PRON: 0.09, PROPN: 0.06",True,359,0,5.886104031450156
İstanbul,İstanbul,PROPN,PROPN,0.10006478786388039,1.6489388048066846,PRON,"PRON: 0.64, NOUN: 0.13, PROPN: 0.10, ADV: 0.08, ADJ: 0.06",True,26,0,3.295836866004329
protestan,Protestan,ADJ,ADJ,,,,,True,2,0,1.0986122886681098
kilise,Kilisesi,NOUN,NOUN,,,,,True,3,0,1.3862943611198906
vakıf,Vakfı,NOUN,NOUN,,,,,True,5,0,1.791759469228055
başkan,Başkanı,NOUN,NOUN,0.5589749876751691,1.2408104327014762,ADJ,"NOUN: 0.56, ADJ: 0.38, VERB: 0.06",True,24,0,3.2188758248682006
Kirkor,Kirkor,PROPN,PROPN,,,,,False,0,0,0.0
Ağabaloğlu,Ağabaloğlu,PROPN,PROPN,,,,,True,1,0,0.6931471805599453
",",",",PUNCT,PUNCT,,,,,True,2285,0,7.734558844354756
yönetmelik,yönetmelikle,NOUN,NOUN,,,,,True,4,0,1.6094379124341003
kendi,kendi,PRON,PRON,0.6796575105452602,1.4263748283851931,ADV,"PRON: 0.68, ADV: 0.19, PROPN: 0.06",True,126,0,4.844187086458591
cemaat,cemaatlerine,NOUN,NOUN,,,,,True,3,0,1.3862943611198906
yine,yine,ADV,ADV,0.23735574991736438,1.9589772928384734,PRON,"PRON: 0.42, ADV: 0.24, CCONJ: 0.22, PROPN: 0.10",True,19,0,2.995732273553991
mal,mal,NOUN,NOUN,,,,,True,6,0,1.9459101490553132
edin,edinme,VERB,VERB,,,,,True,10,0,2.3978952727983707
hak,hakkı,NOUN,NOUN,0.7806780603786757,0.7589274505193416,ADJ,"NOUN: 0.78, ADJ: 0.22",True,19,0,2.995732273553991
ver,verilmediğini,VERB,VERB,1.0,0.0,,VERB: 1.00,True,138,0,4.9344739331306915
ifade,ifade,NOUN,NOUN,0.6587640981498802,1.2552319768327007,ADJ,"NOUN: 0.66, ADJ: 0.21, VERB: 0.13",True,27,0,3.332204510175204
et,etti,VERB,VERB,0.021423477839648417,2.0747581498935594,AUX,"AUX: 0.33, ADP: 0.33, CCONJ: 0.23",True,260,0,5.564520407322694
.,.,PUNCT,PUNCT,,,,,True,3283,0,8.096817470572319
Türkiye,Türkiye'nin,PROPN,PROPN,0.059663484087279214,2.091524984270449,NUM,"NUM: 0.48, PRON: 0.19, CCONJ: 0.16, ADJ: 0.07, PROPN: 0.06",True,30,0,3.4339872044851463
bir,bir,NUM,NUM,0.3916735022215744,1.8552050660223744,DET,"DET: 0.40, NUM: 0.39, ADJ: 0.09, PROPN: 0.06, NOUN: 0.06",True,170,0,5.14166355650266
an,an,NOUN,NOUN,0.7767539182231282,0.7660506138585593,ADJ,"NOUN: 0.78, ADJ: 0.22",True,32,0,3.4965075614664802
önce,önce,ADP,ADP,0.5161242363988484,1.7862775296674653,CCONJ,"ADP: 0.52, CCONJ: 0.30, NUM: 0.10",True,41,0,3.7376696182833684
karar,karar,NOUN,NOUN,0.6289291734064841,1.1965592865096546,ADJ,"NOUN: 0.63, ADJ: 0.31, VERB: 0.06",True,31,0,3.4657359027997265
ver,vermesini,VERB,VERB,1.0,0.0,,VERB: 1.00,True,138,0,4.9344739331306915
bekle,beklediklerini,VERB,VERB,0.7047743026417859,0.8753762910019542,CCONJ,"VERB: 0.70, CCONJ: 0.30",True,27,0,3.332204510175204
vurgula,vurgulayan,VERB,VERB,,,,,True,5,0,1.791759469228055
Unakıtan,Unakıtan,PROPN,PROPN,,,,,False,0,0,0.0
",",",",PUNCT,PUNCT,,,,,True,2285,0,7.734558844354756
Abd,ABD'nin,NOUN,NOUN,,,,,True,3,0,1.3862943611198906
müdahale,müdahale,NOUN,NOUN,,,,,True,2,0,1.0986122886681098
için,için,ADP,ADP,0.4371344784042817,1.7284041476856495,AUX,"ADP: 0.44, AUX: 0.27, CCONJ: 0.25",True,159,0,5.075173815233827
meşruiyet,meşruiyet,NOUN,NOUN,,,,,False,0,0,0.0
ara,aradığını,VERB,VERB,1.0,0.0,,VERB: 1.00,True,33,0,3.5263605246161616
ve,ve,CCONJ,CCONJ,0.23925769350174309,2.411623002364367,NUM,"NUM: 0.34, CCONJ: 0.24, ADJ: 0.14, DET: 0.11, PRON: 0.09, PROPN: 0.06",True,359,0,5.886104031450156
ikinci,ikinci,ADJ,ADJ,0.12115849877172981,1.306437131718705,DET,"DET: 0.62, NUM: 0.26, ADJ: 0.12",True,16,0,2.833213344056216
Bm,BM,PROPN,NOUN,,,,,False,0,1,0.0
karar,kararına,NOUN,NOUN,0.6289291734064841,1.1965592865096546,ADJ,"NOUN: 0.63, ADJ: 0.31, VERB: 0.06",True,31,0,3.4657359027997265
ihtiyaç,ihtiyaç,NOUN,NOUN,0.6895324411413909,0.8937124376966903,ADJ,"NOUN: 0.69, ADJ: 0.31",True,18,0,2.9444389791664403
duy,duyduğunu,VERB,VERB,1.0,0.0,,VERB: 1.00,True,35,0,3.58351893845611
ifade,ifade,NOUN,NOUN,0.6587640981498802,1.2552319768327007,ADJ,"NOUN: 0.66, ADJ: 0.21, VERB: 0.13",True,27,0,3.332204510175204
et,ederek,VERB,VERB,0.021423477839648417,2.0747581498935594,AUX,"AUX: 0.33, ADP: 0.33, CCONJ: 0.23",True,260,0,5.564520407322694
",",",",PUNCT,PUNCT,,,,,True,2285,0,7.734558844354756
şöyle,şöyle,ADV,ADV,0.09598023786135869,1.721962989915918,PRON,"PRON: 0.58, ADJ: 0.17, NOUN: 0.13, ADV: 0.10",True,22,0,3.1354942159291497
konuş,konuştu,VERB,VERB,1.0,0.0,,VERB: 1.00,True,61,0,4.127134385045092
:,:,PUNCT,PUNCT,,,,,True,127,0,4.852030263919617
"""","""",PUNCT,PUNCT,,,,,True,210,0,5.351858133476067
ancak,Ancak,CCONJ,CCONJ,0.3387760771315332,1.840793145532436,PRON,"PRON: 0.38, CCONJ: 0.34, ADV: 0.22",True,28,0,3.367295829986474
ülke,ülkemize,NOUN,NOUN,0.4198365377202642,1.523664474067324,PRON,"NOUN: 0.42, PRON: 0.38, ADJ: 0.20",True,13,0,2.6390573296152584
yönelik,yönelik,ADP,ADP,,,,,True,5,0,1.791759469228055
bir,bir,NUM,DET,0.3916735022215744,1.8552050660223744,DET,"DET: 0.40, NUM: 0.39, ADJ: 0.09, PROPN: 0.06, NOUN: 0.06",True,170,1,5.14166355650266
tehdit,tehdidi,NOUN,NOUN,,,,,True,5,0,1.791759469228055
orta,ortadan,ADJ,ADJ,0.38152477258790346,1.2401175427000042,NOUN,"NOUN: 0.56, ADJ: 0.38, VERB: 0.06",True,38,0,3.6635616461296463
kaldırma,kaldırma,NOUN,VERB,,,,,True,1,1,0.6931471805599453
ve,ve,CCONJ,CCONJ,0.23925769350174309,2.411623002364367,NUM,"NUM: 0.34, CCONJ: 0.24, ADJ: 0.14, DET: 0.11, PRON: 0.09, PROPN: 0.06",True,359,0,5.886104031450156
doğrudan,doğrudan,ADJ,ADV,,,,,True,1,1,0.6931471805599453
müdahale,müdahale,NOUN,NOUN,,,,,True,2,0,1.0986122886681098
et,etmek,VERB,VERB,0.021423477839648417,2.0747581498935594,AUX,"AUX: 0.33, ADP: 0.33, CCONJ: 0.23",True,260,0,5.564520407322694
için,için,ADP,ADP,0.4371344784042817,1.7284041476856495,AUX,"ADP: 0.44, AUX: 0.27, CCONJ: 0.25",True,159,0,5.075173815233827
de,de,CCONJ,CCONJ,0.13783772654910434,1.6723904656042283,AUX,"AUX: 0.44, ADP: 0.38, CCONJ: 0.14",True,326,0,5.7899601708972535
kimse,kimseden,NOUN,NOUN,0.030071231212396455,1.645199013552493,PRON,"PRON: 0.54, ADV: 0.26, CCONJ: 0.16",True,22,0,3.1354942159291497
izin,izin,NOUN,NOUN,,,,,True,8,0,2.1972245773362196
Allahaşkına,Allahaşkına,NOUN,NOUN,,,,,False,0,0,0.0
gerek,gerek,NOUN,NOUN,,,,,True,10,0,2.3978952727983707
yok,yok,ADJ,ADJ,0.19004932758774726,1.3228686251346322,VERB,"VERB: 0.63, ADJ: 0.19, ADV: 0.18",True,51,0,3.9512437185814275
.,.,PUNCT,PUNCT,,,,,True,3283,0,8.096817470572319
tartış,Tartışmayı,VERB,VERB,1.0,0.0,,VERB: 1.00,True,21,0,3.091042453358316
bir,bir,DET,DET,0.49958184875865663,1.6482580173109218,NUM,"DET: 0.50, NUM: 0.30, ADJ: 0.15",True,616,0,6.424869023905388
televizyon,televizyon,NOUN,NOUN,,,,,True,4,0,1.6094379124341003
muhabir,muhabirinin,NOUN,NOUN,,,,,True,3,0,1.3862943611198906
uçak,uçaktan,NOUN,NOUN,0.09848242424888279,2.3988667127377203,NUM,"NUM: 0.36, DET: 0.18, PRON: 0.14, ADJ: 0.13, NOUN: 0.10, PROPN: 0.09",True,62,0,4.143134726391533
"""","""",PUNCT,PUNCT,,,,,True,210,0,5.351858133476067
canlı,canlı,ADJ,ADJ,0.1897325570059489,1.3093193071232574,PRON,"PRON: 0.64, ADJ: 0.19, NOUN: 0.17",True,13,0,2.6390573296152584
yayın,yayına,NOUN,NOUN,,,,,True,7,0,2.0794415416798357
"""","""",PUNCT,PUNCT,,,,,True,210,0,5.351858133476067
geç,geçmeye,VERB,VERB,1.0,0.0,,VERB: 1.00,True,62,0,4.143134726391533
çalış,çalışması,VERB,VERB,0.650530576282453,1.1285592750273743,CCONJ,"VERB: 0.65, CCONJ: 0.30",True,64,0,4.174387269895637
başla,başlattı,VERB,VERB,0.7003594242233127,0.880851097931121,CCONJ,"VERB: 0.70, CCONJ: 0.30",True,83,0,4.430816798843313
.,.,PUNCT,PUNCT,,,,,True,3283,0,8.096817470572319
olay,Olayın,NOUN,NOUN,0.14473084876938566,0.8987501055667961,PRON,"PRON: 0.80, NOUN: 0.14, ADJ: 0.06",True,34,0,3.5553480614894135
dramatize,dramatize,NOUN,NOUN,,,,,False,0,0,0.0
et,edilmemesi,VERB,VERB,0.021423477839648417,2.0747581498935594,AUX,"AUX: 0.33, ADP: 0.33, CCONJ: 0.23",True,260,0,5.564520407322694
gerek,gerektiğini,VERB,VERB,0.5748381538387066,1.4766281055453563,CCONJ,"VERB: 0.57, CCONJ: 0.30, NOUN: 0.07, ADJ: 0.06",True,47,0,3.871201010907891
belir,belirten,VERB,VERB,0.6730954504846309,1.10235351077283,CCONJ,"VERB: 0.67, CCONJ: 0.28",True,28,0,3.367295829986474
ulaş,Ulaştırma,VERB,VERB,1.0,0.0,,VERB: 1.00,True,28,0,3.367295829986474
bakan,Bakanı,NOUN,NOUN,0.09843305354330971,1.9539121993849706,NUM,"NUM: 0.50, PROPN: 0.17, DET: 0.16, NOUN: 0.10, ADJ: 0.07",True,12,0,2.5649493574615367
Binali,Binali,PROPN,PROPN,,,,,True,1,0,0.6931471805599453
Yıldırım,Yıldırım,PROPN,PROPN,,,,,True,1,0,0.6931471805599453
",",",",PUNCT,PUNCT,,,,,True,2285,0,7.734558844354756
yap,yaptığı,VERB,VERB,1.0,0.0,,VERB: 1.00,True,209,0,5.3471075307174685
açıkla,açıklamada,VERB,VERB,0.6854106191249645,1.0179476719488185,CCONJ,"VERB: 0.69, CCONJ: 0.29",True,16,0,2.833213344056216
"""","""",PUNCT,PUNCT,,,,,True,210,0,5.351858133476067
önem,Önem,NOUN,NOUN,0.43315904159061264,0.9870702301970621,ADJ,"ADJ: 0.57, NOUN: 0.43",True,28,0,3.367295829986474
li,li,ADP,ADP,0.2797323618856777,2.3836488217196035,AUX,"AUX: 0.30, ADP: 0.28, CCONJ: 0.23, NUM: 0.08",True,182,0,5.209486152841421
bir,bir,NUM,NUM,0.3916735022215744,1.8552050660223744,DET,"DET: 0.40, NUM: 0.39, ADJ: 0.09, PROPN: 0.06, NOUN: 0.06",True,170,0,5.14166355650266
şey,şey,NOUN,NOUN,0.7797490937613291,0.7606253858126094,ADJ,"NOUN: 0.78, ADJ: 0.22",True,102,0,4.634728988229636
yok,yok,ADJ,ADJ,0.19004932758774726,1.3228686251346322,VERB,"VERB: 0.63, ADJ: 0.19, ADV: 0.18",True,51,0,3.9512437185814275
.,.,PUNCT,PUNCT,,,,,True,3283,0,8.096817470572319
gösterge,Göstergelerde,NOUN,NOUN,,,,,True,2,0,1.0986122886681098
bir,bir,DET,DET,0.49958184875865663,1.6482580173109218,NUM,"DET: 0.50, NUM: 0.30, ADJ: 0.15",True,616,0,6.424869023905388
anormallik,anormallik,NOUN,NOUN,,,,,False,0,0,0.0
ol,oldu,VERB,VERB,1.0,0.0,,VERB: 1.00,True,603,0,6.403574197934815
.,.,PUNCT,PUNCT,,,,,True,3283,0,8.096817470572319
bir,Bir,NUM,DET,0.3916735022215744,1.8552050660223744,DET,"DET: 0.40, NUM: 0.39, ADJ: 0.09, PROPN: 0.06, NOUN: 0.06",True,170,1,5.14166355650266
kelepçe,kelepçede,NOUN,NOUN,,,,,False,0,0,0.0
kaçak,kaçak,ADJ,NOUN,,,,,True,1,1,0.6931471805599453
var,var,ADJ,ADJ,0.06842400166907717,1.0397429867758838,VERB,"VERB: 0.74, ADV: 0.19, ADJ: 0.07",True,87,0,4.477336814478207
i,dı,AUX,AUX,0.47697018772995686,1.861138213598426,ADP,"AUX: 0.48, ADP: 0.26, CCONJ: 0.18, PROPN: 0.06",True,546,0,6.304448802421981
.,.,PUNCT,PUNCT,,,,,True,3283,0,8.096817470572319
o,O,PRON,PRON,0.5961784524857141,1.6538184960634559,ADV,"PRON: 0.60, ADV: 0.24, CCONJ: 0.07, PROPN: 0.05",True,264,0,5.579729825986222
da,da,CCONJ,CCONJ,0.13730810580889885,1.6721173968196932,AUX,"AUX: 0.44, ADP: 0.38, CCONJ: 0.14",True,275,0,5.62040086571715
hararet,hararetin,NOUN,NOUN,,,,,False,0,0,0.0
yüksek,yüksek,ADJ,ADJ,0.11209530699364736,1.6429335598108414,PRON,"PRON: 0.63, PROPN: 0.13, ADJ: 0.11, ADV: 0.10",True,11,0,2.4849066497880004
çık,çıkmasına,VERB,VERB,1.0,0.0,,VERB: 1.00,True,80,0,4.394449154672439
neden,neden,NOUN,NOUN,0.6864847591447512,0.8971896139560198,ADJ,"NOUN: 0.69, ADJ: 0.31",True,30,0,3.4339872044851463
ol,oldu,VERB,VERB,1.0,0.0,,VERB: 1.00,True,603,0,6.403574197934815
"""","""",PUNCT,PUNCT,,,,,True,210,0,5.351858133476067
de,dedi,VERB,VERB,0.7089626585740004,0.8700574815901702,CCONJ,"VERB: 0.71, CCONJ: 0.29",True,295,0,5.69035945432406
.,.,PUNCT,PUNCT,,,,,True,3283,0,8.096817470572319
uçak,Uçağın,NOUN,NOUN,0.09848242424888279,2.3988667127377203,NUM,"NUM: 0.36, DET: 0.18, PRON: 0.14, ADJ: 0.13, NOUN: 0.10, PROPN: 0.09",True,62,0,4.143134726391533
tam,tam,ADJ,ADJ,,,,,True,10,0,2.3978952727983707
iniş,inişi,NOUN,NOUN,,,,,True,3,0,1.3862943611198906
sıra,sırasında,NOUN,NOUN,0.21801908515437277,2.0406772673437534,PRON,"PRON: 0.45, NOUN: 0.22, PROPN: 0.14, ADV: 0.11, ADJ: 0.08",True,28,0,3.367295829986474
yolcu,yolculardan,NOUN,NOUN,,,,,True,3,0,1.3862943611198906
biri,birinin,PRON,PRON,0.5133797510665434,1.4806435961268336,ADJ,"PRON: 0.51, ADJ: 0.27, NOUN: 0.21",True,41,0,3.7376696182833684
cep,cep,NOUN,NOUN,,,,,True,4,0,1.6094379124341003
telefon,telefonu,NOUN,NOUN,0.6896431117106226,0.8935849951313106,ADJ,"NOUN: 0.69, ADJ: 0.31",True,13,0,2.6390573296152584
aç,açtığının,VERB,VERB,1.0,0.0,,VERB: 1.00,True,44,0,3.8066624897703196
tespit,tespit,NOUN,NOUN,,,,,True,1,0,0.6931471805599453
et,edildiğini,VERB,VERB,0.021423477839648417,2.0747581498935594,AUX,"AUX: 0.33, ADP: 0.33, CCONJ: 0.23",True,260,0,5.564520407322694
bil,bildiren,VERB,VERB,0.6930942464089043,1.0036086273143747,CCONJ,"VERB: 0.69, CCONJ: 0.28",True,101,0,4.624972813284271
Yıldırım,Yıldırım,PROPN,PROPN,,,,,True,1,0,0.6931471805599453
",",",",PUNCT,PUNCT,,,,,True,2285,0,7.734558844354756
"""","""",PUNCT,PUNCT,,,,,True,210,0,5.351858133476067
cep,Cep,NOUN,NOUN,,,,,True,4,0,1.6094379124341003
telefon,telefonunun,NOUN,NOUN,0.6896431117106226,0.8935849951313106,ADJ,"NOUN: 0.69, ADJ: 0.31",True,13,0,2.6390573296152584
aç,açılmaması,VERB,VERB,1.0,0.0,,VERB: 1.00,True,44,0,3.8066624897703196
gerek,gerekirdi,VERB,VERB,0.5748381538387066,1.4766281055453563,CCONJ,"VERB: 0.57, CCONJ: 0.30, NOUN: 0.07, ADJ: 0.06",True,47,0,3.871201010907891
.,.,PUNCT,PUNCT,,,,,True,3283,0,8.096817470572319
bu,Bu,PRON,PRON,0.7006788109102466,1.3923524752663319,ADV,"PRON: 0.70, ADV: 0.14, CCONJ: 0.09, NOUN: 0.05",True,171,0,5.147494476813453
büyük,büyük,ADJ,ADJ,0.14477411515577987,1.3823539050949016,DET,"DET: 0.57, NUM: 0.29, ADJ: 0.14",True,65,0,4.189654742026425
risk,risk,NOUN,NOUN,,,,,True,5,0,1.791759469228055
i,ti,AUX,AUX,0.47697018772995686,1.861138213598426,ADP,"AUX: 0.48, ADP: 0.26, CCONJ: 0.18, PROPN: 0.06",True,546,0,6.304448802421981
.,.,PUNCT,PUNCT,,,,,True,3283,0,8.096817470572319
ama,Ama,CCONJ,CCONJ,0.26313102212215905,1.8047829885976687,PRON,"PRON: 0.46, CCONJ: 0.26, ADV: 0.22",True,139,0,4.941642422609304
bir,bir,NUM,NUM,0.3916735022215744,1.8552050660223744,DET,"DET: 0.40, NUM: 0.39, ADJ: 0.09, PROPN: 0.06, NOUN: 0.06",True,170,0,5.14166355650266
şey,şey,NOUN,NOUN,0.7797490937613291,0.7606253858126094,ADJ,"NOUN: 0.78, ADJ: 0.22",True,102,0,4.634728988229636
ol,olmadı,VERB,VERB,1.0,0.0,,VERB: 1.00,True,603,0,6.403574197934815
"""","""",PUNCT,PUNCT,,,,,True,210,0,5.351858133476067
de,dedi,VERB,VERB,0.7089626585740004,0.8700574815901702,CCONJ,"VERB: 0.71, CCONJ: 0.29",True,295,0,5.69035945432406
.,.,PUNCT,PUNCT,,,,,True,3283,0,8.096817470572319
Çin,Çin,PROPN,PROPN,,,,,True,1,0,0.6931471805599453
komünist,Komünist,NOUN,NOUN,,,,,True,2,0,1.0986122886681098
parti,Partisi'yle,NOUN,NOUN,0.5371772023324642,0.9960082914984981,ADJ,"NOUN: 0.54, ADJ: 0.46",True,15,0,2.772588722239781
işbirliği,işbirliği,NOUN,NOUN,,,,,False,0,0,0.0
karar,kararı,NOUN,NOUN,0.6289291734064841,1.1965592865096546,ADJ,"NOUN: 0.63, ADJ: 0.31, VERB: 0.06",True,31,0,3.4657359027997265
al,alan,VERB,VERB,1.0,0.0,,VERB: 1.00,True,169,0,5.135798437050262
Yankee,yankee,PROPN,PROPN,,,,,False,0,0,0.0
",",",",PUNCT,PUNCT,,,,,True,2285,0,7.734558844354756
Avrupa,Avrupa'da,PROPN,PROPN,0.0,1.4701189580893763,PRON,"PRON: 0.64, ADV: 0.19, ADJ: 0.11, NOUN: 0.06",True,13,0,2.6390573296152584
da,da,CCONJ,CCONJ,0.13730810580889885,1.6721173968196932,AUX,"AUX: 0.44, ADP: 0.38, CCONJ: 0.14",True,275,0,5.62040086571715
hıristiyan,Hıristiyan,NOUN,NOUN,,,,,True,1,0,0.6931471805599453
demokrat,Demokratlar'a,ADJ,ADJ,,,,,True,2,0,1.0986122886681098
üye,üye,NOUN,NOUN,,,,,True,5,0,1.791759469228055
ol,olmaya,VERB,VERB,1.0,0.0,,VERB: 1.00,True,603,0,6.403574197934815
hazırla,hazırlanıyor,VERB,VERB,1.0,0.0,,VERB: 1.00,True,25,0,3.258096538021482
.,.,PUNCT,PUNCT,,,,,True,3283,0,8.096817470572319
Akgüney,Akgüney,PROPN,PROPN,,,,,False,0,0,0.0
dış,dış,ADJ,ADJ,0.45413399165948337,1.2599142994957258,NOUN,"NOUN: 0.49, ADJ: 0.45, VERB: 0.06",True,12,0,2.5649493574615367
ilişki,ilişkilerden,NOUN,NOUN,0.6341712050128674,1.193890856830851,ADJ,"NOUN: 0.63, ADJ: 0.30, VERB: 0.06",True,14,0,2.70805020110221
sorumlu,sorumlu,ADJ,ADJ,,,,,True,2,0,1.0986122886681098
genel,Genel,ADJ,ADJ,0.09993643416089888,2.1175466099980675,NUM,"NUM: 0.42, CCONJ: 0.21, DET: 0.20, ADJ: 0.10, PROPN: 0.05",True,21,0,3.091042453358316
başkan,Başkan,NOUN,NOUN,0.5589749876751691,1.2408104327014762,ADJ,"NOUN: 0.56, ADJ: 0.38, VERB: 0.06",True,24,0,3.2188758248682006
yardımcı,Yardımcısı,NOUN,NOUN,,,,,True,9,0,2.302585092994046
Şaban,Şaban,PROPN,PROPN,,,,,False,0,0,0.0
Dişli,Dişli,PROPN,PROPN,,,,,False,0,0,0.0
",",",",PUNCT,PUNCT,,,,,True,2285,0,7.734558844354756
hıristiyan,Hıristiyan,NOUN,NOUN,,,,,True,1,0,0.6931471805599453
demokrat,Demokratlar'dan,ADJ,ADJ,,,,,True,2,0,1.0986122886681098
kendi,kendilerine,PRON,PRON,0.6796575105452602,1.4263748283851931,ADV,"PRON: 0.68, ADV: 0.19, PROPN: 0.06",True,126,0,4.844187086458591
üye,üye,NOUN,NOUN,,,,,True,5,0,1.791759469228055
ol,olmaları,VERB,VERB,1.0,0.0,,VERB: 1.00,True,603,0,6.403574197934815
yön,yönünde,NOUN,NOUN,0.77928827027052,0.7614649727678725,ADJ,"NOUN: 0.78, ADJ: 0.22",True,14,0,2.70805020110221
öneri,öneri,NOUN,NOUN,,,,,True,3,0,1.3862943611198906
gel,geldiğini,VERB,VERB,1.0,0.0,,VERB: 1.00,True,166,0,5.117993812416755
söyle,söyledi,VERB,VERB,0.721528986702589,0.8533590847777625,CCONJ,"VERB: 0.72, CCONJ: 0.28",True,89,0,4.499809670330265
.,.,PUNCT,PUNCT,,,,,True,3283,0,8.096817470572319
davet,Davetin,NOUN,NOUN,,,,,True,6,0,1.9459101490553132
aralık,Aralık,NOUN,NOUN,,,,,True,3,0,1.3862943611198906
2002,2002'de,NUM,NUM,,,,,False,0,0,0.0
Ankara,Ankara'ya,PROPN,PROPN,0.6445927071143654,1.27731531885719,NOUN,"PROPN: 0.64, NOUN: 0.22, ADJ: 0.13",True,15,0,2.772588722239781
gel,gelerek,VERB,VERB,1.0,0.0,,VERB: 1.00,True,166,0,5.117993812416755
Erdoğan,Erdoğan,PROPN,PROPN,,,,,True,8,0,2.1972245773362196
ile,ile,CCONJ,CCONJ,0.3764593242479542,2.1137914166498284,ADP,"CCONJ: 0.38, ADP: 0.37, NUM: 0.11, PROPN: 0.05",True,72,0,4.290459441148391
görüş,görüşen,VERB,VERB,1.0,0.0,,VERB: 1.00,True,12,0,2.5649493574615367
Yunanistan,Yunanistan'ın,PROPN,PROPN,,,,,False,0,0,0.0
ana,ana,ADJ,ADJ,0.14175382169670167,1.9379249598637027,DET,"DET: 0.51, NUM: 0.18, ADJ: 0.14, PROPN: 0.08, NOUN: 0.08",True,11,0,2.4849066497880004
muhalefet,muhalefet,NOUN,NOUN,,,,,False,0,0,0.0
lider,lideri,NOUN,NOUN,,,,,False,0,0,0.0
Karamanlis,Karamanlis,PROPN,PROPN,,,,,False,0,0,0.0
taraf,tarafından,NOUN,NOUN,0.5377353304276802,0.9958874246128571,ADJ,"NOUN: 0.54, ADJ: 0.46",True,23,0,3.1780538303479458
yap,yapıldığını,VERB,VERB,1.0,0.0,,VERB: 1.00,True,209,0,5.3471075307174685
kaydet,kaydeden,VERB,VERB,0.726558632177668,0.8463595544531956,CCONJ,"VERB: 0.73, CCONJ: 0.27",True,11,0,2.4849066497880004
Dişli,Dişli,PROPN,PROPN,,,,,False,0,0,0.0
",",",",PUNCT,PUNCT,,,,,True,2285,0,7.734558844354756
bu,buna,PRON,PRON,0.7006788109102466,1.3923524752663319,ADV,"PRON: 0.70, ADV: 0.14, CCONJ: 0.09, NOUN: 0.05",True,171,0,5.147494476813453
yönelik,yönelik,ADP,ADP,,,,,True,5,0,1.791759469228055
çalış,çalışmalarda,VERB,VERB,0.650530576282453,1.1285592750273743,CCONJ,"VERB: 0.65, CCONJ: 0.30",True,64,0,4.174387269895637
bulun,bulunulduğunu,VERB,VERB,1.0,0.0,,VERB: 1.00,True,18,0,2.9444389791664403
bil,bildirdi,VERB,VERB,0.6930942464089043,1.0036086273143747,CCONJ,"VERB: 0.69, CCONJ: 0.28",True,101,0,4.624972813284271
.,.,PUNCT,PUNCT,,,,,True,3283,0,8.096817470572319
biz,Bize,PRON,PRON,0.5140713310358356,1.872132039681025,ADV,"PRON: 0.51, ADV: 0.19, CCONJ: 0.17, PROPN: 0.06, NOUN: 0.05",True,86,0,4.465908118654584
uygun,uygun,ADJ,ADJ,,,,,True,9,0,2.302585092994046
düş,düşüyor,VERB,VERB,1.0,0.0,,VERB: 1.00,True,32,0,3.4965075614664802
.,.,PUNCT,PUNCT,,,,,True,3283,0,8.096817470572319
parti,Parti,NOUN,NOUN,0.5371772023324642,0.9960082914984981,ADJ,"NOUN: 0.54, ADJ: 0.46",True,15,0,2.772588722239781
olarak,olarak,ADP,ADP,0.36855824759231326,2.0508940487493934,AUX,"ADP: 0.37, AUX: 0.30, CCONJ: 0.24",True,71,0,4.276666119016055
henüz,henüz,ADV,ADV,,,,,True,4,0,1.6094379124341003
net,net,NOUN,ADJ,,,,,True,4,1,1.6094379124341003
karar,karar,NOUN,NOUN,0.6289291734064841,1.1965592865096546,ADJ,"NOUN: 0.63, ADJ: 0.31, VERB: 0.06",True,31,0,3.4657359027997265
ver,vermediklerini,VERB,VERB,1.0,0.0,,VERB: 1.00,True,138,0,4.9344739331306915
ancak,ancak,CCONJ,CCONJ,0.3387760771315332,1.840793145532436,PRON,"PRON: 0.38, CCONJ: 0.34, ADV: 0.22",True,28,0,3.367295829986474
",",",",PUNCT,PUNCT,,,,,True,2285,0,7.734558844354756
hıristiyan,Hıristiyan,NOUN,NOUN,,,,,True,1,0,0.6931471805599453
demokrat,Demokrat,ADJ,ADJ,,,,,True,2,0,1.0986122886681098
üyelik,üyeliğe,NOUN,NOUN,,,,,False,0,0,0.0
daha,daha,ADV,ADV,0.16216742905437215,2.279909832774521,PRON,"PRON: 0.30, CCONJ: 0.27, PROPN: 0.19, ADV: 0.16",True,127,0,4.852030263919617
sıcak,sıcak,ADJ,ADJ,,,,,True,8,0,2.1972245773362196
bak,baktıklarını,VERB,VERB,1.0,0.0,,VERB: 1.00,True,85,0,4.454347296253507
vurgula,vurgulayan,VERB,VERB,,,,,True,5,0,1.791759469228055
Dişli,Dişli,PROPN,PROPN,,,,,False,0,0,0.0
şöyle,şöyle,ADV,ADV,0.09598023786135869,1.721962989915918,PRON,"PRON: 0.58, ADJ: 0.17, NOUN: 0.13, ADV: 0.10",True,22,0,3.1354942159291497
konuş,konuştu,VERB,VERB,1.0,0.0,,VERB: 1.00,True,61,0,4.127134385045092
:,:,PUNCT,PUNCT,,,,,True,127,0,4.852030263919617
.,.,PUNCT,PUNCT,,,,,True,3283,0,8.096817470572319
"""","""",PUNCT,PUNCT,,,,,True,210,0,5.351858133476067
o,Onlarda,PRON,PRON,0.5961784524857141,1.6538184960634559,ADV,"PRON: 0.60, ADV: 0.24, CCONJ: 0.07, PROPN: 0.05",True,264,0,5.579729825986222
da,da,CCONJ,CCONJ,0.13730810580889885,1.6721173968196932,AUX,"AUX: 0.44, ADP: 0.38, CCONJ: 0.14",True,275,0,5.62040086571715
hıristiyan,Hıristiyan,NOUN,NOUN,,,,,True,1,0,0.6931471805599453
lik,lık,ADP,ADP,0.33964052826958785,2.298304718960893,AUX,"ADP: 0.34, AUX: 0.27, CCONJ: 0.22, NUM: 0.08",True,26,0,3.295836866004329
ve,ve,CCONJ,CCONJ,0.23925769350174309,2.411623002364367,NUM,"NUM: 0.34, CCONJ: 0.24, ADJ: 0.14, DET: 0.11, PRON: 0.09, PROPN: 0.06",True,359,0,5.886104031450156
demokrasi,demokrasinin,NOUN,NOUN,,,,,True,2,0,1.0986122886681098
bir,bir,NUM,DET,0.3916735022215744,1.8552050660223744,DET,"DET: 0.40, NUM: 0.39, ADJ: 0.09, PROPN: 0.06, NOUN: 0.06",True,170,1,5.14166355650266
ara,arada,ADJ,ADJ,0.45952551652597307,0.9952680248528016,NOUN,"NOUN: 0.54, ADJ: 0.46",True,73,0,4.30406509320417
ol,olup,VERB,VERB,1.0,0.0,,VERB: 1.00,True,603,0,6.403574197934815
uyum,uyum,NOUN,NOUN,,,,,True,6,0,1.9459101490553132
iç,içinde,ADJ,ADJ,0.5266476463656918,0.9979501219428724,NOUN,"ADJ: 0.53, NOUN: 0.47",True,71,0,4.276666119016055
yaşa,yaşaması,VERB,VERB,1.0,0.0,,VERB: 1.00,True,55,0,4.02535169073515
var,var,ADJ,ADJ,0.06842400166907717,1.0397429867758838,VERB,"VERB: 0.74, ADV: 0.19, ADJ: 0.07",True,87,0,4.477336814478207
.,.,PUNCT,PUNCT,,,,,True,3283,0,8.096817470572319
bu,Bu,PRON,DET,0.7006788109102466,1.3923524752663319,ADV,"PRON: 0.70, ADV: 0.14, CCONJ: 0.09, NOUN: 0.05",True,171,1,5.147494476813453
biz,bizim,PRON,PRON,0.5140713310358356,1.872132039681025,ADV,"PRON: 0.51, ADV: 0.19, CCONJ: 0.17, PROPN: 0.06, NOUN: 0.05",True,86,0,4.465908118654584
savun,savunduğumuz,VERB,VERB,0.6756481642329369,1.116484832333519,ADJ,"VERB: 0.68, ADJ: 0.27, NOUN: 0.05",True,14,0,2.70805020110221
model,modele,NOUN,NOUN,,,,,True,6,0,1.9459101490553132
de,de,CCONJ,CCONJ,0.13783772654910434,1.6723904656042283,AUX,"AUX: 0.44, ADP: 0.38, CCONJ: 0.14",True,326,0,5.7899601708972535
uy,uyan,VERB,VERB,,,,,True,9,0,2.302585092994046
bir,bir,DET,DET,0.49958184875865663,1.6482580173109218,NUM,"DET: 0.50, NUM: 0.30, ADJ: 0.15",True,616,0,6.424869023905388
yapı,yapı,NOUN,NOUN,0.7798968950609049,0.7603557248669875,ADJ,"NOUN: 0.78, ADJ: 0.22",True,19,0,2.995732273553991
.,.,PUNCT,PUNCT,,,,,True,3283,0,8.096817470572319
çünkü,Çünkü,CCONJ,CCONJ,0.28720708993411687,1.8754575576945738,PRON,"PRON: 0.41, CCONJ: 0.29, ADV: 0.23, PROPN: 0.05",True,28,0,3.367295829986474
",",",",PUNCT,PUNCT,,,,,True,2285,0,7.734558844354756
biz,biz,PRON,PRON,0.5140713310358356,1.872132039681025,ADV,"PRON: 0.51, ADV: 0.19, CCONJ: 0.17, PROPN: 0.06, NOUN: 0.05",True,86,0,4.465908118654584
de,de,CCONJ,CCONJ,0.13783772654910434,1.6723904656042283,AUX,"AUX: 0.44, ADP: 0.38, CCONJ: 0.14",True,326,0,5.7899601708972535
İslam,İslam,PROPN,NOUN,,,,,False,0,1,0.0
ile,ile,CCONJ,CCONJ,0.3764593242479542,2.1137914166498284,ADP,"CCONJ: 0.38, ADP: 0.37, NUM: 0.11, PROPN: 0.05",True,72,0,4.290459441148391
demokrasi,demokrasinin,NOUN,NOUN,,,,,True,2,0,1.0986122886681098
bir,bir,NUM,DET,0.3916735022215744,1.8552050660223744,DET,"DET: 0.40, NUM: 0.39, ADJ: 0.09, PROPN: 0.06, NOUN: 0.06",True,170,1,5.14166355650266
ara,arada,ADJ,ADJ,0.45952551652597307,0.9952680248528016,NOUN,"NOUN: 0.54, ADJ: 0.46",True,73,0,4.30406509320417
uyum,uyum,NOUN,NOUN,,,,,True,6,0,1.9459101490553132
iç,içinde,ADJ,ADJ,0.5266476463656918,0.9979501219428724,NOUN,"ADJ: 0.53, NOUN: 0.47",True,71,0,4.276666119016055
yaşa,yaşayabileceğini,VERB,VERB,1.0,0.0,,VERB: 1.00,True,55,0,4.02535169073515
savun,savunuyoruz,VERB,VERB,0.6756481642329369,1.116484832333519,ADJ,"VERB: 0.68, ADJ: 0.27, NOUN: 0.05",True,14,0,2.70805020110221
.,.,PUNCT,PUNCT,,,,,True,3283,0,8.096817470572319
yani,Yani,CCONJ,CCONJ,0.1511960876553542,1.9943093975910733,PRON,"PRON: 0.43, PROPN: 0.22, ADV: 0.17, CCONJ: 0.15",True,17,0,2.8903717578961645
bu,bu,DET,DET,0.6017857940157323,1.5300103231456785,NUM,"DET: 0.60, NUM: 0.20, ADJ: 0.15",True,350,0,5.860786223465865
model,model,NOUN,NOUN,,,,,True,6,0,1.9459101490553132
",",",",PUNCT,PUNCT,,,,,True,2285,0,7.734558844354756
biz,bize,PRON,PRON,0.5140713310358356,1.872132039681025,ADV,"PRON: 0.51, ADV: 0.19, CCONJ: 0.17, PROPN: 0.06, NOUN: 0.05",True,86,0,4.465908118654584
de,de,CCONJ,CCONJ,0.13783772654910434,1.6723904656042283,AUX,"AUX: 0.44, ADP: 0.38, CCONJ: 0.14",True,326,0,5.7899601708972535
uygun,uygun,ADJ,ADJ,,,,,True,9,0,2.302585092994046
düş,düşüyor,VERB,VERB,1.0,0.0,,VERB: 1.00,True,32,0,3.4965075614664802
.,.,PUNCT,PUNCT,,,,,True,3283,0,8.096817470572319
cumhurbaşkanı,Cumhurbaşkanı,NOUN,NOUN,,,,,True,8,0,2.1972245773362196
Ahmet,Ahmet,PROPN,PROPN,,,,,True,1,0,0.6931471805599453
Necdet,Necdet,PROPN,PROPN,,,,,True,1,0,0.6931471805599453
Sezer,Sezer,PROPN,PROPN,,,,,True,3,0,1.3862943611198906
",",",",PUNCT,PUNCT,,,,,True,2285,0,7.734558844354756
Akgüney,Akgüney,PROPN,PROPN,,,,,False,0,0,0.0
genel,Genel,ADJ,ADJ,0.09993643416089888,2.1175466099980675,NUM,"NUM: 0.42, CCONJ: 0.21, DET: 0.20, ADJ: 0.10, PROPN: 0.05",True,21,0,3.091042453358316
başkan,Başkanı,NOUN,NOUN,0.5589749876751691,1.2408104327014762,ADJ,"NOUN: 0.56, ADJ: 0.38, VERB: 0.06",True,24,0,3.2188758248682006
Recep,Recep,PROPN,PROPN,0.3657960513920496,1.8816785993623764,PRON,"PROPN: 0.37, PRON: 0.34, ADV: 0.22, NOUN: 0.06",True,22,0,3.1354942159291497
Tayyip,Tayyip,PROPN,PROPN,,,,,True,4,0,1.6094379124341003
Erdoğan,Erdoğan'ın,PROPN,PROPN,,,,,True,8,0,2.1972245773362196
TCK,TCK'nın,NOUN,NOUN,,,,,False,0,0,0.0
üçyüzoniki,üçyüzoniki,NUM,NUM,,,,,False,0,0,0.0
.,.,PUNCT,PUNCT,,,,,True,3283,0,8.096817470572319
madde,maddesinden,NOUN,NOUN,0.2573428168019077,1.732501364476362,PRON,"PRON: 0.50, NOUN: 0.26, PROPN: 0.16, ADJ: 0.09",True,21,0,3.091042453358316
al,aldığı,VERB,VERB,1.0,0.0,,VERB: 1.00,True,169,0,5.135798437050262
ceza,cezaya,NOUN,NOUN,0.5759654048089401,1.354932294657968,ADJ,"NOUN: 0.58, ADJ: 0.30, VERB: 0.13",True,15,0,2.772588722239781
ilişkin,ilişkin,ADP,ADP,0.680428459192524,1.2642720722408258,CCONJ,"ADP: 0.68, CCONJ: 0.23",True,12,0,2.5649493574615367
hak,hak,NOUN,NOUN,0.7806780603786757,0.7589274505193416,ADJ,"NOUN: 0.78, ADJ: 0.22",True,19,0,2.995732273553991
kısıtla,kısıtlamalarını,VERB,VERB,,,,,False,0,0,0.0
tamamen,tamamen,ADV,ADV,,,,,True,6,0,1.9459101490553132
orta,ortadan,ADJ,ADJ,0.38152477258790346,1.2401175427000042,NOUN,"NOUN: 0.56, ADJ: 0.38, VERB: 0.06",True,38,0,3.6635616461296463
kal,kaldıran,VERB,VERB,1.0,0.0,,VERB: 1.00,True,77,0,4.356708826689592
basın,basın,NOUN,NOUN,,,,,True,3,0,1.3862943611198906
yol,yoluyla,NOUN,NOUN,0.6842241948632438,0.8997285111212396,ADJ,"NOUN: 0.68, ADJ: 0.32",True,46,0,3.8501476017100584
işle,işlenen,VERB,VERB,,,,,True,9,0,2.302585092994046
suç,suçların,NOUN,NOUN,,,,,True,3,0,1.3862943611198906
ertele,ertelenmesine,VERB,VERB,,,,,True,1,0,0.6931471805599453
ilişkin,ilişkin,ADP,ADP,0.680428459192524,1.2642720722408258,CCONJ,"ADP: 0.68, CCONJ: 0.23",True,12,0,2.5649493574615367
yasa,yasayı,NOUN,NOUN,0.6871700177348729,0.8964132229967223,ADJ,"NOUN: 0.69, ADJ: 0.31",True,15,0,2.772588722239781
veto,veto,NOUN,NOUN,,,,,True,1,0,0.6931471805599453
et,etti,VERB,VERB,0.021423477839648417,2.0747581498935594,AUX,"AUX: 0.33, ADP: 0.33, CCONJ: 0.23",True,260,0,5.564520407322694
.,.,PUNCT,PUNCT,,,,,True,3283,0,8.096817470572319
Sezer,Sezer'in,PROPN,PROPN,,,,,True,3,0,1.3862943611198906
",",",",PUNCT,PUNCT,,,,,True,2285,0,7.734558844354756
"""","""",PUNCT,PUNCT,,,,,True,210,0,5.351858133476067
ertele,erteleme,VERB,VERB,,,,,True,1,0,0.6931471805599453
değil,değil,CCONJ,CCONJ,0.0,0.0,VERB,VERB: 1.00,True,20,0,3.044522437723423
",",",",PUNCT,PUNCT,,,,,True,2285,0,7.734558844354756
af,af,NOUN,NOUN,,,,,True,1,0,0.6931471805599453
"""","""",PUNCT,PUNCT,,,,,True,210,0,5.351858133476067
diye,diye,ADP,ADP,0.26515728248607623,2.352927457262911,AUX,"AUX: 0.34, ADP: 0.27, PRON: 0.15, CCONJ: 0.13",True,107,0,4.68213122712422
nitelendir,nitelendirdiği,VERB,VERB,,,,,True,1,0,0.6931471805599453
yasa,yasayı,NOUN,NOUN,0.6871700177348729,0.8964132229967223,ADJ,"NOUN: 0.69, ADJ: 0.31",True,15,0,2.772588722239781
veto,veto,NOUN,NOUN,,,,,True,1,0,0.6931471805599453
et,etmesi,VERB,VERB,0.021423477839648417,2.0747581498935594,AUX,"AUX: 0.33, ADP: 0.33, CCONJ: 0.23",True,260,0,5.564520407322694
",",",",PUNCT,PUNCT,,,,,True,2285,0,7.734558844354756
Ab,AB,NOUN,NOUN,,,,,True,6,0,1.9459101490553132
uyum,uyum,NOUN,NOUN,,,,,True,6,0,1.9459101490553132
yasa,yasaları,NOUN,NOUN,0.6871700177348729,0.8964132229967223,ADJ,"NOUN: 0.69, ADJ: 0.31",True,15,0,2.772588722239781
ile,ile,CCONJ,CCONJ,0.3764593242479542,2.1137914166498284,ADP,"CCONJ: 0.38, ADP: 0.37, NUM: 0.11, PROPN: 0.05",True,72,0,4.290459441148391
ön,öne,ADJ,ADJ,0.45739573711896436,1.2559973268911384,NOUN,"NOUN: 0.49, ADJ: 0.46, VERB: 0.06",True,36,0,3.6109179126442243
aç,açılan,VERB,VERB,1.0,0.0,,VERB: 1.00,True,44,0,3.8066624897703196
Erdoğan,Erdoğan'ı,PROPN,PROPN,,,,,True,8,0,2.1972245773362196
etkile,etkilemeyecek,VERB,VERB,1.0,0.0,,VERB: 1.00,True,12,0,2.5649493574615367
.,.,PUNCT,PUNCT,,,,,True,3283,0,8.096817470572319
Erdoğan,Erdoğan'ın,PROPN,PROPN,,,,,True,8,0,2.1972245773362196
ön,önünü,ADJ,ADJ,0.45739573711896436,1.2559973268911384,NOUN,"NOUN: 0.49, ADJ: 0.46, VERB: 0.06",True,36,0,3.6109179126442243
aç,açan,VERB,VERB,1.0,0.0,,VERB: 1.00,True,44,0,3.8066624897703196
anayasa,Anayasa,NOUN,NOUN,,,,,True,8,0,2.1972245773362196
değişiklik,değişikliklerini,NOUN,NOUN,,,,,True,8,0,2.1972245773362196
daha,daha,ADV,ADV,0.16216742905437215,2.279909832774521,PRON,"PRON: 0.30, CCONJ: 0.27, PROPN: 0.19, ADV: 0.16",True,127,0,4.852030263919617
önce,önce,ADP,ADP,0.5161242363988484,1.7862775296674653,CCONJ,"ADP: 0.52, CCONJ: 0.30, NUM: 0.10",True,41,0,3.7376696182833684
"""","""",PUNCT,PUNCT,,,,,True,210,0,5.351858133476067
kişi,kişiye,NOUN,NOUN,0.7739422470129287,0.7710755240752433,ADJ,"NOUN: 0.77, ADJ: 0.23",True,38,0,3.6635616461296463
özel,özel,ADJ,ADJ,0.15163901164851568,1.5287530846041504,DET,"DET: 0.60, NUM: 0.20, ADJ: 0.15",True,16,0,2.833213344056216
düzenle,düzenleme,VERB,VERB,0.7159895136313977,1.141525206878059,ADJ,"VERB: 0.72, ADJ: 0.16, NOUN: 0.12",True,14,0,2.70805020110221
"""","""",PUNCT,PUNCT,,,,,True,210,0,5.351858133476067
de,diyerek,VERB,VERB,0.7089626585740004,0.8700574815901702,CCONJ,"VERB: 0.71, CCONJ: 0.29",True,295,0,5.69035945432406
veto,veto,NOUN,NOUN,,,,,True,1,0,0.6931471805599453
et,eden,VERB,VERB,0.021423477839648417,2.0747581498935594,AUX,"AUX: 0.33, ADP: 0.33, CCONJ: 0.23",True,260,0,5.564520407322694
",",",",PUNCT,PUNCT,,,,,True,2285,0,7.734558844354756
ancak,ancak,CCONJ,CCONJ,0.3387760771315332,1.840793145532436,PRON,"PRON: 0.38, CCONJ: 0.34, ADV: 0.22",True,28,0,3.367295829986474
aynı,aynı,ADJ,ADJ,0.11957005345771128,1.4044471997085064,DET,"DET: 0.58, NUM: 0.29, ADJ: 0.12",True,44,0,3.8066624897703196
düzenle,düzenlemenin,VERB,VERB,0.7159895136313977,1.141525206878059,ADJ,"VERB: 0.72, ADJ: 0.16, NOUN: 0.12",True,14,0,2.70805020110221
Tbmm,TBMM,PROPN,PROPN,,,,,True,1,0,0.6931471805599453
taraf,tarafından,NOUN,NOUN,0.5377353304276802,0.9958874246128571,ADJ,"NOUN: 0.54, ADJ: 0.46",True,23,0,3.1780538303479458
yeniden,yeniden,ADV,ADV,0.21097570581915642,1.7793365705047433,PRON,"PRON: 0.55, ADV: 0.21, PROPN: 0.14, ADJ: 0.06",True,17,0,2.8903717578961645
ön,önüne,ADJ,ADJ,0.45739573711896436,1.2559973268911384,NOUN,"NOUN: 0.49, ADJ: 0.46, VERB: 0.06",True,36,0,3.6109179126442243
getir,getirilmesi,VERB,VERB,1.0,0.0,,VERB: 1.00,True,42,0,3.7612001156935624
üzer,üzerine,NOUN,NOUN,0.3732858720878324,1.2061022689833243,ADJ,"ADJ: 0.58, NOUN: 0.37, VERB: 0.05",True,45,0,3.828641396489095
değişiklik,değişiklikleri,NOUN,NOUN,,,,,True,8,0,2.1972245773362196
onayla,onaylayarak,VERB,VERB,,,,,True,1,0,0.6931471805599453
Erdoğan,Erdoğan'ın,PROPN,PROPN,,,,,True,8,0,2.1972245773362196
ön,önünü,ADJ,ADJ,0.45739573711896436,1.2559973268911384,NOUN,"NOUN: 0.49, ADJ: 0.46, VERB: 0.06",True,36,0,3.6109179126442243
aç,açan,VERB,VERB,1.0,0.0,,VERB: 1.00,True,44,0,3.8066624897703196
Sezer,Sezer,PROPN,PROPN,,,,,True,3,0,1.3862943611198906
",",",",PUNCT,PUNCT,,,,,True,2285,0,7.734558844354756
dün,dün,NOUN,NOUN,,,,,True,6,0,1.9459101490553132
de,de,CCONJ,CCONJ,0.13783772654910434,1.6723904656042283,AUX,"AUX: 0.44, ADP: 0.38, CCONJ: 0.14",True,326,0,5.7899601708972535
Akgüney,Akgüney,PROPN,PROPN,,,,,False,0,0,0.0
lider,lideri,NOUN,NOUN,,,,,False,0,0,0.0
için,için,ADP,ADP,0.4371344784042817,1.7284041476856495,AUX,"ADP: 0.44, AUX: 0.27, CCONJ: 0.25",True,159,0,5.075173815233827
yap,yapılan,VERB,VERB,1.0,0.0,,VERB: 1.00,True,209,0,5.3471075307174685
bir,bir,NUM,NUM,0.3916735022215744,1.8552050660223744,DET,"DET: 0.40, NUM: 0.39, ADJ: 0.09, PROPN: 0.06, NOUN: 0.06",True,170,0,5.14166355650266
başka,başka,ADP,ADP,,,,,True,4,0,1.6094379124341003
düzenle,düzenlemeyi,VERB,VERB,0.7159895136313977,1.141525206878059,ADJ,"VERB: 0.72, ADJ: 0.16, NOUN: 0.12",True,14,0,2.70805020110221
veto,veto,NOUN,NOUN,,,,,True,1,0,0.6931471805599453
et,etti,VERB,VERB,0.021423477839648417,2.0747581498935594,AUX,"AUX: 0.33, ADP: 0.33, CCONJ: 0.23",True,260,0,5.564520407322694
.,.,PUNCT,PUNCT,,,,,True,3283,0,8.096817470572319
anayasa,Anayasa,NOUN,NOUN,,,,,True,8,0,2.1972245773362196
uyarınca,uyarınca,ADP,NOUN,,,,,False,0,1,0.0
genel,genel,ADJ,ADJ,0.09993643416089888,2.1175466099980675,NUM,"NUM: 0.42, CCONJ: 0.21, DET: 0.20, ADJ: 0.10, PROPN: 0.05",True,21,0,3.091042453358316
ve,ve,CCONJ,CCONJ,0.23925769350174309,2.411623002364367,NUM,"NUM: 0.34, CCONJ: 0.24, ADJ: 0.14, DET: 0.11, PRON: 0.09, PROPN: 0.06",True,359,0,5.886104031450156
özel,özel,ADJ,ADJ,0.15163901164851568,1.5287530846041504,DET,"DET: 0.60, NUM: 0.20, ADJ: 0.15",True,16,0,2.833213344056216
af,af,NOUN,NOUN,,,,,True,1,0,0.6931471805599453
karar,kararının,NOUN,NOUN,0.6289291734064841,1.1965592865096546,ADJ,"NOUN: 0.63, ADJ: 0.31, VERB: 0.06",True,31,0,3.4657359027997265
Meclis,Meclis'te,PROPN,PROPN,,,,,True,2,0,1.0986122886681098
beş,beşte,NUM,NUM,0.5130197036369758,1.6874725574389133,DET,"NUM: 0.51, DET: 0.31, ADJ: 0.11, PROPN: 0.05",True,20,0,3.044522437723423
üç,üç,NUM,NUM,0.19830835997211554,1.9502238270590824,DET,"DET: 0.50, NUM: 0.20, ADJ: 0.14, PROPN: 0.10, CCONJ: 0.07",True,28,0,3.367295829986474
çoğunluk,çoğunlukla,NOUN,NOUN,,,,,True,2,0,1.0986122886681098
al,alınması,VERB,VERB,1.0,0.0,,VERB: 1.00,True,169,0,5.135798437050262
gerek,gerekir,VERB,VERB,0.5748381538387066,1.4766281055453563,CCONJ,"VERB: 0.57, CCONJ: 0.30, NOUN: 0.07, ADJ: 0.06",True,47,0,3.871201010907891
.,.,PUNCT,PUNCT,,,,,True,3283,0,8.096817470572319
Türk,Türk,ADJ,ADJ,0.08584160010646377,1.6785318657638812,NUM,"NUM: 0.53, DET: 0.31, ADJ: 0.09, PROPN: 0.05",True,19,0,2.995732273553991
parlamenter,Parlamenterler,NOUN,NOUN,,,,,False,0,0,0.0
birlik,Birliği'nin,NOUN,NOUN,,,,,True,9,0,2.302585092994046
"""","""",PUNCT,PUNCT,,,,,True,210,0,5.351858133476067
Kıbrıs,Kıbrıs,PROPN,PROPN,,,,,True,1,0,0.6931471805599453
sorun,Sorunu,NOUN,NOUN,0.7779423061342887,0.7639070323785578,ADJ,"NOUN: 0.78, ADJ: 0.22",True,18,0,2.9444389791664403
"""","""",PUNCT,PUNCT,,,,,True,210,0,5.351858133476067
konu,konu,NOUN,NOUN,0.7783535075459214,0.7631625742520879,ADJ,"NOUN: 0.78, ADJ: 0.22",True,51,0,3.9512437185814275
li,lu,ADP,ADP,0.2797323618856777,2.3836488217196035,AUX,"AUX: 0.30, ADP: 0.28, CCONJ: 0.23, NUM: 0.08",True,182,0,5.209486152841421
sempozyum,sempozyumuna,NOUN,NOUN,,,,,True,1,0,0.6931471805599453
kat,katılan,VERB,VERB,1.0,0.0,,VERB: 1.00,True,19,0,2.995732273553991
İngiliz,İngiliz,ADJ,ADJ,,,,,True,4,0,1.6094379124341003
konuşmacı,konuşmacılar,NOUN,NOUN,,,,,False,0,0,0.0
",",",",PUNCT,PUNCT,,,,,True,2285,0,7.734558844354756
"""","""",PUNCT,PUNCT,,,,,True,210,0,5.351858133476067
Reuters,Reuters'ın,PROPN,PROPN,,,,,False,0,0,0.0
plan,Planı'nın,NOUN,NOUN,,,,,True,8,0,2.1972245773362196
Türk,Türk,ADJ,ADJ,0.08584160010646377,1.6785318657638812,NUM,"NUM: 0.53, DET: 0.31, ADJ: 0.09, PROPN: 0.05",True,19,0,2.995732273553991
toplum,toplumunun,NOUN,NOUN,0.48719944933490034,1.5094379631236532,PROPN,"NOUN: 0.49, PROPN: 0.28, ADJ: 0.23",True,16,0,2.833213344056216
intihar,intiharı,NOUN,NOUN,,,,,True,7,0,2.0794415416798357
anlam,anlamına,NOUN,NOUN,1.0,0.0,,NOUN: 1.00,True,14,0,2.70805020110221
gel,geldiği,VERB,VERB,1.0,0.0,,VERB: 1.00,True,166,0,5.117993812416755
"""","""",PUNCT,PUNCT,,,,,True,210,0,5.351858133476067
uyarı,uyarısında,NOUN,NOUN,,,,,True,1,0,0.6931471805599453
bulun,bulundu,VERB,VERB,1.0,0.0,,VERB: 1.00,True,18,0,2.9444389791664403
.,.,PUNCT,PUNCT,,,,,True,3283,0,8.096817470572319
Linn,Linn,PROPN,PROPN,,,,,False,0,0,0.0
Johannes,Johannes,PROPN,PROPN,,,,,False,0,0,0.0
",",",",PUNCT,PUNCT,,,,,True,2285,0,7.734558844354756
plan,planın,NOUN,NOUN,,,,,True,8,0,2.1972245773362196
uzun,uzun,ADJ,ADJ,0.12210348386186666,1.3877243018568113,DET,"DET: 0.53, NUM: 0.35, ADJ: 0.12",True,24,0,3.2188758248682006
vade,vadede,NOUN,NOUN,0.5605400463066109,1.2459365335773893,ADJ,"NOUN: 0.56, ADJ: 0.38, VERB: 0.06",True,15,0,2.772588722239781
Türk,Türk,ADJ,ADJ,0.08584160010646377,1.6785318657638812,NUM,"NUM: 0.53, DET: 0.31, ADJ: 0.09, PROPN: 0.05",True,19,0,2.995732273553991
toplum,toplumunun,NOUN,NOUN,0.48719944933490034,1.5094379631236532,PROPN,"NOUN: 0.49, PROPN: 0.28, ADJ: 0.23",True,16,0,2.833213344056216
orta,ortadan,ADJ,ADJ,0.38152477258790346,1.2401175427000042,NOUN,"NOUN: 0.56, ADJ: 0.38, VERB: 0.06",True,38,0,3.6635616461296463
kalk,kalkmasına,VERB,VERB,0.318376600131841,0.9026073263581879,AUX,"AUX: 0.68, VERB: 0.32",True,20,0,3.044522437723423
neden,neden,NOUN,NOUN,0.6864847591447512,0.8971896139560198,ADJ,"NOUN: 0.69, ADJ: 0.31",True,30,0,3.4339872044851463
olacak,olacağını,ADJ,ADJ,0.11600682008236941,0.8841241031373779,NOUN,"NOUN: 0.81, ADJ: 0.12, VERB: 0.07",True,12,0,2.5649493574615367
belir,belirtirken,VERB,VERB,0.6730954504846309,1.10235351077283,CCONJ,"VERB: 0.67, CCONJ: 0.28",True,28,0,3.367295829986474
",",",",PUNCT,PUNCT,,,,,True,2285,0,7.734558844354756
Türk,Türklerin,ADJ,ADJ,0.08584160010646377,1.6785318657638812,NUM,"NUM: 0.53, DET: 0.31, ADJ: 0.09, PROPN: 0.05",True,19,0,2.995732273553991
yaşa,yaşadığı,VERB,VERB,1.0,0.0,,VERB: 1.00,True,55,0,4.02535169073515
yüzde,yüzde,NOUN,NUM,,,,,True,1,1,0.6931471805599453
28,28,NUM,NUM,,,,,False,0,0,0.0
lik,'lik,ADP,ADP,0.33964052826958785,2.298304718960893,AUX,"ADP: 0.34, AUX: 0.27, CCONJ: 0.22, NUM: 0.08",True,26,0,3.295836866004329
nüfus,nüfus,NOUN,NOUN,,,,,True,1,0,0.6931471805599453
alan,alanının,NOUN,NOUN,0.777623720405667,0.7644828438219868,ADJ,"NOUN: 0.78, ADJ: 0.22",True,27,0,3.332204510175204
Rum,Rum,ADJ,ADJ,,,,,True,1,0,0.6931471805599453
alan,alanı,NOUN,NOUN,0.777623720405667,0.7644828438219868,ADJ,"NOUN: 0.78, ADJ: 0.22",True,27,0,3.332204510175204
hal,haline,NOUN,NOUN,0.8827204932470027,0.5214900012617804,ADJ,"NOUN: 0.88, ADJ: 0.12",True,40,0,3.713572066704308
gel,gelebileceğini,VERB,VERB,1.0,0.0,,VERB: 1.00,True,166,0,5.117993812416755
söyle,söyledi,VERB,VERB,0.721528986702589,0.8533590847777625,CCONJ,"VERB: 0.72, CCONJ: 0.28",True,89,0,4.499809670330265
.,.,PUNCT,PUNCT,,,,,True,3283,0,8.096817470572319
Unakıtan,Unakıtan,PROPN,PROPN,,,,,False,0,0,0.0
",",",",PUNCT,PUNCT,,,,,True,2285,0,7.734558844354756
Kktc,KKTC'de,NOUN,NOUN,,,,,False,0,0,0.0
yap,yapılan,VERB,VERB,1.0,0.0,,VERB: 1.00,True,209,0,5.3471075307174685
Denktaş,Denktaş,PROPN,PROPN,,,,,False,0,0,0.0
karşıt,karşıtı,ADJ,NOUN,,,,,False,0,1,0.0
gösteri,gösterilerin,NOUN,NOUN,,,,,True,5,0,1.791759469228055
de,de,CCONJ,CCONJ,0.13783772654910434,1.6723904656042283,AUX,"AUX: 0.44, ADP: 0.38, CCONJ: 0.14",True,326,0,5.7899601708972535
Kıbrıs,Kıbrıs,PROPN,PROPN,,,,,True,1,0,0.6931471805599453
Türk,Türklerinin,ADJ,ADJ,0.08584160010646377,1.6785318657638812,NUM,"NUM: 0.53, DET: 0.31, ADJ: 0.09, PROPN: 0.05",True,19,0,2.995732273553991
Batı,Batı'da,PROPN,PROPN,,,,,False,0,0,0.0
ki,ki,ADP,ADP,0.352272282719127,2.181690690995641,AUX,"ADP: 0.35, AUX: 0.28, CCONJ: 0.23, NUM: 0.08",True,217,0,5.384495062789089
imaj,imajını,NOUN,NOUN,,,,,True,2,0,1.0986122886681098
boz,bozduğunu,VERB,VERB,,,,,True,9,0,2.302585092994046
belir,belirtti,VERB,VERB,0.6730954504846309,1.10235351077283,CCONJ,"VERB: 0.67, CCONJ: 0.28",True,28,0,3.367295829986474
.,.,PUNCT,PUNCT,,,,,True,3283,0,8.096817470572319
"""","""",PUNCT,PUNCT,,,,,True,210,0,5.351858133476067
plan,Plan,NOUN,NOUN,,,,,True,8,0,2.1972245773362196
ev,evlere,NOUN,NOUN,0.2165987183589658,2.0343315049689665,PRON,"PRON: 0.45, NOUN: 0.22, PROPN: 0.14, ADV: 0.11, ADJ: 0.08",True,113,0,4.736198448394496
dağıt,dağıtılsın,VERB,VERB,,,,,True,7,0,2.0794415416798357
"""","""",PUNCT,PUNCT,,,,,True,210,0,5.351858133476067
.,.,PUNCT,PUNCT,,,,,True,3283,0,8.096817470572319
Londra,Londra,PROPN,PROPN,,,,,False,0,0,0.0
üniversite,Üniversitesi'nden,NOUN,NOUN,,,,,True,9,0,2.302585092994046
Prof.,Prof.,PROPN,PROPN,,,,,True,1,0,0.6931471805599453
doktor,Dr.,NOUN,NOUN,,,,,True,6,0,1.9459101490553132
Linn,Linn,PROPN,PROPN,,,,,False,0,0,0.0
Linn,Linn,PROPN,PROPN,,,,,False,0,0,0.0
",",",",PUNCT,PUNCT,,,,,True,2285,0,7.734558844354756
plan,planın,NOUN,NOUN,,,,,True,8,0,2.1972245773362196
açık,açık,ADJ,ADJ,0.23663968679763936,1.2714857239905422,VERB,"VERB: 0.64, ADJ: 0.24, NOUN: 0.12",True,13,0,2.6390573296152584
seçik,seçik,ADJ,ADJ,,,,,False,0,0,0.0
bir,bir,DET,DET,0.49958184875865663,1.6482580173109218,NUM,"DET: 0.50, NUM: 0.30, ADJ: 0.15",True,616,0,6.424869023905388
Türkçe,Türkçe'yle,ADJ,NOUN,,,,,True,2,1,1.0986122886681098
yaz,yazılarak,VERB,VERB,1.0,0.0,,VERB: 1.00,True,35,0,3.58351893845611
ev,evlere,NOUN,NOUN,0.2165987183589658,2.0343315049689665,PRON,"PRON: 0.45, NOUN: 0.22, PROPN: 0.14, ADV: 0.11, ADJ: 0.08",True,113,0,4.736198448394496
gönder,gönderilmesi,VERB,VERB,1.0,0.0,,VERB: 1.00,True,12,0,2.5649493574615367
gerek,gerektiğini,VERB,VERB,0.5748381538387066,1.4766281055453563,CCONJ,"VERB: 0.57, CCONJ: 0.30, NOUN: 0.07, ADJ: 0.06",True,47,0,3.871201010907891
söyle,söyledi,VERB,VERB,0.721528986702589,0.8533590847777625,CCONJ,"VERB: 0.72, CCONJ: 0.28",True,89,0,4.499809670330265
.,.,PUNCT,PUNCT,,,,,True,3283,0,8.096817470572319
eski,Eski,ADJ,ADJ,0.12356482321186857,1.5251739549622578,DET,"DET: 0.67, ADJ: 0.12, NUM: 0.11, CCONJ: 0.08",True,21,0,3.091042453358316
İngiliz,İngiliz,ADJ,ADJ,,,,,True,4,0,1.6094379124341003
parlamenter,parlamenter,NOUN,NOUN,,,,,False,0,0,0.0
Linn,Linn,PROPN,PROPN,,,,,False,0,0,0.0
Linn,Linn,PROPN,PROPN,,,,,False,0,0,0.0
da,da,CCONJ,CCONJ,0.13730810580889885,1.6721173968196932,AUX,"AUX: 0.44, ADP: 0.38, CCONJ: 0.14",True,275,0,5.62040086571715
Batı,Batı'nın,PROPN,PROPN,,,,,False,0,0,0.0
vaat,vaatlerine,NOUN,NOUN,,,,,True,1,0,0.6931471805599453
güven,güvenerek,VERB,VERB,,,,,True,2,0,1.0986122886681098
bekle,beklemenin,VERB,VERB,0.7047743026417859,0.8753762910019542,CCONJ,"VERB: 0.70, CCONJ: 0.30",True,27,0,3.332204510175204
yanlış,yanlış,ADJ,ADJ,0.0914264789430462,1.3913938090881726,PRON,"PRON: 0.68, NOUN: 0.14, ADJ: 0.09, ADV: 0.08",True,16,0,2.833213344056216
ol,olduğunu,VERB,VERB,1.0,0.0,,VERB: 1.00,True,603,0,6.403574197934815
ifade,ifade,NOUN,NOUN,0.6587640981498802,1.2552319768327007,ADJ,"NOUN: 0.66, ADJ: 0.21, VERB: 0.13",True,27,0,3.332204510175204
et,ederek,VERB,VERB,0.021423477839648417,2.0747581498935594,AUX,"AUX: 0.33, ADP: 0.33, CCONJ: 0.23",True,260,0,5.564520407322694
",",",",PUNCT,PUNCT,,,,,True,2285,0,7.734558844354756
şu,şunları,PRON,PRON,0.4913397559227425,1.8798785611786026,ADV,"PRON: 0.49, ADV: 0.24, NOUN: 0.13, PROPN: 0.11",True,18,0,2.9444389791664403
kaydet,kaydetti,VERB,VERB,0.726558632177668,0.8463595544531956,CCONJ,"VERB: 0.73, CCONJ: 0.27",True,11,0,2.4849066497880004
:,:,PUNCT,PUNCT,,,,,True,127,0,4.852030263919617
"""","""",PUNCT,PUNCT,,,,,True,210,0,5.351858133476067
Abd,ABD,NOUN,NOUN,,,,,True,3,0,1.3862943611198906
iste,istese,VERB,VERB,0.6774524752691933,1.0218601397810432,CCONJ,"VERB: 0.68, CCONJ: 0.30",True,117,0,4.770684624465665
Rum,Rum,ADJ,ADJ,,,,,True,1,0,0.6931471805599453
kesim,Kesimi'nin,NOUN,NOUN,,,,,True,4,0,1.6094379124341003
Ab,AB'ye,NOUN,NOUN,,,,,True,6,0,1.9459101490553132
üye,üye,NOUN,NOUN,,,,,True,5,0,1.791759469228055
ol,olmasını,VERB,VERB,1.0,0.0,,VERB: 1.00,True,603,0,6.403574197934815
engelle,engelleyebilir,VERB,VERB,,,,,False,0,0,0.0
.,.,PUNCT,PUNCT,,,,,True,3283,0,8.096817470572319
Türkiye,Türkiye,PROPN,PROPN,0.059663484087279214,2.091524984270449,NUM,"NUM: 0.48, PRON: 0.19, CCONJ: 0.16, ADJ: 0.07, PROPN: 0.06",True,30,0,3.4339872044851463
savaş,savaş,NOUN,NOUN,,,,,True,9,0,2.302585092994046
alan,alanlarında,NOUN,NOUN,0.777623720405667,0.7644828438219868,ADJ,"NOUN: 0.78, ADJ: 0.22",True,27,0,3.332204510175204
değil,değil,CCONJ,CCONJ,0.0,0.0,VERB,VERB: 1.00,True,20,0,3.044522437723423
",",",",PUNCT,PUNCT,,,,,True,2285,0,7.734558844354756
kelime,kelimelerle,NOUN,NOUN,,,,,True,5,0,1.791759469228055
yürü,yürütülen,VERB,VERB,0.9696329731056629,0.1962291533592685,NOUN,VERB: 0.97,True,18,0,2.9444389791664403
mücadele,mücadelelerde,NOUN,NOUN,,,,,True,7,0,2.0794415416798357
kaybet,kaybediyor,VERB,VERB,,,,,True,7,0,2.0794415416798357
.,.,PUNCT,PUNCT,,,,,True,3283,0,8.096817470572319
Rum,Rum,ADJ,ADJ,,,,,True,1,0,0.6931471805599453
kesim,Kesimi'nin,NOUN,NOUN,,,,,True,4,0,1.6094379124341003
Ab,AB'ye,NOUN,NOUN,,,,,True,6,0,1.9459101490553132
üye,üye,NOUN,NOUN,,,,,True,5,0,1.791759469228055
ol,olması,VERB,VERB,1.0,0.0,,VERB: 1.00,True,603,0,6.403574197934815
durum,durumunda,NOUN,NOUN,0.8802789915430831,0.5285583806611713,ADJ,"NOUN: 0.88, ADJ: 0.12",True,34,0,3.5553480614894135
Türkiye,Türkiye,PROPN,PROPN,0.059663484087279214,2.091524984270449,NUM,"NUM: 0.48, PRON: 0.19, CCONJ: 0.16, ADJ: 0.07, PROPN: 0.06",True,30,0,3.4339872044851463
-,-,PUNCT,PUNCT,,,,,True,74,0,4.31748811353631
Ab,AB,NOUN,NOUN,,,,,True,6,0,1.9459101490553132
ilişki,ilişkilerinde,NOUN,NOUN,0.6341712050128674,1.193890856830851,ADJ,"NOUN: 0.63, ADJ: 0.30, VERB: 0.06",True,14,0,2.70805020110221
sürekli,sürekli,ADV,ADV,,,,,True,6,0,1.9459101490553132
sürtüş,sürtüşme,VERB,VERB,,,,,True,2,0,1.0986122886681098
yaşa,yaşanacak,VERB,VERB,1.0,0.0,,VERB: 1.00,True,55,0,4.02535169073515
.,.,PUNCT,PUNCT,,,,,True,3283,0,8.096817470572319
bu,Bu,PRON,PRON,0.7006788109102466,1.3923524752663319,ADV,"PRON: 0.70, ADV: 0.14, CCONJ: 0.09, NOUN: 0.05",True,171,0,5.147494476813453
Türkiye,Türkiye,PROPN,PROPN,0.059663484087279214,2.091524984270449,NUM,"NUM: 0.48, PRON: 0.19, CCONJ: 0.16, ADJ: 0.07, PROPN: 0.06",True,30,0,3.4339872044851463
kuzey,Kuzey,ADJ,ADJ,,,,,True,3,0,1.3862943611198906
Kıbrıs,Kıbrıs'tan,PROPN,PROPN,,,,,True,1,0,0.6931471805599453
vazgeç,vazgeçen,VERB,VERB,1.0,0.0,,VERB: 1.00,True,11,0,2.4849066497880004
_,e,ADP,ADP,,,,,True,70,0,4.2626798770413155
kadar,kadar,ADP,ADP,0.3692723596113412,1.6932259529300686,AUX,"AUX: 0.42, ADP: 0.37, CCONJ: 0.17",True,105,0,4.663439094112067
sür,sürecek,VERB,VERB,1.0,0.0,,VERB: 1.00,True,29,0,3.4011973816621555
.,.,PUNCT,PUNCT,,,,,True,3283,0,8.096817470572319
Kktc,KKTC'de,NOUN,NOUN,,,,,False,0,0,0.0
incele,incelemelerde,VERB,VERB,0.6778933492768536,1.2286879460824742,ADJ,"VERB: 0.68, ADJ: 0.16, NOUN: 0.16",True,24,0,3.2188758248682006
bulun,bulunan,VERB,VERB,1.0,0.0,,VERB: 1.00,True,18,0,2.9444389791664403
meclis,Meclis,NOUN,NOUN,,,,,True,1,0,0.6931471805599453
başkan,Başkanı,NOUN,NOUN,0.5589749876751691,1.2408104327014762,ADJ,"NOUN: 0.56, ADJ: 0.38, VERB: 0.06",True,24,0,3.2188758248682006
Bülent,Bülent,PROPN,PROPN,,,,,True,1,0,0.6931471805599453
Arınç,Arınç'ın,PROPN,PROPN,,,,,True,10,0,2.3978952727983707
heyet,heyeti,NOUN,NOUN,,,,,True,9,0,2.302585092994046
son,son,ADJ,ADJ,0.1777361734882735,2.377263529052741,DET,"DET: 0.32, CCONJ: 0.22, ADJ: 0.18, NUM: 0.16, PROPN: 0.08, NOUN: 0.05",True,59,0,4.0943445622221
olarak,olarak,ADP,ADP,0.36855824759231326,2.0508940487493934,AUX,"ADP: 0.37, AUX: 0.30, CCONJ: 0.24",True,71,0,4.276666119016055
gel,geldiği,VERB,VERB,1.0,0.0,,VERB: 1.00,True,166,0,5.117993812416755
doğu,Doğu,ADJ,ADJ,,,,,True,2,0,1.0986122886681098
Akdeniz,Akdeniz,PROPN,PROPN,,,,,False,0,0,0.0
üniversite,Üniversitesi'nde,NOUN,NOUN,,,,,True,9,0,2.302585092994046
ilginç,ilginç,ADJ,ADJ,,,,,True,1,0,0.6931471805599453
bir,bir,DET,DET,0.49958184875865663,1.6482580173109218,NUM,"DET: 0.50, NUM: 0.30, ADJ: 0.15",True,616,0,6.424869023905388
buluş,buluşmaya,VERB,VERB,,,,,True,6,0,1.9459101490553132
ev,ev,NOUN,NOUN,0.2165987183589658,2.0343315049689665,PRON,"PRON: 0.45, NOUN: 0.22, PROPN: 0.14, ADV: 0.11, ADJ: 0.08",True,113,0,4.736198448394496
sahiplik,sahipliği,NOUN,NOUN,,,,,False,0,0,0.0
yap,yaptı,VERB,VERB,1.0,0.0,,VERB: 1.00,True,209,0,5.3471075307174685
.,.,PUNCT,PUNCT,,,,,True,3283,0,8.096817470572319
heyet,Heyette,NOUN,NOUN,,,,,True,9,0,2.302585092994046
yer,yer,NOUN,NOUN,0.6105573897718891,0.964438903111094,ADJ,"NOUN: 0.61, ADJ: 0.39",True,111,0,4.718498871295094
al,alan,VERB,VERB,1.0,0.0,,VERB: 1.00,True,169,0,5.135798437050262
Chp,CHP,NOUN,NOUN,,,,,True,8,0,2.1972245773362196
İzmir,İzmir,PROPN,PROPN,,,,,True,2,0,1.0986122886681098
milletvekili,Milletvekili,NOUN,NOUN,,,,,True,5,0,1.791759469228055
Erdal,Erdal,PROPN,PROPN,,,,,False,0,0,0.0
Karademir,Karademir,PROPN,PROPN,,,,,False,0,0,0.0
",",",",PUNCT,PUNCT,,,,,True,2285,0,7.734558844354756
ziyaret,ziyaret,NOUN,NOUN,,,,,True,1,0,0.6931471805599453
sıra,sırasında,ADV,ADV,,,,,True,1,0,0.6931471805599453
",",",",PUNCT,PUNCT,,,,,True,2285,0,7.734558844354756
üç,üç,NUM,NUM,0.19830835997211554,1.9502238270590824,DET,"DET: 0.50, NUM: 0.20, ADJ: 0.14, PROPN: 0.10, CCONJ: 0.07",True,28,0,3.367295829986474
ay,ay,ADV,ADV,,,,,True,1,0,0.6931471805599453
önce,önce,ADP,ADP,0.5161242363988484,1.7862775296674653,CCONJ,"ADP: 0.52, CCONJ: 0.30, NUM: 0.10",True,41,0,3.7376696182833684
üniversite,üniversite,NOUN,NOUN,,,,,True,9,0,2.302585092994046
eğitim,eğitimi,NOUN,NOUN,,,,,True,9,0,2.302585092994046
için,için,ADP,ADP,0.4371344784042817,1.7284041476856495,AUX,"ADP: 0.44, AUX: 0.27, CCONJ: 0.25",True,159,0,5.075173815233827
Kıbrıs,Kıbrıs'a,PROPN,PROPN,,,,,True,1,0,0.6931471805599453
gönder,gönderdiği,VERB,VERB,1.0,0.0,,VERB: 1.00,True,12,0,2.5649493574615367
oğul,oğlu,NOUN,NOUN,0.2220087088110891,2.2805607415733107,PRON,"PRON: 0.25, ADV: 0.24, NOUN: 0.22, PROPN: 0.16, ADJ: 0.13",True,30,0,3.4339872044851463
Utku,Utku,PROPN,PROPN,,,,,False,0,0,0.0
ile,ile,CCONJ,CCONJ,0.3764593242479542,2.1137914166498284,ADP,"CCONJ: 0.38, ADP: 0.37, NUM: 0.11, PROPN: 0.05",True,72,0,4.290459441148391
buluş,buluştu,VERB,VERB,,,,,True,6,0,1.9459101490553132
.,.,PUNCT,PUNCT,,,,,True,3283,0,8.096817470572319
kulak,Kulağında,NOUN,NOUN,,,,,True,5,0,1.791759469228055
ki,ki,ADP,ADP,0.352272282719127,2.181690690995641,AUX,"ADP: 0.35, AUX: 0.28, CCONJ: 0.23, NUM: 0.08",True,217,0,5.384495062789089
küpe,küpelerle,NOUN,NOUN,,,,,True,1,0,0.6931471805599453
dikkat,dikkati,NOUN,NOUN,0.6088085136107217,0.9655641535362572,ADJ,"NOUN: 0.61, ADJ: 0.39",True,15,0,2.772588722239781
çek,çeken,VERB,VERB,0.5799102140104834,1.4728643172157725,CCONJ,"VERB: 0.58, CCONJ: 0.26, ADV: 0.14",True,40,0,3.713572066704308
oğul,oğlunun,NOUN,NOUN,0.2220087088110891,2.2805607415733107,PRON,"PRON: 0.25, ADV: 0.24, NOUN: 0.22, PROPN: 0.16, ADJ: 0.13",True,30,0,3.4339872044851463
turizm,turizm,NOUN,NOUN,,,,,False,0,0,0.0
eğitim,eğitimi,NOUN,NOUN,,,,,True,9,0,2.302585092994046
al,aldığını,VERB,VERB,1.0,0.0,,VERB: 1.00,True,169,0,5.135798437050262
söyle,söyleyen,VERB,VERB,0.721528986702589,0.8533590847777625,CCONJ,"VERB: 0.72, CCONJ: 0.28",True,89,0,4.499809670330265
Karademir,Karademir,PROPN,PROPN,,,,,False,0,0,0.0
",",",",PUNCT,PUNCT,,,,,True,2285,0,7.734558844354756
oğul,oğluyla,NOUN,NOUN,0.2220087088110891,2.2805607415733107,PRON,"PRON: 0.25, ADV: 0.24, NOUN: 0.22, PROPN: 0.16, ADJ: 0.13",True,30,0,3.4339872044851463
hasret,hasret,NOUN,NOUN,,,,,True,2,0,1.0986122886681098
gider,giderdi,VERB,VERB,,,,,True,1,0,0.6931471805599453
.,.,PUNCT,PUNCT,,,,,True,3283,0,8.096817470572319
Arınç,Arınç,PROPN,PROPN,,,,,True,10,0,2.3978952727983707
kürsü,kürsüde,NOUN,NOUN,,,,,False,0,0,0.0
önem,önem,NOUN,NOUN,0.43315904159061264,0.9870702301970621,ADJ,"ADJ: 0.57, NOUN: 0.43",True,28,0,3.367295829986474
li,li,ADP,ADP,0.2797323618856777,2.3836488217196035,AUX,"AUX: 0.30, ADP: 0.28, CCONJ: 0.23, NUM: 0.08",True,182,0,5.209486152841421
açıkla,açıklamalar,VERB,VERB,0.6854106191249645,1.0179476719488185,CCONJ,"VERB: 0.69, CCONJ: 0.29",True,16,0,2.833213344056216
yap,yaparken,VERB,VERB,1.0,0.0,,VERB: 1.00,True,209,0,5.3471075307174685
",",",",PUNCT,PUNCT,,,,,True,2285,0,7.734558844354756
baba,babayla,NOUN,NOUN,0.08739074631515946,1.5907457423322957,PRON,"PRON: 0.64, PROPN: 0.16, NOUN: 0.09, ADV: 0.06",True,78,0,4.3694478524670215
oğul,oğlu,NOUN,NOUN,0.2220087088110891,2.2805607415733107,PRON,"PRON: 0.25, ADV: 0.24, NOUN: 0.22, PROPN: 0.16, ADJ: 0.13",True,30,0,3.4339872044851463
da,da,CCONJ,CCONJ,0.13730810580889885,1.6721173968196932,AUX,"AUX: 0.44, ADP: 0.38, CCONJ: 0.14",True,275,0,5.62040086571715
anfi,anfide,NOUN,NOUN,,,,,False,0,0,0.0
sohbet,sohbet,NOUN,NOUN,,,,,True,2,0,1.0986122886681098
et,etti,VERB,VERB,0.021423477839648417,2.0747581498935594,AUX,"AUX: 0.33, ADP: 0.33, CCONJ: 0.23",True,260,0,5.564520407322694
.,.,PUNCT,PUNCT,,,,,True,3283,0,8.096817470572319
Karademir,Karademir,PROPN,PROPN,,,,,False,0,0,0.0
",",",",PUNCT,PUNCT,,,,,True,2285,0,7.734558844354756
üniversite,üniversite,NOUN,NOUN,,,,,True,9,0,2.302585092994046
rozet,rozetini,NOUN,NOUN,,,,,False,0,0,0.0
de,de,CCONJ,CCONJ,0.13783772654910434,1.6723904656042283,AUX,"AUX: 0.44, ADP: 0.38, CCONJ: 0.14",True,326,0,5.7899601708972535
oğul,oğlunun,NOUN,NOUN,0.2220087088110891,2.2805607415733107,PRON,"PRON: 0.25, ADV: 0.24, NOUN: 0.22, PROPN: 0.16, ADJ: 0.13",True,30,0,3.4339872044851463
yaka,yakasına,NOUN,NOUN,,,,,True,4,0,1.6094379124341003
tak,taktı,VERB,VERB,,,,,True,6,0,1.9459101490553132
.,.,PUNCT,PUNCT,,,,,True,3283,0,8.096817470572319
Abd,ABD'nin,NOUN,NOUN,,,,,True,3,0,1.3862943611198906
Ankara,Ankara,PROPN,PROPN,0.6445927071143654,1.27731531885719,NOUN,"PROPN: 0.64, NOUN: 0.22, ADJ: 0.13",True,15,0,2.772588722239781
büyükelçi,Büyükelçisi,NOUN,NOUN,,,,,True,2,0,1.0986122886681098
Robert,Robert,PROPN,PROPN,,,,,False,0,0,0.0
',',PUNCT,PUNCT,,,,,True,56,0,4.04305126783455
",",",",PUNCT,PUNCT,,,,,True,2285,0,7.734558844354756
Irak,Irak,PROPN,PROPN,0.04311577224566173,1.7774202821324336,DET,"DET: 0.53, NUM: 0.26, ADJ: 0.11, CCONJ: 0.06",True,13,0,2.6390573296152584
konu,konusunda,NOUN,NOUN,0.7783535075459214,0.7631625742520879,ADJ,"NOUN: 0.78, ADJ: 0.22",True,51,0,3.9512437185814275
barışçı,barışçı,NOUN,NOUN,,,,,False,0,0,0.0
çözüm,çözümde,NOUN,NOUN,,,,,True,10,0,2.3978952727983707
ısrar,ısrar,NOUN,NOUN,,,,,True,2,0,1.0986122886681098
et,edeceklerini,VERB,VERB,0.021423477839648417,2.0747581498935594,AUX,"AUX: 0.33, ADP: 0.33, CCONJ: 0.23",True,260,0,5.564520407322694
ve,ve,CCONJ,CCONJ,0.23925769350174309,2.411623002364367,NUM,"NUM: 0.34, CCONJ: 0.24, ADJ: 0.14, DET: 0.11, PRON: 0.09, PROPN: 0.06",True,359,0,5.886104031450156
sorun,sorunun,NOUN,NOUN,0.7779423061342887,0.7639070323785578,ADJ,"NOUN: 0.78, ADJ: 0.22",True,18,0,2.9444389791664403
savaş,savaş,NOUN,NOUN,,,,,True,9,0,2.302585092994046
siz,sız,ADP,ADP,0.3340274831620072,2.1348321686976823,AUX,"ADP: 0.33, AUX: 0.31, CCONJ: 0.24",True,28,0,3.367295829986474
bit,bitmesini,VERB,VERB,0.6834447404059493,1.0208487657135579,CCONJ,"VERB: 0.68, CCONJ: 0.29",True,29,0,3.4011973816621555
arzu,arzu,NOUN,NOUN,,,,,True,2,0,1.0986122886681098
et,ettiklerini,VERB,VERB,0.021423477839648417,2.0747581498935594,AUX,"AUX: 0.33, ADP: 0.33, CCONJ: 0.23",True,260,0,5.564520407322694
belir,belirterek,VERB,VERB,0.6730954504846309,1.10235351077283,CCONJ,"VERB: 0.67, CCONJ: 0.28",True,28,0,3.367295829986474
",",",",PUNCT,PUNCT,,,,,True,2285,0,7.734558844354756
"""","""",PUNCT,PUNCT,,,,,True,210,0,5.351858133476067
Saddam,Saddam,PROPN,PROPN,,,,,False,0,0,0.0
git,giderse,VERB,VERB,1.0,0.0,,VERB: 1.00,True,116,0,4.762173934797756
savaş,savaş,NOUN,NOUN,,,,,True,9,0,2.302585092994046
şart,şartları,NOUN,NOUN,,,,,True,6,0,1.9459101490553132
orta,ortadan,ADJ,ADJ,0.38152477258790346,1.2401175427000042,NOUN,"NOUN: 0.56, ADJ: 0.38, VERB: 0.06",True,38,0,3.6635616461296463
kalk,kalkar,VERB,VERB,0.318376600131841,0.9026073263581879,AUX,"AUX: 0.68, VERB: 0.32",True,20,0,3.044522437723423
"""","""",PUNCT,PUNCT,,,,,True,210,0,5.351858133476067
de,dedi,VERB,VERB,0.7089626585740004,0.8700574815901702,CCONJ,"VERB: 0.71, CCONJ: 0.29",True,295,0,5.69035945432406
.,.,PUNCT,PUNCT,,,,,True,3283,0,8.096817470572319
',',PUNCT,PUNCT,,,,,True,56,0,4.04305126783455
grup,Grup,NOUN,NOUN,0.4668400074784511,1.441544898719976,PRON,"NOUN: 0.47, PRON: 0.39, ADJ: 0.14",True,11,0,2.4849066497880004
başkanvekili,Başkanvekilleri,NOUN,NOUN,,,,,True,1,0,0.6931471805599453
Salih,Salih,PROPN,PROPN,,,,,False,0,0,0.0
Kapusuz,Kapusuz,PROPN,PROPN,,,,,False,0,0,0.0
",",",",PUNCT,PUNCT,,,,,True,2285,0,7.734558844354756
Eyüp,Eyüp,PROPN,PROPN,,,,,True,1,0,0.6931471805599453
Fatsa,Fatsa,PROPN,PROPN,,,,,True,1,0,0.6931471805599453
ve,ve,CCONJ,CCONJ,0.23925769350174309,2.411623002364367,NUM,"NUM: 0.34, CCONJ: 0.24, ADJ: 0.14, DET: 0.11, PRON: 0.09, PROPN: 0.06",True,359,0,5.886104031450156
Chp,CHP,NOUN,NOUN,,,,,True,8,0,2.1972245773362196
grup,Grup,NOUN,NOUN,0.4668400074784511,1.441544898719976,PRON,"NOUN: 0.47, PRON: 0.39, ADJ: 0.14",True,11,0,2.4849066497880004
başkanvekili,Başkanvekili,NOUN,NOUN,,,,,True,1,0,0.6931471805599453
Haluk,Haluk,PROPN,PROPN,,,,,False,0,0,0.0
Koç,Koç,PROPN,PROPN,,,,,True,2,0,1.0986122886681098
ile,ile,CCONJ,CCONJ,0.3764593242479542,2.1137914166498284,ADP,"CCONJ: 0.38, ADP: 0.37, NUM: 0.11, PROPN: 0.05",True,72,0,4.290459441148391
büyükelçilik,Büyükelçilik,NOUN,NOUN,,,,,False,0,0,0.0
konut,Konutu'nda,NOUN,NOUN,,,,,True,8,0,2.1972245773362196
dün,dün,NOUN,NOUN,,,,,True,6,0,1.9459101490553132
sabah,sabah,NOUN,NOUN,0.11450917871831384,0.7864342524726671,PRON,"PRON: 0.84, NOUN: 0.11",True,16,0,2.833213344056216
kahvaltı,kahvaltıda,NOUN,NOUN,,,,,True,2,0,1.0986122886681098
bir,bir,NUM,NUM,0.3916735022215744,1.8552050660223744,DET,"DET: 0.40, NUM: 0.39, ADJ: 0.09, PROPN: 0.06, NOUN: 0.06",True,170,0,5.14166355650266
ara,araya,ADJ,ADJ,0.45952551652597307,0.9952680248528016,NOUN,"NOUN: 0.54, ADJ: 0.46",True,73,0,4.30406509320417
gel,gelen,VERB,VERB,1.0,0.0,,VERB: 1.00,True,166,0,5.117993812416755
',',PUNCT,PUNCT,,,,,True,56,0,4.04305126783455
",",",",PUNCT,PUNCT,,,,,True,2285,0,7.734558844354756
milletvekili,milletvekilleri,NOUN,NOUN,,,,,True,5,0,1.791759469228055
ile,ile,CCONJ,CCONJ,0.3764593242479542,2.1137914166498284,ADP,"CCONJ: 0.38, ADP: 0.37, NUM: 0.11, PROPN: 0.05",True,72,0,4.290459441148391
Irak,Irak'ı,PROPN,PROPN,0.04311577224566173,1.7774202821324336,DET,"DET: 0.53, NUM: 0.26, ADJ: 0.11, CCONJ: 0.06",True,13,0,2.6390573296152584
görüş,görüştü,VERB,VERB,1.0,0.0,,VERB: 1.00,True,12,0,2.5649493574615367
.,.,PUNCT,PUNCT,,,,,True,3283,0,8.096817470572319
çağdaş,Çağdaş,ADJ,ADJ,,,,,True,4,0,1.6094379124341003
sanat,Sanatlar,NOUN,NOUN,,,,,True,1,0,0.6931471805599453
merkez,Merkezi,NOUN,NOUN,0.3660173118717512,0.9475649198781134,ADJ,"ADJ: 0.63, NOUN: 0.37",True,15,0,2.772588722239781
ön,önünde,ADJ,ADJ,0.45739573711896436,1.2559973268911384,NOUN,"NOUN: 0.49, ADJ: 0.46, VERB: 0.06",True,36,0,3.6109179126442243
topla,toplanan,VERB,VERB,,,,,True,9,0,2.302585092994046
grup,grup,NOUN,NOUN,0.4668400074784511,1.441544898719976,PRON,"NOUN: 0.47, PRON: 0.39, ADJ: 0.14",True,11,0,2.4849066497880004
",",",",PUNCT,PUNCT,,,,,True,2285,0,7.734558844354756
Atatürk,Atatürk,PROPN,PROPN,,,,,True,5,0,1.791759469228055
bulvar,bulvarında,NOUN,NOUN,,,,,True,1,0,0.6931471805599453
ki,aki,ADP,ADP,0.352272282719127,2.181690690995641,AUX,"ADP: 0.35, AUX: 0.28, CCONJ: 0.23, NUM: 0.08",True,217,0,5.384495062789089
trafik,trafiği,NOUN,NOUN,,,,,True,1,0,0.6931471805599453
bir,bir,DET,DET,0.49958184875865663,1.6482580173109218,NUM,"DET: 0.50, NUM: 0.30, ADJ: 0.15",True,616,0,6.424869023905388
süre,süre,NOUN,NOUN,0.8820365801913382,0.523478306365258,ADJ,"NOUN: 0.88, ADJ: 0.12",True,24,0,3.2188758248682006
dur,durdurarak,VERB,VERB,1.0,0.0,,VERB: 1.00,True,27,0,3.332204510175204
",",",",PUNCT,PUNCT,,,,,True,2285,0,7.734558844354756
elçilik,elçilik,NOUN,NOUN,,,,,False,0,0,0.0
ön,önüne,ADJ,ADJ,0.45739573711896436,1.2559973268911384,NOUN,"NOUN: 0.49, ADJ: 0.46, VERB: 0.06",True,36,0,3.6109179126442243
kadar,kadar,ADP,ADP,0.3692723596113412,1.6932259529300686,AUX,"AUX: 0.42, ADP: 0.37, CCONJ: 0.17",True,105,0,4.663439094112067
slogan,sloganlarla,NOUN,NOUN,,,,,True,1,0,0.6931471805599453
yürü,yürüdü,VERB,VERB,0.9696329731056629,0.1962291533592685,NOUN,VERB: 0.97,True,18,0,2.9444389791664403
.,.,PUNCT,PUNCT,,,,,True,3283,0,8.096817470572319
yaklaşık,Yaklaşık,ADJ,ADJ,,,,,True,4,0,1.6094379124341003
bin,bin,NUM,NUM,0.9754567681468136,0.1662405167880201,NOUN,NUM: 0.98,True,25,0,3.258096538021482
kişilik,kişilik,NOUN,NOUN,,,,,True,4,0,1.6094379124341003
grup,grup,NOUN,NOUN,0.4668400074784511,1.441544898719976,PRON,"NOUN: 0.47, PRON: 0.39, ADJ: 0.14",True,11,0,2.4849066497880004
",",",",PUNCT,PUNCT,,,,,True,2285,0,7.734558844354756
"""","""",PUNCT,PUNCT,,,,,True,210,0,5.351858133476067
Abd,ABD,NOUN,NOUN,,,,,True,3,0,1.3862943611198906
asker,askeri,NOUN,NOUN,,,,,True,4,0,1.6094379124341003
ol,olmayacağız,VERB,VERB,1.0,0.0,,VERB: 1.00,True,603,0,6.403574197934815
"""","""",PUNCT,PUNCT,,,,,True,210,0,5.351858133476067
",",",",PUNCT,PUNCT,,,,,True,2285,0,7.734558844354756
"""","""",PUNCT,PUNCT,,,,,True,210,0,5.351858133476067
',',PUNCT,PUNCT,,,,,True,56,0,4.04305126783455
',',PUNCT,PUNCT,,,,,True,56,0,4.04305126783455
Unakıtan,Unakıtan,PROPN,PROPN,,,,,False,0,0,0.0
"""","""",PUNCT,PUNCT,,,,,True,210,0,5.351858133476067
",",",",PUNCT,PUNCT,,,,,True,2285,0,7.734558844354756
"""","""",PUNCT,PUNCT,,,,,True,210,0,5.351858133476067
savaş,Savaşa,NOUN,NOUN,,,,,True,9,0,2.302585092994046
hayır,hayır,NOUN,NOUN,,,,,True,5,0,1.791759469228055
",",",",PUNCT,PUNCT,,,,,True,2285,0,7.734558844354756
kahrol,kahrolsun,VERB,NOUN,,,,,True,1,1,0.6931471805599453
emperyalizm,emperyalizm,NOUN,NOUN,,,,,True,1,0,0.6931471805599453
"""","""",PUNCT,PUNCT,,,,,True,210,0,5.351858133476067
slogan,sloganları,NOUN,NOUN,,,,,True,1,0,0.6931471805599453
at,attı,VERB,VERB,1.0,0.0,,VERB: 1.00,True,26,0,3.295836866004329
.,.,PUNCT,PUNCT,,,,,True,3283,0,8.096817470572319
eylem,Eylemde,NOUN,NOUN,,,,,False,0,0,0.0
",",",",PUNCT,PUNCT,,,,,True,2285,0,7.734558844354756
"""","""",PUNCT,PUNCT,,,,,True,210,0,5.351858133476067
Abd,ABD,NOUN,NOUN,,,,,True,3,0,1.3862943611198906
kukla,kuklası,NOUN,NOUN,,,,,False,0,0,0.0
iktidar,iktidar,NOUN,NOUN,,,,,True,6,0,1.9459101490553132
iste,istemiyoruz,VERB,VERB,0.6774524752691933,1.0218601397810432,CCONJ,"VERB: 0.68, CCONJ: 0.30",True,117,0,4.770684624465665
"""","""",PUNCT,PUNCT,,,,,True,210,0,5.351858133476067
yazılı,yazılı,ADJ,ADJ,,,,,True,2,0,1.0986122886681098
pankart,pankart,NOUN,NOUN,,,,,True,1,0,0.6931471805599453
ve,ve,CCONJ,CCONJ,0.23925769350174309,2.411623002364367,NUM,"NUM: 0.34, CCONJ: 0.24, ADJ: 0.14, DET: 0.11, PRON: 0.09, PROPN: 0.06",True,359,0,5.886104031450156
kırmızı,kırmızı,ADJ,ADJ,,,,,True,6,0,1.9459101490553132
boya,boyalarla,NOUN,NOUN,,,,,True,2,0,1.0986122886681098
vampir,vampir,NOUN,NOUN,,,,,False,0,0,0.0
çağrışım,çağrışımı,NOUN,NOUN,,,,,False,0,0,0.0
yarat,yaratılan,VERB,VERB,1.0,0.0,,VERB: 1.00,True,29,0,3.4011973816621555
Abd,ABD,NOUN,NOUN,,,,,True,3,0,1.3862943611198906
başkan,Başkanı,NOUN,NOUN,0.5589749876751691,1.2408104327014762,ADJ,"NOUN: 0.56, ADJ: 0.38, VERB: 0.06",True,24,0,3.2188758248682006
George,George,PROPN,PROPN,,,,,True,2,0,1.0986122886681098
Bush,Bush'un,PROPN,PROPN,,,,,False,0,0,0.0
resim,resimleri,NOUN,NOUN,,,,,True,4,0,1.6094379124341003
dikkat,dikkat,NOUN,NOUN,0.6088085136107217,0.9655641535362572,ADJ,"NOUN: 0.61, ADJ: 0.39",True,15,0,2.772588722239781
çek,çekti,VERB,VERB,0.5799102140104834,1.4728643172157725,CCONJ,"VERB: 0.58, CCONJ: 0.26, ADV: 0.14",True,40,0,3.713572066704308
.,.,PUNCT,PUNCT,,,,,True,3283,0,8.096817470572319
turizm,Turizm,NOUN,NOUN,,,,,False,0,0,0.0
bakan,Bakanı,NOUN,NOUN,0.09843305354330971,1.9539121993849706,NUM,"NUM: 0.50, PROPN: 0.17, DET: 0.16, NOUN: 0.10, ADJ: 0.07",True,12,0,2.5649493574615367
Güldal,Güldal,PROPN,PROPN,,,,,False,0,0,0.0
Akşit,Akşit'e,PROPN,PROPN,,,,,False,0,0,0.0
Türkiye,Türkiye'de,PROPN,PROPN,0.059663484087279214,2.091524984270449,NUM,"NUM: 0.48, PRON: 0.19, CCONJ: 0.16, ADJ: 0.07, PROPN: 0.06",True,30,0,3.4339872044851463
kumar,kumar,NOUN,NOUN,,,,,True,2,0,1.0986122886681098
turizm,turizmi,NOUN,NOUN,,,,,False,0,0,0.0
yap,yapılması,VERB,VERB,1.0,0.0,,VERB: 1.00,True,209,0,5.3471075307174685
öner,önerildi,VERB,VERB,1.0,0.0,,VERB: 1.00,True,11,0,2.4849066497880004
.,.,PUNCT,PUNCT,,,,,True,3283,0,8.096817470572319
Çinli,Çinlileri,ADJ,ADJ,,,,,False,0,0,0.0
Türkiye,Türkiye'ye,PROPN,PROPN,0.059663484087279214,2.091524984270449,NUM,"NUM: 0.48, PRON: 0.19, CCONJ: 0.16, ADJ: 0.07, PROPN: 0.06",True,30,0,3.4339872044851463
çek,çekebilmek,VERB,VERB,0.5799102140104834,1.4728643172157725,CCONJ,"VERB: 0.58, CCONJ: 0.26, ADV: 0.14",True,40,0,3.713572066704308
için,için,ADP,ADP,0.4371344784042817,1.7284041476856495,AUX,"ADP: 0.44, AUX: 0.27, CCONJ: 0.25",True,159,0,5.075173815233827
kahvaltı,kahvaltıda,NOUN,NOUN,,,,,True,2,0,1.0986122886681098
ver,verilen,VERB,VERB,1.0,0.0,,VERB: 1.00,True,138,0,4.9344739331306915
zeytin,zeytin,ADJ,NOUN,,,,,True,2,1,1.0986122886681098
peynir,peynirin,NOUN,NOUN,0.8794994886909339,0.5307978604086715,ADJ,"NOUN: 0.88, ADJ: 0.12",True,37,0,3.6375861597263857
yet,yetmeyeceğini,VERB,VERB,0.6996215504171207,0.8817530212777307,CCONJ,"VERB: 0.70, CCONJ: 0.30",True,11,0,2.4849066497880004
belir,belirten,VERB,VERB,0.6730954504846309,1.10235351077283,CCONJ,"VERB: 0.67, CCONJ: 0.28",True,28,0,3.367295829986474
Unakıtan,Unakıtan,PROPN,PROPN,,,,,False,0,0,0.0
",",",",PUNCT,PUNCT,,,,,True,2285,0,7.734558844354756
"""","""",PUNCT,PUNCT,,,,,True,210,0,5.351858133476067
Çinli,Çinliler,ADJ,ADJ,,,,,False,0,0,0.0
sabah,sabah,NOUN,NOUN,0.11450917871831384,0.7864342524726671,PRON,"PRON: 0.84, NOUN: 0.11",True,16,0,2.833213344056216
kahvaltı,kahvaltıda,NOUN,NOUN,,,,,True,2,0,1.0986122886681098
makarna,makarna,NOUN,NOUN,,,,,False,0,0,0.0
ye,yer,VERB,VERB,0.31499665175351066,0.8988572844523286,AUX,"AUX: 0.69, VERB: 0.31",True,26,0,3.295836866004329
",",",",PUNCT,PUNCT,,,,,True,2285,0,7.734558844354756
yağlı,yağlı,ADJ,ADJ,,,,,False,0,0,0.0
et,et,NOUN,NOUN,,,,,True,3,0,1.3862943611198906
ye,yer,VERB,VERB,0.31499665175351066,0.8988572844523286,AUX,"AUX: 0.69, VERB: 0.31",True,26,0,3.295836866004329
.,.,PUNCT,PUNCT,,,,,True,3283,0,8.096817470572319
golf,Golf,NOUN,NOUN,,,,,False,0,0,0.0
de,de,CCONJ,CCONJ,0.13783772654910434,1.6723904656042283,AUX,"AUX: 0.44, ADP: 0.38, CCONJ: 0.14",True,326,0,5.7899601708972535
oyna,oynarlar,VERB,VERB,1.0,0.0,,VERB: 1.00,True,15,0,2.772588722239781
.,.,PUNCT,PUNCT,,,,,True,3283,0,8.096817470572319
turizm,Turizm,NOUN,NOUN,,,,,False,0,0,0.0
şirket,şirketlerinin,NOUN,NOUN,0.778989845596717,0.7620077304439417,ADJ,"NOUN: 0.78, ADJ: 0.22",True,20,0,3.044522437723423
bu,bunlara,PRON,PRON,0.7006788109102466,1.3923524752663319,ADV,"PRON: 0.70, ADV: 0.14, CCONJ: 0.09, NOUN: 0.05",True,171,0,5.147494476813453
ağırlık,ağırlık,NOUN,NOUN,,,,,True,4,0,1.6094379124341003
ver,vermesi,VERB,VERB,1.0,0.0,,VERB: 1.00,True,138,0,4.9344739331306915
lazım,lazım,ADJ,ADJ,,,,,True,5,0,1.791759469228055
.,.,PUNCT,PUNCT,,,,,True,3283,0,8.096817470572319
Çince,Çince,PROPN,PROPN,,,,,False,0,0,0.0
bil,bilen,VERB,VERB,0.6930942464089043,1.0036086273143747,CCONJ,"VERB: 0.69, CCONJ: 0.28",True,101,0,4.624972813284271
eleman,eleman,NOUN,NOUN,,,,,True,2,0,1.0986122886681098
da,da,CCONJ,CCONJ,0.13730810580889885,1.6721173968196932,AUX,"AUX: 0.44, ADP: 0.38, CCONJ: 0.14",True,275,0,5.62040086571715
bul,bulmamız,VERB,VERB,1.0,0.0,,VERB: 1.00,True,56,0,4.04305126783455
gerek,gerekiyor,VERB,VERB,0.5748381538387066,1.4766281055453563,CCONJ,"VERB: 0.57, CCONJ: 0.30, NOUN: 0.07, ADJ: 0.06",True,47,0,3.871201010907891
"""","""",PUNCT,PUNCT,,,,,True,210,0,5.351858133476067
de,dedi,VERB,VERB,0.7089626585740004,0.8700574815901702,CCONJ,"VERB: 0.71, CCONJ: 0.29",True,295,0,5.69035945432406
.,.,PUNCT,PUNCT,,,,,True,3283,0,8.096817470572319
Akşit,Akşit,PROPN,PROPN,,,,,False,0,0,0.0
i,ise,CCONJ,CCONJ,0.16850437400312243,2.3685132507982036,ADP,"ADP: 0.35, AUX: 0.27, CCONJ: 0.17, NUM: 0.08, PROPN: 0.07",True,26,0,3.295836866004329
Çin,Çin,PROPN,PROPN,,,,,True,1,0,0.6931471805599453
seyahat,seyahatinden,NOUN,NOUN,,,,,False,0,0,0.0
en,en,ADV,ADV,0.22782607963906426,2.317896341903966,CCONJ,"CCONJ: 0.30, ADV: 0.23, PROPN: 0.21, ADJ: 0.14, PRON: 0.11",True,92,0,4.532599493153256
kazanç,kazanç,ADV,ADV,,,,,False,0,0,0.0
li,lı,ADP,ADP,0.2797323618856777,2.3836488217196035,AUX,"AUX: 0.30, ADP: 0.28, CCONJ: 0.23, NUM: 0.08",True,182,0,5.209486152841421
turizm,turizm,NOUN,NOUN,,,,,False,0,0,0.0
sektör,sektörünün,NOUN,NOUN,,,,,True,8,0,2.1972245773362196
çık,çıktığını,VERB,VERB,1.0,0.0,,VERB: 1.00,True,80,0,4.394449154672439
kaydet,kaydederek,VERB,VERB,0.726558632177668,0.8463595544531956,CCONJ,"VERB: 0.73, CCONJ: 0.27",True,11,0,2.4849066497880004
",",",",PUNCT,PUNCT,,,,,True,2285,0,7.734558844354756
şöyle,şöyle,ADV,ADV,0.09598023786135869,1.721962989915918,PRON,"PRON: 0.58, ADJ: 0.17, NOUN: 0.13, ADV: 0.10",True,22,0,3.1354942159291497
konuş,konuştu,VERB,VERB,1.0,0.0,,VERB: 1.00,True,61,0,4.127134385045092
:,:,PUNCT,PUNCT,,,,,True,127,0,4.852030263919617
.,.,PUNCT,PUNCT,,,,,True,3283,0,8.096817470572319
"""","""",PUNCT,PUNCT,,,,,True,210,0,5.351858133476067
bura,Burada,NOUN,NOUN,0.05707749199808409,1.3288542344914385,PRON,"PRON: 0.74, ADV: 0.10, PROPN: 0.07, NOUN: 0.06",True,39,0,3.6888794541139363
ki,ki,ADP,ADP,0.352272282719127,2.181690690995641,AUX,"ADP: 0.35, AUX: 0.28, CCONJ: 0.23, NUM: 0.08",True,217,0,5.384495062789089
üst,üst,ADJ,ADJ,0.46638801387351886,0.9967377258438014,NOUN,"NOUN: 0.53, ADJ: 0.47",True,32,0,3.4965075614664802
düzey,düzey,NOUN,NOUN,,,,,True,10,0,2.3978952727983707
görüşme,görüşmelerimizde,NOUN,NOUN,,,,,True,5,0,1.791759469228055
turizm,turizm,NOUN,NOUN,,,,,False,0,0,0.0
için,için,ADP,ADP,0.4371344784042817,1.7284041476856495,AUX,"ADP: 0.44, AUX: 0.27, CCONJ: 0.25",True,159,0,5.075173815233827
el,ellerinden,NOUN,NOUN,0.685323078074829,0.8984985975836332,ADJ,"NOUN: 0.69, ADJ: 0.31",True,81,0,4.406719247264253
gel,gelen,VERB,VERB,1.0,0.0,,VERB: 1.00,True,166,0,5.117993812416755
_,i,ADP,ADP,,,,,True,70,0,4.2626798770413155
yap,yapacaklarını,VERB,VERB,1.0,0.0,,VERB: 1.00,True,209,0,5.3471075307174685
söyle,söylediler,VERB,VERB,0.721528986702589,0.8533590847777625,CCONJ,"VERB: 0.72, CCONJ: 0.28",True,89,0,4.499809670330265
.,.,PUNCT,PUNCT,,,,,True,3283,0,8.096817470572319
Çinli,Çinliler,ADJ,ADJ,,,,,False,0,0,0.0
Avrupa,Avrupa'da,PROPN,PROPN,0.0,1.4701189580893763,PRON,"PRON: 0.64, ADV: 0.19, ADJ: 0.11, NOUN: 0.06",True,13,0,2.6390573296152584
kendi,kendi,PRON,PRON,0.6796575105452602,1.4263748283851931,ADV,"PRON: 0.68, ADV: 0.19, PROPN: 0.06",True,126,0,4.844187086458591
vatandaş,vatandaşlarına,NOUN,NOUN,,,,,True,1,0,0.6931471805599453
sadece,sadece,ADV,ADV,0.061459005615517974,2.5869589861217266,CCONJ,"CCONJ: 0.28, PRON: 0.19, NUM: 0.16, DET: 0.16, PROPN: 0.12, ADV: 0.06",True,16,0,2.833213344056216
Almanya,Almanya,PROPN,PROPN,,,,,True,3,0,1.3862943611198906
",",",",PUNCT,PUNCT,,,,,True,2285,0,7.734558844354756
Türkiye,Türkiye,PROPN,PROPN,0.059663484087279214,2.091524984270449,NUM,"NUM: 0.48, PRON: 0.19, CCONJ: 0.16, ADJ: 0.07, PROPN: 0.06",True,30,0,3.4339872044851463
ve,ve,CCONJ,CCONJ,0.23925769350174309,2.411623002364367,NUM,"NUM: 0.34, CCONJ: 0.24, ADJ: 0.14, DET: 0.11, PRON: 0.09, PROPN: 0.06",True,359,0,5.886104031450156
Malta,Malta,PROPN,PROPN,,,,,False,0,0,0.0
için,için,ADP,ADP,0.4371344784042817,1.7284041476856495,AUX,"ADP: 0.44, AUX: 0.27, CCONJ: 0.25",True,159,0,5.075173815233827
vize,vize,NOUN,NOUN,,,,,False,0,0,0.0
ver,veriyor,VERB,VERB,1.0,0.0,,VERB: 1.00,True,138,0,4.9344739331306915
.,.,PUNCT,PUNCT,,,,,True,3283,0,8.096817470572319
bu,Bunun,PRON,PRON,0.7006788109102466,1.3923524752663319,ADV,"PRON: 0.70, ADV: 0.14, CCONJ: 0.09, NOUN: 0.05",True,171,0,5.147494476813453
değerlen,değerlendirilmesi,VERB,VERB,,,,,True,3,0,1.3862943611198906
gerek,gerekir,VERB,VERB,0.5748381538387066,1.4766281055453563,CCONJ,"VERB: 0.57, CCONJ: 0.30, NOUN: 0.07, ADJ: 0.06",True,47,0,3.871201010907891
.,.,PUNCT,PUNCT,,,,,True,3283,0,8.096817470572319
Çinli,Çinliler,ADJ,ADJ,,,,,False,0,0,0.0
alışveriş,alışverişe,NOUN,NOUN,0.026513902550904214,1.649620852604376,DET,"DET: 0.62, ADJ: 0.15, NUM: 0.12, CCONJ: 0.08",True,12,0,2.5649493574615367
meraklı,meraklı,ADJ,ADJ,,,,,False,0,0,0.0
.,.,PUNCT,PUNCT,,,,,True,3283,0,8.096817470572319
her,Her,DET,DET,0.5393270671644539,1.4044282159240997,NUM,"DET: 0.54, NUM: 0.36, ADJ: 0.09",True,91,0,4.5217885770490405
bir,biri,NUM,NUM,0.3916735022215744,1.8552050660223744,DET,"DET: 0.40, NUM: 0.39, ADJ: 0.09, PROPN: 0.06, NOUN: 0.06",True,170,0,5.14166355650266
binüçyüz,binüçyüz,NUM,NUM,,,,,False,0,0,0.0
dolar,dolar,NOUN,NOUN,,,,,True,6,0,1.9459101490553132
harca,harcıyor,VERB,VERB,0.2594025877988388,1.9607641537500493,ADJ,"ADJ: 0.34, VERB: 0.26, NOUN: 0.21, ADV: 0.19",True,14,0,2.70805020110221
.,.,PUNCT,PUNCT,,,,,True,3283,0,8.096817470572319
Türkiye,Türkiye'ye,PROPN,PROPN,0.059663484087279214,2.091524984270449,NUM,"NUM: 0.48, PRON: 0.19, CCONJ: 0.16, ADJ: 0.07, PROPN: 0.06",True,30,0,3.4339872044851463
Çin,Çin'den,PROPN,PROPN,,,,,True,1,0,0.6931471805599453
elli,elli,NUM,NUM,,,,,True,10,0,2.3978952727983707
bin,bin,NUM,NUM,0.9754567681468136,0.1662405167880201,NOUN,NUM: 0.98,True,25,0,3.258096538021482
turist,turist,NOUN,NOUN,,,,,True,5,0,1.791759469228055
gelecek,geleceğini,ADJ,ADJ,0.16327465084826548,2.5452423233122383,NUM,"NUM: 0.23, PRON: 0.18, ADV: 0.18, ADJ: 0.16, NOUN: 0.13, PROPN: 0.12",True,13,0,2.6390573296152584
öngör,öngörüyorum,VERB,VERB,,,,,True,3,0,1.3862943611198906
.,.,PUNCT,PUNCT,,,,,True,3283,0,8.096817470572319
Çin,Çin'e,PROPN,PROPN,,,,,True,1,0,0.6931471805599453
tanıtım,tanıtım,NOUN,NOUN,,,,,True,1,0,0.6931471805599453
için,için,ADP,ADP,0.4371344784042817,1.7284041476856495,AUX,"ADP: 0.44, AUX: 0.27, CCONJ: 0.25",True,159,0,5.075173815233827
altıyüz,altıyüz,NUM,NUM,,,,,False,0,0,0.0
bin,bin,NUM,NUM,0.9754567681468136,0.1662405167880201,NOUN,NUM: 0.98,True,25,0,3.258096538021482
dolar,dolar,NOUN,NOUN,,,,,True,6,0,1.9459101490553132
lik,lık,ADP,ADP,0.33964052826958785,2.298304718960893,AUX,"ADP: 0.34, AUX: 0.27, CCONJ: 0.22, NUM: 0.08",True,26,0,3.295836866004329
bütçe,bütçe,NOUN,NOUN,0.16637866318833908,2.142830812000207,PRON,"PRON: 0.40, ADV: 0.19, NOUN: 0.17, PROPN: 0.13, ADJ: 0.11",True,11,0,2.4849066497880004
ayır,ayırdıklarını,VERB,VERB,1.0,0.0,,VERB: 1.00,True,15,0,2.772588722239781
söyle,söyleyen,VERB,VERB,0.721528986702589,0.8533590847777625,CCONJ,"VERB: 0.72, CCONJ: 0.28",True,89,0,4.499809670330265
Akşit,Akşit,PROPN,PROPN,,,,,False,0,0,0.0
",",",",PUNCT,PUNCT,,,,,True,2285,0,7.734558844354756
"""","""",PUNCT,PUNCT,,,,,True,210,0,5.351858133476067
Çince,Çince,PROPN,PROPN,,,,,False,0,0,0.0
seksen,seksen,NUM,NUM,,,,,True,1,0,0.6931471805599453
bin,bin,NUM,NUM,0.9754567681468136,0.1662405167880201,NOUN,NUM: 0.98,True,25,0,3.258096538021482
broşür,broşür,NOUN,NOUN,,,,,False,0,0,0.0
bas,bastırdık,VERB,VERB,1.0,0.0,,VERB: 1.00,True,11,0,2.4849066497880004
.,.,PUNCT,PUNCT,,,,,True,3283,0,8.096817470572319
yeni,Yeni,ADJ,ADJ,0.22068888520563854,1.3431848495027867,DET,"DET: 0.61, ADJ: 0.22, CCONJ: 0.17",True,50,0,3.9318256327243257
turizm,turizm,NOUN,NOUN,,,,,False,0,0,0.0
kent,kentleri,NOUN,NOUN,0.19980911044983704,0.9289402513014646,PRON,"PRON: 0.77, NOUN: 0.20",True,14,0,2.70805020110221
proje,projemiz,NOUN,NOUN,,,,,True,9,0,2.302585092994046
var,var,ADJ,ADJ,0.06842400166907717,1.0397429867758838,VERB,"VERB: 0.74, ADV: 0.19, ADJ: 0.07",True,87,0,4.477336814478207
.,.,PUNCT,PUNCT,,,,,True,3283,0,8.096817470572319
uçak,Uçak,NOUN,NOUN,0.09848242424888279,2.3988667127377203,NUM,"NUM: 0.36, DET: 0.18, PRON: 0.14, ADJ: 0.13, NOUN: 0.10, PROPN: 0.09",True,62,0,4.143134726391533
sefer,seferlerini,NOUN,NOUN,0.7797630355647779,0.7605999570704445,ADJ,"NOUN: 0.78, ADJ: 0.22",True,13,0,2.6390573296152584
de,de,CCONJ,CCONJ,0.13783772654910434,1.6723904656042283,AUX,"AUX: 0.44, ADP: 0.38, CCONJ: 0.14",True,326,0,5.7899601708972535
artır,artıracağız,VERB,VERB,,,,,True,5,0,1.791759469228055
.,.,PUNCT,PUNCT,,,,,True,3283,0,8.096817470572319
Çin,Çin,PROPN,PROPN,,,,,True,1,0,0.6931471805599453
restoran,restoranlarını,NOUN,NOUN,,,,,True,1,0,0.6931471805599453
artır,artırmak,VERB,VERB,,,,,True,5,0,1.791759469228055
için,için,ADP,ADP,0.4371344784042817,1.7284041476856495,AUX,"ADP: 0.44, AUX: 0.27, CCONJ: 0.25",True,159,0,5.075173815233827
otel,otelleri,NOUN,NOUN,,,,,True,1,0,0.6931471805599453
teşvik,teşvik,NOUN,NOUN,,,,,True,4,0,1.6094379124341003
et,ediyoruz,VERB,VERB,0.021423477839648417,2.0747581498935594,AUX,"AUX: 0.33, ADP: 0.33, CCONJ: 0.23",True,260,0,5.564520407322694
"""","""",PUNCT,PUNCT,,,,,True,210,0,5.351858133476067
diye,diye,ADP,ADP,0.26515728248607623,2.352927457262911,AUX,"AUX: 0.34, ADP: 0.27, PRON: 0.15, CCONJ: 0.13",True,107,0,4.68213122712422
konuş,konuştu,VERB,VERB,1.0,0.0,,VERB: 1.00,True,61,0,4.127134385045092
.,.,PUNCT,PUNCT,,,,,True,3283,0,8.096817470572319
devlet,Devlet,NOUN,NOUN,0.013892260425053477,1.573572003888147,DET,"DET: 0.52, NUM: 0.35, ADJ: 0.07",True,14,0,2.70805020110221
bakan,Bakanı,NOUN,NOUN,0.09843305354330971,1.9539121993849706,NUM,"NUM: 0.50, PROPN: 0.17, DET: 0.16, NOUN: 0.10, ADJ: 0.07",True,12,0,2.5649493574615367
Kürşat,Kürşat,PROPN,PROPN,,,,,False,0,0,0.0
Tüzmen,Tüzmen,PROPN,PROPN,,,,,False,0,0,0.0
",",",",PUNCT,PUNCT,,,,,True,2285,0,7.734558844354756
Çin,Çin'e,PROPN,PROPN,,,,,True,1,0,0.6931471805599453
mal,mal,NOUN,NOUN,,,,,True,6,0,1.9459101490553132
sat,satamamaktan,VERB,VERB,1.0,0.0,,VERB: 1.00,True,12,0,2.5649493574615367
yakın,yakınan,VERB,VERB,,,,,True,1,0,0.6931471805599453
işadamı,işadamlarına,NOUN,NOUN,,,,,False,0,0,0.0
",",",",PUNCT,PUNCT,,,,,True,2285,0,7.734558844354756
"""","""",PUNCT,PUNCT,,,,,True,210,0,5.351858133476067
Çin,Çin'in,PROPN,PROPN,,,,,True,1,0,0.6931471805599453
Ankara,Ankara,PROPN,PROPN,0.6445927071143654,1.27731531885719,NOUN,"PROPN: 0.64, NOUN: 0.22, ADJ: 0.13",True,15,0,2.772588722239781
büyükelçi,Büyükelçisi,NOUN,NOUN,,,,,True,2,0,1.0986122886681098
Türkçe,Türkçe,ADJ,PROPN,,,,,True,2,1,1.0986122886681098
konuş,konuşuyor,VERB,VERB,1.0,0.0,,VERB: 1.00,True,61,0,4.127134385045092
.,.,PUNCT,PUNCT,,,,,True,3283,0,8.096817470572319
ama,Ama,CCONJ,CCONJ,0.26313102212215905,1.8047829885976687,PRON,"PRON: 0.46, CCONJ: 0.26, ADV: 0.22",True,139,0,4.941642422609304
ben,benim,PRON,PRON,0.614767428544865,1.6599914502896118,ADV,"PRON: 0.61, ADV: 0.21, CCONJ: 0.08, PROPN: 0.06",True,310,0,5.739792912179234
bura,burada,NOUN,NOUN,0.05707749199808409,1.3288542344914385,PRON,"PRON: 0.74, ADV: 0.10, PROPN: 0.07, NOUN: 0.06",True,39,0,3.6888794541139363
ki,ki,ADP,ADP,0.352272282719127,2.181690690995641,AUX,"ADP: 0.35, AUX: 0.28, CCONJ: 0.23, NUM: 0.08",True,217,0,5.384495062789089
büyükelçi,büyükelçim,NOUN,NOUN,,,,,True,2,0,1.0986122886681098
Çince,Çince,PROPN,PROPN,,,,,False,0,0,0.0
konuş,konuşabiliyor,VERB,VERB,1.0,0.0,,VERB: 1.00,True,61,0,4.127134385045092
mi,mu,AUX,AUX,0.49179730733219285,1.8739792138931677,CCONJ,"AUX: 0.49, CCONJ: 0.24, ADP: 0.18, ADV: 0.05",True,112,0,4.727387818712341
?,?,PUNCT,PUNCT,,,,,True,125,0,4.836281906951478
ben,Benim,PRON,PRON,0.614767428544865,1.6599914502896118,ADV,"PRON: 0.61, ADV: 0.21, CCONJ: 0.08, PROPN: 0.06",True,310,0,5.739792912179234
bura,burada,NOUN,NOUN,0.05707749199808409,1.3288542344914385,PRON,"PRON: 0.74, ADV: 0.10, PROPN: 0.07, NOUN: 0.06",True,39,0,3.6888794541139363
ki,ki,ADP,ADP,0.352272282719127,2.181690690995641,AUX,"ADP: 0.35, AUX: 0.28, CCONJ: 0.23, NUM: 0.08",True,217,0,5.384495062789089
büyükelçi,büyükelçim,NOUN,NOUN,,,,,True,2,0,1.0986122886681098
de,de,CCONJ,CCONJ,0.13783772654910434,1.6723904656042283,AUX,"AUX: 0.44, ADP: 0.38, CCONJ: 0.14",True,326,0,5.7899601708972535
",",",",PUNCT,PUNCT,,,,,True,2285,0,7.734558844354756
müşavir,müşavirim,NOUN,NOUN,,,,,True,1,0,0.6931471805599453
de,de,CCONJ,CCONJ,0.13783772654910434,1.6723904656042283,AUX,"AUX: 0.44, ADP: 0.38, CCONJ: 0.14",True,326,0,5.7899601708972535
Çince,Çince,PROPN,PROPN,,,,,False,0,0,0.0
konuş,konuşabilmeli,VERB,VERB,1.0,0.0,,VERB: 1.00,True,61,0,4.127134385045092
"""","""",PUNCT,PUNCT,,,,,True,210,0,5.351858133476067
de,dedi,VERB,VERB,0.7089626585740004,0.8700574815901702,CCONJ,"VERB: 0.71, CCONJ: 0.29",True,295,0,5.69035945432406
.,.,PUNCT,PUNCT,,,,,True,3283,0,8.096817470572319
Tüzmen,Tüzmen,PROPN,PROPN,,,,,False,0,0,0.0
",",",",PUNCT,PUNCT,,,,,True,2285,0,7.734558844354756
işadamı,işadamlarının,NOUN,NOUN,,,,,False,0,0,0.0
"""","""",PUNCT,PUNCT,,,,,True,210,0,5.351858133476067
Çinli,Çinliler,ADJ,ADJ,,,,,False,0,0,0.0
pazar,pazarlarımızı,NOUN,NOUN,,,,,True,3,0,1.3862943611198906
el,ele,NOUN,NOUN,0.685323078074829,0.8984985975836332,ADJ,"NOUN: 0.69, ADJ: 0.31",True,81,0,4.406719247264253
geçir,geçiriyor,VERB,VERB,1.0,0.0,,VERB: 1.00,True,24,0,3.2188758248682006
"""","""",PUNCT,PUNCT,,,,,True,210,0,5.351858133476067
söz,sözleri,NOUN,NOUN,0.777721631080761,0.7643059703618319,ADJ,"NOUN: 0.78, ADJ: 0.22",True,40,0,3.713572066704308
üzer,üzerine,NOUN,NOUN,0.3732858720878324,1.2061022689833243,ADJ,"ADJ: 0.58, NOUN: 0.37, VERB: 0.05",True,45,0,3.828641396489095
de,de,CCONJ,CCONJ,0.13783772654910434,1.6723904656042283,AUX,"AUX: 0.44, ADP: 0.38, CCONJ: 0.14",True,326,0,5.7899601708972535
",",",",PUNCT,PUNCT,,,,,True,2285,0,7.734558844354756
"""","""",PUNCT,PUNCT,,,,,True,210,0,5.351858133476067
Pazar,Pazar,PROPN,PROPN,,,,,False,0,0,0.0
herkes,herkese,NOUN,NOUN,0.021457731122855418,1.6956728993253833,PRON,"PRON: 0.56, ADV: 0.23, CCONJ: 0.14, PROPN: 0.05",True,27,0,3.332204510175204
yet,yeter,VERB,VERB,0.6996215504171207,0.8817530212777307,CCONJ,"VERB: 0.70, CCONJ: 0.30",True,11,0,2.4849066497880004
"""","""",PUNCT,PUNCT,,,,,True,210,0,5.351858133476067
de,dedi,VERB,VERB,0.7089626585740004,0.8700574815901702,CCONJ,"VERB: 0.71, CCONJ: 0.29",True,295,0,5.69035945432406
.,.,PUNCT,PUNCT,,,,,True,3283,0,8.096817470572319
Unakıtan,Unakıtan,PROPN,PROPN,,,,,False,0,0,0.0
hükümet,hükümeti,NOUN,NOUN,0.06934936055114478,2.227581929206392,PRON,"PRON: 0.45, PROPN: 0.14, NUM: 0.14, DET: 0.14, NOUN: 0.07, ADJ: 0.06",True,11,0,2.4849066497880004
",",",",PUNCT,PUNCT,,,,,True,2285,0,7.734558844354756
işçi,işçilerin,NOUN,NOUN,,,,,True,10,0,2.3978952727983707
yasal,yasal,ADJ,ADJ,,,,,True,4,0,1.6094379124341003
zorunluluk,zorunluluktan,NOUN,NOUN,,,,,True,1,0,0.6931471805599453
kaynakla,kaynaklanan,VERB,VERB,,,,,True,2,0,1.0986122886681098
ve,ve,CCONJ,CCONJ,0.23925769350174309,2.411623002364367,NUM,"NUM: 0.34, CCONJ: 0.24, ADJ: 0.14, DET: 0.11, PRON: 0.09, PROPN: 0.06",True,359,0,5.886104031450156
toplusözleşme,toplusözleşmeye,NOUN,NOUN,,,,,False,0,0,0.0
kon,konulması,VERB,VERB,,,,,True,8,0,2.1972245773362196
şart,şartıyla,NOUN,NOUN,,,,,True,6,0,1.9459101490553132
öde,ödenen,VERB,VERB,1.0,0.0,,VERB: 1.00,True,19,0,2.995732273553991
iki,iki,NUM,NUM,0.27698505514822225,1.5675874170394526,DET,"DET: 0.55, NUM: 0.28, ADJ: 0.13",True,83,0,4.430816798843313
ikramiye,ikramiyeden,NOUN,NOUN,,,,,False,0,0,0.0
iki,ikisini,NUM,NUM,0.27698505514822225,1.5675874170394526,DET,"DET: 0.55, NUM: 0.28, ADJ: 0.13",True,83,0,4.430816798843313
öde,ödememe,VERB,VERB,1.0,0.0,,VERB: 1.00,True,19,0,2.995732273553991
konu,konusunu,NOUN,NOUN,0.7783535075459214,0.7631625742520879,ADJ,"NOUN: 0.78, ADJ: 0.22",True,51,0,3.9512437185814275
değerlen,değerlendirecek,VERB,VERB,,,,,True,3,0,1.3862943611198906
.,.,PUNCT,PUNCT,,,,,True,3283,0,8.096817470572319
',',PUNCT,PUNCT,,,,,True,56,0,4.04305126783455
haber,haberine,NOUN,NOUN,0.5432773143633932,1.42471049861644,PROPN,"NOUN: 0.54, PROPN: 0.29, ADJ: 0.16",True,29,0,3.4011973816621555
göre,göre,ADP,ADP,0.41770577295576294,1.830188214073782,AUX,"ADP: 0.42, AUX: 0.30, CCONJ: 0.23",True,38,0,3.6635616461296463
hükümet,hükümet,NOUN,NOUN,0.06934936055114478,2.227581929206392,PRON,"PRON: 0.45, PROPN: 0.14, NUM: 0.14, DET: 0.14, NOUN: 0.07, ADJ: 0.06",True,11,0,2.4849066497880004
iki,iki,NUM,NUM,0.27698505514822225,1.5675874170394526,DET,"DET: 0.55, NUM: 0.28, ADJ: 0.13",True,83,0,4.430816798843313
ikramiye,ikramiyenin,NOUN,NOUN,,,,,False,0,0,0.0
öde,ödenmemesi,VERB,VERB,1.0,0.0,,VERB: 1.00,True,19,0,2.995732273553991
konu,konusunda,NOUN,NOUN,0.7783535075459214,0.7631625742520879,ADJ,"NOUN: 0.78, ADJ: 0.22",True,51,0,3.9512437185814275
karar,karar,NOUN,NOUN,0.6289291734064841,1.1965592865096546,ADJ,"NOUN: 0.63, ADJ: 0.31, VERB: 0.06",True,31,0,3.4657359027997265
ver,verirse,VERB,VERB,1.0,0.0,,VERB: 1.00,True,138,0,4.9344739331306915
ikibinüç,ikibinüç,NUM,NUM,,,,,True,8,0,2.1972245773362196
yıl,yılında,NOUN,NOUN,0.29569595997941395,1.4054086954468807,PRON,"PRON: 0.55, NOUN: 0.30, ADJ: 0.15",True,68,0,4.23410650459726
sadece,sadece,ADV,ADV,0.061459005615517974,2.5869589861217266,CCONJ,"CCONJ: 0.28, PRON: 0.19, NUM: 0.16, DET: 0.16, PROPN: 0.12, ADV: 0.06",True,16,0,2.833213344056216
bu,bu,DET,DET,0.6017857940157323,1.5300103231456785,NUM,"DET: 0.60, NUM: 0.20, ADJ: 0.15",True,350,0,5.860786223465865
kalem,kalemden,NOUN,NOUN,,,,,True,7,0,2.0794415416798357
üçyüzon,üçyüzon,NUM,NUM,,,,,False,0,0,0.0
trilyon,trilyon,NUM,NUM,,,,,True,8,0,2.1972245773362196
lira,_,NOUN,NOUN,0.1563501102209089,0.6255059145004597,NUM,"NUM: 0.84, NOUN: 0.16",True,15,0,2.772588722239781
_,liralık,ADJ,ADJ,,,,,True,7,0,2.0794415416798357
tasarruf,tasarruf,NOUN,NOUN,,,,,True,1,0,0.6931471805599453
sağla,sağlamış,VERB,VERB,0.7071029984796495,0.8724341497200817,CCONJ,"VERB: 0.71, CCONJ: 0.29",True,20,0,3.044522437723423
ol,olacak,VERB,VERB,1.0,0.0,,VERB: 1.00,True,603,0,6.403574197934815
.,.,PUNCT,PUNCT,,,,,True,3283,0,8.096817470572319
tedbir,Tedbirler,NOUN,NOUN,,,,,True,2,0,1.0986122886681098
paket,paketinde,NOUN,NOUN,1.0,0.0,,NOUN: 1.00,True,11,0,2.4849066497880004
",",",",PUNCT,PUNCT,,,,,True,2285,0,7.734558844354756
sürekli,sürekli,ADV,ADV,,,,,True,6,0,1.9459101490553132
ve,ve,CCONJ,CCONJ,0.23925769350174309,2.411623002364367,NUM,"NUM: 0.34, CCONJ: 0.24, ADJ: 0.14, DET: 0.11, PRON: 0.09, PROPN: 0.06",True,359,0,5.886104031450156
geçici,geçici,ADJ,ADJ,,,,,True,3,0,1.3862943611198906
işçi,işçilerin,NOUN,NOUN,,,,,True,10,0,2.3978952727983707
memuriyet,memuriyete,NOUN,NOUN,,,,,False,0,0,0.0
kay,kaydırılması,VERB,VERB,,,,,True,10,0,2.3978952727983707
yöntem,yöntemiyle,NOUN,NOUN,,,,,True,1,0,0.6931471805599453
ikibinüç,ikibinüç,NUM,NUM,,,,,True,8,0,2.1972245773362196
yıl,yılında,NOUN,NOUN,0.29569595997941395,1.4054086954468807,PRON,"PRON: 0.55, NOUN: 0.30, ADJ: 0.15",True,68,0,4.23410650459726
yüzdoksanbeş,yüzdoksanbeş,NUM,NUM,,,,,False,0,0,0.0
trilyon,trilyon,NUM,NUM,,,,,True,8,0,2.1972245773362196
lira,lira,NOUN,NOUN,0.1563501102209089,0.6255059145004597,NUM,"NUM: 0.84, NOUN: 0.16",True,15,0,2.772588722239781
tasarruf,tasarruf,NOUN,NOUN,,,,,True,1,0,0.6931471805599453
sağla,sağlanması,VERB,VERB,0.7071029984796495,0.8724341497200817,CCONJ,"VERB: 0.71, CCONJ: 0.29",True,20,0,3.044522437723423
da,da,CCONJ,CCONJ,0.13730810580889885,1.6721173968196932,AUX,"AUX: 0.44, ADP: 0.38, CCONJ: 0.14",True,275,0,5.62040086571715
hedefle,hedefleniyor,VERB,VERB,,,,,True,2,0,1.0986122886681098
.,.,PUNCT,PUNCT,,,,,True,3283,0,8.096817470572319
ekonomi,Ekonomi,NOUN,NOUN,,,,,True,5,0,1.791759469228055
yetkili,yetkililerinin,ADJ,ADJ,,,,,True,7,0,2.0794415416798357
Ypk,YPK,PROPN,PROPN,,,,,False,0,0,0.0
toplantı,toplantısında,NOUN,NOUN,0.31752943967823205,1.3195026054314372,PRON,"PRON: 0.58, NOUN: 0.32, ADJ: 0.10",True,13,0,2.6390573296152584
gündem,gündeme,NOUN,NOUN,,,,,True,7,0,2.0794415416798357
getir,getirmeyi,VERB,VERB,1.0,0.0,,VERB: 1.00,True,42,0,3.7612001156935624
planla,planladığı,VERB,VERB,,,,,True,4,0,1.6094379124341003
toplusözleşme,toplusözleşme,NOUN,NOUN,,,,,False,0,0,0.0
görüşme,görüşmeleri,NOUN,NOUN,,,,,True,5,0,1.791759469228055
konu,konusunda,NOUN,NOUN,0.7783535075459214,0.7631625742520879,ADJ,"NOUN: 0.78, ADJ: 0.22",True,51,0,3.9512437185814275
da,da,CCONJ,CCONJ,0.13730810580889885,1.6721173968196932,AUX,"AUX: 0.44, ADP: 0.38, CCONJ: 0.14",True,275,0,5.62040086571715
işçi,işçi,NOUN,NOUN,,,,,True,10,0,2.3978952727983707
konfederasyon,konfederasyonlarına,NOUN,NOUN,,,,,False,0,0,0.0
düşük,düşük,ADJ,ADJ,,,,,True,5,0,1.791759469228055
oran,oran,NOUN,NOUN,,,,,True,10,0,2.3978952727983707
li,lı,ADP,ADP,0.2797323618856777,2.3836488217196035,AUX,"AUX: 0.30, ADP: 0.28, CCONJ: 0.23, NUM: 0.08",True,182,0,5.209486152841421
bir,bir,DET,DET,0.49958184875865663,1.6482580173109218,NUM,"DET: 0.50, NUM: 0.30, ADJ: 0.15",True,616,0,6.424869023905388
zam,zammın,NOUN,NOUN,,,,,True,9,0,2.302585092994046
öner,önerilmesi,VERB,VERB,1.0,0.0,,VERB: 1.00,True,11,0,2.4849066497880004
tartış,tartışılıyor,VERB,VERB,1.0,0.0,,VERB: 1.00,True,21,0,3.091042453358316
.,.,PUNCT,PUNCT,,,,,True,3283,0,8.096817470572319
vakıf,Vakıf,NOUN,NOUN,,,,,True,5,0,1.791759469228055
yardım,yardımları,NOUN,NOUN,0.492452467055801,1.2551462811382508,ADJ,"NOUN: 0.49, ADJ: 0.45, VERB: 0.06",True,15,0,2.772588722239781
kalk,kalkıyor,VERB,VERB,0.318376600131841,0.9026073263581879,AUX,"AUX: 0.68, VERB: 0.32",True,20,0,3.044522437723423
.,.,PUNCT,PUNCT,,,,,True,3283,0,8.096817470572319
Ypk,YPK,PROPN,PROPN,,,,,False,0,0,0.0
toplantı,toplantısında,NOUN,NOUN,0.31752943967823205,1.3195026054314372,PRON,"PRON: 0.58, NOUN: 0.32, ADJ: 0.10",True,13,0,2.6390573296152584
el,ele,NOUN,NOUN,0.685323078074829,0.8984985975836332,ADJ,"NOUN: 0.69, ADJ: 0.31",True,81,0,4.406719247264253
al,alınacak,VERB,VERB,1.0,0.0,,VERB: 1.00,True,169,0,5.135798437050262
paket,pakette,NOUN,NOUN,1.0,0.0,,NOUN: 1.00,True,11,0,2.4849066497880004
",",",",PUNCT,PUNCT,,,,,True,2285,0,7.734558844354756
kamu,kamuya,NOUN,NOUN,,,,,True,8,0,2.1972245773362196
yararlı,yararlı,ADJ,ADJ,,,,,True,8,0,2.1972245773362196
dernek,dernekler,NOUN,NOUN,,,,,True,1,0,0.6931471805599453
ile,ile,CCONJ,CCONJ,0.3764593242479542,2.1137914166498284,ADP,"CCONJ: 0.38, ADP: 0.37, NUM: 0.11, PROPN: 0.05",True,72,0,4.290459441148391
vergi,vergi,NOUN,NOUN,0.011950653793856328,1.6785541093229865,NUM,"NUM: 0.56, DET: 0.22, ADJ: 0.16, PROPN: 0.06",True,15,0,2.772588722239781
muafiyet,muafiyeti,NOUN,NOUN,,,,,False,0,0,0.0
dış,dışında,ADJ,ADJ,0.45413399165948337,1.2599142994957258,NOUN,"NOUN: 0.49, ADJ: 0.45, VERB: 0.06",True,12,0,2.5649493574615367
ki,ki,ADP,ADP,0.352272282719127,2.181690690995641,AUX,"ADP: 0.35, AUX: 0.28, CCONJ: 0.23, NUM: 0.08",True,217,0,5.384495062789089
dernek,dernek,NOUN,NOUN,,,,,True,1,0,0.6931471805599453
",",",",PUNCT,PUNCT,,,,,True,2285,0,7.734558844354756
vakıf,vakıf,NOUN,NOUN,,,,,True,5,0,1.791759469228055
ve,ve,CCONJ,CCONJ,0.23925769350174309,2.411623002364367,NUM,"NUM: 0.34, CCONJ: 0.24, ADJ: 0.14, DET: 0.11, PRON: 0.09, PROPN: 0.06",True,359,0,5.886104031450156
birlik,birliklere,NOUN,NOUN,,,,,True,9,0,2.302585092994046
yap,yapılan,VERB,VERB,1.0,0.0,,VERB: 1.00,True,209,0,5.3471075307174685
yardım,yardımların,NOUN,NOUN,0.492452467055801,1.2551462811382508,ADJ,"NOUN: 0.49, ADJ: 0.45, VERB: 0.06",True,15,0,2.772588722239781
kal,kaldırılması,VERB,VERB,1.0,0.0,,VERB: 1.00,True,77,0,4.356708826689592
da,da,CCONJ,CCONJ,0.13730810580889885,1.6721173968196932,AUX,"AUX: 0.44, ADP: 0.38, CCONJ: 0.14",True,275,0,5.62040086571715
yer,yer,NOUN,NOUN,0.6105573897718891,0.964438903111094,ADJ,"NOUN: 0.61, ADJ: 0.39",True,111,0,4.718498871295094
al,alıyor,VERB,VERB,1.0,0.0,,VERB: 1.00,True,169,0,5.135798437050262
.,.,PUNCT,PUNCT,,,,,True,3283,0,8.096817470572319
belediye,Belediyelerden,NOUN,NOUN,,,,,True,3,0,1.3862943611198906
personel,personel,NOUN,NOUN,,,,,True,3,0,1.3862943611198906
nakil,nakline,NOUN,NOUN,,,,,False,0,0,0.0
izin,izin,NOUN,NOUN,,,,,True,8,0,2.1972245773362196
ver,verilmemesinin,VERB,VERB,1.0,0.0,,VERB: 1.00,True,138,0,4.9344739331306915
planla,planlandığı,VERB,VERB,,,,,True,4,0,1.6094379124341003
paket,pakette,NOUN,NOUN,1.0,0.0,,NOUN: 1.00,True,11,0,2.4849066497880004
ayrıca,ayrıca,ADV,ADV,,,,,True,5,0,1.791759469228055
",",",",PUNCT,PUNCT,,,,,True,2285,0,7.734558844354756
makam,makam,NOUN,NOUN,,,,,True,3,0,1.3862943611198906
görev,görev,NOUN,NOUN,0.5386762644812148,0.9956795648131863,ADJ,"NOUN: 0.54, ADJ: 0.46",True,20,0,3.044522437723423
ve,ve,CCONJ,CCONJ,0.23925769350174309,2.411623002364367,NUM,"NUM: 0.34, CCONJ: 0.24, ADJ: 0.14, DET: 0.11, PRON: 0.09, PROPN: 0.06",True,359,0,5.886104031450156
temsil,temsil,NOUN,NOUN,,,,,True,1,0,0.6931471805599453
tazminat,tazminatlarının,NOUN,NOUN,,,,,True,7,0,2.0794415416798357
emekli,emekli,ADJ,ADJ,,,,,True,5,0,1.791759469228055
kesenek,keseneğine,NOUN,NOUN,,,,,False,0,0,0.0
tabi,tabi,ADJ,ADJ,,,,,True,3,0,1.3862943611198906
tut,tutulması,VERB,VERB,1.0,0.0,,VERB: 1.00,True,29,0,3.4011973816621555
öneri,önerisi,NOUN,NOUN,,,,,True,3,0,1.3862943611198906
de,de,CCONJ,CCONJ,0.13783772654910434,1.6723904656042283,AUX,"AUX: 0.44, ADP: 0.38, CCONJ: 0.14",True,326,0,5.7899601708972535
yer,yer,NOUN,NOUN,0.6105573897718891,0.964438903111094,ADJ,"NOUN: 0.61, ADJ: 0.39",True,111,0,4.718498871295094
al,alıyor,VERB,VERB,1.0,0.0,,VERB: 1.00,True,169,0,5.135798437050262
.,.,PUNCT,PUNCT,,,,,True,3283,0,8.096817470572319
',',PUNCT,PUNCT,,,,,True,56,0,4.04305126783455
:,:,PUNCT,PUNCT,,,,,True,127,0,4.852030263919617
kredi,Krediler,NOUN,NOUN,0.0060854232819286475,1.8233904323480616,NUM,"NUM: 0.57, ADJ: 0.17, DET: 0.11, CCONJ: 0.08, PROPN: 0.06",True,12,0,2.5649493574615367
hazır,hazır,ADJ,ADJ,0.3734486348171704,1.739772839140486,NOUN,"NOUN: 0.37, ADJ: 0.37, ADV: 0.20",True,12,0,2.5649493574615367
.,.,PUNCT,PUNCT,,,,,True,3283,0,8.096817470572319
milli,Milli,ADJ,ADJ,0.44693070624055153,1.3880084648306146,NOUN,"ADJ: 0.45, NOUN: 0.44, VERB: 0.11",True,15,0,2.772588722239781
eğitim,Eğitim,NOUN,NOUN,,,,,True,9,0,2.302585092994046
bakan,Bakanı,NOUN,NOUN,0.09843305354330971,1.9539121993849706,NUM,"NUM: 0.50, PROPN: 0.17, DET: 0.16, NOUN: 0.10, ADJ: 0.07",True,12,0,2.5649493574615367
Erkan,Erkan,PROPN,PROPN,,,,,False,0,0,0.0
Mumcu,Mumcu'yla,PROPN,PROPN,,,,,False,0,0,0.0
da,da,CCONJ,CCONJ,0.13730810580889885,1.6721173968196932,AUX,"AUX: 0.44, ADP: 0.38, CCONJ: 0.14",True,275,0,5.62040086571715
görüş,görüşen,VERB,VERB,1.0,0.0,,VERB: 1.00,True,12,0,2.5649493574615367
Unakıtan,Unakıtan,PROPN,PROPN,,,,,False,0,0,0.0
",",",",PUNCT,PUNCT,,,,,True,2285,0,7.734558844354756
temel,temel,ADJ,ADJ,0.4653698610024834,0.9965369341463338,NOUN,"NOUN: 0.53, ADJ: 0.47",True,22,0,3.1354942159291497
eğitim,eğitimin,NOUN,NOUN,,,,,True,9,0,2.302585092994046
oniki,oniki,NUM,NUM,,,,,True,2,0,1.0986122886681098
yıl,yıla,NOUN,NOUN,0.29569595997941395,1.4054086954468807,PRON,"PRON: 0.55, NOUN: 0.30, ADJ: 0.15",True,68,0,4.23410650459726
çıkar,çıkarılacağı,VERB,VERB,1.0,0.0,,VERB: 1.00,True,34,0,3.5553480614894135
söz,sözü,NOUN,NOUN,0.777721631080761,0.7643059703618319,ADJ,"NOUN: 0.78, ADJ: 0.22",True,40,0,3.713572066704308
al,aldı,VERB,VERB,1.0,0.0,,VERB: 1.00,True,169,0,5.135798437050262
.,.,PUNCT,PUNCT,,,,,True,3283,0,8.096817470572319
',',PUNCT,PUNCT,,,,,True,56,0,4.04305126783455
",",",",PUNCT,PUNCT,,,,,True,2285,0,7.734558844354756
gelecek,geleceğe,ADJ,ADJ,0.16327465084826548,2.5452423233122383,NUM,"NUM: 0.23, PRON: 0.18, ADV: 0.18, ADJ: 0.16, NOUN: 0.13, PROPN: 0.12",True,13,0,2.6390573296152584
yönelik,yönelik,ADP,ADP,,,,,True,5,0,1.791759469228055
yeni,yeni,ADJ,ADJ,0.22068888520563854,1.3431848495027867,DET,"DET: 0.61, ADJ: 0.22, CCONJ: 0.17",True,50,0,3.9318256327243257
eğitim,eğitim,NOUN,NOUN,,,,,True,9,0,2.302585092994046
proje,projelerinin,NOUN,NOUN,,,,,True,9,0,2.302585092994046
yarat,yaratılması,VERB,VERB,1.0,0.0,,VERB: 1.00,True,29,0,3.4011973816621555
konu,konusunda,NOUN,NOUN,0.7783535075459214,0.7631625742520879,ADJ,"NOUN: 0.78, ADJ: 0.22",True,51,0,3.9512437185814275
milli,Milli,ADJ,ADJ,0.44693070624055153,1.3880084648306146,NOUN,"ADJ: 0.45, NOUN: 0.44, VERB: 0.11",True,15,0,2.772588722239781
eğitim,Eğitim,NOUN,NOUN,,,,,True,9,0,2.302585092994046
bakanlık,Bakanlığı,NOUN,NOUN,0.0,1.6592698452814296,AUX,"AUX: 0.52, ADP: 0.24, CCONJ: 0.19",True,12,0,2.5649493574615367
ile,ile,CCONJ,CCONJ,0.3764593242479542,2.1137914166498284,ADP,"CCONJ: 0.38, ADP: 0.37, NUM: 0.11, PROPN: 0.05",True,72,0,4.290459441148391
ortaklaşa,ortaklaşa,ADV,ADV,,,,,False,0,0,0.0
çalış,çalışmak,VERB,VERB,0.650530576282453,1.1285592750273743,CCONJ,"VERB: 0.65, CCONJ: 0.30",True,64,0,4.174387269895637
iste,istediklerini,VERB,VERB,0.6774524752691933,1.0218601397810432,CCONJ,"VERB: 0.68, CCONJ: 0.30",True,117,0,4.770684624465665
bil,bildirdi,VERB,VERB,0.6930942464089043,1.0036086273143747,CCONJ,"VERB: 0.69, CCONJ: 0.28",True,101,0,4.624972813284271
.,.,PUNCT,PUNCT,,,,,True,3283,0,8.096817470572319
sağlık,Sağlık,NOUN,NOUN,,,,,True,6,0,1.9459101490553132
bakan,Bakanı,NOUN,NOUN,0.09843305354330971,1.9539121993849706,NUM,"NUM: 0.50, PROPN: 0.17, DET: 0.16, NOUN: 0.10, ADJ: 0.07",True,12,0,2.5649493574615367
Recep,Recep,PROPN,PROPN,0.3657960513920496,1.8816785993623764,PRON,"PROPN: 0.37, PRON: 0.34, ADV: 0.22, NOUN: 0.06",True,22,0,3.1354942159291497
Akdağ,Akdağ,PROPN,PROPN,,,,,False,0,0,0.0
ile,ile,CCONJ,CCONJ,0.3764593242479542,2.1137914166498284,ADP,"CCONJ: 0.38, ADP: 0.37, NUM: 0.11, PROPN: 0.05",True,72,0,4.290459441148391
görüşme,görüşmesinde,NOUN,NOUN,,,,,True,5,0,1.791759469228055
de,de,CCONJ,CCONJ,0.13783772654910434,1.6723904656042283,AUX,"AUX: 0.44, ADP: 0.38, CCONJ: 0.14",True,326,0,5.7899601708972535
',',PUNCT,PUNCT,,,,,True,56,0,4.04305126783455
",",",",PUNCT,PUNCT,,,,,True,2285,0,7.734558844354756
hükümet,hükümetin,NOUN,NOUN,0.06934936055114478,2.227581929206392,PRON,"PRON: 0.45, PROPN: 0.14, NUM: 0.14, DET: 0.14, NOUN: 0.07, ADJ: 0.06",True,11,0,2.4849066497880004
sağlık,Sağlıkta,NOUN,NOUN,,,,,True,6,0,1.9459101490553132
dönüşüm,Dönüşüm,NOUN,NOUN,,,,,True,1,0,0.6931471805599453
proje,Projesi'ne,NOUN,NOUN,,,,,True,9,0,2.302585092994046
finans,finans,NOUN,NOUN,,,,,False,0,0,0.0
destek,desteği,NOUN,NOUN,,,,,True,3,0,1.3862943611198906
ver,verebileceklerini,VERB,VERB,1.0,0.0,,VERB: 1.00,True,138,0,4.9344739331306915
söyle,söyledi,VERB,VERB,0.721528986702589,0.8533590847777625,CCONJ,"VERB: 0.72, CCONJ: 0.28",True,89,0,4.499809670330265
.,.,PUNCT,PUNCT,,,,,True,3283,0,8.096817470572319
dünya,Dünya,NOUN,PROPN,0.6875493916276434,0.895982041192993,ADJ,"NOUN: 0.69, ADJ: 0.31",True,50,1,3.9318256327243257
banka,Bankası,NOUN,NOUN,0.21431522814480528,2.229911219868199,PROPN,"PROPN: 0.30, PRON: 0.24, NOUN: 0.21, ADJ: 0.13, ADV: 0.12",True,14,0,2.70805020110221
olarak,olarak,ADP,ADP,0.36855824759231326,2.0508940487493934,AUX,"ADP: 0.37, AUX: 0.30, CCONJ: 0.24",True,71,0,4.276666119016055
sağlık,sağlık,NOUN,NOUN,,,,,True,6,0,1.9459101490553132
sektör,sektörü,NOUN,NOUN,,,,,True,8,0,2.1972245773362196
çalış,çalışması,VERB,VERB,0.650530576282453,1.1285592750273743,CCONJ,"VERB: 0.65, CCONJ: 0.30",True,64,0,4.174387269895637
hazırla,hazırladıklarını,VERB,VERB,1.0,0.0,,VERB: 1.00,True,25,0,3.258096538021482
dil,dile,NOUN,NOUN,0.2352579076082893,1.9736918137901505,ADJ,"ADJ: 0.30, PRON: 0.28, NOUN: 0.24, PROPN: 0.18",True,13,0,2.6390573296152584
getir,getiren,VERB,VERB,1.0,0.0,,VERB: 1.00,True,42,0,3.7612001156935624
Hamamcıoğlu,Hamamcıoğlu,PROPN,PROPN,,,,,False,0,0,0.0
",",",",PUNCT,PUNCT,,,,,True,2285,0,7.734558844354756
bu,bunu,PRON,PRON,0.7006788109102466,1.3923524752663319,ADV,"PRON: 0.70, ADV: 0.14, CCONJ: 0.09, NOUN: 0.05",True,171,0,5.147494476813453
Türk,Türk,ADJ,ADJ,0.08584160010646377,1.6785318657638812,NUM,"NUM: 0.53, DET: 0.31, ADJ: 0.09, PROPN: 0.05",True,19,0,2.995732273553991
yetkili,yetkililerle,ADJ,NOUN,,,,,True,7,1,2.0794415416798357
paylaş,paylaşabileceklerini,VERB,VERB,,,,,True,3,0,1.3862943611198906
kaydet,kaydetti,VERB,VERB,0.726558632177668,0.8463595544531956,CCONJ,"VERB: 0.73, CCONJ: 0.27",True,11,0,2.4849066497880004
.,.,PUNCT,PUNCT,,,,,True,3283,0,8.096817470572319
Hamamcıoğlu,Hamamcıoğlu,PROPN,PROPN,,,,,False,0,0,0.0
",",",",PUNCT,PUNCT,,,,,True,2285,0,7.734558844354756
gelir,gelir,NOUN,NOUN,,,,,True,6,0,1.9459101490553132
oran,oranı,NOUN,NOUN,,,,,True,10,0,2.3978952727983707
aynı,aynı,ADJ,ADJ,0.11957005345771128,1.4044471997085064,DET,"DET: 0.58, NUM: 0.29, ADJ: 0.12",True,44,0,3.8066624897703196
ol,olan,VERB,VERB,1.0,0.0,,VERB: 1.00,True,603,0,6.403574197934815
ülke,ülkelerle,NOUN,NOUN,0.4198365377202642,1.523664474067324,PRON,"NOUN: 0.42, PRON: 0.38, ADJ: 0.20",True,13,0,2.6390573296152584
kıyasla,kıyaslandığında,VERB,VERB,,,,,True,2,0,1.0986122886681098
anne,anne,NOUN,NOUN,0.022677746240264553,1.7793257576975863,PRON,"PRON: 0.58, ADV: 0.16, PROPN: 0.16, CCONJ: 0.07",True,91,0,4.5217885770490405
ve,ve,CCONJ,CCONJ,0.23925769350174309,2.411623002364367,NUM,"NUM: 0.34, CCONJ: 0.24, ADJ: 0.14, DET: 0.11, PRON: 0.09, PROPN: 0.06",True,359,0,5.886104031450156
bebek,bebek,NOUN,NOUN,,,,,True,2,0,1.0986122886681098
ölüm,ölümleri,NOUN,NOUN,0.5379043552075335,0.9958504643589849,ADJ,"NOUN: 0.54, ADJ: 0.46",True,14,0,2.70805020110221
oran,oranının,NOUN,NOUN,,,,,True,10,0,2.3978952727983707
Türkiye,Türkiye'de,PROPN,PROPN,0.059663484087279214,2.091524984270449,NUM,"NUM: 0.48, PRON: 0.19, CCONJ: 0.16, ADJ: 0.07, PROPN: 0.06",True,30,0,3.4339872044851463
yüksek,yüksek,ADJ,ADJ,0.11209530699364736,1.6429335598108414,PRON,"PRON: 0.63, PROPN: 0.13, ADJ: 0.11, ADV: 0.10",True,11,0,2.4849066497880004
ol,olduğuna,VERB,VERB,1.0,0.0,,VERB: 1.00,True,603,0,6.403574197934815
da,da,CCONJ,CCONJ,0.13730810580889885,1.6721173968196932,AUX,"AUX: 0.44, ADP: 0.38, CCONJ: 0.14",True,275,0,5.62040086571715
dikkat,dikkat,NOUN,NOUN,0.6088085136107217,0.9655641535362572,ADJ,"NOUN: 0.61, ADJ: 0.39",True,15,0,2.772588722239781
çek,çekti,VERB,VERB,0.5799102140104834,1.4728643172157725,CCONJ,"VERB: 0.58, CCONJ: 0.26, ADV: 0.14",True,40,0,3.713572066704308
.,.,PUNCT,PUNCT,,,,,True,3283,0,8.096817470572319
yüz,yüz,NUM,NUM,0.7460524783246977,0.817475056293391,NOUN,"NUM: 0.75, NOUN: 0.25",True,36,0,3.6109179126442243
bin,bin,NUM,NUM,0.9754567681468136,0.1662405167880201,NOUN,NUM: 0.98,True,25,0,3.258096538021482
dolar,dolar,NOUN,NOUN,,,,,True,6,0,1.9459101490553132
lik,lık,ADP,ADP,0.33964052826958785,2.298304718960893,AUX,"ADP: 0.34, AUX: 0.27, CCONJ: 0.22, NUM: 0.08",True,26,0,3.295836866004329
Rusya,Rusya'ya,PROPN,PROPN,,,,,True,1,0,0.6931471805599453
yap,yaptığı,VERB,VERB,1.0,0.0,,VERB: 1.00,True,209,0,5.3471075307174685
ihracat,ihracatın,NOUN,NOUN,,,,,True,6,0,1.9459101490553132
alıcı,alıcısı,NOUN,NOUN,,,,,False,0,0,0.0
bul,bulunamıyor,VERB,VERB,1.0,0.0,,VERB: 1.00,True,56,0,4.04305126783455
.,.,PUNCT,PUNCT,,,,,True,3283,0,8.096817470572319
ya,Ya,CCONJ,CCONJ,0.14638418649042423,2.502374351780982,AUX,"AUX: 0.40, PRON: 0.15, CCONJ: 0.15, PROPN: 0.10, ADV: 0.08, ADP: 0.05",True,66,0,4.204692619390966
Rusya,Rusya'da,PROPN,PROPN,,,,,True,1,0,0.6931471805599453
kim,kimi,PRON,PRON,0.5973445626800743,1.7438346441668269,ADV,"PRON: 0.60, ADV: 0.14, NOUN: 0.11, PROPN: 0.09, ADJ: 0.05",True,12,0,2.5649493574615367
bul,buluyorsun,VERB,VERB,1.0,0.0,,VERB: 1.00,True,56,0,4.04305126783455
ki,ki,CCONJ,CCONJ,0.1806152397797589,1.9747454841180783,AUX,"AUX: 0.51, CCONJ: 0.18, ADP: 0.18, ADV: 0.07",True,81,0,4.406719247264253
?,?,PUNCT,PUNCT,,,,,True,125,0,4.836281906951478
ara,Arasan,VERB,NOUN,1.0,0.0,,VERB: 1.00,True,33,1,3.5263605246161616
Rusya,Rusya'da,PROPN,PROPN,,,,,True,1,0,0.6931471805599453
Başbakan,Başbakan'ı,PROPN,PROPN,,,,,False,0,0,0.0
bile,bile,ADV,ADV,0.0,1.3965541340455074,ADP,"ADP: 0.56, CCONJ: 0.36",True,36,0,3.6109179126442243
bul,bulamazsın,VERB,VERB,1.0,0.0,,VERB: 1.00,True,56,0,4.04305126783455
.,.,PUNCT,PUNCT,,,,,True,3283,0,8.096817470572319
bu,Bu,DET,DET,0.6017857940157323,1.5300103231456785,NUM,"DET: 0.60, NUM: 0.20, ADJ: 0.15",True,350,0,5.860786223465865
adam,adamın,NOUN,NOUN,0.48168004535673414,1.5142431721146627,PROPN,"NOUN: 0.48, PROPN: 0.28, ADJ: 0.24",True,41,0,3.7376696182833684
ad,adı,NOUN,NOUN,0.6851128249231325,0.8987345457100178,ADJ,"NOUN: 0.69, ADJ: 0.31",True,27,0,3.332204510175204
ol,olmuş,VERB,VERB,1.0,0.0,,VERB: 1.00,True,603,0,6.403574197934815
hayalici,hayalici,NOUN,NOUN,,,,,False,0,0,0.0
.,.,PUNCT,PUNCT,,,,,True,3283,0,8.096817470572319
elli,elli,NUM,NUM,,,,,True,10,0,2.3978952727983707
milyon,milyon,NUM,NUM,1.0,0.0,,NUM: 1.00,True,14,0,2.70805020110221
dolar,dolara,NOUN,NOUN,,,,,True,6,0,1.9459101490553132
bak,bakmıyor,VERB,VERB,1.0,0.0,,VERB: 1.00,True,85,0,4.454347296253507
",",",",PUNCT,PUNCT,,,,,True,2285,0,7.734558844354756
yüz,yüz,NUM,NUM,0.7460524783246977,0.817475056293391,NOUN,"NUM: 0.75, NOUN: 0.25",True,36,0,3.6109179126442243
bin,bin,NUM,NUM,0.9754567681468136,0.1662405167880201,NOUN,NUM: 0.98,True,25,0,3.258096538021482
dolar,dolara,NOUN,NOUN,,,,,True,6,0,1.9459101490553132
bak,bakıyor,VERB,VERB,1.0,0.0,,VERB: 1.00,True,85,0,4.454347296253507
.,.,PUNCT,PUNCT,,,,,True,3283,0,8.096817470572319
incele,İnceleme,VERB,VERB,0.6778933492768536,1.2286879460824742,ADJ,"VERB: 0.68, ADJ: 0.16, NOUN: 0.16",True,24,0,3.2188758248682006
yap,yapılmış,VERB,VERB,1.0,0.0,,VERB: 1.00,True,209,0,5.3471075307174685
.,.,PUNCT,PUNCT,,,,,True,3283,0,8.096817470572319
incele,İnceleme,VERB,VERB,0.6778933492768536,1.2286879460824742,ADJ,"VERB: 0.68, ADJ: 0.16, NOUN: 0.16",True,24,0,3.2188758248682006
eleman,elemanı,NOUN,NOUN,,,,,True,2,0,1.0986122886681098
böyle,böyle,ADV,ADV,0.158683827175278,1.5460276291544226,PRON,"PRON: 0.66, ADV: 0.16, PROPN: 0.07, ADJ: 0.06, NOUN: 0.05",True,35,0,3.58351893845611
de,demiş,VERB,VERB,0.7089626585740004,0.8700574815901702,CCONJ,"VERB: 0.71, CCONJ: 0.29",True,295,0,5.69035945432406
.,.,PUNCT,PUNCT,,,,,True,3283,0,8.096817470572319
incele,İnceleme,VERB,VERB,0.6778933492768536,1.2286879460824742,ADJ,"VERB: 0.68, ADJ: 0.16, NOUN: 0.16",True,24,0,3.2188758248682006
eleman,elemanı,NOUN,NOUN,,,,,True,2,0,1.0986122886681098
kim,kim,PRON,PRON,0.5973445626800743,1.7438346441668269,ADV,"PRON: 0.60, ADV: 0.14, NOUN: 0.11, PROPN: 0.09, ADJ: 0.05",True,12,0,2.5649493574615367
Sodexho,Sodexho,PROPN,PROPN,,,,,False,0,0,0.0
.,.,PUNCT,PUNCT,,,,,True,3283,0,8.096817470572319
maliye,Maliye,NOUN,NOUN,,,,,True,1,0,0.6931471805599453
bakan,Bakanı,NOUN,NOUN,0.09843305354330971,1.9539121993849706,NUM,"NUM: 0.50, PROPN: 0.17, DET: 0.16, NOUN: 0.10, ADJ: 0.07",True,12,0,2.5649493574615367
ad,adına,NOUN,NOUN,0.6851128249231325,0.8987345457100178,ADJ,"NOUN: 0.69, ADJ: 0.31",True,27,0,3.332204510175204
incele,inceleme,VERB,VERB,0.6778933492768536,1.2286879460824742,ADJ,"VERB: 0.68, ADJ: 0.16, NOUN: 0.16",True,24,0,3.2188758248682006
yap,yapıyor,VERB,VERB,1.0,0.0,,VERB: 1.00,True,209,0,5.3471075307174685
.,.,PUNCT,PUNCT,,,,,True,3283,0,8.096817470572319
maliye,Maliye,NOUN,NOUN,,,,,True,1,0,0.6931471805599453
bakan,Bakanı,NOUN,NOUN,0.09843305354330971,1.9539121993849706,NUM,"NUM: 0.50, PROPN: 0.17, DET: 0.16, NOUN: 0.10, ADJ: 0.07",True,12,0,2.5649493574615367
kim,kim,PRON,PRON,0.5973445626800743,1.7438346441668269,ADV,"PRON: 0.60, ADV: 0.14, NOUN: 0.11, PROPN: 0.09, ADJ: 0.05",True,12,0,2.5649493574615367
?,?,PUNCT,PUNCT,,,,,True,125,0,4.836281906951478
yahu,Yahu,INTJ,INTJ,,,,,True,6,0,1.9459101490553132
bakan,Bakan,NOUN,NOUN,0.09843305354330971,1.9539121993849706,NUM,"NUM: 0.50, PROPN: 0.17, DET: 0.16, NOUN: 0.10, ADJ: 0.07",True,12,0,2.5649493574615367
ben,ben,PRON,PRON,0.614767428544865,1.6599914502896118,ADV,"PRON: 0.61, ADV: 0.21, CCONJ: 0.08, PROPN: 0.06",True,310,0,5.739792912179234
i,im,AUX,AUX,0.47697018772995686,1.861138213598426,ADP,"AUX: 0.48, ADP: 0.26, CCONJ: 0.18, PROPN: 0.06",True,546,0,6.304448802421981
ya,ya,CCONJ,CCONJ,0.14638418649042423,2.502374351780982,AUX,"AUX: 0.40, PRON: 0.15, CCONJ: 0.15, PROPN: 0.10, ADV: 0.08, ADP: 0.05",True,66,0,4.204692619390966
"""","""",PUNCT,PUNCT,,,,,True,210,0,5.351858133476067
diye,diye,ADP,ADP,0.26515728248607623,2.352927457262911,AUX,"AUX: 0.34, ADP: 0.27, PRON: 0.15, CCONJ: 0.13",True,107,0,4.68213122712422
konuş,konuştu,VERB,VERB,1.0,0.0,,VERB: 1.00,True,61,0,4.127134385045092
.,.,PUNCT,PUNCT,,,,,True,3283,0,8.096817470572319
sonradan,Sonradan,ADV,ADV,,,,,True,3,0,1.3862943611198906
çark,çark,NOUN,NOUN,,,,,True,1,0,0.6931471805599453
et,etti,VERB,VERB,0.021423477839648417,2.0747581498935594,AUX,"AUX: 0.33, ADP: 0.33, CCONJ: 0.23",True,260,0,5.564520407322694
",",",",PUNCT,PUNCT,,,,,True,2285,0,7.734558844354756
Sodexho,Sodexho,PROPN,PROPN,,,,,False,0,0,0.0
gözbebeği,gözbebeğimiz,NOUN,NOUN,,,,,False,0,0,0.0
Sodexho,Sodexho,PROPN,PROPN,,,,,False,0,0,0.0
de,dedi,VERB,VERB,0.7089626585740004,0.8700574815901702,CCONJ,"VERB: 0.71, CCONJ: 0.29",True,295,0,5.69035945432406
.,.,PUNCT,PUNCT,,,,,True,3283,0,8.096817470572319
bir,Bir,DET,DET,0.49958184875865663,1.6482580173109218,NUM,"DET: 0.50, NUM: 0.30, ADJ: 0.15",True,616,0,6.424869023905388
gazeteci,gazetecinin,NOUN,NOUN,,,,,True,6,0,1.9459101490553132
toplantı,toplantı,NOUN,NOUN,0.31752943967823205,1.3195026054314372,PRON,"PRON: 0.58, NOUN: 0.32, ADJ: 0.10",True,13,0,2.6390573296152584
sonra,sonrasında,NOUN,NOUN,,,,,True,5,0,1.791759469228055
"""","""",PUNCT,PUNCT,,,,,True,210,0,5.351858133476067
incele,İnceleme,VERB,VERB,0.6778933492768536,1.2286879460824742,ADJ,"VERB: 0.68, ADJ: 0.16, NOUN: 0.16",True,24,0,3.2188758248682006
eleman,elemanlarına,NOUN,NOUN,,,,,True,2,0,1.0986122886681098
ilişkin,ilişkin,ADP,ADP,0.680428459192524,1.2642720722408258,CCONJ,"ADP: 0.68, CCONJ: 0.23",True,12,0,2.5649493574615367
söz,sözleriniz,NOUN,NOUN,0.777721631080761,0.7643059703618319,ADJ,"NOUN: 0.78, ADJ: 0.22",True,40,0,3.713572066704308
maliye,maliye,NOUN,NOUN,,,,,True,1,0,0.6931471805599453
müfettiş,müfettişleri,NOUN,NOUN,,,,,False,0,0,0.0
üzer,üzerinde,NOUN,NOUN,0.3732858720878324,1.2061022689833243,ADJ,"ADJ: 0.58, NOUN: 0.37, VERB: 0.05",True,45,0,3.828641396489095
baskı,baskı,NOUN,NOUN,,,,,True,2,0,1.0986122886681098
yarat,yaratır,VERB,VERB,1.0,0.0,,VERB: 1.00,True,29,0,3.4011973816621555
mi,mı,AUX,AUX,0.49179730733219285,1.8739792138931677,CCONJ,"AUX: 0.49, CCONJ: 0.24, ADP: 0.18, ADV: 0.05",True,112,0,4.727387818712341
?,?,PUNCT,PUNCT,,,,,True,125,0,4.836281906951478
"""","""",PUNCT,PUNCT,,,,,True,210,0,5.351858133476067
soru,sorusu,NOUN,NOUN,0.880042004306064,0.5292401131532956,ADJ,"NOUN: 0.88, ADJ: 0.12",True,24,0,3.2188758248682006
üzer,üzerine,NOUN,NOUN,0.3732858720878324,1.2061022689833243,ADJ,"ADJ: 0.58, NOUN: 0.37, VERB: 0.05",True,45,0,3.828641396489095
de,de,CCONJ,CCONJ,0.13783772654910434,1.6723904656042283,AUX,"AUX: 0.44, ADP: 0.38, CCONJ: 0.14",True,326,0,5.7899601708972535
Hamamcıoğlu,Hamamcıoğlu,PROPN,PROPN,,,,,False,0,0,0.0
şu,şunları,PRON,PRON,0.4913397559227425,1.8798785611786026,ADV,"PRON: 0.49, ADV: 0.24, NOUN: 0.13, PROPN: 0.11",True,18,0,2.9444389791664403
söyle,söyledi,VERB,VERB,0.721528986702589,0.8533590847777625,CCONJ,"VERB: 0.72, CCONJ: 0.28",True,89,0,4.499809670330265
:,:,PUNCT,PUNCT,,,,,True,127,0,4.852030263919617
.,.,PUNCT,PUNCT,,,,,True,3283,0,8.096817470572319
"""","""",PUNCT,PUNCT,,,,,True,210,0,5.351858133476067
baskı,Baskı,NOUN,NOUN,,,,,True,2,0,1.0986122886681098
politika,politikamız,NOUN,NOUN,,,,,True,1,0,0.6931471805599453
yok,yok,ADJ,ADJ,0.19004932758774726,1.3228686251346322,VERB,"VERB: 0.63, ADJ: 0.19, ADV: 0.18",True,51,0,3.9512437185814275
.,.,PUNCT,PUNCT,,,,,True,3283,0,8.096817470572319
maliye,Maliye,NOUN,NOUN,,,,,True,1,0,0.6931471805599453
müfettiş,müfettişlerimiz,NOUN,NOUN,,,,,False,0,0,0.0
",",",",PUNCT,PUNCT,,,,,True,2285,0,7.734558844354756
teftiş,teftiş,NOUN,NOUN,,,,,False,0,0,0.0
kurul,kurulumuz,NOUN,NOUN,0.04638206322224846,2.0406220356842706,ADP,"ADP: 0.48, CCONJ: 0.24, ADV: 0.13, VERB: 0.06",True,13,0,2.6390573296152584
biz,bizim,PRON,PRON,0.5140713310358356,1.872132039681025,ADV,"PRON: 0.51, ADV: 0.19, CCONJ: 0.17, PROPN: 0.06, NOUN: 0.05",True,86,0,4.465908118654584
Türkiye,Türkiye'nin,PROPN,PROPN,0.059663484087279214,2.091524984270449,NUM,"NUM: 0.48, PRON: 0.19, CCONJ: 0.16, ADJ: 0.07, PROPN: 0.06",True,30,0,3.4339872044851463
gözbebeği,gözbebeği,NOUN,NOUN,,,,,False,0,0,0.0
bir,bir,DET,DET,0.49958184875865663,1.6482580173109218,NUM,"DET: 0.50, NUM: 0.30, ADJ: 0.15",True,616,0,6.424869023905388
kuruluş,kuruluş,NOUN,NOUN,0.7753608997378595,0.7685483469534355,ADJ,"NOUN: 0.78, ADJ: 0.22",True,11,0,2.4849066497880004
i,tur,AUX,AUX,0.47697018772995686,1.861138213598426,ADP,"AUX: 0.48, ADP: 0.26, CCONJ: 0.18, PROPN: 0.06",True,546,0,6.304448802421981
.,.,PUNCT,PUNCT,,,,,True,3283,0,8.096817470572319
çok,Çok,ADV,ADV,0.33203987735528007,1.3405495937378578,PRON,"PRON: 0.59, ADV: 0.33, ADJ: 0.05",True,97,0,4.584967478670572
kıymetli,kıymetli,ADJ,ADJ,,,,,False,0,0,0.0
arkadaş,arkadaş,NOUN,NOUN,0.6069614961121822,0.9667324334699345,ADJ,"NOUN: 0.61, ADJ: 0.39",True,20,0,3.044522437723423
i,lardır,AUX,AUX,0.47697018772995686,1.861138213598426,ADP,"AUX: 0.48, ADP: 0.26, CCONJ: 0.18, PROPN: 0.06",True,546,0,6.304448802421981
.,.,PUNCT,PUNCT,,,,,True,3283,0,8.096817470572319
ama,Ama,CCONJ,CCONJ,0.26313102212215905,1.8047829885976687,PRON,"PRON: 0.46, CCONJ: 0.26, ADV: 0.22",True,139,0,4.941642422609304
denetim,denetimde,NOUN,NOUN,,,,,True,1,0,0.6931471805599453
bir,bir,DET,DET,0.49958184875865663,1.6482580173109218,NUM,"DET: 0.50, NUM: 0.30, ADJ: 0.15",True,616,0,6.424869023905388
reorganizasyon,reorganizasyon,NOUN,NOUN,,,,,False,0,0,0.0
yap,yapacağız,VERB,VERB,1.0,0.0,,VERB: 1.00,True,209,0,5.3471075307174685
.,.,PUNCT,PUNCT,,,,,True,3283,0,8.096817470572319
daha,Daha,ADV,ADV,0.16216742905437215,2.279909832774521,PRON,"PRON: 0.30, CCONJ: 0.27, PROPN: 0.19, ADV: 0.16",True,127,0,4.852030263919617
etkin,etkin,ADJ,ADJ,,,,,True,1,0,0.6931471805599453
bir,bir,DET,DET,0.49958184875865663,1.6482580173109218,NUM,"DET: 0.50, NUM: 0.30, ADJ: 0.15",True,616,0,6.424869023905388
denetim,denetim,NOUN,NOUN,,,,,True,1,0,0.6931471805599453
yap,yapacağız,VERB,VERB,1.0,0.0,,VERB: 1.00,True,209,0,5.3471075307174685
.,.,PUNCT,PUNCT,,,,,True,3283,0,8.096817470572319
yeni,Yeni,ADJ,ADJ,0.22068888520563854,1.3431848495027867,DET,"DET: 0.61, ADJ: 0.22, CCONJ: 0.17",True,50,0,3.9318256327243257
ihale,İhale,NOUN,NOUN,,,,,True,10,0,2.3978952727983707
kanun,kanununda,NOUN,NOUN,,,,,True,4,0,1.6094379124341003
ki,aki,ADP,ADP,0.352272282719127,2.181690690995641,AUX,"ADP: 0.35, AUX: 0.28, CCONJ: 0.23, NUM: 0.08",True,217,0,5.384495062789089
"""","""",PUNCT,PUNCT,,,,,True,210,0,5.351858133476067
yerli,yerli,ADJ,ADJ,,,,,True,4,0,1.6094379124341003
lik,lik,ADP,ADP,0.33964052826958785,2.298304718960893,AUX,"ADP: 0.34, AUX: 0.27, CCONJ: 0.22, NUM: 0.08",True,26,0,3.295836866004329
"""","""",PUNCT,PUNCT,,,,,True,210,0,5.351858133476067
tanım,tanımı,NOUN,NOUN,,,,,True,1,0,0.6931471805599453
",",",",PUNCT,PUNCT,,,,,True,2285,0,7.734558844354756
Türkiye,Türkiye'de,PROPN,PROPN,0.059663484087279214,2.091524984270449,NUM,"NUM: 0.48, PRON: 0.19, CCONJ: 0.16, ADJ: 0.07, PROPN: 0.06",True,30,0,3.4339872044851463
yıl,yıllar,NOUN,NOUN,0.29569595997941395,1.4054086954468807,PRON,"PRON: 0.55, NOUN: 0.30, ADJ: 0.15",True,68,0,4.23410650459726
dir,dır,ADP,ADP,,,,,True,4,0,1.6094379124341003
faaliyet,faaliyet,NOUN,NOUN,,,,,True,3,0,1.3862943611198906
göster,gösteren,VERB,VERB,1.0,0.0,,VERB: 1.00,True,36,0,3.6109179126442243
",",",",PUNCT,PUNCT,,,,,True,2285,0,7.734558844354756
yerleşik,yerleşik,ADJ,ADJ,,,,,False,0,0,0.0
yabancı,yabancı,ADJ,ADJ,,,,,True,7,0,2.0794415416798357
sermaye,sermaye,NOUN,NOUN,,,,,True,4,0,1.6094379124341003
li,li,ADP,ADP,0.2797323618856777,2.3836488217196035,AUX,"AUX: 0.30, ADP: 0.28, CCONJ: 0.23, NUM: 0.08",True,182,0,5.209486152841421
şirket,şirketlerin,NOUN,NOUN,0.778989845596717,0.7620077304439417,ADJ,"NOUN: 0.78, ADJ: 0.22",True,20,0,3.044522437723423
faaliyet,faaliyetini,NOUN,NOUN,,,,,True,3,0,1.3862943611198906
sınırlan,sınırlandırdı,VERB,VERB,,,,,True,3,0,1.3862943611198906
.,.,PUNCT,PUNCT,,,,,True,3283,0,8.096817470572319
kanun,Kanunun,NOUN,NOUN,,,,,True,4,0,1.6094379124341003
63,63'üncü,ADJ,ADJ,,,,,False,0,0,0.0
madde,maddesinde,NOUN,NOUN,0.2573428168019077,1.732501364476362,PRON,"PRON: 0.50, NOUN: 0.26, PROPN: 0.16, ADJ: 0.09",True,21,0,3.091042453358316
ikiyüzelli,ikiyüzelli,NUM,NUM,,,,,True,1,0,0.6931471805599453
milyar,milyar,NUM,NUM,,,,,True,7,0,2.0794415416798357
lira,liranın,NOUN,NOUN,0.1563501102209089,0.6255059145004597,NUM,"NUM: 0.84, NOUN: 0.16",True,15,0,2.772588722239781
altı,altında,NUM,NUM,0.4806081211893714,1.5817189024226666,DET,"NUM: 0.48, DET: 0.36, ADJ: 0.13",True,14,0,2.70805020110221
ki,ki,ADP,ADP,0.352272282719127,2.181690690995641,AUX,"ADP: 0.35, AUX: 0.28, CCONJ: 0.23, NUM: 0.08",True,217,0,5.384495062789089
kamu,kamu,NOUN,NOUN,,,,,True,8,0,2.1972245773362196
ihale,ihalelerine,NOUN,NOUN,,,,,True,10,0,2.3978952727983707
sadece,sadece,ADV,ADV,0.061459005615517974,2.5869589861217266,CCONJ,"CCONJ: 0.28, PRON: 0.19, NUM: 0.16, DET: 0.16, PROPN: 0.12, ADV: 0.06",True,16,0,2.833213344056216
yerli,yerli,ADJ,ADJ,,,,,True,4,0,1.6094379124341003
istekli,isteklilerin,ADJ,ADJ,,,,,False,0,0,0.0
kat,katılması,VERB,VERB,1.0,0.0,,VERB: 1.00,True,19,0,2.995732273553991
şart,şart,NOUN,NOUN,,,,,True,6,0,1.9459101490553132
koş,koşuluyor,VERB,VERB,0.7157210183187309,1.1118797468105879,NOUN,"VERB: 0.72, NOUN: 0.20, ADJ: 0.09",True,17,0,2.8903717578961645
.,.,PUNCT,PUNCT,,,,,True,3283,0,8.096817470572319
',',PUNCT,PUNCT,,,,,True,56,0,4.04305126783455
",",",",PUNCT,PUNCT,,,,,True,2285,0,7.734558844354756
bu,bundan,PRON,PRON,0.7006788109102466,1.3923524752663319,ADV,"PRON: 0.70, ADV: 0.14, CCONJ: 0.09, NOUN: 0.05",True,171,0,5.147494476813453
yüzlerce,yüzlerce,NUM,NUM,,,,,True,2,0,1.0986122886681098
firma,firmanın,NOUN,NOUN,,,,,True,3,0,1.3862943611198906
olumsuz,olumsuz,ADJ,ADJ,,,,,True,2,0,1.0986122886681098
etkile,etkileneceğini,VERB,VERB,1.0,0.0,,VERB: 1.00,True,12,0,2.5649493574615367
belir,belirtti,VERB,VERB,0.6730954504846309,1.10235351077283,CCONJ,"VERB: 0.67, CCONJ: 0.28",True,28,0,3.367295829986474
.,.,PUNCT,PUNCT,,,,,True,3283,0,8.096817470572319
Türkiye,Türkiye'de,PROPN,PROPN,0.059663484087279214,2.091524984270449,NUM,"NUM: 0.48, PRON: 0.19, CCONJ: 0.16, ADJ: 0.07, PROPN: 0.06",True,30,0,3.4339872044851463
on,on,NUM,NUM,0.6219187351173523,1.783965877110234,PROPN,"NUM: 0.62, PROPN: 0.10, DET: 0.10, ADJ: 0.08, CCONJ: 0.07",True,21,0,3.091042453358316
yıl,yıldan,NOUN,NOUN,0.29569595997941395,1.4054086954468807,PRON,"PRON: 0.55, NOUN: 0.30, ADJ: 0.15",True,68,0,4.23410650459726
bu,bu,DET,DET,0.6017857940157323,1.5300103231456785,NUM,"DET: 0.60, NUM: 0.20, ADJ: 0.15",True,350,0,5.860786223465865
yana,yana,ADP,ADJ,,,,,True,2,1,1.0986122886681098
faaliyet,faaliyet,NOUN,NOUN,,,,,True,3,0,1.3862943611198906
göster,gösteren,VERB,VERB,1.0,0.0,,VERB: 1.00,True,36,0,3.6109179126442243
başsavcılık,Başsavcılığı'na,NOUN,NOUN,,,,,False,0,0,0.0
",",",",PUNCT,PUNCT,,,,,True,2285,0,7.734558844354756
Tsk,TSK'ya,NOUN,NOUN,,,,,False,0,0,0.0
bağlı,bağlı,ADJ,ADJ,,,,,True,7,0,2.0794415416798357
birçok,birçok,DET,DET,0.5182570724723726,1.8645860601101925,NUM,"DET: 0.52, NUM: 0.21, ADJ: 0.16, CCONJ: 0.07, PROPN: 0.05",True,15,0,2.772588722239781
birim,birime,NOUN,NOUN,,,,,False,0,0,0.0
hizmet,hizmet,NOUN,NOUN,,,,,True,7,0,2.0794415416798357
ver,veriyor,VERB,VERB,1.0,0.0,,VERB: 1.00,True,138,0,4.9344739331306915
.,.,PUNCT,PUNCT,,,,,True,3283,0,8.096817470572319
Ford,Ford,PROPN,PROPN,,,,,True,1,0,0.6931471805599453
",",",",PUNCT,PUNCT,,,,,True,2285,0,7.734558844354756
yeni,yeni,ADJ,ADJ,0.22068888520563854,1.3431848495027867,DET,"DET: 0.61, ADJ: 0.22, CCONJ: 0.17",True,50,0,3.9318256327243257
yasa,yasada,NOUN,NOUN,0.6871700177348729,0.8964132229967223,ADJ,"NOUN: 0.69, ADJ: 0.31",True,15,0,2.772588722239781
ki,ki,ADP,ADP,0.352272282719127,2.181690690995641,AUX,"ADP: 0.35, AUX: 0.28, CCONJ: 0.23, NUM: 0.08",True,217,0,5.384495062789089
"""","""",PUNCT,PUNCT,,,,,True,210,0,5.351858133476067
yerli,yerli,ADJ,ADJ,,,,,True,4,0,1.6094379124341003
lik,lik,ADP,ADP,0.33964052826958785,2.298304718960893,AUX,"ADP: 0.34, AUX: 0.27, CCONJ: 0.22, NUM: 0.08",True,26,0,3.295836866004329
tanım,tanımı,NOUN,NOUN,,,,,True,1,0,0.6931471805599453
"""","""",PUNCT,PUNCT,,,,,True,210,0,5.351858133476067
kapsam,kapsamına,NOUN,NOUN,0.4190209785288951,1.5243624617303526,PRON,"NOUN: 0.42, PRON: 0.38, ADJ: 0.20",True,11,0,2.4849066497880004
gir,girmediği,VERB,VERB,1.0,0.0,,VERB: 1.00,True,63,0,4.1588830833596715
için,için,ADP,ADP,0.4371344784042817,1.7284041476856495,AUX,"ADP: 0.44, AUX: 0.27, CCONJ: 0.25",True,159,0,5.075173815233827
aç,açılan,VERB,VERB,1.0,0.0,,VERB: 1.00,True,44,0,3.8066624897703196
yeni,yeni,ADJ,ADJ,0.22068888520563854,1.3431848495027867,DET,"DET: 0.61, ADJ: 0.22, CCONJ: 0.17",True,50,0,3.9318256327243257
yemek,yemek,NOUN,NOUN,0.26741932950086694,2.120315689705492,PRON,"PRON: 0.30, NOUN: 0.27, ADJ: 0.21, PROPN: 0.19",True,23,0,3.1780538303479458
ihale,ihalelerine,NOUN,NOUN,,,,,True,10,0,2.3978952727983707
kat,katılamayacak,VERB,VERB,1.0,0.0,,VERB: 1.00,True,19,0,2.995732273553991
.,.,PUNCT,PUNCT,,,,,True,3283,0,8.096817470572319
Eşref,Eşref,PROPN,PROPN,,,,,True,1,0,0.6931471805599453
Otosan,Otosan'ın,PROPN,PROPN,,,,,False,0,0,0.0
",",",",PUNCT,PUNCT,,,,,True,2285,0,7.734558844354756
Tsk,TSK'ya,NOUN,NOUN,,,,,False,0,0,0.0
ver,verdikleri,VERB,VERB,1.0,0.0,,VERB: 1.00,True,138,0,4.9344739331306915
hizmet,hizmetin,NOUN,NOUN,,,,,True,7,0,2.0794415416798357
çağdaş,çağdaş,ADJ,ADJ,,,,,True,4,0,1.6094379124341003
bir,bir,DET,DET,0.49958184875865663,1.6482580173109218,NUM,"DET: 0.50, NUM: 0.30, ADJ: 0.15",True,616,0,6.424869023905388
devrim,devrim,NOUN,NOUN,0.8786247169976588,0.5333011961179083,ADJ,"NOUN: 0.88, ADJ: 0.12",True,12,0,2.5649493574615367
nitelik,niteliği,NOUN,NOUN,,,,,True,5,0,1.791759469228055
taşı,taşıdığını,VERB,VERB,1.0,0.0,,VERB: 1.00,True,20,0,3.044522437723423
belir,belirterek,VERB,VERB,0.6730954504846309,1.10235351077283,CCONJ,"VERB: 0.67, CCONJ: 0.28",True,28,0,3.367295829986474
"""","""",PUNCT,PUNCT,,,,,True,210,0,5.351858133476067
birçok,Birçok,DET,DET,0.5182570724723726,1.8645860601101925,NUM,"DET: 0.52, NUM: 0.21, ADJ: 0.16, CCONJ: 0.07, PROPN: 0.05",True,15,0,2.772588722239781
sözleşme,sözleşmemiz,NOUN,NOUN,,,,,True,3,0,1.3862943611198906
nisan,nisan,NOUN,NOUN,,,,,True,3,0,1.3862943611198906
ve,ve,CCONJ,CCONJ,0.23925769350174309,2.411623002364367,NUM,"NUM: 0.34, CCONJ: 0.24, ADJ: 0.14, DET: 0.11, PRON: 0.09, PROPN: 0.06",True,359,0,5.886104031450156
izle,izleyen,VERB,VERB,1.0,0.0,,VERB: 1.00,True,19,0,2.995732273553991
ay,aylarda,NOUN,NOUN,0.39387553074624077,1.7763200980518743,PRON,"NOUN: 0.39, PRON: 0.33, PROPN: 0.21, ADJ: 0.06",True,23,0,3.1780538303479458
dol,doluyor,VERB,VERB,1.0,0.0,,VERB: 1.00,True,20,0,3.044522437723423
.,.,PUNCT,PUNCT,,,,,True,3283,0,8.096817470572319
ne,Ne,PRON,PRON,0.657373909218341,1.5595369645973152,PROPN,"PRON: 0.66, PROPN: 0.14, ADV: 0.11, NOUN: 0.06",True,98,0,4.59511985013459
olacak,olacağını,ADJ,ADJ,0.11600682008236941,0.8841241031373779,NOUN,"NOUN: 0.81, ADJ: 0.12, VERB: 0.07",True,12,0,2.5649493574615367
biz,biz,PRON,PRON,0.5140713310358356,1.872132039681025,ADV,"PRON: 0.51, ADV: 0.19, CCONJ: 0.17, PROPN: 0.06, NOUN: 0.05",True,86,0,4.465908118654584
de,de,CCONJ,CCONJ,0.13783772654910434,1.6723904656042283,AUX,"AUX: 0.44, ADP: 0.38, CCONJ: 0.14",True,326,0,5.7899601708972535
bil,bilmiyoruz,VERB,VERB,0.6930942464089043,1.0036086273143747,CCONJ,"VERB: 0.69, CCONJ: 0.28",True,101,0,4.624972813284271
"""","""",PUNCT,PUNCT,,,,,True,210,0,5.351858133476067
de,dedi,VERB,VERB,0.7089626585740004,0.8700574815901702,CCONJ,"VERB: 0.71, CCONJ: 0.29",True,295,0,5.69035945432406
.,.,PUNCT,PUNCT,,,,,True,3283,0,8.096817470572319
Home,home,PROPN,PROPN,,,,,False,0,0,0.0
lider,lideri,NOUN,NOUN,,,,,False,0,0,0.0
Recep,Recep,PROPN,PROPN,0.3657960513920496,1.8816785993623764,PRON,"PROPN: 0.37, PRON: 0.34, ADV: 0.22, NOUN: 0.06",True,22,0,3.1354942159291497
Tayyip,Tayyip,PROPN,PROPN,,,,,True,4,0,1.6094379124341003
Erdoğan,Erdoğan'ı,PROPN,PROPN,,,,,True,8,0,2.1972245773362196
taşı,taşıyan,VERB,VERB,1.0,0.0,,VERB: 1.00,True,20,0,3.044522437723423
uçak,uçağın,NOUN,NOUN,0.09848242424888279,2.3988667127377203,NUM,"NUM: 0.36, DET: 0.18, PRON: 0.14, ADJ: 0.13, NOUN: 0.10, PROPN: 0.09",True,62,0,4.143134726391533
Pekin,Pekin'e,PROPN,PROPN,,,,,False,0,0,0.0
zorunlu,zorunlu,ADJ,ADJ,,,,,True,1,0,0.6931471805599453
iniş,iniş,NOUN,NOUN,,,,,True,3,0,1.3862943611198906
yap,yapacağının,VERB,VERB,1.0,0.0,,VERB: 1.00,True,209,0,5.3471075307174685
duy,duyulmasının,VERB,VERB,1.0,0.0,,VERB: 1.00,True,35,0,3.58351893845611
ardından,ardından,ADV,ADV,,,,,True,6,0,1.9459101490553132
olay,olayı,NOUN,NOUN,0.14473084876938566,0.8987501055667961,PRON,"PRON: 0.80, NOUN: 0.14, ADJ: 0.06",True,34,0,3.5553480614894135
Türkiye,Türkiye'ye,PROPN,PROPN,0.059663484087279214,2.091524984270449,NUM,"NUM: 0.48, PRON: 0.19, CCONJ: 0.16, ADJ: 0.07, PROPN: 0.06",True,30,0,3.4339872044851463
bil,bildirmek,VERB,VERB,0.6930942464089043,1.0036086273143747,CCONJ,"VERB: 0.69, CCONJ: 0.28",True,101,0,4.624972813284271
iste,isteyen,VERB,VERB,0.6774524752691933,1.0218601397810432,CCONJ,"VERB: 0.68, CCONJ: 0.30",True,117,0,4.770684624465665
gazeteci,gazetecilerle,NOUN,NOUN,,,,,True,6,0,1.9459101490553132
işadamı,işadamları,NOUN,NOUN,,,,,False,0,0,0.0
ara,arasında,ADJ,ADJ,0.45952551652597307,0.9952680248528016,NOUN,"NOUN: 0.54, ADJ: 0.46",True,73,0,4.30406509320417
kısa,kısa,ADJ,ADJ,0.11056917685178831,2.31863068120312,DET,"DET: 0.45, CCONJ: 0.16, NUM: 0.11, ADJ: 0.11, PRON: 0.09, PROPN: 0.06",True,14,0,2.70805020110221
süre,süre,NOUN,NOUN,0.8820365801913382,0.523478306365258,ADJ,"NOUN: 0.88, ADJ: 0.12",True,24,0,3.2188758248682006
li,li,ADP,ADP,0.2797323618856777,2.3836488217196035,AUX,"AUX: 0.30, ADP: 0.28, CCONJ: 0.23, NUM: 0.08",True,182,0,5.209486152841421
bir,bir,DET,DET,0.49958184875865663,1.6482580173109218,NUM,"DET: 0.50, NUM: 0.30, ADJ: 0.15",True,616,0,6.424869023905388
gerginlik,gerginlik,NOUN,NOUN,,,,,True,1,0,0.6931471805599453
yaşa,yaşandı,VERB,VERB,1.0,0.0,,VERB: 1.00,True,55,0,4.02535169073515
.,.,PUNCT,PUNCT,,,,,True,3283,0,8.096817470572319
yorum,Yorum,NOUN,NOUN,,,,,True,2,0,1.0986122886681098
:,:,PUNCT,PUNCT,,,,,True,127,0,4.852030263919617
Zago,Zago'nun,PROPN,PROPN,,,,,True,1,0,0.6931471805599453
tercüman,tercümanının,NOUN,NOUN,,,,,False,0,0,0.0
ver,verdiği,VERB,VERB,1.0,0.0,,VERB: 1.00,True,138,0,4.9344739331306915
bilgi,bilgiye,NOUN,NOUN,0.7731879277876431,0.7724124997453677,ADJ,"NOUN: 0.77, ADJ: 0.23",True,31,0,3.4657359027997265
göre,göre,ADP,ADP,0.41770577295576294,1.830188214073782,AUX,"ADP: 0.42, AUX: 0.30, CCONJ: 0.23",True,38,0,3.6635616461296463
futbolcu,futbolcu,NOUN,NOUN,,,,,True,1,0,0.6931471805599453
",",",",PUNCT,PUNCT,,,,,True,2285,0,7.734558844354756
bindokuzyuzdoksandokuz,bindokuzyuzdoksandokuz,NUM,NUM,,,,,False,0,0,0.0
ve,ve,CCONJ,CCONJ,0.23925769350174309,2.411623002364367,NUM,"NUM: 0.34, CCONJ: 0.24, ADJ: 0.14, DET: 0.11, PRON: 0.09, PROPN: 0.06",True,359,0,5.886104031450156
ikibinbir,ikibinbir,NUM,NUM,,,,,True,2,0,1.0986122886681098
yıl,yıllarında,NOUN,NOUN,0.29569595997941395,1.4054086954468807,PRON,"PRON: 0.55, NOUN: 0.30, ADJ: 0.15",True,68,0,4.23410650459726
Corriere,Corriere,PROPN,PROPN,,,,,False,0,0,0.0
dello,dello,PROPN,PROPN,,,,,False,0,0,0.0
Sport,Sport,PROPN,PROPN,,,,,False,0,0,0.0
okur,okurları,NOUN,NOUN,,,,,True,10,0,2.3978952727983707
ara,arasında,ADJ,ADJ,0.45952551652597307,0.9952680248528016,NOUN,"NOUN: 0.54, ADJ: 0.46",True,73,0,4.30406509320417
yap,yapılan,VERB,VERB,1.0,0.0,,VERB: 1.00,True,209,0,5.3471075307174685
oyla,oylamayla,VERB,VERB,,,,,False,0,0,0.0
Roma,Roma'nın,PROPN,PROPN,,,,,True,6,0,1.9459101490553132
o,o,DET,DET,0.6447660992254824,1.4376147671166477,NUM,"DET: 0.64, NUM: 0.18, ADJ: 0.13",True,113,0,4.736198448394496
yıl,yıl,NOUN,NOUN,0.29569595997941395,1.4054086954468807,PRON,"PRON: 0.55, NOUN: 0.30, ADJ: 0.15",True,68,0,4.23410650459726
ki,ki,ADP,ADP,0.352272282719127,2.181690690995641,AUX,"ADP: 0.35, AUX: 0.28, CCONJ: 0.23, NUM: 0.08",True,217,0,5.384495062789089
en,en,ADV,ADV,0.22782607963906426,2.317896341903966,CCONJ,"CCONJ: 0.30, ADV: 0.23, PROPN: 0.21, ADJ: 0.14, PRON: 0.11",True,92,0,4.532599493153256
iyi,iyi,ADJ,ADJ,0.03291619485831978,1.0997597953020077,PRON,"PRON: 0.75, ADV: 0.18",True,58,0,4.07753744390572
oyuncu,oyuncusu,NOUN,NOUN,,,,,True,3,0,1.3862943611198906
seç,seçilmiş,VERB,VERB,,,,,True,6,0,1.9459101490553132
.,.,PUNCT,PUNCT,,,,,True,3283,0,8.096817470572319
kaç,Kaç,ADJ,ADJ,,,,,True,6,0,1.9459101490553132
kez,kez,ADV,ADV,,,,,True,4,0,1.6094379124341003
dene,denemişti,VERB,VERB,,,,,True,5,0,1.791759469228055
;,;,PUNCT,PUNCT,,,,,True,84,0,4.442651256490317
iki,iki,NUM,NUM,0.27698505514822225,1.5675874170394526,DET,"DET: 0.55, NUM: 0.28, ADJ: 0.13",True,83,0,4.430816798843313
türkü,türküden,NOUN,NOUN,,,,,True,4,0,1.6094379124341003
sonra,sonra,ADP,ADP,0.3753969513334362,1.9295725955468828,AUX,"ADP: 0.38, AUX: 0.28, CCONJ: 0.27, ADV: 0.06",True,66,0,4.204692619390966
balıkçı,balıkçılar,NOUN,NOUN,,,,,True,7,0,2.0794415416798357
",",",",PUNCT,PUNCT,,,,,True,2285,0,7.734558844354756
utangaç,utangaç,ADJ,ADJ,,,,,True,3,0,1.3862943611198906
hal,hallerinden,NOUN,NOUN,0.8827204932470027,0.5214900012617804,ADJ,"NOUN: 0.88, ADJ: 0.12",True,40,0,3.713572066704308
sıyrıl,sıyrılıp,VERB,VERB,,,,,True,3,0,1.3862943611198906
",",",",PUNCT,PUNCT,,,,,True,2285,0,7.734558844354756
tarih,tarihin,NOUN,NOUN,0.6852014470842112,0.8986351291097746,ADJ,"NOUN: 0.69, ADJ: 0.31",True,31,0,3.4657359027997265
değil,değil,CCONJ,CCONJ,0.0,0.0,VERB,VERB: 1.00,True,20,0,3.044522437723423
",",",",PUNCT,PUNCT,,,,,True,2285,0,7.734558844354756
doğa,doğanın,NOUN,NOUN,,,,,True,7,0,2.0794415416798357
kendi,kendilerine,PRON,PRON,0.6796575105452602,1.4263748283851931,ADV,"PRON: 0.68, ADV: 0.19, PROPN: 0.06",True,126,0,4.844187086458591
ver,verdiği,VERB,VERB,1.0,0.0,,VERB: 1.00,True,138,0,4.9344739331306915
nitelik,niteliği,NOUN,NOUN,,,,,True,5,0,1.791759469228055
yeğle,yeğleyerek,VERB,VERB,,,,,False,0,0,0.0
",",",",PUNCT,PUNCT,,,,,True,2285,0,7.734558844354756
masa,masalarda,NOUN,NOUN,0.31818580128896556,1.323079485206322,PRON,"PRON: 0.58, NOUN: 0.32, ADJ: 0.10",True,17,0,2.8903717578961645
otur,oturan,VERB,VERB,1.0,0.0,,VERB: 1.00,True,54,0,4.007333185232471
yabancı,yabancı,ADJ,ADJ,,,,,True,7,0,2.0794415416798357
kadın,kadınlara,ADJ,ADJ,0.22426573119393564,0.7678804621873997,NOUN,"NOUN: 0.78, ADJ: 0.22",True,40,0,3.713572066704308
göz,göz,NOUN,NOUN,0.48581680668839844,1.5108829755725355,PROPN,"NOUN: 0.49, PROPN: 0.28, ADJ: 0.24",True,49,0,3.912023005428146
süz,süzmeye,VERB,VERB,,,,,True,1,0,0.6931471805599453
başla,başlıyorlardı,VERB,VERB,0.7003594242233127,0.880851097931121,CCONJ,"VERB: 0.70, CCONJ: 0.30",True,83,0,4.430816798843313
.,.,PUNCT,PUNCT,,,,,True,3283,0,8.096817470572319
şu,Şunu,PRON,PRON,0.4913397559227425,1.8798785611786026,ADV,"PRON: 0.49, ADV: 0.24, NOUN: 0.13, PROPN: 0.11",True,18,0,2.9444389791664403
niçin,niçin,ADV,ADV,,,,,True,4,0,1.6094379124341003
düşün,düşünmüyorsun,VERB,VERB,0.7113540833748332,0.8669656577665865,CCONJ,"VERB: 0.71, CCONJ: 0.29",True,61,0,4.127134385045092
",",",",PUNCT,PUNCT,,,,,True,2285,0,7.734558844354756
diye,diye,ADP,ADP,0.26515728248607623,2.352927457262911,AUX,"AUX: 0.34, ADP: 0.27, PRON: 0.15, CCONJ: 0.13",True,107,0,4.68213122712422
başla,başladı,VERB,VERB,0.7003594242233127,0.880851097931121,CCONJ,"VERB: 0.70, CCONJ: 0.30",True,83,0,4.430816798843313
Hülya,Hülya,PROPN,PROPN,0.053249193621131466,1.8165501467066638,PRON,"PRON: 0.50, CCONJ: 0.22, ADV: 0.20, PROPN: 0.05",True,18,0,2.9444389791664403
yeniden,yeniden,ADV,ADV,0.21097570581915642,1.7793365705047433,PRON,"PRON: 0.55, ADV: 0.21, PROPN: 0.14, ADJ: 0.06",True,17,0,2.8903717578961645
",",",",PUNCT,PUNCT,,,,,True,2285,0,7.734558844354756
bu,bu,DET,DET,0.6017857940157323,1.5300103231456785,NUM,"DET: 0.60, NUM: 0.20, ADJ: 0.15",True,350,0,5.860786223465865
insan,insanların,NOUN,NOUN,0.6842686317549259,0.8996789321325918,ADJ,"NOUN: 0.68, ADJ: 0.32",True,68,0,4.23410650459726
hemen,hemen,ADV,ADV,0.2792013661719707,1.4958619337206507,PRON,"PRON: 0.58, ADV: 0.28, PROPN: 0.10",True,17,0,2.8903717578961645
hepsi,hepsi,PRON,PRON,0.6644839348782725,1.5765557219480961,ADV,"PRON: 0.66, ADV: 0.11, CCONJ: 0.10, ADJ: 0.08, NOUN: 0.05",True,17,0,2.8903717578961645
çeşitli,çeşitli,ADJ,ADJ,,,,,True,6,0,1.9459101490553132
zaman,zamanlarda,NOUN,NOUN,0.7768808568937368,0.7658222066504196,ADJ,"NOUN: 0.78, ADJ: 0.22",True,77,0,4.356708826689592
özel,özel,ADJ,ADJ,0.15163901164851568,1.5287530846041504,DET,"DET: 0.60, NUM: 0.20, ADJ: 0.15",True,16,0,2.833213344056216
birtakım,birtakım,ADJ,ADJ,,,,,True,1,0,0.6931471805599453
konu,konularını,NOUN,NOUN,0.7783535075459214,0.7631625742520879,ADJ,"NOUN: 0.78, ADJ: 0.22",True,51,0,3.9512437185814275
sen,seninle,PRON,PRON,0.5975153654339292,1.4960517331359373,ADV,"PRON: 0.60, ADV: 0.28, PROPN: 0.06",True,96,0,4.574710978503383
konuş,konuşurlar,VERB,VERB,1.0,0.0,,VERB: 1.00,True,61,0,4.127134385045092
",",",",PUNCT,PUNCT,,,,,True,2285,0,7.734558844354756
sen,sana,PRON,PRON,0.5975153654339292,1.4960517331359373,ADV,"PRON: 0.60, ADV: 0.28, PROPN: 0.06",True,96,0,4.574710978503383
danış,danışırlar,VERB,VERB,,,,,True,1,0,0.6931471805599453
",",",",PUNCT,PUNCT,,,,,True,2285,0,7.734558844354756
sen,senin,PRON,PRON,0.5975153654339292,1.4960517331359373,ADV,"PRON: 0.60, ADV: 0.28, PROPN: 0.06",True,96,0,4.574710978503383
söyle,söyleyeceklerine,VERB,VERB,0.721528986702589,0.8533590847777625,CCONJ,"VERB: 0.72, CCONJ: 0.28",True,89,0,4.499809670330265
önem,önem,NOUN,NOUN,0.43315904159061264,0.9870702301970621,ADJ,"ADJ: 0.57, NOUN: 0.43",True,28,0,3.367295829986474
ver,vermeye,VERB,VERB,1.0,0.0,,VERB: 1.00,True,138,0,4.9344739331306915
hazır,hazır,ADJ,ADJ,0.3734486348171704,1.739772839140486,NOUN,"NOUN: 0.37, ADJ: 0.37, ADV: 0.20",True,12,0,2.5649493574615367
i,dırlar,AUX,AUX,0.47697018772995686,1.861138213598426,ADP,"AUX: 0.48, ADP: 0.26, CCONJ: 0.18, PROPN: 0.06",True,546,0,6.304448802421981
.,.,PUNCT,PUNCT,,,,,True,3283,0,8.096817470572319
alış,Alışmak,VERB,VERB,,,,,True,8,0,2.1972245773362196
lazım,lazım,ADJ,ADJ,,,,,True,5,0,1.791759469228055
.,.,PUNCT,PUNCT,,,,,True,3283,0,8.096817470572319
asgari,Asgari,ADJ,ADJ,,,,,False,0,0,0.0
ücret,ücret,NOUN,NOUN,,,,,True,9,0,2.302585092994046
ikiyüzyirmiüç.yedi,ikiyüzyirmiüç.yedi,NUM,NUM,,,,,False,0,0,0.0
milyon,milyon,NUM,NUM,1.0,0.0,,NUM: 1.00,True,14,0,2.70805020110221
lira,lira,NOUN,NOUN,0.1563501102209089,0.6255059145004597,NUM,"NUM: 0.84, NOUN: 0.16",True,15,0,2.772588722239781
.,.,PUNCT,PUNCT,,,,,True,3283,0,8.096817470572319
eskiden,Eskiden,ADV,ADV,,,,,True,1,0,0.6931471805599453
balıkçılık,balıkçılık,NOUN,NOUN,,,,,False,0,0,0.0
yap,yapan,VERB,VERB,1.0,0.0,,VERB: 1.00,True,209,0,5.3471075307174685
bu,bu,DET,DET,0.6017857940157323,1.5300103231456785,NUM,"DET: 0.60, NUM: 0.20, ADJ: 0.15",True,350,0,5.860786223465865
köy,köyün,NOUN,NOUN,,,,,True,7,0,2.0794415416798357
insan,insanlarının,NOUN,NOUN,0.6842686317549259,0.8996789321325918,ADJ,"NOUN: 0.68, ADJ: 0.32",True,68,0,4.23410650459726
bir,bir,DET,DET,0.49958184875865663,1.6482580173109218,NUM,"DET: 0.50, NUM: 0.30, ADJ: 0.15",True,616,0,6.424869023905388
bölüm,bölümü,NOUN,NOUN,0.7776773700492295,0.764385936839418,ADJ,"NOUN: 0.78, ADJ: 0.22",True,12,0,2.5649493574615367
",",",",PUNCT,PUNCT,,,,,True,2285,0,7.734558844354756
bölge,bölge,NOUN,NOUN,,,,,True,7,0,2.0794415416798357
turizm,turizme,NOUN,NOUN,,,,,False,0,0,0.0
aç,açılınca,VERB,VERB,1.0,0.0,,VERB: 1.00,True,44,0,3.8066624897703196
",",",",PUNCT,PUNCT,,,,,True,2285,0,7.734558844354756
dede,dedelerinden,NOUN,NOUN,,,,,True,9,0,2.302585092994046
kal,kalma,VERB,VERB,1.0,0.0,,VERB: 1.00,True,77,0,4.356708826689592
ev,evlerini,NOUN,NOUN,0.2165987183589658,2.0343315049689665,PRON,"PRON: 0.45, NOUN: 0.22, PROPN: 0.14, ADV: 0.11, ADJ: 0.08",True,113,0,4.736198448394496
",",",",PUNCT,PUNCT,,,,,True,2285,0,7.734558844354756
mandalina,mandalina,NOUN,NOUN,,,,,False,0,0,0.0
bahçe,bahçelerini,NOUN,NOUN,,,,,True,3,0,1.3862943611198906
",",",",PUNCT,PUNCT,,,,,True,2285,0,7.734558844354756
büyük,büyük,ADJ,ADJ,0.14477411515577987,1.3823539050949016,DET,"DET: 0.57, NUM: 0.29, ADJ: 0.14",True,65,0,4.189654742026425
kent,kentlerden,NOUN,NOUN,0.19980911044983704,0.9289402513014646,PRON,"PRON: 0.77, NOUN: 0.20",True,14,0,2.70805020110221
gel,gelen,VERB,VERB,1.0,0.0,,VERB: 1.00,True,166,0,5.117993812416755
işletmeci,işletmecilere,NOUN,NOUN,,,,,False,0,0,0.0
sat,satmışlar,VERB,VERB,1.0,0.0,,VERB: 1.00,True,12,0,2.5649493574615367
",",",",PUNCT,PUNCT,,,,,True,2285,0,7.734558844354756
kirala,kiralamışlar,VERB,VERB,,,,,True,2,0,1.0986122886681098
;,;,PUNCT,PUNCT,,,,,True,84,0,4.442651256490317
az,az,ADV,ADJ,,,,,True,8,1,2.1972245773362196
bir,bir,DET,DET,0.49958184875865663,1.6482580173109218,NUM,"DET: 0.50, NUM: 0.30, ADJ: 0.15",True,616,0,6.424869023905388
bölüm,bölümü,NOUN,NOUN,0.7776773700492295,0.764385936839418,ADJ,"NOUN: 0.78, ADJ: 0.22",True,12,0,2.5649493574615367
de,de,CCONJ,CCONJ,0.13783772654910434,1.6723904656042283,AUX,"AUX: 0.44, ADP: 0.38, CCONJ: 0.14",True,326,0,5.7899601708972535
",",",",PUNCT,PUNCT,,,,,True,2285,0,7.734558844354756
ev,evlerini,NOUN,NOUN,0.2165987183589658,2.0343315049689665,PRON,"PRON: 0.45, NOUN: 0.22, PROPN: 0.14, ADV: 0.11, ADJ: 0.08",True,113,0,4.736198448394496
",",",",PUNCT,PUNCT,,,,,True,2285,0,7.734558844354756
pansiyon,pansiyon,NOUN,NOUN,,,,,True,1,0,0.6931471805599453
",",",",PUNCT,PUNCT,,,,,True,2285,0,7.734558844354756
motel,motel,NOUN,NOUN,,,,,True,1,0,0.6931471805599453
hal,haline,NOUN,NOUN,0.8827204932470027,0.5214900012617804,ADJ,"NOUN: 0.88, ADJ: 0.12",True,40,0,3.713572066704308
çevir,çevirerek,VERB,VERB,1.0,0.0,,VERB: 1.00,True,11,0,2.4849066497880004
kendi,kendileri,PRON,PRON,0.6796575105452602,1.4263748283851931,ADV,"PRON: 0.68, ADV: 0.19, PROPN: 0.06",True,126,0,4.844187086458591
işle,işletmeye,VERB,VERB,,,,,True,9,0,2.302585092994046
başla,başlamışlardı,VERB,VERB,0.7003594242233127,0.880851097931121,CCONJ,"VERB: 0.70, CCONJ: 0.30",True,83,0,4.430816798843313
.,.,PUNCT,PUNCT,,,,,True,3283,0,8.096817470572319
mali,Mali,ADJ,ADJ,,,,,True,5,0,1.791759469228055
milat,milat,NOUN,NOUN,,,,,True,1,0,0.6931471805599453
",",",",PUNCT,PUNCT,,,,,True,2285,0,7.734558844354756
önce,önce,NOUN,NOUN,,,,,True,10,0,2.3978952727983707
ki,ki,ADP,ADP,0.352272282719127,2.181690690995641,AUX,"ADP: 0.35, AUX: 0.28, CCONJ: 0.23, NUM: 0.08",True,217,0,5.384495062789089
gün,gün,NOUN,NOUN,0.7766440096348868,0.7662482696838814,ADJ,"NOUN: 0.78, ADJ: 0.22",True,91,0,4.5217885770490405
Meclis,Meclis'te,PROPN,PROPN,,,,,True,2,0,1.0986122886681098
görüş,görüşülerek,VERB,VERB,1.0,0.0,,VERB: 1.00,True,12,0,2.5649493574615367
bindokuzyüzdoksansekiz,bindokuzyüzdoksansekiz,NUM,NUM,,,,,False,0,0,0.0
yıl,yılında,NOUN,NOUN,0.29569595997941395,1.4054086954468807,PRON,"PRON: 0.55, NOUN: 0.30, ADJ: 0.15",True,68,0,4.23410650459726
çıkar,çıkarılan,VERB,VERB,1.0,0.0,,VERB: 1.00,True,34,0,3.5553480614894135
hal,haliyle,NOUN,NOUN,0.8827204932470027,0.5214900012617804,ADJ,"NOUN: 0.88, ADJ: 0.12",True,40,0,3.713572066704308
tamamen,tamamen,ADV,ADV,,,,,True,6,0,1.9459101490553132
kal,kaldırılırken,VERB,VERB,1.0,0.0,,VERB: 1.00,True,77,0,4.356708826689592
",",",",PUNCT,PUNCT,,,,,True,2285,0,7.734558844354756
Tobb,TOBB,NOUN,NOUN,,,,,True,1,0,0.6931471805599453
",",",",PUNCT,PUNCT,,,,,True,2285,0,7.734558844354756
başbakan,Başbakan,NOUN,NOUN,,,,,True,10,0,2.3978952727983707
Abdullah,Abdullah,PROPN,PROPN,,,,,True,3,0,1.3862943611198906
Gül,Gül'e,PROPN,PROPN,,,,,True,6,0,1.9459101490553132
sun,sunduğu,VERB,VERB,1.0,0.0,,VERB: 1.00,True,11,0,2.4849066497880004
beşyüzdoksanbeş,beşyüzdoksanbeş,NUM,NUM,,,,,False,0,0,0.0
sayfa,sayfa,NOUN,NOUN,,,,,True,7,0,2.0794415416798357
lik,lık,ADP,ADP,0.33964052826958785,2.298304718960893,AUX,"ADP: 0.34, AUX: 0.27, CCONJ: 0.22, NUM: 0.08",True,26,0,3.295836866004329
vergi,vergi,NOUN,NOUN,0.011950653793856328,1.6785541093229865,NUM,"NUM: 0.56, DET: 0.22, ADJ: 0.16, PROPN: 0.06",True,15,0,2.772588722239781
rapor,raporunda,NOUN,NOUN,0.7712507682945624,0.7758245533225406,ADJ,"NOUN: 0.77, ADJ: 0.23",True,37,0,3.6375861597263857
",",",",PUNCT,PUNCT,,,,,True,2285,0,7.734558844354756
Demrad,Demrad'da,PROPN,PROPN,,,,,False,0,0,0.0
kayıt,kayıt,NOUN,NOUN,,,,,True,4,0,1.6094379124341003
dışı,dışı,ADJ,ADJ,,,,,False,0,0,0.0
faaliyet,faaliyetlerin,NOUN,NOUN,,,,,True,3,0,1.3862943611198906
giydir,giydirirerek,VERB,VERB,,,,,False,0,0,0.0
kayıt,kayıt,NOUN,NOUN,,,,,True,4,0,1.6094379124341003
iç,içine,ADJ,ADJ,0.5266476463656918,0.9979501219428724,NOUN,"ADJ: 0.53, NOUN: 0.47",True,71,0,4.276666119016055
al,alınması,VERB,VERB,1.0,0.0,,VERB: 1.00,True,169,0,5.135798437050262
için,için,ADP,ADP,0.4371344784042817,1.7284041476856495,AUX,"ADP: 0.44, AUX: 0.27, CCONJ: 0.25",True,159,0,5.075173815233827
',',PUNCT,PUNCT,,,,,True,56,0,4.04305126783455
gönüllü,gönüllü,ADJ,ADJ,,,,,True,2,0,1.0986122886681098
beyan,beyan,NOUN,NOUN,,,,,True,4,0,1.6094379124341003
müessese,müessesesi,NOUN,NOUN,,,,,True,2,0,1.0986122886681098
',',PUNCT,PUNCT,,,,,True,56,0,4.04305126783455
kur,kurulmasını,VERB,VERB,0.9246812373164471,0.3854658414165868,ADJ,"VERB: 0.92, ADJ: 0.08",True,21,0,3.091042453358316
öner,önerdi,VERB,VERB,1.0,0.0,,VERB: 1.00,True,11,0,2.4849066497880004
.,.,PUNCT,PUNCT,,,,,True,3283,0,8.096817470572319
ikibinüç,ikibinüç,NUM,NUM,,,,,True,8,0,2.1972245773362196
bütçe,bütçesinde,NOUN,NOUN,0.16637866318833908,2.142830812000207,PRON,"PRON: 0.40, ADV: 0.19, NOUN: 0.17, PROPN: 0.13, ADJ: 0.11",True,11,0,2.4849066497880004
vergi,vergi,NOUN,NOUN,0.011950653793856328,1.6785541093229865,NUM,"NUM: 0.56, DET: 0.22, ADJ: 0.16, PROPN: 0.06",True,15,0,2.772588722239781
gelir,gelirlerinin,NOUN,NOUN,,,,,True,6,0,1.9459101490553132
seksen,seksen,NUM,NUM,,,,,True,1,0,0.6931471805599453
katrilyon,katrilyon,NUM,NOUN,,,,,True,2,1,1.0986122886681098
lira,lira,NOUN,NOUN,0.1563501102209089,0.6255059145004597,NUM,"NUM: 0.84, NOUN: 0.16",True,15,0,2.772588722239781
olarak,olarak,ADP,ADP,0.36855824759231326,2.0508940487493934,AUX,"ADP: 0.37, AUX: 0.30, CCONJ: 0.24",True,71,0,4.276666119016055
hesapla,hesaplandığını,VERB,VERB,,,,,False,0,0,0.0
söyle,söyleyen,VERB,VERB,0.721528986702589,0.8533590847777625,CCONJ,"VERB: 0.72, CCONJ: 0.28",True,89,0,4.499809670330265
başsavcılık,Başsavcılığı'na,NOUN,NOUN,,,,,False,0,0,0.0
",",",",PUNCT,PUNCT,,,,,True,2285,0,7.734558844354756
bütçe,bütçeyi,NOUN,NOUN,0.16637866318833908,2.142830812000207,PRON,"PRON: 0.40, ADV: 0.19, NOUN: 0.17, PROPN: 0.13, ADJ: 0.11",True,11,0,2.4849066497880004
yeniden,yeniden,ADV,ADV,0.21097570581915642,1.7793365705047433,PRON,"PRON: 0.55, ADV: 0.21, PROPN: 0.14, ADJ: 0.06",True,17,0,2.8903717578961645
hazırla,hazırladıklarını,VERB,VERB,1.0,0.0,,VERB: 1.00,True,25,0,3.258096538021482
",",",",PUNCT,PUNCT,,,,,True,2285,0,7.734558844354756
bu,bu,DET,DET,0.6017857940157323,1.5300103231456785,NUM,"DET: 0.60, NUM: 0.20, ADJ: 0.15",True,350,0,5.860786223465865
ay,ayın,NOUN,NOUN,0.39387553074624077,1.7763200980518743,PRON,"NOUN: 0.39, PRON: 0.33, PROPN: 0.21, ADJ: 0.06",True,23,0,3.1780538303479458
son,sonu,ADJ,ADJ,0.1777361734882735,2.377263529052741,DET,"DET: 0.32, CCONJ: 0.22, ADJ: 0.18, NUM: 0.16, PROPN: 0.08, NOUN: 0.05",True,59,0,4.0943445622221
veya,veya,CCONJ,CCONJ,0.2563421963874988,2.0327241203943736,NUM,"NUM: 0.35, ADJ: 0.27, CCONJ: 0.26, PROPN: 0.09",True,18,0,2.9444389791664403
şubat,Şubat,NOUN,NOUN,,,,,True,1,0,0.6931471805599453
ay,ayının,NOUN,NOUN,0.39387553074624077,1.7763200980518743,PRON,"NOUN: 0.39, PRON: 0.33, PROPN: 0.21, ADJ: 0.06",True,23,0,3.1780538303479458
ilk,ilk,ADJ,ADJ,0.121493136275404,1.1638215395306515,DET,"DET: 0.70, NUM: 0.17, ADJ: 0.12",True,33,0,3.5263605246161616
hafta,haftasında,NOUN,NOUN,1.0,0.0,,NOUN: 1.00,True,19,0,2.995732273553991
Meclis,Meclis'e,PROPN,PROPN,,,,,True,2,0,1.0986122886681098
sun,sunulmuş,VERB,VERB,1.0,0.0,,VERB: 1.00,True,11,0,2.4849066497880004
olacak,olacağını,ADJ,ADJ,0.11600682008236941,0.8841241031373779,NOUN,"NOUN: 0.81, ADJ: 0.12, VERB: 0.07",True,12,0,2.5649493574615367
bil,bildirdi,VERB,VERB,0.6930942464089043,1.0036086273143747,CCONJ,"VERB: 0.69, CCONJ: 0.28",True,101,0,4.624972813284271
.,.,PUNCT,PUNCT,,,,,True,3283,0,8.096817470572319
