row_idx,lexunit,primary_cluster,clusters_above_threshold
0,"('$', 'NOUN')",3,"[(3, 0.1669056974130236), (11, 0.11803147016925791), (12, 0.11218303330049771)]"
1,"('%', 'NOUN')",3,"[(3, 0.17903563094401834), (10, 0.1017565259770413), (11, 0.13214732865489298)]"
4,"('/', 'CCONJ')",2,"[(2, 0.2183680252215481), (7, 0.11548572363889556)]"
6,"('1', 'NUM')",1,"[(1, 0.14948302847384698), (2, 0.1250624659776453), (3, 0.12277284695424591), (9, 0.1049008518831388)]"
7,"('10', 'NUM')",3,"[(3, 0.17523164450613712), (9, 0.1378081564647242), (11, 0.11463116864006456)]"
9,"('11', 'NUM')",9,"[(3, 0.1632407145955165), (6, 0.1332776067119511), (9, 0.31773696810215396), (11, 0.12269220606468932)]"
10,"('12', 'NUM')",9,"[(3, 0.16770697305704085), (6, 0.10365827839462947), (9, 0.17347166462661123), (11, 0.11709772728375868)]"
11,"('13', 'NUM')",9,"[(3, 0.19281732518946734), (6, 0.11744559129118234), (9, 0.24440544912123577), (11, 0.12496387609825224)]"
12,"('14', 'NUM')",9,"[(3, 0.1871672051577224), (6, 0.10948054396727754), (9, 0.21145595663873432), (11, 0.12014902412355709)]"
13,"('15', 'NUM')",3,"[(3, 0.16656771002748796), (9, 0.16316623887812112), (11, 0.11512554107031409)]"
15,"('16', 'NUM')",9,"[(3, 0.1727906162550532), (6, 0.11737674566017878), (9, 0.22852163612142537), (11, 0.11942504160199681)]"
16,"('17', 'NUM')",9,"[(3, 0.16212710433741276), (6, 0.1264976924444878), (9, 0.27888245355692864), (11, 0.11774232928773554)]"
17,"('18', 'NUM')",9,"[(3, 0.17390843360013764), (6, 0.1251646623678438), (9, 0.2774599121814281), (11, 0.12271214500221246)]"
19,"('19', 'NUM')",9,"[(3, 0.16172750366566324), (6, 0.13016295696168406), (9, 0.27933237128656235), (11, 0.1212892687574937)]"
20,"('1905', 'NUM')",12,"[(5, 0.15303302724595194), (12, 0.4958894716084214)]"
34,"('1934', 'NUM')",12,"[(5, 0.1247166833105499), (12, 0.6122849758083491)]"
35,"('1935', 'NUM')",12,"[(5, 0.14348780020863014), (12, 0.5883739351599232)]"
73,"('1974', 'NUM')",12,"[(5, 0.14083680541088256), (12, 0.6846286430693581)]"
91,"('1992', 'NUM')",12,"[(5, 0.16887022938182947), (12, 0.5784328148087737)]"
99,"('1er', 'ADJ')",2,"[(1, 0.11586143840000462), (2, 0.34802405585951024), (9, 0.11871943668644652)]"
100,"('1er', 'NUM')",9,"[(3, 0.13269644060042515), (6, 0.14869910465222558), (9, 0.348374293756118), (11, 0.11042926534353265)]"
101,"('2', 'NUM')",4,"[(3, 0.13321369240295627), (4, 0.1800848503215467)]"
102,"('20', 'NUM')",3,"[(3, 0.16623123956115957), (9, 0.144283257612409), (11, 0.1159256572105204)]"
117,"('21', 'NUM')",9,"[(3, 0.18425051517452848), (6, 0.12604154710288018), (9, 0.3049181783323313), (11, 0.12173178104880994)]"
118,"('22', 'NUM')",9,"[(3, 0.165758143018897), (6, 0.12179744331982968), (9, 0.25804133766942483), (11, 0.12095476055254013)]"
119,"('23', 'NUM')",9,"[(3, 0.16974020596552772), (6, 0.12484495419605258), (9, 0.25771408494946235), (11, 0.12366781847788018)]"
120,"('24', 'NUM')",9,"[(3, 0.17292108705461348), (6, 0.12002891164805599), (9, 0.24704830359915098), (11, 0.1258855787238702)]"
121,"('25', 'NUM')",9,"[(3, 0.17085423457712667), (6, 0.12857700163701966), (9, 0.31821178087985275), (11, 0.121268833041352)]"
122,"('26', 'NUM')",9,"[(3, 0.15099426083116058), (6, 0.13826810152222252), (9, 0.3394908349130955), (11, 0.11501730015144866)]"
123,"('27', 'NUM')",9,"[(3, 0.16893187962886022), (6, 0.13424640284053227), (9, 0.3324704486712344), (11, 0.11945371366739913)]"
124,"('28', 'NUM')",9,"[(3, 0.14985406769605936), (6, 0.13669713960246138), (9, 0.3486456702988621), (11, 0.11317151597063603)]"
125,"('29', 'NUM')",9,"[(3, 0.14490661115708545), (6, 0.14035109167598198), (9, 0.3315421159248298), (11, 0.11677216142329137)]"
126,"('2e', 'ADJ')",2,"[(1, 0.12570096434551295), (2, 0.4986377670909985)]"
127,"('3', 'NUM')",3,"[(3, 0.1617220259496618), (4, 0.12239350126792678), (9, 0.11035331478112953), (11, 0.10661496839182154)]"
128,"('30', 'NUM')",3,"[(3, 0.19637685892618417), (6, 0.10391218436688003), (9, 0.1664996055161868), (11, 0.1316031710712477)]"
129,"('31', 'NUM')",9,"[(3, 0.15820141862981238), (6, 0.13315765987207717), (9, 0.3542687703015834), (11, 0.11291349384964607)]"
134,"('3e', 'ADJ')",2,"[(1, 0.131588538855294), (2, 0.439159060427682)]"
135,"('4', 'NUM')",4,"[(2, 0.10970350594383875), (3, 0.13002155742164026), (4, 0.19378024807804842)]"
140,"('5', 'NUM')",3,"[(3, 0.1656967374254612), (9, 0.13182496500424418), (11, 0.11120573957030089)]"
143,"('6', 'NUM')",9,"[(3, 0.1800074023754759), (6, 0.12270466759759285), (9, 0.24727999609924986), (11, 0.1275650492163869)]"
145,"('7', 'NUM')",9,"[(3, 0.1812577095789473), (6, 0.11651968197991525), (9, 0.233735731616818), (11, 0.12424474961551353)]"
148,"('8', 'NUM')",9,"[(3, 0.17217470905267182), (6, 0.11070238757803501), (9, 0.2099859040589196), (11, 0.11839131574889149)]"
150,"('9', 'NUM')",9,"[(3, 0.17033173357408274), (6, 0.12897987958976895), (9, 0.2814838071252992), (11, 0.12419999944229973)]"
152,"('=', 'VERB')",10,"[(1, 0.10828866892443169), (3, 0.10074641216738395), (10, 0.22741852128730447)]"
153,"('A', 'PROPN')",5,"[(3, 0.13047721356017744), (5, 0.16590489733955566), (8, 0.10221800580736883), (12, 0.10408914268819082)]"
155,"('Afrique', 'PROPN')",5,"[(3, 0.15496216493307555), (5, 0.19042097411355044), (6, 0.18431617310469844), (9, 0.17707913086131247), (11, 0.12092012827298497)]"
158,"('Alex', 'PROPN')",8,"[(5, 0.26085410778696677), (8, 0.35803395653800496)]"
161,"('Algérie', 'PROPN')",6,"[(3, 0.13150365449584486), (5, 0.16304316467091826), (6, 0.21590750496897979), (9, 0.19522209719793443), (11, 0.13314908115695342)]"
162,"('Allemagne', 'PROPN')",5,"[(5, 0.46381119563953876), (6, 0.11581824014377763)]"
163,"('Amérique', 'PROPN')",5,"[(3, 0.12805936703827928), (5, 0.2242500285917444), (6, 0.20213832690848785), (9, 0.12172639901297724), (11, 0.13628947586452292)]"
171,"('B', 'PROPN')",0,"[(0, 0.15529468506363953), (1, 0.15007298175036282)]"
175,"('Berlin', 'PROPN')",5,"[(5, 0.6280723771888149), (12, 0.11182232367680232)]"
179,"('Bourgogne', 'PROPN')",5,"[(5, 0.48992077221567104), (12, 0.15374730605125217)]"
181,"('Bruxelles', 'PROPN')",5,"[(5, 0.4772402580948055), (12, 0.11981691004278364)]"
182,"('Brésil', 'PROPN')",9,"[(3, 0.12012532075265046), (9, 0.6271644334192704)]"
183,"('Bulgarie', 'PROPN')",5,"[(5, 0.4238233403799102), (6, 0.14990210818520694), (11, 0.10489037998823489)]"
184,"('C', 'NOUN')",3,"[(1, 0.10362185871914398), (3, 0.11066869815645375)]"
185,"('CD', 'NOUN')",3,"[(3, 0.5744978518626037), (9, 0.23595441106394754)]"
186,"('Californie', 'PROPN')",5,"[(5, 0.6550444081524027), (12, 0.10950502744494424)]"
187,"('Canada', 'PROPN')",9,"[(3, 0.13113841326900294), (9, 0.5815692558318974)]"
190,"('Chine', 'PROPN')",6,"[(6, 0.6187946203173956), (11, 0.17333654223358907)]"
192,"('Côte', 'PROPN')",6,"[(3, 0.11113883119584933), (5, 0.1117884568848916), (6, 0.2253361889368215), (9, 0.12175894703477262), (11, 0.1513072333196768)]"
193,"('DVD', 'NOUN')",9,"[(3, 0.27555209429984845), (9, 0.5625170110945148)]"
194,"('Danemark', 'PROPN')",9,"[(3, 0.15983870201295527), (9, 0.5369073819526355)]"
198,"('Disney', 'PROPN')",8,"[(5, 0.13748857848452528), (8, 0.4696941267957832)]"
202,"('Etats-Unis', 'PROPN')",11,"[(3, 0.19582903254796608), (6, 0.12243754465230479), (9, 0.15521077301770797), (11, 0.27075955509489513)]"
212,"('Grand', 'PROPN')",9,"[(3, 0.137432929541806), (6, 0.1265039205422756), (9, 0.4387974291368012)]"
213,"('Grande-Bretagne', 'PROPN')",6,"[(3, 0.11677829089293432), (5, 0.18521160175671594), (6, 0.22978228322210226), (11, 0.17145722885506778)]"
214,"('Grèce', 'PROPN')",6,"[(6, 0.5404463358623743), (11, 0.18501926923168743)]"
224,"('Inde', 'PROPN')",5,"[(3, 0.10903057205306531), (5, 0.27997885624218594), (6, 0.1794682584697579), (9, 0.13923894640719603), (11, 0.11641694482640172)]"
225,"('Internet', 'PROPN')",5,"[(5, 0.16276543295857568), (8, 0.12527513042204033), (12, 0.13488803371504274)]"
226,"('Irak', 'PROPN')",9,"[(3, 0.11669275125099493), (6, 0.24994281643281954), (9, 0.2574898874106506), (11, 0.1450715512238909)]"
227,"('Iran', 'PROPN')",9,"[(3, 0.1239464595171148), (5, 0.14414837899437455), (6, 0.19982705696312703), (9, 0.20545111651984221), (11, 0.13135722329655328)]"
231,"('Ivoire', 'PROPN')",5,"[(5, 0.3510472342125665), (12, 0.12706399719107764)]"
232,"('J.-C.', 'PROPN')",5,"[(5, 0.3926017585089007), (12, 0.1505840199365374)]"
235,"('Japon', 'PROPN')",9,"[(3, 0.12464498913263616), (9, 0.608746972868882)]"
238,"('Jeanne', 'PROPN')",8,"[(5, 0.10158505450712539), (8, 0.4456579587933257)]"
243,"('Libye', 'PROPN')",5,"[(5, 0.3350883092750834), (6, 0.2241949845891845), (11, 0.13322248244838075)]"
245,"('Liège', 'PROPN')",5,"[(5, 0.5021841945226654), (12, 0.13224417815278805)]"
246,"('Loire', 'PROPN')",6,"[(6, 0.4023660611380842), (9, 0.12021109931284366), (11, 0.1935448270431677)]"
248,"('Lord', 'PROPN')",8,"[(3, 0.13851681006635022), (8, 0.29793534917738523), (9, 0.1309557145271488)]"
250,"('Los', 'PROPN')",8,"[(5, 0.12966320417023477), (8, 0.5284406464461835)]"
253,"('M.', 'NOUN')",8,"[(3, 0.10364601536333566), (8, 0.3956901301511526)]"
254,"('Madrid', 'PROPN')",5,"[(5, 0.6483898297991192), (12, 0.10718167067735657)]"
255,"('Mali', 'PROPN')",9,"[(3, 0.12897058360272737), (9, 0.5526407416881572)]"
256,"('Mans', 'PROPN')",9,"[(3, 0.1366753021590702), (6, 0.11122361651490588), (9, 0.484938447469436)]"
263,"('Mauritanie', 'PROPN')",6,"[(6, 0.42782485601425196), (9, 0.12020520766938811), (11, 0.2042855198793644)]"
264,"('Mexique', 'PROPN')",9,"[(3, 0.11920510754549958), (9, 0.6677890745223699)]"
267,"('Milan', 'PROPN')",9,"[(3, 0.19450169800511297), (5, 0.11735204801377208), (6, 0.10388111945902972), (8, 0.10897578539143543), (9, 0.2194465966859392)]"
269,"('Moscou', 'PROPN')",5,"[(5, 0.6607761931262374), (12, 0.10172375317118275)]"
270,"('Méditerranée', 'PROPN')",5,"[(5, 0.3437237518037447), (6, 0.14728260778523622), (11, 0.10244410463114936)]"
272,"('Napoléon', 'PROPN')",5,"[(3, 0.1141402823629093), (5, 0.16809356862987873), (8, 0.16707996745666584)]"
274,"('Nice', 'PROPN')",5,"[(5, 0.6513288757857129), (12, 0.10175442768737403)]"
276,"('Norvège', 'PROPN')",5,"[(5, 0.5049561428281201), (6, 0.1152940946411094)]"
277,"('Notre-Dame', 'PROPN')",8,"[(1, 0.10940735612818184), (5, 0.11261010243491618), (8, 0.1482956651454348)]"
278,"('Noël', 'PROPN')",5,"[(5, 0.4414266276719848), (8, 0.16457315219948074)]"
279,"('ONU', 'PROPN')",9,"[(3, 0.11263652050159605), (6, 0.2377167376345122), (9, 0.26754848503930606), (11, 0.1450460320056043)]"
280,"('Occident', 'PROPN')",9,"[(3, 0.14114314687315802), (6, 0.20958318064702533), (9, 0.3374364433126828), (11, 0.12092777947197988)]"
281,"('Orléans', 'PROPN')",5,"[(5, 0.6611418252072722), (12, 0.10181913670465545)]"
282,"('PS', 'PROPN')",9,"[(3, 0.15184300489539515), (6, 0.1104919269369772), (9, 0.18530444523395145)]"
286,"('Pays-Bas', 'PROPN')",11,"[(3, 0.1836270632631614), (6, 0.12533082980159857), (9, 0.1364714685826013), (11, 0.24739039753782605)]"
289,"('Pokémon', 'PROPN')",3,"[(3, 0.4603799353800736), (9, 0.15902070347573125)]"
291,"('Portugal', 'PROPN')",9,"[(3, 0.11539906772102528), (9, 0.6647762935999406)]"
292,"('Québec', 'PROPN')",9,"[(3, 0.16437660840713234), (6, 0.10203985037997651), (9, 0.45497924756724106)]"
295,"('Renaissance', 'PROPN')",6,"[(6, 0.4946274856146107), (9, 0.11687142371939195), (11, 0.17143797475403283)]"
296,"('Rennes', 'PROPN')",5,"[(5, 0.37174921978822606), (8, 0.10859131674060367), (12, 0.12744868267604542)]"
300,"('Roumanie', 'PROPN')",5,"[(3, 0.11495226004305215), (5, 0.1875800702627101), (6, 0.18706805382627267), (11, 0.1436369120821257)]"
301,"('Royal', 'PROPN')",6,"[(6, 0.29267713527606043), (9, 0.1317491550635806), (11, 0.19748011257211054)]"
302,"('Royaume-Uni', 'PROPN')",9,"[(3, 0.13227671940196115), (9, 0.5681553804289063)]"
303,"('Russie', 'PROPN')",6,"[(6, 0.6180113505002324), (11, 0.18454589361131424)]"
304,"('Sahara', 'PROPN')",9,"[(3, 0.15983060222826115), (6, 0.11454246025955306), (9, 0.4392773031239078)]"
308,"('Serbie', 'PROPN')",5,"[(5, 0.25021786400106794), (6, 0.18370230755757444), (11, 0.13272096449273668)]"
310,"('Suisse', 'PROPN')",5,"[(3, 0.10683406601824662), (5, 0.26974390248215846), (6, 0.1694539811554029), (11, 0.13455759028131478)]"
311,"('Suède', 'PROPN')",6,"[(3, 0.11796487302416435), (6, 0.2849863033473741), (9, 0.11050807223812563), (11, 0.19771163965898902)]"
312,"('Texas', 'PROPN')",9,"[(3, 0.16306516269970328), (6, 0.11499904011647515), (9, 0.3554377743747858)]"
316,"('Tunis', 'PROPN')",5,"[(5, 0.620259815386377), (12, 0.12144360344868833)]"
317,"('Tunisie', 'PROPN')",6,"[(5, 0.1373849040071573), (6, 0.30464343321980564), (9, 0.10045904992463822), (11, 0.17829434857633447)]"
318,"('Turquie', 'PROPN')",5,"[(5, 0.32834718189197987), (6, 0.19883226641401763), (11, 0.12877110126780048)]"
319,"('UE', 'PROPN')",9,"[(3, 0.1115376832996313), (6, 0.24158840469696982), (9, 0.31042077709019844), (11, 0.14726100719842036)]"
320,"('UEFA', 'PROPN')",6,"[(3, 0.11308395189644474), (6, 0.20405348758638278), (9, 0.18696614777720194), (11, 0.129289324372184)]"
323,"('Vancouver', 'PROPN')",5,"[(5, 0.6459050591653192), (12, 0.10091482309299564)]"
324,"('Venezuela', 'PROPN')",9,"[(3, 0.15019830211267862), (6, 0.11193289212627558), (9, 0.40697734101416744)]"
327,"('Washington', 'PROPN')",5,"[(5, 0.4736629230662521), (12, 0.10025715869590866)]"
329,"('Windows', 'PROPN')",8,"[(5, 0.10356987793981749), (8, 0.5344582088650621)]"
330,"('X', 'PROPN')",5,"[(5, 0.2500238031903085), (12, 0.12177198600702473)]"
331,"('XIIIe', 'ADJ')",2,"[(1, 0.11055083366428446), (2, 0.29994631310901426), (9, 0.10524253236789717)]"
332,"('XIIe', 'ADJ')",2,"[(1, 0.10493069376622967), (2, 0.35165948005497827)]"
334,"('XIXe', 'ADJ')",2,"[(1, 0.10260080630446212), (2, 0.31489789219856745)]"
335,"('XIe', 'ADJ')",2,"[(1, 0.10487372088060212), (2, 0.342213399994661)]"
336,"('XV', 'NUM')",12,"[(5, 0.2575239267256977), (12, 0.36005627888721997)]"
337,"('XVIIIe', 'ADJ')",2,"[(1, 0.107526069661629), (2, 0.34103547452932975)]"
338,"('XVIIe', 'ADJ')",2,"[(1, 0.104786306144942), (2, 0.32110926006175067)]"
339,"('XVIe', 'ADJ')",2,"[(1, 0.11480883000788605), (2, 0.29600891386171924)]"
340,"('XVe', 'ADJ')",2,"[(1, 0.11314068029122884), (2, 0.31356933454912056), (9, 0.10322304748678433)]"
341,"('XXe', 'ADJ')",2,"[(1, 0.10408606657005554), (2, 0.3146369114581742)]"
342,"('abandon', 'NOUN')",9,"[(3, 0.10849785359116781), (9, 0.7352008948187971)]"
345,"('abbaye', 'NOUN')",6,"[(6, 0.5955771241424661), (9, 0.11019472793676048), (11, 0.18577621144704093)]"
346,"('abbé', 'NOUN')",9,"[(3, 0.15807926729273436), (6, 0.10739143135346471), (9, 0.5393729682922564)]"
347,"('abordable', 'ADJ')",1,"[(1, 0.4860537515989154), (10, 0.12416314733880073)]"
350,"('abri', 'NOUN')",9,"[(3, 0.23427844079536475), (6, 0.1495674878299439), (9, 0.33292362319338614), (11, 0.1441474390348072)]"
352,"('absence', 'NOUN')",6,"[(6, 0.5392398232187262), (9, 0.1253042281968707), (11, 0.21222726234523687)]"
354,"('académie', 'NOUN')",6,"[(6, 0.6799054488478626), (11, 0.17805066731728758)]"
356,"('accessible', 'ADJ')",10,"[(1, 0.241034995844295), (10, 0.3738636554178371)]"
363,"('accueil', 'NOUN')",9,"[(3, 0.14640894461649587), (9, 0.6725288861887748)]"
365,"('accusation', 'NOUN')",11,"[(6, 0.13111240286193165), (11, 0.6425636911500492)]"
367,"('accès', 'NOUN')",3,"[(3, 0.3851366716658604), (9, 0.3721632289742404)]"
369,"('achat', 'NOUN')",3,"[(3, 0.44117636949507716), (9, 0.27242281398534335)]"
372,"('acide', 'NOUN')",3,"[(3, 0.3747617294097198), (9, 0.23073335752702148), (11, 0.11471585972672703)]"
374,"('acte', 'NOUN')",3,"[(3, 0.6327600688120817), (9, 0.2515830240003534)]"
375,"('acteur', 'NOUN')",9,"[(3, 0.2829647633254465), (9, 0.4829364035736052)]"
377,"('action', 'NOUN')",11,"[(6, 0.3909135054481684), (11, 0.5638721430789002)]"
378,"('activité', 'NOUN')",11,"[(6, 0.22234276311066833), (11, 0.7240861786641349)]"
379,"('actrice', 'NOUN')",6,"[(6, 0.30963668624722473), (9, 0.1211919382151314), (11, 0.22502136872876963)]"
380,"('actualité', 'NOUN')",6,"[(6, 0.3754723553864221), (9, 0.11833766723148578), (11, 0.3276652302090628)]"
381,"('actuel', 'ADJ')",0,"[(0, 0.664415062856542), (1, 0.14747436401690678)]"
383,"('adaptation', 'NOUN')",6,"[(6, 0.5154102214423284), (11, 0.30002707294335956)]"
386,"('administrateur', 'NOUN')",3,"[(3, 0.3070716090831007), (9, 0.20917507362604779), (10, 0.14911110683591744)]"
388,"('administration', 'NOUN')",6,"[(6, 0.7328574065928062), (11, 0.15499610384225623)]"
391,"('adresse', 'NOUN')",6,"[(6, 0.5952296504964258), (11, 0.25378075667706207)]"
393,"('adulte', 'NOUN')",3,"[(3, 0.48852477163406416), (9, 0.20229028908789898), (11, 0.1276164673464821)]"
394,"('adversaire', 'NOUN')",9,"[(3, 0.347336948621899), (9, 0.35847326646566774)]"
395,"('affaire', 'NOUN')",11,"[(6, 0.16178168972628706), (11, 0.7551077128809518)]"
399,"('affluent', 'NOUN')",9,"[(3, 0.21955377818820773), (6, 0.11054000158483943), (9, 0.3185162544408173), (11, 0.10621475751424715)]"
400,"('affrontement', 'NOUN')",3,"[(3, 0.482454833161689), (9, 0.23116466630252075), (11, 0.1294458376362662)]"
402,"('afin', 'ADV')",7,"[(7, 0.18569929723736822), (10, 0.11546808091436415)]"
404,"('agence', 'NOUN')",6,"[(6, 0.6949470723233662), (11, 0.22670460715870702)]"
405,"('agent', 'NOUN')",3,"[(3, 0.49349563022807746), (9, 0.28513137436264163)]"
406,"('agglomération', 'NOUN')",6,"[(6, 0.7242470379139511), (11, 0.1612568784292308)]"
409,"('agriculture', 'NOUN')",6,"[(6, 0.453464657738689), (9, 0.14491516938976384), (11, 0.2009342762016388)]"
411,"('aide', 'NOUN')",6,"[(6, 0.6367044084224404), (11, 0.19716776490348695)]"
413,"('aile', 'NOUN')",11,"[(6, 0.1841385642371255), (11, 0.7470752233310219)]"
417,"('air', 'NOUN')",9,"[(3, 0.14320937817591495), (9, 0.7016514334434057)]"
418,"('aire', 'NOUN')",11,"[(6, 0.3235873597157898), (11, 0.5535036088665287)]"
420,"('album', 'NOUN')",9,"[(3, 0.14063187721518117), (9, 0.7711919548545052)]"
421,"('alcool', 'NOUN')",5,"[(3, 0.2008188998555496), (5, 0.22977465999616806), (9, 0.16834053631931215)]"
422,"('alentours', 'NOUN')",3,"[(3, 0.3774409951561702), (9, 0.182964887320521), (11, 0.186743123456216)]"
424,"('alimentaire', 'ADJ')",0,"[(0, 0.7072194374610364), (1, 0.14354133154558055)]"
426,"('allemand', 'NOUN')",3,"[(3, 0.5390906015368224), (9, 0.2635024981971827)]"
428,"('alliance', 'NOUN')",6,"[(6, 0.8313862408870779), (11, 0.12391813947104044)]"
430,"('altitude', 'NOUN')",6,"[(6, 0.40119473801032224), (11, 0.2569143355758524)]"
431,"('ambiance', 'NOUN')",6,"[(6, 0.6150307364802559), (11, 0.19889231026704288)]"
432,"('ambition', 'NOUN')",11,"[(6, 0.3101935024339203), (11, 0.41208223246098896)]"
434,"('ami', 'NOUN')",3,"[(3, 0.5020594428616374), (9, 0.18785675312682878)]"
435,"('amie', 'NOUN')",6,"[(6, 0.34484157862816756), (9, 0.11085175942100686), (11, 0.23665807383546372)]"
436,"('amour', 'NOUN')",9,"[(3, 0.15968436401971703), (9, 0.6950998841574179)]"
437,"('amphibien', 'NOUN')",5,"[(3, 0.1444592548726506), (5, 0.2947215877666177), (12, 0.10343348433421762)]"
438,"('amélioration', 'NOUN')",6,"[(6, 0.49129800919056443), (11, 0.279536522080674)]"
442,"('américain', 'NOUN')",3,"[(3, 0.331857261256514), (9, 0.2512892426661307), (11, 0.17400034256291202)]"
443,"('an', 'NOUN')",3,"[(3, 0.3115769979771839), (11, 0.10146913662715655)]"
444,"('analyse', 'NOUN')",6,"[(6, 0.8381149410367279), (11, 0.1334256170229286)]"
445,"('ancien', 'ADJ')",2,"[(1, 0.11496378086539837), (2, 0.582000763424304)]"
446,"('ancêtre', 'NOUN')",3,"[(3, 0.5220585246520689), (9, 0.19691638329446498)]"
448,"('anglais', 'NOUN')",3,"[(3, 0.32590328191670936), (5, 0.1718291279403771), (9, 0.18179354900089065)]"
449,"('animal', 'NOUN')",3,"[(3, 0.4730424344976497), (9, 0.3205919968080434)]"
450,"('animation', 'NOUN')",6,"[(6, 0.4079435325030701), (11, 0.26741687966130373)]"
452,"('annonce', 'NOUN')",11,"[(6, 0.2612289644388327), (11, 0.6190039854593555)]"
456,"('année', 'NOUN')",11,"[(6, 0.21034339597113041), (11, 0.6703993494961082)]"
457,"('antique', 'ADJ')",0,"[(0, 0.5609808353329937), (1, 0.20851082675936766)]"
458,"('antérieur', 'ADJ')",1,"[(0, 0.20669137182595612), (1, 0.4304512702172274)]"
459,"('août', 'NOUN')",3,"[(3, 0.15586504897131734), (9, 0.1012019108376251)]"
462,"('appareil', 'NOUN')",3,"[(3, 0.5206079640855567), (9, 0.3465471839215191)]"
463,"('apparence', 'NOUN')",6,"[(6, 0.37916548967947894), (11, 0.3313763455765375)]"
464,"('apparition', 'NOUN')",6,"[(6, 0.4075333737915772), (9, 0.10134290394633964), (11, 0.2787606543544719)]"
466,"('appel', 'NOUN')",3,"[(3, 0.3625069366693368), (9, 0.2459312135378784)]"
468,"('appellation', 'NOUN')",6,"[(6, 0.655022514685034), (11, 0.23241973607509042)]"
469,"('application', 'NOUN')",11,"[(6, 0.28259045766342256), (11, 0.6369282454758187)]"
473,"('apprentissage', 'NOUN')",9,"[(3, 0.3012026166702326), (6, 0.12411861993515134), (9, 0.3279983454400896)]"
474,"('approche', 'NOUN')",6,"[(6, 0.5925028878303908), (11, 0.3209086258013403)]"
476,"('approvisionnement', 'NOUN')",9,"[(3, 0.20957495628395784), (9, 0.6008928321603831)]"
478,"('appui', 'NOUN')",9,"[(3, 0.18254846667108843), (6, 0.10924108392677478), (9, 0.5461174780082035)]"
480,"('après', 'ADP')",2,"[(2, 0.45998203645957764), (7, 0.10369237172247803)]"
482,"('après-midi', 'NOUN')",3,"[(3, 0.2622978360741193), (6, 0.10640739429961284), (9, 0.25743409876207907)]"
484,"('arabe', 'NOUN')",3,"[(3, 0.38095950107464266), (9, 0.2183715505266137), (11, 0.10054106906788413)]"
485,"('arbre', 'NOUN')",9,"[(3, 0.29610060077263), (9, 0.6412627039680757)]"
486,"('arc', 'NOUN')",9,"[(3, 0.21539814762147413), (9, 0.6912377979179652)]"
487,"('architecte', 'NOUN')",9,"[(3, 0.3020518470351017), (9, 0.5824484033792652)]"
488,"('architecture', 'NOUN')",6,"[(6, 0.7063576243698937), (11, 0.1886574308446881)]"
489,"('archive', 'NOUN')",11,"[(6, 0.10170647961005033), (11, 0.6973876896777366)]"
490,"('argent', 'NOUN')",3,"[(3, 0.29664136951453923), (5, 0.1451578531409597), (9, 0.20808673219842314)]"
491,"('arme', 'NOUN')",11,"[(6, 0.12147166278902588), (11, 0.7715414575973264)]"
492,"('armer', 'VERB')",10,"[(1, 0.1522613681951781), (3, 0.12626885341837016), (10, 0.20728421676043932)]"
493,"('armée', 'NOUN')",6,"[(6, 0.7128494837032308), (11, 0.18706636560924866)]"
494,"('arrestation', 'NOUN')",6,"[(6, 0.486970773079112), (11, 0.32849181913207826)]"
496,"('arrivée', 'NOUN')",6,"[(6, 0.5979870516653654), (9, 0.11521332947800578), (11, 0.1873220420604447)]"
497,"('arrière', 'NOUN')",9,"[(3, 0.21627630446297036), (6, 0.10660543695635877), (9, 0.5114931624753627)]"
498,"('arrondissement', 'NOUN')",9,"[(3, 0.1462407722320129), (6, 0.10889143876431889), (9, 0.5714227413196847)]"
499,"('arrêt', 'NOUN')",9,"[(3, 0.30671400522928755), (9, 0.5736211985971443)]"
501,"('arrêté', 'NOUN')",9,"[(3, 0.2621779893806282), (6, 0.10821045360031693), (9, 0.30766271931590966)]"
502,"('art', 'NOUN')",9,"[(3, 0.36757295468300355), (9, 0.3924577307479705)]"
503,"('article', 'NOUN')",9,"[(3, 0.37152275716234245), (9, 0.4488878641067287)]"
505,"('artillerie', 'NOUN')",6,"[(6, 0.5506769195829146), (11, 0.20079816281391452)]"
506,"('artiste', 'NOUN')",3,"[(3, 0.791276547690944), (9, 0.13653337553657427)]"
508,"('aspect', 'NOUN')",9,"[(3, 0.334076464304158), (9, 0.52056570885672)]"
510,"('assemblée', 'NOUN')",6,"[(6, 0.6328789333558611), (11, 0.20134059679161384)]"
511,"('assez', 'ADV')",7,"[(2, 0.11406655128828838), (7, 0.40136385567741173)]"
512,"('assistance', 'NOUN')",6,"[(6, 0.5710530282152898), (11, 0.21973191132314837)]"
515,"('association', 'NOUN')",6,"[(6, 0.5306358896769731), (11, 0.36935130297155566)]"
519,"('atelier', 'NOUN')",3,"[(3, 0.4487362034820551), (9, 0.43438160493981204)]"
520,"('atmosphère', 'NOUN')",6,"[(6, 0.7104475198941299), (11, 0.16560477666859905)]"
522,"('attaque', 'NOUN')",6,"[(6, 0.7409750560714878), (11, 0.2064402307733261)]"
526,"('attente', 'NOUN')",11,"[(3, 0.10468374249767574), (6, 0.2898391815769436), (11, 0.3468445449895828)]"
527,"('attention', 'NOUN')",6,"[(6, 0.3830355923701429), (9, 0.10557551685905826), (11, 0.29065560198512985)]"
530,"('attitude', 'NOUN')",6,"[(6, 0.6999836332875847), (11, 0.16937802487335182)]"
532,"('attribut', 'NOUN')",3,"[(3, 0.629907806179626), (9, 0.15554457757720347)]"
533,"('au-delà', 'ADV')",7,"[(7, 0.2198228342367808), (10, 0.14935516333506327)]"
534,"('au-dessus', 'ADV')",7,"[(7, 0.19627897511203954), (10, 0.16622847816742725)]"
536,"('aucun', 'PRON')",3,"[(3, 0.17133353478370125), (7, 0.11403573042968783), (9, 0.11833196349310003), (10, 0.105945186504561), (11, 0.10345149087445211)]"
537,"('audience', 'NOUN')",6,"[(6, 0.5901260802371152), (11, 0.2958335276986327)]"
538,"('augmentation', 'NOUN')",6,"[(6, 0.5227320300667615), (11, 0.25118578432452177)]"
542,"('auprès', 'ADV')",7,"[(7, 0.15374809433173878), (10, 0.1528909150255671)]"
546,"('autant', 'PRON')",10,"[(3, 0.12252687508831672), (10, 0.22831509736409245)]"
547,"('auteur', 'NOUN')",9,"[(3, 0.3186237883165797), (9, 0.5120439337264007)]"
548,"('automne', 'NOUN')",9,"[(3, 0.32406737864762303), (9, 0.3480877751785021)]"
551,"('autonomie', 'NOUN')",6,"[(6, 0.7778421332659026), (11, 0.12323838934386232)]"
552,"('autorisation', 'NOUN')",6,"[(6, 0.4578864466670323), (11, 0.30853163187507726)]"
554,"('autorité', 'NOUN')",11,"[(6, 0.18349460862324), (11, 0.6508193226851916)]"
555,"('autoroute', 'NOUN')",6,"[(6, 0.46766361548688823), (9, 0.11896617433004664), (11, 0.2801433140408324)]"
556,"('autour', 'ADV')",7,"[(7, 0.1583022623414544), (10, 0.15551951089152666)]"
557,"('autre', 'ADJ')",2,"[(1, 0.11025867509958169), (2, 0.33720385964373445), (4, 0.14709621648502696)]"
558,"('autre', 'PRON')",11,"[(3, 0.19801042374431174), (6, 0.15990043350845903), (9, 0.1881301352170251), (11, 0.23306639833892215)]"
560,"('aval', 'NOUN')",9,"[(3, 0.23568221366858785), (6, 0.12536006131874672), (9, 0.36023583549283716)]"
561,"('avance', 'NOUN')",6,"[(6, 0.5348864310356403), (11, 0.2641532767928533)]"
563,"('avant', 'ADP')",2,"[(2, 0.4696782204115769), (7, 0.111632970714589)]"
564,"('avant', 'ADV')",7,"[(7, 0.2162278381914737), (10, 0.1115608185247216)]"
565,"('avant', 'NOUN')",9,"[(3, 0.26430690388664885), (6, 0.12512195466284437), (9, 0.33689554378624)]"
566,"('avantage', 'NOUN')",9,"[(3, 0.24373946783622022), (9, 0.46250956792747827), (11, 0.10758465626864681)]"
568,"('avenir', 'NOUN')",9,"[(3, 0.16466767819592895), (6, 0.14900338037989536), (9, 0.48296678262493364)]"
569,"('aventure', 'NOUN')",6,"[(6, 0.6728872739269519), (11, 0.2569137118552999)]"
570,"('avion', 'NOUN')",9,"[(3, 0.35115741169074066), (9, 0.5877785946922041)]"
571,"('avis', 'NOUN')",9,"[(3, 0.30919168001274183), (9, 0.5877446971997716)]"
572,"('avocat', 'NOUN')",9,"[(3, 0.3359378253939108), (9, 0.4536674943290758)]"
573,"('avoir', 'AUX')",7,"[(7, 0.18197831576827017), (10, 0.11088810376927534)]"
576,"('avril', 'NOUN')",3,"[(3, 0.15640114348897274), (9, 0.10362646666456317)]"
578,"('axe', 'NOUN')",9,"[(3, 0.27895219304001023), (9, 0.5462438184865911)]"
580,"('aéroport', 'NOUN')",9,"[(3, 0.13392484090527706), (9, 0.7105540118038348)]"
581,"('aîné', 'ADJ')",0,"[(0, 0.4907144343106206), (1, 0.13566652490302977)]"
582,"('bactérie', 'NOUN')",11,"[(6, 0.2606217389869118), (11, 0.6100779816894871)]"
583,"('baie', 'NOUN')",6,"[(6, 0.6541414812466965), (11, 0.18392683032296067)]"
584,"('bain', 'NOUN')",5,"[(3, 0.1258389078849216), (5, 0.46559858295511564)]"
585,"('baisse', 'NOUN')",6,"[(6, 0.6583683544658723), (11, 0.1866034550317115)]"
586,"('bande', 'NOUN')",6,"[(6, 0.4763333207013985), (11, 0.3814893562486916)]"
587,"('banlieue', 'NOUN')",6,"[(6, 0.45339171866778155), (11, 0.2340452439209452)]"
588,"('banque', 'NOUN')",6,"[(6, 0.6098139299714803), (11, 0.3213999049956394)]"
590,"('bar', 'NOUN')",9,"[(3, 0.19424158493245866), (9, 0.572333620874835)]"
591,"('baron', 'NOUN')",9,"[(3, 0.161870833660943), (9, 0.6184747820581535)]"
593,"('barrage', 'NOUN')",9,"[(3, 0.23289081121217067), (9, 0.6790726093245874)]"
594,"('bas', 'ADJ')",1,"[(0, 0.11833660158354728), (1, 0.5471169587221428), (2, 0.10071590042772197)]"
595,"('base', 'NOUN')",6,"[(6, 0.8505336174576102), (11, 0.11293047432655459)]"
596,"('baser', 'VERB')",10,"[(1, 0.10696459878995145), (10, 0.5241028785970836)]"
597,"('basse', 'NOUN')",6,"[(6, 0.4479005494140816), (11, 0.35809215213360396)]"
599,"('bataille', 'NOUN')",6,"[(6, 0.824543770979486), (11, 0.11199895284635109)]"
600,"('bateau', 'NOUN')",9,"[(3, 0.2951024495911949), (9, 0.5863449139730104)]"
601,"('batterie', 'NOUN')",11,"[(6, 0.33051600502555717), (11, 0.49351262580347044)]"
603,"('beau', 'ADJ')",2,"[(1, 0.2668388217420223), (2, 0.37225801325854796)]"
605,"('beaucoup', 'PRON')",10,"[(3, 0.12690800441951694), (7, 0.12190172114468081), (10, 0.15841089633347966), (11, 0.10086616343069557)]"
607,"('besoin', 'NOUN')",3,"[(3, 0.5362038559755655), (9, 0.1964486901932662)]"
608,"('bibliothèque', 'NOUN')",6,"[(6, 0.8140130880365449), (11, 0.14273106430523833)]"
610,"('bien', 'NOUN')",3,"[(3, 0.642523604208182), (9, 0.2711787590598731)]"
614,"('blanc', 'NOUN')",3,"[(3, 0.395429184355226), (9, 0.3451126989729201)]"
616,"('blessure', 'NOUN')",11,"[(6, 0.28941738401470574), (11, 0.5289222194040601)]"
617,"('bleu', 'ADJ')",0,"[(0, 0.6380054420646045), (1, 0.23488706528658387)]"
619,"('bois', 'NOUN')",3,"[(3, 0.3830754171505066), (5, 0.1385828915866034), (9, 0.20268655773407715)]"
620,"('bombe', 'NOUN')",11,"[(6, 0.16658914262330124), (11, 0.7546765348165934)]"
621,"('bon', 'ADJ')",2,"[(1, 0.20726348183259363), (2, 0.4723408832922965)]"
622,"('bonheur', 'NOUN')",9,"[(3, 0.21442770749762585), (6, 0.12312221822534349), (9, 0.3628552178930953)]"
623,"('bord', 'NOUN')",9,"[(3, 0.10988793761671299), (9, 0.8050258253433602)]"
625,"('bouddhisme', 'NOUN')",9,"[(3, 0.10490110276723096), (9, 0.7037342918940227)]"
626,"('bourg', 'NOUN')",9,"[(3, 0.10006586438744693), (9, 0.6811525182818176)]"
627,"('bourse', 'NOUN')",6,"[(6, 0.7246143195010711), (11, 0.17808332726413637)]"
628,"('bout', 'NOUN')",9,"[(3, 0.1383413354320973), (9, 0.623160856328166)]"
629,"('boutique', 'NOUN')",6,"[(6, 0.5469464991444236), (11, 0.37824507060873414)]"
630,"('boîte', 'NOUN')",6,"[(6, 0.5041906927431884), (11, 0.3162071841982799)]"
631,"('branche', 'NOUN')",11,"[(6, 0.41737440524349967), (11, 0.5235497898520707)]"
632,"('bref', 'ADJ')",2,"[(1, 0.27000953961731716), (2, 0.27997339005381233)]"
633,"('bref', 'INTJ')",7,"[(2, 0.10361256229738468), (7, 0.14958031344645814)]"
635,"('britannique', 'NOUN')",3,"[(3, 0.4000184769679563), (9, 0.2692854637224215), (11, 0.13564528039495885)]"
636,"('bronze', 'NOUN')",5,"[(3, 0.12200358427795722), (5, 0.40227723400361404)]"
637,"('bruit', 'NOUN')",3,"[(3, 0.5340160010173919), (9, 0.22046091038468643)]"
642,"('bus', 'NOUN')",3,"[(3, 0.5933564536359656), (9, 0.23415849717710732)]"
643,"('but', 'NOUN')",9,"[(3, 0.27797846626938433), (9, 0.656243753576178)]"
644,"('bâtiment', 'NOUN')",9,"[(3, 0.15901105035332921), (9, 0.797278076253823)]"
647,"(""c'est-à-dire"", 'CCONJ')",2,"[(2, 0.2305361877633769), (7, 0.10966755819437785)]"
648,"('cabaret', 'NOUN')",3,"[(3, 0.32667659422251577), (5, 0.1805203536514126), (9, 0.16077719962489911)]"
652,"('café', 'NOUN')",9,"[(3, 0.15004806152533015), (9, 0.7117218593698564)]"
653,"('camp', 'NOUN')",9,"[(3, 0.19414919977867476), (9, 0.7250442994587611)]"
654,"('campagne', 'NOUN')",6,"[(6, 0.8806552240660913), (11, 0.10572267251906935)]"
655,"('camping', 'NOUN')",9,"[(3, 0.12165171295720727), (9, 0.7862518530449222)]"
659,"('candidat', 'NOUN')",3,"[(3, 0.6968800315516727), (9, 0.20507309572080476)]"
660,"('canon', 'NOUN')",3,"[(3, 0.6284058953911166), (9, 0.22213449426319157)]"
661,"('canton', 'NOUN')",9,"[(3, 0.10153273598334131), (9, 0.756144198095964)]"
662,"('capable', 'ADJ')",10,"[(1, 0.17733381446218602), (10, 0.3254666488831632)]"
663,"('capacité', 'NOUN')",11,"[(6, 0.34002712857529155), (11, 0.5435660037934607)]"
664,"('capitaine', 'NOUN')",9,"[(3, 0.22649986251858864), (9, 0.5519990047742167)]"
665,"('capital', 'NOUN')",9,"[(3, 0.2618711183405311), (9, 0.5820471743127601)]"
666,"('capitale', 'NOUN')",6,"[(6, 0.7882596996883934), (11, 0.12807905003539097)]"
668,"('car', 'CCONJ')",7,"[(2, 0.1337350024497621), (7, 0.2816230323359639)]"
669,"('caractère', 'NOUN')",9,"[(3, 0.2065518167158934), (9, 0.5200204074345416)]"
672,"('caractéristique', 'NOUN')",11,"[(6, 0.1429527598477617), (11, 0.6857403624573328)]"
674,"('carrière', 'NOUN')",6,"[(6, 0.3679822079528308), (11, 0.2366103962428011)]"
675,"('carte', 'NOUN')",6,"[(6, 0.7210635629871337), (11, 0.24268330479646943)]"
676,"('cas', 'NOUN')",9,"[(3, 0.3037119133315043), (9, 0.5710583015036671)]"
677,"('catalogue', 'NOUN')",9,"[(3, 0.17717713802915833), (9, 0.6207839829404036)]"
679,"('cathédrale', 'NOUN')",6,"[(6, 0.6601936186347828), (11, 0.17248329459736708)]"
680,"('catégorie', 'NOUN')",6,"[(6, 0.47502717167137676), (11, 0.4708594425036727)]"
681,"('cause', 'NOUN')",6,"[(6, 0.778622525929005), (11, 0.16621556991164532)]"
683,"('cavalerie', 'NOUN')",6,"[(6, 0.6444612074916481), (11, 0.17782454197404804)]"
684,"('cavalier', 'NOUN')",3,"[(3, 0.6924848398543921), (9, 0.15356962642077338)]"
686,"('ce', 'PRON')",3,"[(1, 0.11391767275627003), (3, 0.13116245953000255), (10, 0.1102411454972673)]"
687,"('ceci', 'PRON')",7,"[(3, 0.13216860631449318), (7, 0.14973179062874487), (9, 0.10596020427915333), (10, 0.10201643319127124)]"
688,"('cela', 'PRON')",7,"[(3, 0.13877855062721473), (7, 0.15296609155090246), (9, 0.10427570068112042)]"
690,"('celui', 'PRON')",10,"[(1, 0.10228482216788858), (3, 0.17056127515753658), (10, 0.22817845755685945), (11, 0.10383682464184917)]"
691,"('celui-ci', 'PRON')",7,"[(3, 0.1304072380030666), (7, 0.13735728558933236)]"
692,"('censé', 'ADJ')",10,"[(1, 0.19968920404997145), (10, 0.24869609613843988)]"
694,"('centaine', 'NOUN')",11,"[(3, 0.1338262059941985), (6, 0.1841724028045136), (11, 0.4236834790148729)]"
696,"('centrale', 'NOUN')",6,"[(6, 0.48030843118541283), (11, 0.37842500032340914)]"
700,"('certain', 'ADJ')",2,"[(1, 0.14518409807466823), (2, 0.42517984820123994)]"
702,"('certain', 'PRON')",3,"[(3, 0.15773683984579995), (7, 0.12236422709320278), (10, 0.11179726989713065), (11, 0.10435376522013444)]"
705,"('chacun', 'PRON')",3,"[(3, 0.17933146567180283), (9, 0.10594657663951926), (10, 0.13033300605129397)]"
707,"('chambre', 'NOUN')",6,"[(6, 0.49837173045777006), (11, 0.4788180163068211)]"
709,"('champion', 'NOUN')",3,"[(3, 0.5440672098271229), (9, 0.263052049935247)]"
710,"('championnat', 'NOUN')",9,"[(3, 0.12332165033936426), (9, 0.7686053717634692)]"
711,"('chance', 'NOUN')",6,"[(6, 0.4637225992032733), (11, 0.292577565669989)]"
712,"('changement', 'NOUN')",9,"[(3, 0.17081996364321353), (9, 0.7368577775232821)]"
714,"('chanson', 'NOUN')",11,"[(6, 0.35558585080576627), (11, 0.5485101566339178)]"
717,"('chanteur', 'NOUN')",9,"[(3, 0.2364144318102307), (9, 0.6071410887474422)]"
718,"('chanteuse', 'NOUN')",6,"[(6, 0.6615355831664487), (11, 0.17964975579066894)]"
719,"('chantier', 'NOUN')",9,"[(3, 0.2446827934273455), (9, 0.6374616213535654)]"
720,"('chapelle', 'NOUN')",6,"[(6, 0.7564190923921059), (11, 0.14941156575678405)]"
721,"('chapitre', 'NOUN')",9,"[(3, 0.17071083921251368), (9, 0.6749627918113026)]"
723,"('charbon', 'NOUN')",9,"[(3, 0.2290714205957205), (9, 0.5240045110828527)]"
724,"('charge', 'NOUN')",6,"[(6, 0.6569324743441123), (11, 0.2547721994362651)]"
726,"('charte', 'NOUN')",6,"[(6, 0.6942274768374099), (11, 0.2459044248066576)]"
727,"('chasse', 'NOUN')",6,"[(6, 0.6902176978647224), (11, 0.15944943959376667)]"
728,"('chasseur', 'NOUN')",9,"[(3, 0.36496509472907634), (9, 0.4465541526893623)]"
729,"('chaud', 'ADJ')",0,"[(0, 0.5016255957707365), (1, 0.3543497849624179)]"
731,"('chaîne', 'NOUN')",6,"[(6, 0.7481178442428696), (11, 0.19094442666917225)]"
732,"('chef', 'NOUN')",9,"[(3, 0.15317337945775789), (9, 0.7667154453786358)]"
733,"('chef-lieu', 'NOUN')",9,"[(3, 0.1629751234659075), (6, 0.10315215586535682), (9, 0.4586883486149605)]"
734,"('chemin', 'NOUN')",9,"[(3, 0.17417665529971146), (9, 0.6913633263625139)]"
735,"('cher', 'ADJ')",1,"[(1, 0.2748433193546014), (3, 0.1354945513159408), (10, 0.20293132220651025)]"
737,"('chercheur', 'NOUN')",3,"[(3, 0.5750277649955019), (9, 0.183069610735831), (11, 0.10166386968595637)]"
738,"('cheval', 'NOUN')",9,"[(3, 0.3700345464218783), (9, 0.5952633312714486)]"
739,"('chevalier', 'NOUN')",3,"[(3, 0.6099562580426766), (9, 0.2148021570065053)]"
740,"('chez', 'ADP')",2,"[(2, 0.3221111172380508), (7, 0.11388499437220259)]"
741,"('chiffre', 'NOUN')",9,"[(3, 0.3242223310610559), (9, 0.4512452896489036)]"
745,"('choix', 'NOUN')",9,"[(3, 0.10083396498027368), (9, 0.851086237164957)]"
746,"('chose', 'NOUN')",11,"[(6, 0.16568488875511583), (11, 0.7250878404645877)]"
747,"('chrétien', 'ADJ')",0,"[(0, 0.8090810547373669), (1, 0.10972485612177191)]"
748,"('chrétien', 'NOUN')",3,"[(3, 0.45983495853273226), (9, 0.23506879120879529), (11, 0.12865231841920236)]"
749,"('chute', 'NOUN')",6,"[(6, 0.7542182014200309), (11, 0.1798082380223501)]"
751,"('chômage', 'NOUN')",9,"[(3, 0.24675754951357148), (9, 0.4298853162668517)]"
753,"('cible', 'NOUN')",6,"[(6, 0.4515457036679113), (11, 0.4363769948310438)]"
757,"('cinquième', 'ADJ')",2,"[(1, 0.17497041833054755), (2, 0.24843854388807082), (6, 0.11225343680404995), (9, 0.10788457569819764)]"
758,"('cinéma', 'NOUN')",9,"[(3, 0.13266342918475815), (9, 0.7173644560764681)]"
760,"('circonscription', 'NOUN')",6,"[(6, 0.5051257217327519), (11, 0.35029533713418914)]"
761,"('circuit', 'NOUN')",9,"[(3, 0.25694430449332584), (9, 0.6457915887828848)]"
762,"('circulation', 'NOUN')",6,"[(6, 0.7427442119091684), (11, 0.15973915594486843)]"
764,"('citoyen', 'NOUN')",3,"[(3, 0.6731650058896496), (9, 0.16588956720676093)]"
765,"('cité', 'NOUN')",6,"[(6, 0.8071533575762359), (11, 0.14631509270506338)]"
767,"('civilisation', 'NOUN')",11,"[(6, 0.22554877001119514), (11, 0.660767559442832)]"
771,"('classe', 'NOUN')",6,"[(6, 0.7040488744877679), (11, 0.1967164450838557)]"
776,"('client', 'NOUN')",3,"[(3, 0.631153180373377), (9, 0.17243472598189694)]"
777,"('clientèle', 'NOUN')",6,"[(6, 0.5739986985942653), (11, 0.19971229467309895)]"
779,"('climatique', 'ADJ')",0,"[(0, 0.6797274145777241), (1, 0.10955300764271875)]"
781,"('clé', 'NOUN')",11,"[(6, 0.2954025024096108), (11, 0.42841450807789044)]"
783,"('coalition', 'NOUN')",6,"[(6, 0.5819572790577174), (11, 0.20879141441003368)]"
786,"('col', 'NOUN')",9,"[(3, 0.10320072216958033), (9, 0.7184248873814454)]"
787,"('collaboration', 'NOUN')",6,"[(6, 0.6164982230627705), (11, 0.18338502875030374)]"
789,"('collection', 'NOUN')",6,"[(6, 0.6544948631267332), (11, 0.27153781854096903)]"
790,"('colline', 'NOUN')",6,"[(6, 0.4976232079686421), (11, 0.3782277899261096)]"
792,"('colonel', 'NOUN')",9,"[(3, 0.14785580068821103), (9, 0.6605967069110815)]"
794,"('colonie', 'NOUN')",11,"[(6, 0.26303178709689584), (11, 0.6451249683333752)]"
795,"('colonne', 'NOUN')",6,"[(6, 0.6437899631356361), (11, 0.30808086940423507)]"
796,"('combat', 'NOUN')",9,"[(3, 0.24563689210511183), (9, 0.6936742638149171)]"
799,"('commandant', 'NOUN')",9,"[(3, 0.29335831307351307), (9, 0.6008005901840439)]"
800,"('commande', 'NOUN')",11,"[(6, 0.16247402282130097), (11, 0.6591044713985241)]"
805,"('comme', 'SCONJ')",7,"[(2, 0.16589480976497095), (7, 0.2656308656537657)]"
808,"('commentaire', 'NOUN')",3,"[(3, 0.5690518855753754), (9, 0.2712810158647275)]"
809,"('commerce', 'NOUN')",9,"[(3, 0.14866521647765849), (9, 0.7384975543964892)]"
813,"('commission', 'NOUN')",6,"[(6, 0.8022528692415786), (11, 0.11635909282376543)]"
816,"('communauté', 'NOUN')",6,"[(6, 0.7067660340957), (11, 0.21118145617953163)]"
817,"('commune', 'NOUN')",6,"[(6, 0.6129373537575251), (11, 0.2618474054540014)]"
818,"('communication', 'NOUN')",6,"[(6, 0.40896943890545245), (11, 0.2531575202535519)]"
819,"('communiqué', 'NOUN')",9,"[(3, 0.18319594949638868), (9, 0.5450641796856275)]"
820,"('communiste', 'ADJ')",0,"[(0, 0.7310621339736582), (1, 0.10732640383620749)]"
821,"('compagnie', 'NOUN')",6,"[(6, 0.7461576465204675), (11, 0.19804292365444465)]"
822,"('compagnon', 'NOUN')",3,"[(3, 0.544489673111934), (9, 0.18187148880801066)]"
824,"('compatriote', 'NOUN')",3,"[(3, 0.18953087371914817), (6, 0.1287173447615903), (9, 0.1617402292972998), (11, 0.1364484236241779)]"
825,"('complet', 'ADJ')",1,"[(0, 0.10363422308148919), (1, 0.7787082605387184)]"
829,"('comportement', 'NOUN')",9,"[(3, 0.10697134305387489), (9, 0.8330877897715465)]"
832,"('compositeur', 'NOUN')",3,"[(3, 0.41637285502266347), (9, 0.23183495787711245)]"
833,"('composition', 'NOUN')",6,"[(6, 0.6492151331672111), (11, 0.24615086542765857)]"
835,"('compte', 'NOUN')",3,"[(3, 0.47559122850959806), (9, 0.26880951018040283)]"
837,"('compétence', 'NOUN')",11,"[(6, 0.13897137114251443), (11, 0.7279699248947609)]"
838,"('compétent', 'ADJ')",1,"[(1, 0.5325980791797023), (10, 0.1044863315103598)]"
839,"('compétition', 'NOUN')",6,"[(6, 0.7684701261946292), (11, 0.2082288320748793)]"
840,"('comte', 'NOUN')",9,"[(3, 0.20832239440121675), (9, 0.5526732637260302)]"
842,"('comédie', 'NOUN')",6,"[(6, 0.617597651451428), (11, 0.24444423925074513)]"
844,"('concept', 'NOUN')",9,"[(3, 0.1405352220945736), (9, 0.7228977931660772)]"
845,"('conception', 'NOUN')",6,"[(6, 0.5919253077679594), (11, 0.2924361646014915)]"
848,"('concert', 'NOUN')",9,"[(3, 0.1627862489967517), (9, 0.7840780865254815)]"
850,"('concile', 'NOUN')",9,"[(3, 0.10408160445327959), (9, 0.7664096071927622)]"
853,"('concret', 'ADJ')",0,"[(0, 0.5688988219040629), (1, 0.17280870129163403)]"
854,"('concurrence', 'NOUN')",6,"[(6, 0.8397079788320112), (11, 0.10101215577366987)]"
859,"('confiance', 'NOUN')",6,"[(6, 0.3335747664756165), (11, 0.1898681647167591)]"
862,"('conflit', 'NOUN')",9,"[(3, 0.10201637117906584), (9, 0.8422010484304939)]"
865,"('congrégation', 'NOUN')",6,"[(6, 0.7204301120552307), (11, 0.1743520850988963)]"
866,"('connaissance', 'NOUN')",11,"[(6, 0.2875827588962582), (11, 0.5128980708981509)]"
868,"('connu', 'ADJ')",1,"[(1, 0.2248843307941843), (3, 0.15917652805000623), (11, 0.11196103552860995)]"
869,"('conquête', 'NOUN')",6,"[(6, 0.6294345526218827), (11, 0.3005892919346847)]"
871,"('conscience', 'NOUN')",6,"[(6, 0.4280314080522085), (11, 0.22520004228511276)]"
873,"('conseiller', 'NOUN')",3,"[(3, 0.29923751332593446), (9, 0.2254656842100088), (10, 0.1278680108823167)]"
875,"('conservateur', 'ADJ')",0,"[(0, 0.5677580583044674), (1, 0.16178451880582811)]"
877,"('considérable', 'ADJ')",0,"[(0, 0.45833117385282013), (1, 0.3721545402731415)]"
880,"('consommateur', 'NOUN')",3,"[(3, 0.36191578218568227), (9, 0.33781217963861065), (11, 0.13043343065201504)]"
881,"('consommation', 'NOUN')",6,"[(6, 0.8040658657494916), (11, 0.11446566044874062)]"
885,"('constitution', 'NOUN')",6,"[(6, 0.8351831691914265), (11, 0.10693264864883324)]"
890,"('conséquence', 'NOUN')",11,"[(6, 0.19279138938622642), (11, 0.6816435096675446)]"
891,"('contact', 'NOUN')",9,"[(3, 0.36248589952285276), (9, 0.5337972261551666)]"
894,"('contenu', 'NOUN')",9,"[(3, 0.17265282340429958), (9, 0.635468477928387)]"
896,"('contexte', 'NOUN')",9,"[(3, 0.15302652519321622), (9, 0.6288634975257534)]"
897,"('continent', 'NOUN')",9,"[(3, 0.1719097054744346), (9, 0.5673437761057964)]"
900,"('contrainte', 'NOUN')",11,"[(6, 0.18035972749739376), (11, 0.7580750346427901)]"
901,"('contrairement', 'ADV')",10,"[(7, 0.1561540900732886), (10, 0.15800586058088237)]"
902,"('contrat', 'NOUN')",9,"[(3, 0.18529660288366262), (9, 0.7206411560732692)]"
905,"('contribution', 'NOUN')",11,"[(6, 0.1694630620630208), (11, 0.6437159777572369)]"
906,"('contrôle', 'NOUN')",9,"[(3, 0.12388698344982899), (9, 0.7630371001158107)]"
910,"('convention', 'NOUN')",6,"[(6, 0.7660253081741241), (11, 0.1904936306191004)]"
911,"('conversion', 'NOUN')",6,"[(6, 0.8198525881101886), (11, 0.10345972559343102)]"
917,"('correct', 'ADJ')",1,"[(1, 0.3344324051939553), (10, 0.24429630442418604)]"
919,"('costume', 'NOUN')",3,"[(3, 0.601174150742472), (9, 0.3349669825892643)]"
920,"('cou', 'NOUN')",9,"[(3, 0.11841343686438423), (9, 0.6674185531575562)]"
921,"('couche', 'NOUN')",11,"[(6, 0.35103168766462495), (11, 0.5121369940838281)]"
923,"('coup', 'NOUN')",9,"[(3, 0.1694505257712153), (9, 0.7273849383830022)]"
924,"('coupe', 'NOUN')",6,"[(6, 0.8271474800745088), (11, 0.11077226614581077)]"
926,"('couple', 'NOUN')",9,"[(3, 0.3241686962303862), (9, 0.5244166233289553)]"
929,"('courant', 'NOUN')",9,"[(3, 0.1496320982652262), (9, 0.75778410340148)]"
930,"('coureur', 'NOUN')",9,"[(3, 0.21813785270274183), (9, 0.284738118976464), (10, 0.10368119230856332), (11, 0.10905738231546591)]"
933,"('cours', 'NOUN')",9,"[(3, 0.1407579931135137), (9, 0.710571883401174)]"
935,"('court', 'ADJ')",1,"[(1, 0.4641062662795916), (2, 0.19918955263486218)]"
936,"('couvent', 'NOUN')",9,"[(3, 0.12330448532736692), (9, 0.7305558038903336)]"
937,"('couverture', 'NOUN')",6,"[(6, 0.48342715412478277), (11, 0.31080811602287756)]"
940,"('coûteux', 'ADJ')",10,"[(1, 0.18080594404451494), (3, 0.10556331823852806), (10, 0.34052707876884086)]"
942,"('crime', 'NOUN')",9,"[(3, 0.17923879350336713), (9, 0.7274830315589494)]"
943,"('crise', 'NOUN')",6,"[(6, 0.8406593860426879), (11, 0.10824610051532806)]"
947,"('critère', 'NOUN')",3,"[(3, 0.4569786962523632), (9, 0.2544461342798892), (11, 0.1398560388946636)]"
949,"('croissance', 'NOUN')",6,"[(6, 0.776757443271896), (11, 0.14539785470187788)]"
951,"('créateur', 'NOUN')",3,"[(3, 0.4538639124532844), (9, 0.3279856839179086)]"
952,"('création', 'NOUN')",6,"[(6, 0.7187007766972038), (11, 0.19049154107331215)]"
953,"('crédit', 'NOUN')",3,"[(3, 0.6561670486216274), (9, 0.2086024356873408)]"
955,"('cuisine', 'NOUN')",6,"[(6, 0.6794959604935945), (11, 0.17312602326968562)]"
956,"('culte', 'NOUN')",9,"[(3, 0.21153633882252418), (9, 0.6603822591817934)]"
958,"('culture', 'NOUN')",6,"[(6, 0.7056961649587137), (11, 0.21792023385682924)]"
959,"('culturel', 'ADJ')",0,"[(0, 0.796566062848813), (1, 0.1159827095543796)]"
961,"('cyclisme', 'NOUN')",9,"[(3, 0.22760521904354822), (6, 0.11071783591584503), (9, 0.3256864179095012)]"
962,"('cycliste', 'ADJ')",0,"[(0, 0.39735052501115437), (1, 0.15028220456231556)]"
963,"('cyrillique', 'ADJ')",0,"[(0, 0.3991221563248148), (1, 0.13183035664676995)]"
965,"('célèbre', 'ADJ')",1,"[(1, 0.4593123512783995), (2, 0.17055202722600424)]"
967,"('cérémonie', 'NOUN')",6,"[(6, 0.684642137637483), (11, 0.20545386278566885)]"
968,"('côte', 'NOUN')",6,"[(6, 0.6655262380509706), (11, 0.2304564682291098)]"
970,"('côté', 'NOUN')",9,"[(3, 0.2218615017232234), (9, 0.609113347172741)]"
972,"('dame', 'NOUN')",6,"[(6, 0.6735842324172258), (11, 0.22799719653225198)]"
973,"('danger', 'NOUN')",9,"[(3, 0.1618572581908297), (9, 0.7424033359562037)]"
974,"('dangereux', 'ADJ')",1,"[(0, 0.13253887703772307), (1, 0.5891222730433868)]"
976,"('danse', 'NOUN')",6,"[(6, 0.5434036533588169), (11, 0.26901637411227375)]"
977,"('date', 'NOUN')",6,"[(6, 0.49965897242281926), (11, 0.38830419492345003)]"
981,"('degré', 'NOUN')",9,"[(3, 0.3823246153117998), (9, 0.4587235162817998)]"
982,"('demande', 'NOUN')",6,"[(6, 0.7677637508620866), (11, 0.17315664015176666)]"
985,"('demi-finale', 'NOUN')",11,"[(6, 0.221950042751462), (11, 0.5353281409572327)]"
986,"('depuis', 'ADP')",2,"[(2, 0.40034669214908875), (7, 0.10242310277035796)]"
988,"('dernier', 'ADJ')",2,"[(1, 0.17573320204321177), (2, 0.22316139259147336), (3, 0.12756120834887144), (9, 0.1304915930905353)]"
989,"('derrière', 'ADP')",2,"[(2, 0.4072292788962533), (7, 0.129271244260362)]"
991,"('dessert', 'NOUN')",9,"[(3, 0.2091256179364885), (9, 0.6190868305452689)]"
993,"('dessin', 'NOUN')",3,"[(3, 0.8019916680430924), (9, 0.14043102540593264)]"
995,"('destination', 'NOUN')",6,"[(3, 0.11998816223994392), (6, 0.30112387113496086), (11, 0.28725042909131443)]"
996,"('destiner', 'VERB')",10,"[(1, 0.15111894258142336), (10, 0.37038046798840274)]"
997,"('dette', 'NOUN')",11,"[(6, 0.4313752655863928), (11, 0.44718045287195723)]"
999,"('deuxième', 'ADJ')",2,"[(1, 0.10366610505343508), (2, 0.5085789048503755)]"
1002,"('devise', 'NOUN')",6,"[(6, 0.5453867974136677), (11, 0.22535674234614783)]"
1005,"('dialogue', 'NOUN')",9,"[(3, 0.10513050247230402), (9, 0.7631146050678208)]"
1006,"('diamètre', 'NOUN')",9,"[(3, 0.11815338574039515), (9, 0.7716225279211157)]"
1007,"('dieu', 'NOUN')",9,"[(3, 0.3392945439543089), (9, 0.4292743818374152)]"
1008,"('difficile', 'ADJ')",1,"[(1, 0.3749741313227271), (10, 0.232860845191923)]"
1009,"('difficulté', 'NOUN')",11,"[(6, 0.11645352411266296), (11, 0.7780737349580915)]"
1011,"('diffusion', 'NOUN')",6,"[(6, 0.6179692383980774), (11, 0.1993495216112834)]"
1012,"('différence', 'NOUN')",6,"[(6, 0.47678634144574356), (11, 0.37576400497636725)]"
1013,"('différent', 'ADJ')",1,"[(0, 0.1091907500212745), (1, 0.3592659123669129)]"
1015,"('dignité', 'NOUN')",6,"[(6, 0.6803932701434557), (11, 0.17881328613572864)]"
1016,"('dimanche', 'NOUN')",9,"[(3, 0.2992512495256907), (9, 0.40381633171839343)]"
1018,"('diocèse', 'NOUN')",9,"[(3, 0.11786785252317034), (9, 0.6867649608806686)]"
1019,"('diplomatique', 'ADJ')",0,"[(0, 0.6172975273800042), (1, 0.1458706752735841)]"
1020,"('diplôme', 'NOUN')",9,"[(3, 0.14694604412707465), (9, 0.6891624942286779)]"
1024,"('directeur', 'NOUN')",9,"[(3, 0.24596241663603954), (9, 0.3710246249159428)]"
1026,"('dirigeant', 'NOUN')",3,"[(3, 0.5967890044125435), (9, 0.20023164052167186), (11, 0.10739944555196544)]"
1028,"('discipline', 'NOUN')",11,"[(6, 0.3243930341634256), (11, 0.5907859204988504)]"
1029,"('discours', 'NOUN')",9,"[(3, 0.20602516401852394), (9, 0.6604402610047194)]"
1030,"('discussion', 'NOUN')",11,"[(6, 0.23884165655447223), (11, 0.7177974910882763)]"
1033,"('disparition', 'NOUN')",6,"[(6, 0.7785307193789932), (11, 0.11704096625959223)]"
1034,"('disponible', 'ADJ')",10,"[(1, 0.15875449167021766), (10, 0.4297218383379212)]"
1036,"('dispositif', 'NOUN')",9,"[(3, 0.2044716572140128), (9, 0.5918726529096813)]"
1037,"('disposition', 'NOUN')",11,"[(6, 0.3986091225408252), (11, 0.47767575988800615)]"
1039,"('disque', 'NOUN')",9,"[(3, 0.27498566224990323), (9, 0.6578725778381689)]"
1040,"('distance', 'NOUN')",6,"[(6, 0.787164931035841), (11, 0.16398046798275512)]"
1043,"('distribution', 'NOUN')",6,"[(6, 0.8477520222916699), (11, 0.11059282651072046)]"
1044,"('district', 'NOUN')",9,"[(3, 0.17066414760862383), (9, 0.7326795611371274)]"
1045,"('divers', 'ADJ')",1,"[(1, 0.20263667786234926), (2, 0.10289006523357015), (4, 0.13336300796237557)]"
1048,"('division', 'NOUN')",6,"[(6, 0.7445872504463784), (11, 0.17461674991171416)]"
1050,"('dizaine', 'NOUN')",11,"[(3, 0.11262663940152444), (6, 0.27994552130174694), (11, 0.342603979187743)]"
1051,"('docteur', 'NOUN')",9,"[(3, 0.11749812283388855), (9, 0.6518070065804306)]"
1052,"('doctorat', 'NOUN')",9,"[(3, 0.18158558062790978), (9, 0.5785974409050083)]"
1053,"('document', 'NOUN')",3,"[(3, 0.5335715414882447), (9, 0.17619663558126789), (11, 0.11932042345525083)]"
1054,"('documentaire', 'NOUN')",9,"[(3, 0.22914150203935127), (9, 0.6630602698357859)]"
1055,"('dollar', 'NOUN')",5,"[(3, 0.18255033882643892), (5, 0.22692456739813263), (12, 0.17242988909099294)]"
1057,"('domestique', 'ADJ')",0,"[(0, 0.4905733841755693), (1, 0.16110696766654753)]"
1058,"('domicile', 'NOUN')",3,"[(3, 0.30617043164056823), (5, 0.12797184033035577), (9, 0.1956954273230409)]"
1059,"('dominant', 'ADJ')",0,"[(0, 0.5689182227702836), (1, 0.18661580187890245)]"
1060,"('domination', 'NOUN')",6,"[(6, 0.5109017052856174), (11, 0.22435920716221822)]"
1062,"('don', 'NOUN')",9,"[(3, 0.3716674041388132), (9, 0.3866343439588187)]"
1064,"('donc', 'CCONJ')",2,"[(2, 0.2394108629187899), (7, 0.16422304161311127)]"
1067,"('dont', 'PRON')",2,"[(2, 0.23846678969790167), (7, 0.13032865680195002)]"
1070,"('double', 'ADJ')",2,"[(1, 0.1459507402479795), (2, 0.47970340032484826)]"
1072,"('doute', 'NOUN')",9,"[(3, 0.2285115624844754), (9, 0.5135780266283668)]"
1073,"('doux', 'ADJ')",0,"[(0, 0.49241745539779225), (1, 0.38628818726944464)]"
1075,"('dramatique', 'ADJ')",0,"[(0, 0.611714825030195), (1, 0.2601788920196921)]"
1078,"('drogue', 'NOUN')",6,"[(5, 0.18580348105762434), (6, 0.2816361043637839), (11, 0.19114817911380694)]"
1080,"('droit', 'NOUN')",9,"[(3, 0.3604359642216487), (9, 0.5113553636210848)]"
1081,"('droite', 'NOUN')",6,"[(6, 0.5911202914695081), (11, 0.16955404784163944)]"
1083,"('duc', 'NOUN')",9,"[(3, 0.13314733725907357), (9, 0.6943722960134736)]"
1086,"('durable', 'ADJ')",0,"[(0, 0.7149672383949809), (1, 0.12373322285378766)]"
1089,"('durée', 'NOUN')",6,"[(6, 0.6952713141295518), (11, 0.20745725487088468)]"
1090,"('dynastie', 'NOUN')",6,"[(6, 0.7177716674819464), (11, 0.16995961718609104)]"
1091,"('dès', 'ADP')",2,"[(2, 0.4482518585383358), (7, 0.11732778084459629)]"
1092,"('débat', 'NOUN')",9,"[(3, 0.1662527581656028), (9, 0.735997424449937)]"
1093,"('débit', 'NOUN')",9,"[(3, 0.12268282460639314), (9, 0.696825467454198)]"
1094,"('début', 'NOUN')",9,"[(3, 0.12332197603843134), (9, 0.7290159219522778)]"
1096,"('décembre', 'NOUN')",3,"[(3, 0.16145836471015176), (9, 0.10261196598885831)]"
1099,"('décision', 'NOUN')",6,"[(6, 0.7275887947338886), (11, 0.18332359936290038)]"
1100,"('déclaration', 'NOUN')",6,"[(6, 0.6135171509629933), (11, 0.3023285422006361)]"
1102,"('décor', 'NOUN')",9,"[(3, 0.2885892382859319), (9, 0.536644289188229)]"
1103,"('décoration', 'NOUN')",6,"[(6, 0.68163815433639), (11, 0.2417391890437022)]"
1105,"('découverte', 'NOUN')",6,"[(6, 0.7039639283465186), (11, 0.19489455327255295)]"
1107,"('décret', 'NOUN')",9,"[(3, 0.1540480017480136), (9, 0.6894874429719728)]"
1110,"('décès', 'NOUN')",3,"[(3, 0.632828833591107), (9, 0.232573906432282)]"
1111,"('décéder', 'VERB')",10,"[(3, 0.10582953011043748), (10, 0.3565490980271733)]"
1113,"('défaite', 'NOUN')",11,"[(6, 0.3826832678523799), (11, 0.4637389961066666)]"
1116,"('défenseur', 'NOUN')",3,"[(3, 0.7192142036920017), (9, 0.15132568104328983)]"
1117,"('déficit', 'NOUN')",9,"[(3, 0.11182296570545462), (9, 0.762592365221922)]"
1119,"('définitif', 'ADJ')",0,"[(0, 0.7479588036125342), (1, 0.1143441441529743)]"
1120,"('définition', 'NOUN')",6,"[(6, 0.7699130438622627), (11, 0.13249622300513442)]"
1124,"('délai', 'NOUN')",3,"[(3, 0.6366485726877964), (9, 0.1999083772456734)]"
1125,"('délicieux', 'ADJ')",1,"[(1, 0.3500474891697794), (10, 0.16251956259709588)]"
1127,"('démarche', 'NOUN')",6,"[(6, 0.4827331334330484), (11, 0.4025863210661898)]"
1129,"('démocratie', 'NOUN')",6,"[(6, 0.6320063907951187), (11, 0.1841416015022559)]"
1130,"('démocratique', 'ADJ')",0,"[(0, 0.5411309304016212), (1, 0.16078310005448235)]"
1132,"('dénommer', 'VERB')",10,"[(1, 0.11018762349435772), (3, 0.1021816987103254), (10, 0.3855226579421811)]"
1134,"('départ', 'NOUN')",9,"[(3, 0.14729548889010255), (9, 0.7487556324369437)]"
1135,"('département', 'NOUN')",9,"[(3, 0.12544055013294292), (9, 0.6535305283958432)]"
1139,"('déplacement', 'NOUN')",3,"[(3, 0.4578188996828254), (9, 0.4321135914220396)]"
1142,"('député', 'NOUN')",3,"[(3, 0.5352524178438631), (9, 0.3635002923150925)]"
1147,"('désir', 'NOUN')",9,"[(3, 0.15296750387489966), (9, 0.5832988773791717)]"
1148,"('désirer', 'VERB')",10,"[(3, 0.10124479056600927), (10, 0.38872764754442535)]"
1150,"('détail', 'NOUN')",3,"[(3, 0.509837984870924), (9, 0.2090422405499799), (11, 0.12424058703379448)]"
1156,"('eau', 'NOUN')",6,"[(6, 0.4701672517438631), (11, 0.39444967315818413)]"
1158,"('effet', 'NOUN')",3,"[(3, 0.5189535868562739), (9, 0.31436133084317414)]"
1160,"('efficacité', 'NOUN')",6,"[(6, 0.43530624840351395), (9, 0.11123838026807366), (11, 0.23021309601469883)]"
1161,"('effort', 'NOUN')",3,"[(3, 0.578688186898108), (9, 0.24200788326040262)]"
1164,"('empereur', 'NOUN')",9,"[(3, 0.14093263284930402), (6, 0.13015036597608176), (9, 0.5186898983593393)]"
1165,"('empire', 'NOUN')",9,"[(3, 0.11472090670638989), (9, 0.6901656407318936)]"
1166,"('emplacement', 'NOUN')",9,"[(3, 0.17931255052828307), (9, 0.6843080606699348)]"
1167,"('emploi', 'NOUN')",3,"[(3, 0.7160230120860387), (9, 0.1958985605540634)]"
1169,"('employé', 'NOUN')",3,"[(3, 0.4829346949726026), (9, 0.16526511616334358), (11, 0.1653852706091967)]"
1176,"('enceinte', 'NOUN')",6,"[(6, 0.828062851287921), (11, 0.11964877697026674)]"
1179,"('endroit', 'NOUN')",9,"[(3, 0.24282644009838986), (9, 0.5796839477977052)]"
1180,"('endémique', 'ADJ')",10,"[(1, 0.13098992295296952), (10, 0.2980777033435792)]"
1181,"('enfance', 'NOUN')",6,"[(6, 0.4771466885819002), (9, 0.11218665874302516), (11, 0.19755048598184155)]"
1182,"('enfant', 'NOUN')",3,"[(3, 0.4543169422733408), (9, 0.10089456521218954), (11, 0.25672164438202766)]"
1185,"('engagement', 'NOUN')",3,"[(3, 0.4347051061219756), (9, 0.2925326855431861)]"
1190,"('ennemi', 'NOUN')",9,"[(3, 0.31193438365742926), (6, 0.10707131530987458), (9, 0.3323534746303086), (11, 0.14632331410765634)]"
1191,"('enquête', 'NOUN')",6,"[(6, 0.7435628604038994), (11, 0.18536401515113046)]"
1192,"('enregistrement', 'NOUN')",9,"[(3, 0.32348603218869776), (9, 0.5955301730568224)]"
1195,"('enseignant', 'NOUN')",3,"[(3, 0.6387850222828267), (9, 0.14661845804599957)]"
1196,"('enseignement', 'NOUN')",9,"[(3, 0.31537003207695863), (9, 0.5184753425063446)]"
1204,"('entier', 'ADJ')",0,"[(0, 0.7950452438721755), (1, 0.11746922541074917)]"
1207,"('entraînement', 'NOUN')",5,"[(3, 0.14069694226949597), (5, 0.39876867341920247), (9, 0.1015338170750327)]"
1209,"('entraîneur', 'NOUN')",3,"[(3, 0.43405416298697735), (9, 0.280908030948455)]"
1212,"('entreprise', 'NOUN')",11,"[(6, 0.3263088734849011), (11, 0.6276874865746113)]"
1215,"('entretien', 'NOUN')",9,"[(3, 0.38322191089875823), (9, 0.4278641190483779)]"
1216,"('entrée', 'NOUN')",6,"[(6, 0.682910191983287), (11, 0.19709583787315535)]"
1218,"('environ', 'ADV')",7,"[(4, 0.11894443495644717), (7, 0.15229039079175957)]"
1219,"('environnement', 'NOUN')",9,"[(3, 0.15615723153602676), (9, 0.671250538869912)]"
1223,"('erreur', 'NOUN')",11,"[(6, 0.2932991804629794), (11, 0.5894834906223134)]"
1225,"('espace', 'NOUN')",9,"[(3, 0.10759917375097072), (9, 0.7919149581734274)]"
1227,"('espagnol', 'NOUN')",3,"[(3, 0.4649444914712374), (9, 0.20006169032574062)]"
1228,"('espoir', 'NOUN')",3,"[(3, 0.4287511186766778), (9, 0.37166455498890966)]"
1229,"('esprit', 'NOUN')",9,"[(3, 0.11368454854524558), (9, 0.7909739885700535)]"
1230,"('espèce', 'NOUN')",11,"[(6, 0.3302452778226533), (11, 0.40535152089915266)]"
1235,"('essentiel', 'NOUN')",9,"[(3, 0.13592136529687684), (6, 0.13879343437427327), (9, 0.5100333773867455)]"
1237,"('est', 'NOUN')",9,"[(3, 0.15506693141721498), (6, 0.12889496958980046), (9, 0.5071473715895471)]"
1239,"('et', 'CCONJ')",2,"[(2, 0.2777623562643552), (7, 0.1782007244116805)]"
1240,"('etc.', 'X')",1,"[(1, 0.1023988196406669), (8, 0.10210178448179119)]"
1241,"('ethnique', 'ADJ')",0,"[(0, 0.6897122636219446), (1, 0.14185596510123238)]"
1242,"('euro', 'NOUN')",3,"[(3, 0.2261792180645091), (5, 0.1607336719391607), (12, 0.15646887298006482)]"
1244,"('eux', 'PRON')",7,"[(3, 0.1228379274684651), (7, 0.16078517942238169)]"
1246,"('examen', 'NOUN')",9,"[(3, 0.21780920506431398), (9, 0.6341104736193731)]"
1247,"('excellent', 'ADJ')",1,"[(1, 0.4228044256622454), (2, 0.19170454489862832)]"
1248,"('exception', 'NOUN')",6,"[(6, 0.5641919489431074), (9, 0.10074501727966019), (11, 0.21363233721638508)]"
1249,"('exceptionnel', 'ADJ')",0,"[(0, 0.6339235571665013), (1, 0.25021538115520203)]"
1251,"('exemplaire', 'NOUN')",3,"[(3, 0.5298913101691739), (9, 0.11639965760612737)]"
1252,"('exemple', 'NOUN')",9,"[(3, 0.1969557538522521), (9, 0.6864455835829066)]"
1254,"('exercice', 'NOUN')",9,"[(3, 0.1297131560637606), (9, 0.7904227340214935)]"
1257,"('existence', 'NOUN')",6,"[(6, 0.6747309168452748), (11, 0.17869774610073041)]"
1259,"('expert', 'NOUN')",3,"[(3, 0.42677332196411955), (9, 0.3229902380737763), (11, 0.10188371909446)]"
1261,"('exploitation', 'NOUN')",6,"[(6, 0.6685504918512629), (11, 0.1946514185538203)]"
1263,"('exploration', 'NOUN')",6,"[(6, 0.5654283261959131), (11, 0.2541565445341989)]"
1265,"('exportation', 'NOUN')",11,"[(6, 0.2609099233807484), (11, 0.4812006160202437)]"
1267,"('exposition', 'NOUN')",6,"[(6, 0.6071888672243126), (11, 0.32049194944513026)]"
1268,"('expression', 'NOUN')",6,"[(6, 0.7876512351916461), (11, 0.1458483782384995)]"
1271,"('expédition', 'NOUN')",11,"[(6, 0.3874507320989212), (11, 0.5335392101150676)]"
1272,"('expérience', 'NOUN')",6,"[(6, 0.57338988618935), (11, 0.36527660501287373)]"
1273,"('expérimental', 'ADJ')",0,"[(0, 0.4674697135038116), (1, 0.39095737610863046)]"
1274,"('extension', 'NOUN')",6,"[(6, 0.6590006130326745), (11, 0.2521181194675212)]"
1275,"('extraire', 'VERB')",10,"[(1, 0.1712236480239916), (3, 0.1022498568282097), (10, 0.26691997534557405)]"
1276,"('extrémité', 'NOUN')",11,"[(6, 0.3650311795789056), (11, 0.4334496263770841)]"
1277,"('extrême', 'ADJ')",2,"[(0, 0.14326019738248622), (1, 0.1764962339288057), (2, 0.3069892513913431)]"
1278,"('extrêmement', 'ADV')",7,"[(2, 0.12497314953818028), (7, 0.34857642087044344)]"
1280,"('extérieur', 'NOUN')",9,"[(3, 0.15556124254281378), (6, 0.11222943145728664), (9, 0.5803846488917768)]"
1282,"('exécution', 'NOUN')",6,"[(6, 0.5432522271625044), (9, 0.10509967839815806), (11, 0.18200875511856052)]"
1283,"('fabricant', 'NOUN')",9,"[(3, 0.12034532053628835), (9, 0.7848878592634863)]"
1284,"('fabrication', 'NOUN')",6,"[(6, 0.5916135120452404), (11, 0.18188072335511132)]"
1286,"('face', 'NOUN')",6,"[(6, 0.36683413417180366), (11, 0.23522395603742688)]"
1287,"('facile', 'ADJ')",1,"[(1, 0.26692955078444774), (10, 0.24626117455251667)]"
1290,"('facteur', 'NOUN')",9,"[(3, 0.2880716232432368), (9, 0.5396560058222662)]"
1291,"('faculté', 'NOUN')",6,"[(6, 0.5953935382574489), (11, 0.34787104400247254)]"
1293,"('faire', 'AUX')",7,"[(7, 0.13745569433177282), (10, 0.13270657137451436)]"
1295,"('fait', 'NOUN')",9,"[(3, 0.15208701861058727), (9, 0.636743664286273)]"
1299,"('famille', 'NOUN')",6,"[(6, 0.7853418515338011), (11, 0.1519316864065895)]"
1300,"('faux', 'ADJ')",2,"[(1, 0.1874831017206892), (2, 0.3663622177626282)]"
1301,"('faveur', 'NOUN')",6,"[(3, 0.11184059789854973), (5, 0.10630106739547848), (6, 0.2712170182522061), (9, 0.10048724484658915), (11, 0.17527794631102292)]"
1304,"('façade', 'NOUN')",6,"[(6, 0.668825525008448), (11, 0.20363605191881157)]"
1305,"('façon', 'NOUN')",6,"[(6, 0.4133573166704057), (11, 0.24838759911911404)]"
1306,"('femme', 'NOUN')",11,"[(6, 0.25466605697943373), (11, 0.7031962444050551)]"
1307,"('fenêtre', 'NOUN')",11,"[(6, 0.19446924239698168), (11, 0.7321654631041409)]"
1308,"('fer', 'NOUN')",5,"[(3, 0.10324820032594037), (5, 0.4343135064620354)]"
1309,"('ferme', 'NOUN')",6,"[(6, 0.76149579719355), (11, 0.1678110961608786)]"
1313,"('feu', 'NOUN')",9,"[(3, 0.1203169476381274), (9, 0.7878168647438638)]"
1314,"('feuille', 'NOUN')",11,"[(6, 0.11010088515900389), (11, 0.8561975667219075)]"
1315,"('fiction', 'NOUN')",6,"[(5, 0.12109830011530502), (6, 0.35783063159884104), (11, 0.16457236544820686)]"
1316,"('fidèle', 'ADJ')",1,"[(1, 0.2936568275291508), (3, 0.14171101649037035), (10, 0.12486300875412833)]"
1318,"('fil', 'NOUN')",9,"[(3, 0.2166381917126333), (9, 0.521966112337991)]"
1319,"('filiale', 'NOUN')",11,"[(6, 0.35310913927422194), (11, 0.44295716778439526)]"
1320,"('fille', 'NOUN')",6,"[(6, 0.538546690216353), (11, 0.3396321116788683)]"
1321,"('film', 'NOUN')",9,"[(3, 0.10641994620863568), (9, 0.8289678241655151)]"
1322,"('fils', 'NOUN')",9,"[(3, 0.2684478965086272), (9, 0.4216920450621995)]"
1323,"('fin', 'NOUN')",6,"[(6, 0.6378602786904722), (11, 0.1842408706073082)]"
1325,"('finale', 'NOUN')",6,"[(6, 0.6859302338590184), (11, 0.15647816708106768)]"
1327,"('finance', 'NOUN')",11,"[(3, 0.1312963061992688), (6, 0.1584450976282051), (9, 0.10580929690294358), (11, 0.3191107518285023)]"
1332,"('fleur', 'NOUN')",11,"[(6, 0.16968290174158762), (11, 0.6270422934408144)]"
1334,"('flotte', 'NOUN')",6,"[(6, 0.6636523505565871), (11, 0.18119539006659968)]"
1335,"('flux', 'NOUN')",9,"[(3, 0.35806095662511955), (9, 0.41463676733095134)]"
1336,"('foi', 'NOUN')",6,"[(6, 0.7852837854488682), (11, 0.12402999109289901)]"
1337,"('fois', 'NOUN')",6,"[(6, 0.3680634293732622), (11, 0.31727253026868335)]"
1338,"('fonction', 'NOUN')",11,"[(6, 0.285683873480068), (11, 0.6588069770619706)]"
1339,"('fonctionnaire', 'NOUN')",3,"[(3, 0.4843402853620506), (9, 0.19066133809869865), (11, 0.10835080244457157)]"
1340,"('fonctionnement', 'NOUN')",9,"[(3, 0.28647439824879034), (9, 0.46319838574195027)]"
1342,"('fond', 'NOUN')",9,"[(3, 0.2003636835380465), (9, 0.6755111355467132)]"
1343,"('fondateur', 'NOUN')",9,"[(3, 0.21188712910135532), (6, 0.10043213597689275), (9, 0.3923746540272408)]"
1346,"('fonds', 'NOUN')",9,"[(3, 0.3118836286426733), (9, 0.4900949896109172)]"
1347,"('football', 'NOUN')",5,"[(3, 0.10000110030286623), (5, 0.45194001946463047)]"
1348,"('footballeur', 'NOUN')",9,"[(3, 0.15187409309390226), (6, 0.10432567055303042), (9, 0.19571961181314973), (10, 0.14507821203124954), (11, 0.10091766988657455)]"
1351,"('format', 'NOUN')",3,"[(3, 0.43341460484625244), (9, 0.38524714975232033)]"
1353,"('forme', 'NOUN')",6,"[(6, 0.6674748606748112), (11, 0.2524707429890509)]"
1355,"('fort', 'ADJ')",1,"[(1, 0.43425734430608215), (2, 0.17995297655614034)]"
1357,"('fort', 'NOUN')",9,"[(3, 0.13492007769466943), (9, 0.643937352826257)]"
1360,"('forêt', 'NOUN')",6,"[(6, 0.7101492417828545), (11, 0.2603880543207775)]"
1361,"('fosse', 'NOUN')",11,"[(6, 0.39746543438815074), (11, 0.49461117082928313)]"
1363,"('frais', 'ADJ')",1,"[(1, 0.3789378420226615), (10, 0.17666307738566725)]"
1364,"('franc', 'NOUN')",3,"[(3, 0.23131629383458205), (5, 0.1796603082177847), (12, 0.1295757776556772)]"
1366,"('franchise', 'NOUN')",6,"[(6, 0.4781623699661071), (11, 0.32080934786079585)]"
1369,"('français', 'NOUN')",3,"[(3, 0.5440623497376327), (9, 0.3249807662125137)]"
1372,"('fromage', 'NOUN')",3,"[(3, 0.4935006347567077), (9, 0.2917557019965153)]"
1374,"('frontière', 'NOUN')",11,"[(6, 0.4306087076992223), (11, 0.5204582472434834)]"
1375,"('fruit', 'NOUN')",3,"[(3, 0.47187183516861525), (9, 0.3086767601568805)]"
1376,"('frère', 'NOUN')",3,"[(3, 0.37788742203143777), (9, 0.3411046739751158)]"
1377,"('fréquence', 'NOUN')",11,"[(6, 0.27221387925381374), (11, 0.660797874659349)]"
1380,"('fuite', 'NOUN')",6,"[(6, 0.7675467008351563), (11, 0.13507812357168328)]"
1381,"('fuselage', 'NOUN')",9,"[(3, 0.11639425336179167), (9, 0.7104980929143219)]"
1382,"('fusion', 'NOUN')",6,"[(6, 0.7172397728212327), (11, 0.16029194573523117)]"
1385,"('fédération', 'NOUN')",6,"[(6, 0.7831855014194485), (11, 0.14974849498692758)]"
1387,"('février', 'NOUN')",3,"[(3, 0.15638265306086868), (9, 0.10174673222973368)]"
1388,"('fête', 'NOUN')",6,"[(6, 0.7861495334848757), (11, 0.18346132003705717)]"
1390,"('galerie', 'NOUN')",6,"[(6, 0.7485495809736965), (11, 0.15270718072762238)]"
1391,"('garantie', 'NOUN')",11,"[(6, 0.41562373027022925), (11, 0.4167709694903303)]"
1395,"('gardien', 'NOUN')",9,"[(3, 0.2509453762377169), (9, 0.6076386566023915)]"
1396,"('gare', 'NOUN')",6,"[(6, 0.7864043288033621), (11, 0.14294165225061292)]"
1397,"('garçon', 'NOUN')",3,"[(3, 0.513531738220308), (9, 0.3133774783561981)]"
1399,"('gauche', 'NOUN')",6,"[(5, 0.19543572122012787), (6, 0.28924181920356934), (11, 0.15934364483064895)]"
1400,"('gaz', 'NOUN')",9,"[(3, 0.3392171219260273), (9, 0.4495135018171334)]"
1401,"('genre', 'NOUN')",9,"[(3, 0.11306753073547042), (9, 0.7838548657616753)]"
1402,"('gens', 'NOUN')",11,"[(3, 0.2608707050338832), (9, 0.13202093940158652), (11, 0.3613707321769671)]"
1403,"('geste', 'NOUN')",9,"[(3, 0.23180470690171348), (9, 0.6616481487092692)]"
1405,"('glace', 'NOUN')",5,"[(5, 0.3572102869223862), (6, 0.1509830138486058), (11, 0.11333748560676167)]"
1409,"('gouverneur', 'NOUN')",9,"[(3, 0.20428864561240415), (9, 0.5939908130376922)]"
1410,"('goût', 'NOUN')",3,"[(3, 0.5675848514166872), (9, 0.29866930842288014)]"
1411,"('grade', 'NOUN')",9,"[(3, 0.1592933395000408), (9, 0.7111872087961777)]"
1414,"('gratuit', 'ADJ')",1,"[(0, 0.19532090295643048), (1, 0.5657439359781544)]"
1416,"('gravure', 'NOUN')",11,"[(6, 0.23700362720550414), (11, 0.5415053672153244)]"
1418,"('grec', 'NOUN')",9,"[(3, 0.3668900110814715), (9, 0.4041674811345063)]"
1419,"('gros', 'ADJ')",2,"[(1, 0.13159312116673322), (2, 0.43865443342151106)]"
1421,"('grève', 'NOUN')",6,"[(6, 0.8032158691742832), (11, 0.11960759266744579)]"
1422,"('guerre', 'NOUN')",6,"[(6, 0.839374912670605), (11, 0.1034052864723238)]"
1423,"('guide', 'NOUN')",9,"[(3, 0.15930654120889282), (9, 0.7147125504156719)]"
1424,"('guitare', 'NOUN')",6,"[(6, 0.4036273389590962), (11, 0.3693845669267485)]"
1425,"('génie', 'NOUN')",9,"[(3, 0.24012589266405496), (9, 0.5960642546163217)]"
1429,"('génération', 'NOUN')",11,"[(6, 0.4245905396789165), (11, 0.42852671719394875)]"
1433,"('h', 'NOUN')",3,"[(3, 0.16825828769221715), (11, 0.15700241296100126)]"
1434,"('h', 'NUM')",3,"[(3, 0.16810625398659598), (11, 0.11956990519391049), (12, 0.12193563505759)]"
1435,"('ha', 'NOUN')",3,"[(3, 0.21166347543859626), (11, 0.10212419299154608)]"
1436,"('habitant', 'NOUN')",3,"[(3, 0.47714928129446255), (11, 0.12613891304587788)]"
1437,"('habitat', 'NOUN')",9,"[(3, 0.2716677739325217), (9, 0.4638473056890688)]"
1438,"('habitation', 'NOUN')",11,"[(3, 0.10715361795398894), (6, 0.1818457539526861), (11, 0.47995884604800565)]"
1440,"('hasard', 'NOUN')",9,"[(3, 0.23501990125848832), (9, 0.49936115592936137)]"
1441,"('hausse', 'NOUN')",6,"[(6, 0.6667708769941759), (11, 0.1877992718673358)]"
1442,"('haut', 'ADJ')",2,"[(1, 0.14020321488898235), (2, 0.5167787533953941)]"
1443,"('hauteur', 'NOUN')",6,"[(6, 0.5709753843341832), (11, 0.26472185536975135)]"
1444,"('hectare', 'NOUN')",12,"[(3, 0.17320591814310857), (5, 0.13790649038851968), (12, 0.1737665343826424)]"
1445,"('heure', 'NOUN')",11,"[(6, 0.1711600208053387), (11, 0.6007325333210033)]"
1446,"('heureux', 'ADJ')",10,"[(1, 0.17580278563247972), (3, 0.10055734474245888), (10, 0.3555194285564601)]"
1448,"('histoire', 'NOUN')",6,"[(6, 0.8246249811911304), (11, 0.1131099138052336)]"
1449,"('historien', 'NOUN')",9,"[(3, 0.36552761014488977), (9, 0.46551466062988134)]"
1451,"('hiver', 'NOUN')",3,"[(3, 0.5046233783617107), (9, 0.22462673435919536)]"
1452,"('hockey', 'NOUN')",5,"[(3, 0.11100711494719516), (5, 0.34415604540125083)]"
1453,"('hommage', 'NOUN')",3,"[(3, 0.26299705146100977), (9, 0.1984145024527278)]"
1454,"('homme', 'NOUN')",9,"[(3, 0.3061004512639231), (9, 0.6297176351238879)]"
1455,"('honneur', 'NOUN')",9,"[(3, 0.25915904505607007), (6, 0.11697720747371285), (9, 0.3298690147736317)]"
1456,"('hors', 'ADV')",10,"[(3, 0.10009514863608439), (7, 0.10923821511436649), (10, 0.23516492716959198)]"
1457,"('huile', 'NOUN')",6,"[(6, 0.8063939536570601), (11, 0.11849573050926476)]"
1460,"('humanitaire', 'ADJ')",0,"[(0, 0.5966439187395661), (1, 0.13234478704079997)]"
1461,"('humanité', 'NOUN')",6,"[(6, 0.4641855265671997), (9, 0.13581021835521007), (11, 0.23964759082582768)]"
1462,"('humide', 'ADJ')",0,"[(0, 0.36049577615536704), (1, 0.23252329872940336)]"
1463,"('hypothèse', 'NOUN')",11,"[(6, 0.3713076814549862), (11, 0.41346795697314453)]"
1465,"('héritier', 'NOUN')",3,"[(3, 0.5344633445947393), (9, 0.23377873599301033)]"
1466,"('héros', 'NOUN')",3,"[(3, 0.5763551597090621), (9, 0.22608744018357468)]"
1469,"('hôte', 'NOUN')",3,"[(3, 0.43960896575768627), (9, 0.2019865330760264)]"
1473,"('identité', 'NOUN')",6,"[(6, 0.6102093391915131), (11, 0.27127174028349843)]"
1474,"('idéal', 'ADJ')",0,"[(0, 0.6424965630648887), (1, 0.1333296310107728)]"
1475,"('idée', 'NOUN')",6,"[(6, 0.45278461854611585), (11, 0.41371784232936487)]"
1476,"('illustration', 'NOUN')",6,"[(6, 0.4560593114284641), (11, 0.45461003967117936)]"
1478,"('image', 'NOUN')",11,"[(6, 0.38331592426334304), (11, 0.525016092418893)]"
1482,"('impact', 'NOUN')",9,"[(3, 0.20575911523807863), (9, 0.6201854253507095)]"
1485,"('importance', 'NOUN')",6,"[(6, 0.6870483334629881), (11, 0.17416691159770312)]"
1488,"('impossible', 'ADJ')",10,"[(1, 0.15915693642821357), (10, 0.36833804728592534)]"
1492,"('incendie', 'NOUN')",9,"[(3, 0.2229826254588589), (9, 0.6424740015439108)]"
1494,"('inconnu', 'ADJ')",1,"[(1, 0.42997988392784947), (10, 0.12135885333854532)]"
1495,"('indice', 'NOUN')",9,"[(3, 0.21793402747662127), (6, 0.10648235770352783), (9, 0.4485155029898155), (11, 0.11429551535328118)]"
1496,"('indien', 'ADJ')",0,"[(0, 0.8143266058511598), (1, 0.10349613480980324)]"
1498,"('individu', 'NOUN')",3,"[(3, 0.5078617302966794), (9, 0.23480776414234433), (11, 0.11375661526285177)]"
1499,"('individuel', 'ADJ')",0,"[(0, 0.7527135986858771), (1, 0.10084688622309072)]"
1500,"('industrie', 'NOUN')",6,"[(6, 0.5549212758301871), (11, 0.3015657106300772)]"
1502,"('indépendance', 'NOUN')",6,"[(6, 0.5371356585815515), (9, 0.10020423545167707), (11, 0.21011418876469073)]"
1503,"('indépendant', 'ADJ')",1,"[(0, 0.13504975064713684), (1, 0.708062522603339)]"
1504,"('infanterie', 'NOUN')",5,"[(5, 0.3750453562049722), (6, 0.12958533284767368)]"
1505,"('influence', 'NOUN')",6,"[(6, 0.5922931366960045), (11, 0.3073726835953038)]"
1506,"('information', 'NOUN')",11,"[(6, 0.11932933176475312), (11, 0.8331509226776053)]"
1508,"('inférieur', 'ADJ')",1,"[(1, 0.6409842188064465), (10, 0.10168736813661672)]"
1509,"('ingénieur', 'NOUN')",3,"[(3, 0.5833644461128356), (9, 0.30758238051031894)]"
1512,"('initiative', 'NOUN')",6,"[(6, 0.7234547784660996), (11, 0.18432368844788058)]"
1514,"('inscription', 'NOUN')",11,"[(6, 0.18694200498581062), (11, 0.72250072306104)]"
1516,"('insecte', 'NOUN')",3,"[(3, 0.49775937079386146), (9, 0.17420939061443902), (11, 0.10333454221528268)]"
1518,"('installation', 'NOUN')",11,"[(6, 0.15386534125481965), (11, 0.7805449992815111)]"
1520,"('instance', 'NOUN')",11,"[(6, 0.30731770062573255), (11, 0.3769139015593751)]"
1521,"('institut', 'NOUN')",9,"[(3, 0.11902645677894287), (9, 0.6958201224841671)]"
1522,"('institution', 'NOUN')",11,"[(6, 0.10019300243317857), (11, 0.8444525209375865)]"
1523,"('instrument', 'NOUN')",3,"[(3, 0.546103819827661), (9, 0.310492104398795)]"
1524,"('intention', 'NOUN')",11,"[(6, 0.30438412985640206), (11, 0.4747178717486475)]"
1528,"('internet', 'NOUN')",1,"[(0, 0.14842800533643613), (1, 0.18269031520931892), (3, 0.11804818420005743)]"
1529,"('interprétation', 'NOUN')",6,"[(6, 0.34169762521348496), (11, 0.28424283361402114)]"
1534,"('intervention', 'NOUN')",6,"[(6, 0.5048264811796764), (11, 0.42352868569733526)]"
1535,"('interview', 'NOUN')",11,"[(6, 0.3702948957866692), (11, 0.39546093847965197)]"
1536,"('intituler', 'VERB')",10,"[(1, 0.16928331242142608), (10, 0.2099974105906337)]"
1537,"('introduction', 'NOUN')",6,"[(6, 0.5042077765793317), (9, 0.11722102663211101), (11, 0.22584029650233248)]"
1539,"('intégration', 'NOUN')",6,"[(6, 0.6588796729873991), (11, 0.1913496853301465)]"
1544,"('intérieur', 'NOUN')",9,"[(3, 0.1313542172617969), (6, 0.12618050943587233), (9, 0.5856476020491427)]"
1545,"('intérêt', 'NOUN')",3,"[(3, 0.7477809043350027), (9, 0.17443217254363166)]"
1546,"('invasion', 'NOUN')",6,"[(6, 0.5789585819777623), (11, 0.251645521552295)]"
1548,"('investissement', 'NOUN')",3,"[(3, 0.6488130371267024), (9, 0.16896818280233494)]"
1549,"('investisseur', 'NOUN')",3,"[(3, 0.38894256186411275), (9, 0.2218119024344078), (11, 0.17098630384708716)]"
1551,"('inédit', 'ADJ')",0,"[(0, 0.6727432417943671), (1, 0.15570993381841597)]"
1553,"('islam', 'NOUN')",9,"[(3, 0.15839032231264336), (6, 0.15203897426381757), (9, 0.41898064137570934)]"
1554,"('isoler', 'VERB')",10,"[(1, 0.15813893124888737), (3, 0.10555148768032277), (10, 0.23290671053183198)]"
1555,"('issu', 'ADJ')",10,"[(1, 0.2399738568436283), (10, 0.3523867045114035)]"
1556,"('issue', 'NOUN')",6,"[(6, 0.4014241958212526), (9, 0.16423324134946263), (11, 0.21920379810028476)]"
1558,"('italien', 'NOUN')",9,"[(3, 0.24854048586211472), (9, 0.4477026830413021)]"
1560,"('janvier', 'NOUN')",3,"[(3, 0.15936353687756277), (9, 0.10339486563056512)]"
1562,"('japonais', 'NOUN')",9,"[(3, 0.36377295357361017), (9, 0.4176216922288203)]"
1563,"('jardin', 'NOUN')",9,"[(3, 0.14332181830183863), (9, 0.7901083603855081)]"
1564,"('jaune', 'ADJ')",0,"[(0, 0.711853301798055), (1, 0.16226027282943178)]"
1566,"('jeu', 'NOUN')",9,"[(3, 0.45431437789672685), (9, 0.4889617636253194)]"
1567,"('jeudi', 'NOUN')",3,"[(3, 0.21441144520869304), (9, 0.18482950404455564)]"
1568,"('jeune', 'ADJ')",2,"[(1, 0.13026027877740615), (2, 0.5663148499541373)]"
1569,"('jeune', 'NOUN')",3,"[(3, 0.5912184657158234), (9, 0.19344918194311525), (11, 0.11008360701429445)]"
1570,"('jeunesse', 'NOUN')",6,"[(6, 0.5494028335765068), (11, 0.17377758453261796)]"
1573,"('joueur', 'NOUN')",9,"[(3, 0.33435353473804524), (9, 0.45660980952004654)]"
1574,"('jour', 'NOUN')",3,"[(3, 0.7219670647807507), (9, 0.1846231102364837)]"
1576,"('journaliste', 'NOUN')",3,"[(3, 0.3963571119001578), (9, 0.3173668806077798)]"
1577,"('journée', 'NOUN')",6,"[(6, 0.609668556054437), (11, 0.3200481192063575)]"
1579,"('juge', 'NOUN')",9,"[(3, 0.16809377238886497), (9, 0.7033633853931556)]"
1582,"('juif', 'NOUN')",3,"[(3, 0.46017207729878046), (9, 0.16146521219279616), (11, 0.15751202822547314)]"
1583,"('juillet', 'NOUN')",3,"[(3, 0.1618064992676932), (9, 0.10287788621279308)]"
1584,"('juin', 'NOUN')",3,"[(3, 0.1662640485696017), (9, 0.10436905729384191)]"
1585,"('juridique', 'ADJ')",0,"[(0, 0.45401296718068657), (1, 0.258526468782823)]"
1586,"('jusque', 'ADP')",2,"[(2, 0.19900903967321312), (7, 0.11145882157475022)]"
1588,"('justice', 'NOUN')",6,"[(6, 0.7218865487697741), (11, 0.14031112801431025)]"
1590,"('kg', 'NOUN')",3,"[(3, 0.20700470609998373), (12, 0.11448122228844346)]"
1591,"('kilomètre', 'NOUN')",3,"[(3, 0.32294636931666404), (11, 0.1045151038954292)]"
1592,"('km', 'NOUN')",3,"[(3, 0.2631072735875153), (11, 0.10878882979152457)]"
1594,"('laboratoire', 'NOUN')",9,"[(3, 0.3114280176904029), (9, 0.5596358087114177)]"
1598,"('langage', 'NOUN')",9,"[(3, 0.10185187315860902), (9, 0.7550046552810906)]"
1599,"('langue', 'NOUN')",11,"[(6, 0.4060647134936022), (11, 0.497530522077112)]"
1600,"('large', 'ADJ')",2,"[(1, 0.2101108747609242), (2, 0.4204558219072065)]"
1601,"('large', 'NOUN')",9,"[(3, 0.17797826416190224), (9, 0.5117636784394993)]"
1604,"('latin', 'NOUN')",9,"[(3, 0.22810047658260538), (9, 0.4671076189141753)]"
1607,"('leader', 'NOUN')",9,"[(3, 0.2562307552993763), (9, 0.5926603398688202)]"
1608,"('lecteur', 'NOUN')",9,"[(3, 0.39162748487866733), (9, 0.47273770272699733)]"
1609,"('lecture', 'NOUN')",6,"[(6, 0.7189640123865555), (11, 0.2358679537197316)]"
1610,"('lendemain', 'NOUN')",9,"[(3, 0.11450103403373102), (9, 0.6503530684110822)]"
1611,"('lequel', 'PRON')",3,"[(3, 0.12730462505924614), (5, 0.10791163615175904), (7, 0.11596289836547122)]"
1612,"('lettre', 'NOUN')",11,"[(6, 0.283232006368232), (11, 0.6553663981234671)]"
1614,"('liaison', 'NOUN')",11,"[(6, 0.31580403098319726), (11, 0.6206734072042948)]"
1615,"('liberté', 'NOUN')",6,"[(6, 0.8494382451907886), (11, 0.10808609096995059)]"
1616,"('libre', 'ADJ')",1,"[(0, 0.23645502847393043), (1, 0.6410612957531979)]"
1618,"('libéral', 'ADJ')",0,"[(0, 0.722418330994054), (1, 0.10744529565416869)]"
1619,"('libération', 'NOUN')",6,"[(6, 0.7506804100729099), (11, 0.13311965800896192)]"
1621,"('licence', 'NOUN')",6,"[(6, 0.5631063893089007), (11, 0.34695388829395524)]"
1622,"('lien', 'NOUN')",3,"[(3, 0.5732503706641472), (9, 0.2358416511851178)]"
1624,"('lieu', 'NOUN')",3,"[(3, 0.33059620563061604), (9, 0.2599868216074432)]"
1626,"('ligue', 'NOUN')",6,"[(6, 0.8017392817979024), (11, 0.11937928779406409)]"
1627,"('limite', 'NOUN')",11,"[(6, 0.24539408299181617), (11, 0.696595792127383)]"
1630,"('liste', 'NOUN')",6,"[(6, 0.6582572179016667), (11, 0.24827947468237863)]"
1631,"('lit', 'NOUN')",9,"[(3, 0.1625167316675911), (9, 0.6356730158044642)]"
1633,"('littérature', 'NOUN')",6,"[(6, 0.7375817559953366), (11, 0.14190764274810705)]"
1634,"('livre', 'NOUN')",9,"[(3, 0.3968546313225662), (9, 0.5298641101459831)]"
1637,"('localité', 'NOUN')",6,"[(6, 0.4268122819815298), (9, 0.10004548374639151), (11, 0.24567925697078677)]"
1638,"('logement', 'NOUN')",3,"[(3, 0.6534148012510285), (9, 0.1984386355740601)]"
1639,"('logiciel', 'NOUN')",9,"[(3, 0.15396870255381528), (9, 0.7096342275428404)]"
1640,"('logique', 'NOUN')",6,"[(6, 0.6489321908298232), (11, 0.25123510514978675)]"
1641,"('loi', 'NOUN')",6,"[(6, 0.8236526983143132), (11, 0.14940093679501454)]"
1642,"('loin', 'ADV')",7,"[(7, 0.21397900970375944), (10, 0.18883758212634197)]"
1643,"('long', 'ADJ')",1,"[(1, 0.3549331881551166), (2, 0.3139321518106003)]"
1644,"('long', 'NOUN')",5,"[(3, 0.10007868811890036), (5, 0.26464710933099145)]"
1647,"('longueur', 'NOUN')",6,"[(6, 0.745646094481363), (11, 0.1774194235321724)]"
1648,"('lors', 'ADV')",7,"[(7, 0.16830270183996593), (10, 0.16131843661333609)]"
1649,"('lorsque', 'SCONJ')",7,"[(2, 0.10837884693040394), (7, 0.31024599371027833)]"
1651,"('lourd', 'ADJ')",1,"[(1, 0.562471276593938), (2, 0.10636570328343649)]"
1652,"('lui', 'PRON')",7,"[(3, 0.11100933499818492), (7, 0.17622126629428067)]"
1653,"('lui-même', 'PRON')",3,"[(1, 0.11563314233458953), (3, 0.1262811525776569), (7, 0.1025308968235686), (10, 0.10583298522839792)]"
1654,"('lumière', 'NOUN')",6,"[(6, 0.6822327052592689), (11, 0.2555104253568364)]"
1655,"('lundi', 'NOUN')",9,"[(3, 0.23984909080176192), (9, 0.34120350797539245)]"
1656,"('lutte', 'NOUN')",6,"[(6, 0.8291863114300275), (11, 0.1340893999202123)]"
1661,"('légende', 'NOUN')",6,"[(6, 0.4968790818647481), (11, 0.37164058712802445)]"
1663,"('législatif', 'ADJ')",0,"[(0, 0.39670868802477827), (1, 0.16284892676874324)]"
1665,"('machine', 'NOUN')",11,"[(6, 0.22453990326203327), (11, 0.701589422732385)]"
1666,"('madame', 'NOUN')",8,"[(6, 0.10431985818553219), (8, 0.31682992568700796)]"
1667,"('magasin', 'NOUN')",9,"[(3, 0.4597269921743284), (9, 0.47236778057473694)]"
1668,"('magazine', 'NOUN')",9,"[(3, 0.13134324652458743), (9, 0.6765934311193073)]"
1670,"('mai', 'NOUN')",3,"[(3, 0.1589854770459647), (9, 0.10166622360016218)]"
1671,"('maillot', 'NOUN')",9,"[(3, 0.1323316750586316), (9, 0.6772389844715818)]"
1672,"('main', 'NOUN')",11,"[(6, 0.3408017566477882), (11, 0.5922276861534455)]"
1675,"('maire', 'NOUN')",9,"[(3, 0.12415922116613667), (9, 0.789815626429852)]"
1676,"('mais', 'CCONJ')",7,"[(2, 0.13822717804478002), (7, 0.283268308043191)]"
1679,"('majorité', 'NOUN')",6,"[(6, 0.6379801426773651), (11, 0.19572104238005017)]"
1681,"('mal', 'NOUN')",9,"[(3, 0.3274595630457279), (9, 0.46832198569404987)]"
1682,"('maladie', 'NOUN')",6,"[(6, 0.6832979106433412), (11, 0.27397666219288097)]"
1685,"('mandat', 'NOUN')",9,"[(3, 0.40622235301739706), (9, 0.42916199012548434)]"
1689,"('manière', 'NOUN')",6,"[(6, 0.5434166735540611), (11, 0.24410541133925015)]"
1690,"('manque', 'NOUN')",9,"[(3, 0.21220642499177583), (6, 0.10163451165327302), (9, 0.48911577237747933)]"
1692,"('marchand', 'NOUN')",3,"[(3, 0.4594985894254449), (9, 0.3845436251952268)]"
1693,"('marche', 'NOUN')",6,"[(6, 0.6620991736201783), (11, 0.2704306065036898)]"
1695,"('mardi', 'NOUN')",3,"[(1, 0.1125264204623993), (3, 0.23550572384459115), (9, 0.20074362082392314)]"
1696,"('mari', 'NOUN')",9,"[(3, 0.20646705294155726), (6, 0.13686454382403074), (9, 0.2319763936535052), (11, 0.111706685804167)]"
1697,"('mariage', 'NOUN')",9,"[(3, 0.17900975068207906), (9, 0.6734170826980559)]"
1699,"('marin', 'ADJ')",0,"[(0, 0.5117037921291064), (1, 0.16195984790687273)]"
1700,"('marine', 'NOUN')",6,"[(6, 0.6940243067253372), (11, 0.15580035399556583)]"
1703,"('marque', 'NOUN')",6,"[(6, 0.6321071605508293), (11, 0.3235942679109958)]"
1705,"('mars', 'NOUN')",3,"[(3, 0.1645208404553198), (9, 0.10481245775177199)]"
1706,"('maréchal', 'NOUN')",9,"[(3, 0.1453311231463394), (9, 0.6361223278299094)]"
1708,"('masse', 'NOUN')",6,"[(6, 0.48503771614488167), (11, 0.28033854011035547)]"
1710,"('match', 'NOUN')",9,"[(3, 0.45738982580967524), (9, 0.45783738085362896)]"
1712,"('matin', 'NOUN')",9,"[(3, 0.17146946341559488), (9, 0.5242406460399006)]"
1713,"('matière', 'NOUN')",6,"[(6, 0.45066932524709785), (11, 0.3106209809129879)]"
1714,"('matériau', 'NOUN')",9,"[(3, 0.26836659386722944), (9, 0.5520954545539221)]"
1716,"('mauvais', 'ADJ')",2,"[(1, 0.13818725556051636), (2, 0.5105009303310927)]"
1717,"('maître', 'NOUN')",3,"[(3, 0.4214475024471103), (9, 0.3755287679097845)]"
1718,"('meilleur', 'ADJ')",2,"[(1, 0.11724270582332832), (2, 0.49245064290714385)]"
1719,"('membre', 'NOUN')",3,"[(3, 0.5690435450212469), (9, 0.16890994521506222)]"
1720,"('menace', 'NOUN')",11,"[(6, 0.29317619382114635), (11, 0.6201239047002536)]"
1723,"('mention', 'NOUN')",6,"[(6, 0.3969182332705708), (11, 0.2721826348338251)]"
1725,"('menu', 'NOUN')",9,"[(3, 0.18935797613094207), (9, 0.6613530506941562)]"
1726,"('mer', 'NOUN')",6,"[(6, 0.7710127306275435), (11, 0.11817259333333113)]"
1727,"('merci', 'INTJ')",10,"[(1, 0.10022800664063955), (10, 0.2125897820959088)]"
1728,"('mercredi', 'NOUN')",9,"[(3, 0.23545196879897443), (9, 0.25419923455811066)]"
1729,"('message', 'NOUN')",9,"[(3, 0.14726109854337047), (9, 0.7266162092313235)]"
1730,"('mesure', 'NOUN')",11,"[(6, 0.13336843861627895), (11, 0.8067676566042808)]"
1737,"('militaire', 'NOUN')",3,"[(3, 0.49301608571648253), (9, 0.2586402956175122), (11, 0.10556088617814645)]"
1738,"('militant', 'NOUN')",3,"[(3, 0.6516220117905609), (9, 0.14504763112687413)]"
1739,"('milliard', 'NOUN')",3,"[(3, 0.2571877184117214), (9, 0.10556145857896748), (11, 0.1124187232073886)]"
1740,"('millier', 'NOUN')",3,"[(3, 0.39452094400540655), (9, 0.15238624365896733), (11, 0.15722059341822844)]"
1741,"('million', 'NOUN')",3,"[(3, 0.26900867238568055), (9, 0.1065389646558742), (11, 0.10886636247173764)]"
1742,"('mine', 'NOUN')",11,"[(6, 0.32482992208198164), (11, 0.3572149188100218)]"
1743,"('ministre', 'NOUN')",9,"[(3, 0.18021161829885532), (9, 0.6711045111800106)]"
1745,"('minute', 'NOUN')",11,"[(3, 0.15545322220527458), (6, 0.1512636204175378), (11, 0.31879976503708846)]"
1746,"('mise', 'NOUN')",6,"[(6, 0.6416059965586045), (11, 0.18225169878833247)]"
1747,"('mission', 'NOUN')",6,"[(6, 0.8160568841515428), (11, 0.16470372791010873)]"
1748,"('mixte', 'ADJ')",0,"[(0, 0.40889063770971956), (1, 0.3584942910559196)]"
1749,"('mm', 'NOUN')",3,"[(3, 0.23364333545420074), (11, 0.10374894176449287)]"
1752,"('mode', 'NOUN')",9,"[(3, 0.1311965095175411), (9, 0.7253923658664342)]"
1753,"('moderne', 'ADJ')",0,"[(0, 0.47186972559461643), (1, 0.4057360243994403)]"
1754,"('modification', 'NOUN')",11,"[(6, 0.23522582091868474), (11, 0.5944523234170521)]"
1756,"('modèle', 'NOUN')",9,"[(3, 0.24847473444011803), (9, 0.6620654820061853)]"
1758,"('moine', 'NOUN')",3,"[(3, 0.4635577464182356), (9, 0.2695909694984706), (11, 0.13713190989462737)]"
1760,"('moins', 'PRON')",3,"[(3, 0.1700749952486601), (6, 0.10962745608122851), (9, 0.11365833301551338), (10, 0.11933220846423423), (11, 0.13533002991194762)]"
1761,"('mois', 'NOUN')",3,"[(3, 0.5944034451300665), (9, 0.28334148615374444)]"
1762,"('moitié', 'NOUN')",6,"[(6, 0.7143620743093402), (11, 0.14524760712786092)]"
1763,"('moment', 'NOUN')",9,"[(3, 0.10872768494048937), (9, 0.7622379680682456)]"
1767,"('monnaie', 'NOUN')",11,"[(6, 0.42288805508278404), (11, 0.43069917474100233)]"
1768,"('monsieur', 'NOUN')",3,"[(3, 0.21681627443502513), (8, 0.14606469969901004), (9, 0.16127037262253946), (10, 0.10315093163752037)]"
1769,"('mont', 'NOUN')",9,"[(3, 0.15443578270099), (9, 0.5904421052794877)]"
1770,"('montagne', 'NOUN')",11,"[(6, 0.2618143995622097), (11, 0.5459831739055299)]"
1773,"('monument', 'NOUN')",3,"[(3, 0.42776284420487287), (9, 0.38512521558690227)]"
1774,"('moral', 'ADJ')",0,"[(0, 0.3927509510628614), (1, 0.3037168271636337)]"
1775,"('morceau', 'NOUN')",3,"[(3, 0.44448401953231953), (9, 0.23515453591062727), (11, 0.14110576560591637)]"
1777,"('mort', 'NOUN')",6,"[(6, 0.7370830250806657), (11, 0.1647011239481679)]"
1778,"('mot', 'NOUN')",9,"[(3, 0.14001746955137442), (9, 0.791677756377345)]"
1780,"('motif', 'NOUN')",9,"[(3, 0.3028784666694515), (9, 0.4834276380196686)]"
1783,"('moyen', 'ADJ')",0,"[(0, 0.3909010120364438), (1, 0.25062902553218874), (2, 0.13287966674289997)]"
1784,"('moyen', 'NOUN')",3,"[(3, 0.5452902256305124), (9, 0.25133570768935776)]"
1785,"('moyenne', 'NOUN')",6,"[(6, 0.7495585009849357), (11, 0.16487230329558236)]"
1789,"('municipalité', 'NOUN')",6,"[(6, 0.6478105846811306), (11, 0.19505905876348445)]"
1790,"('mur', 'NOUN')",9,"[(3, 0.3236345363573651), (9, 0.5551644906498321)]"
1794,"('musulman', 'ADJ')",0,"[(0, 0.7753874713427252), (1, 0.10426626052981998)]"
1796,"('mère', 'NOUN')",6,"[(6, 0.490776890272187), (11, 0.23051339504079602)]"
1797,"('mètre', 'NOUN')",3,"[(3, 0.26566434635257663), (11, 0.10254504083921406)]"
1798,"('mécanique', 'ADJ')",0,"[(0, 0.7196147449603086), (1, 0.1518110443868122)]"
1799,"('médaille', 'NOUN')",6,"[(6, 0.510881204807979), (11, 0.2714078775997601)]"
1800,"('médecin', 'NOUN')",9,"[(3, 0.3105629426044329), (9, 0.5632815070052549)]"
1801,"('médecine', 'NOUN')",6,"[(5, 0.19925689394907012), (6, 0.2886692985118008), (11, 0.15892154154584123)]"
1802,"('média', 'NOUN')",3,"[(3, 0.5214708602625411), (9, 0.17245953591692362), (11, 0.15017124965665318)]"
1805,"('mélange', 'NOUN')",9,"[(3, 0.22717918969923012), (9, 0.5386395326555351)]"
1806,"('mémoire', 'NOUN')",6,"[(6, 0.6585673413458324), (11, 0.2376737730838073)]"
1807,"('ménage', 'NOUN')",9,"[(3, 0.3392643351892449), (9, 0.3463083760278274), (11, 0.10966757673149813)]"
1809,"('métal', 'NOUN')",3,"[(3, 0.40761412905530625), (9, 0.28887372257336924)]"
1810,"('méthode', 'NOUN')",11,"[(6, 0.32434281436838225), (11, 0.6227166630373765)]"
1811,"('métier', 'NOUN')",9,"[(3, 0.2499952467179519), (9, 0.5637100727701646)]"
1812,"('métrage', 'NOUN')",3,"[(3, 0.3104438736742429), (9, 0.2539341319578848), (11, 0.10054815412560025)]"
1813,"('métro', 'NOUN')",9,"[(3, 0.16862329665034576), (9, 0.5625039618409837)]"
1816,"('naissance', 'NOUN')",6,"[(6, 0.46769620927581734), (11, 0.2190274278575035)]"
1818,"('nation', 'NOUN')",11,"[(3, 0.1027484021099475), (6, 0.1845397137705065), (11, 0.47694561969035465)]"
1820,"('nationalité', 'NOUN')",11,"[(6, 0.36552131779775815), (11, 0.3937156995096897)]"
1825,"('navire', 'NOUN')",3,"[(3, 0.7209623172278049), (9, 0.16148566084508975)]"
1826,"('naître', 'VERB')",10,"[(1, 0.10138334160983495), (3, 0.1023723578156639), (10, 0.3159864268438492)]"
1828,"('net', 'ADJ')",0,"[(0, 0.2623454780906597), (1, 0.2541226460631325), (2, 0.19092130873512295)]"
1830,"('ni', 'CCONJ')",2,"[(2, 0.4275442617287439), (7, 0.10653171528207434)]"
1832,"('noblesse', 'NOUN')",6,"[(6, 0.5697572411461532), (11, 0.18846839101543825)]"
1834,"('noir', 'NOUN')",3,"[(3, 0.5262988237973489), (9, 0.14518042290143565)]"
1836,"('nombre', 'NOUN')",9,"[(3, 0.1764764323064338), (9, 0.6366157411847467)]"
1837,"('nombreux', 'ADJ')",4,"[(1, 0.10746244367571048), (2, 0.1460477420246972), (4, 0.25272061425104936)]"
1839,"('non', 'ADV')",7,"[(2, 0.12766857281419983), (7, 0.317236337947105)]"
1840,"('nord', 'NOUN')",9,"[(3, 0.1101898969189899), (9, 0.6966356519618863)]"
1842,"('nord-ouest', 'NOUN')",9,"[(3, 0.13156350038608275), (9, 0.5763588286512824)]"
1843,"('normal', 'ADJ')",1,"[(0, 0.20378670918714514), (1, 0.6593399896300786)]"
1844,"('norme', 'NOUN')",11,"[(6, 0.10393838889008507), (11, 0.838620558551183)]"
1846,"('note', 'NOUN')",6,"[(6, 0.44063026954599915), (11, 0.4359695912918705)]"
1848,"('notion', 'NOUN')",6,"[(6, 0.4590103130471275), (11, 0.28866995418256497)]"
1850,"('nourriture', 'NOUN')",6,"[(6, 0.755694639973165), (11, 0.13718267651104096)]"
1851,"('nous', 'PRON')",7,"[(3, 0.10351881299047308), (7, 0.16975520808515202)]"
1852,"('nouveau', 'ADJ')",2,"[(1, 0.10318403930954986), (2, 0.539442438914665)]"
1853,"('nouvelle', 'NOUN')",11,"[(6, 0.24380441719691795), (11, 0.6892109748646837)]"
1854,"('novembre', 'NOUN')",3,"[(3, 0.16293419021918107), (9, 0.10308534473660462)]"
1855,"('nuage', 'NOUN')",3,"[(3, 0.5001474115147103), (9, 0.26924004874873847), (11, 0.10247059067749575)]"
1857,"('nuit', 'NOUN')",6,"[(6, 0.7973850782364775), (11, 0.12235433852899036)]"
1860,"('numéro', 'NOUN')",3,"[(3, 0.4763353723236418), (9, 0.20612632241837647)]"
1861,"('n°', 'NOUN')",9,"[(3, 0.23828944131940383), (6, 0.120936735666673), (9, 0.2829672344110727), (11, 0.11721832151068494)]"
1863,"('nécessaire', 'ADJ')",1,"[(1, 0.3450754125914452), (10, 0.29591089109815577)]"
1865,"('nécessité', 'NOUN')",6,"[(6, 0.6574413323351189), (11, 0.2196401322523553)]"
1867,"('négatif', 'ADJ')",0,"[(0, 0.5617525956442404), (1, 0.21902131560963867)]"
1868,"('négociation', 'NOUN')",11,"[(6, 0.11623773574366103), (11, 0.650467719555325)]"
1870,"('objectif', 'NOUN')",9,"[(3, 0.2729782474238898), (9, 0.5388659609922539)]"
1871,"('objet', 'NOUN')",9,"[(3, 0.27338500880957695), (9, 0.505168746114284)]"
1872,"('obligation', 'NOUN')",6,"[(6, 0.458577897888477), (11, 0.41168847462584307)]"
1874,"('observation', 'NOUN')",6,"[(6, 0.4065245272824554), (11, 0.2660937774142357)]"
1877,"('occasion', 'NOUN')",6,"[(6, 0.5750342595520108), (11, 0.2203786859999442)]"
1878,"('occidental', 'ADJ')",0,"[(0, 0.29556585905474847), (1, 0.1892562801466011)]"
1879,"('occupation', 'NOUN')",6,"[(6, 0.7116075927714647), (11, 0.17025770065246193)]"
1881,"('octobre', 'NOUN')",3,"[(3, 0.16507001887730716), (9, 0.10529842903354157)]"
1882,"('océan', 'NOUN')",9,"[(3, 0.19754756082787922), (6, 0.10376200517032814), (9, 0.5025087573062439)]"
1883,"('office', 'NOUN')",3,"[(3, 0.4504996552721967), (9, 0.3399575212396229)]"
1886,"('officier', 'NOUN')",3,"[(3, 0.42674694795011575), (9, 0.38685731663048906)]"
1887,"('offre', 'NOUN')",6,"[(6, 0.6047412352212972), (11, 0.30264557625737115)]"
1889,"('oiseau', 'NOUN')",3,"[(3, 0.7241191240398096), (9, 0.157509144951944)]"
1890,"('olympique', 'ADJ')",0,"[(0, 0.3696092376144761), (1, 0.16319462359678388)]"
1891,"('on', 'PRON')",7,"[(3, 0.112547201235968), (7, 0.1683581731133333)]"
1892,"('oncle', 'NOUN')",9,"[(3, 0.23817623928668402), (6, 0.1265067137152468), (9, 0.2578667355019893), (11, 0.10880181239874348)]"
1893,"('opinion', 'NOUN')",6,"[(6, 0.5428161007035487), (11, 0.31359997990625)]"
1894,"('opportunité', 'NOUN')",6,"[(6, 0.3592935960387449), (9, 0.1484952247038038), (11, 0.28617447933216317)]"
1896,"('opposition', 'NOUN')",6,"[(6, 0.7142840438090117), (11, 0.16229990468547104)]"
1897,"('opéra', 'NOUN')",9,"[(3, 0.1670569026611071), (9, 0.7486517485582551)]"
1898,"('opérateur', 'NOUN')",3,"[(3, 0.5773120155472952), (9, 0.24456345710856567)]"
1899,"('opération', 'NOUN')",11,"[(6, 0.2336751805676032), (11, 0.7117405983825321)]"
1901,"('or', 'CCONJ')",7,"[(2, 0.10638473494797399), (7, 0.21973871436465342)]"
1903,"('orchestre', 'NOUN')",9,"[(3, 0.26361301354911437), (6, 0.10909372217526611), (9, 0.3473918400049849)]"
1904,"('ordinateur', 'NOUN')",9,"[(3, 0.42819811421679876), (9, 0.44881884588770826)]"
1907,"('organisation', 'NOUN')",6,"[(6, 0.8074954381221464), (11, 0.15667329218753775)]"
1909,"('organisme', 'NOUN')",3,"[(3, 0.4103832357656844), (9, 0.3225716410256556), (11, 0.10817222094831323)]"
1910,"('oriental', 'ADJ')",0,"[(0, 0.7132704908329776), (1, 0.11455206476584852)]"
1911,"('orientation', 'NOUN')",6,"[(6, 0.40536134286222936), (11, 0.37201234254817556)]"
1913,"('originaire', 'ADJ')",1,"[(1, 0.34378139896414317), (10, 0.16653366271476752)]"
1915,"('origine', 'NOUN')",6,"[(6, 0.6916839773263899), (11, 0.1899684993398177)]"
1917,"('otage', 'NOUN')",3,"[(3, 0.627817260726468), (9, 0.19408841898398746)]"
1918,"('ou', 'CCONJ')",2,"[(2, 0.3202327585514657), (7, 0.11955529941483763)]"
1920,"('ouest', 'NOUN')",9,"[(3, 0.18311680760204746), (6, 0.12830086446345626), (9, 0.43485220436550887)]"
1921,"('outil', 'NOUN')",3,"[(3, 0.45374489793567524), (9, 0.315042152885834), (11, 0.10969282727465356)]"
1924,"('ouverture', 'NOUN')",6,"[(6, 0.7055989724700147), (11, 0.16493025507936857)]"
1925,"('ouvrage', 'NOUN')",9,"[(3, 0.41326202875538626), (9, 0.4455978120214783)]"
1926,"('ouvrier', 'NOUN')",3,"[(3, 0.533894534227542), (9, 0.12200285366193117), (11, 0.14572407638930082)]"
1928,"('où', 'PRON')",7,"[(2, 0.10570270984210066), (7, 0.26132326421785756)]"
1929,"('page', 'NOUN')",11,"[(6, 0.27284028500555857), (11, 0.5612476176387792)]"
1930,"('pain', 'NOUN')",3,"[(3, 0.4903658539824006), (9, 0.34621601236268024)]"
1931,"('paix', 'NOUN')",6,"[(6, 0.6686985639749042), (11, 0.15759810284730447)]"
1933,"('pape', 'NOUN')",9,"[(3, 0.12602033341474037), (9, 0.7093129205671234)]"
1934,"('papier', 'NOUN')",9,"[(3, 0.23874872152094423), (9, 0.5841833454459516)]"
1935,"('papillon', 'NOUN')",9,"[(3, 0.2415296074626849), (9, 0.45706747449580304), (11, 0.1010220098006599)]"
1936,"('par', 'ADP')",2,"[(2, 0.38135035777977855), (7, 0.10107840871428174)]"
1937,"('parallèle', 'NOUN')",9,"[(3, 0.19864196514985924), (6, 0.1705196765030657), (9, 0.3421686397518008), (11, 0.12250969269283268)]"
1941,"('parcours', 'NOUN')",3,"[(3, 0.4245599508020416), (9, 0.39681323627960763)]"
1942,"('parent', 'NOUN')",3,"[(3, 0.4433379703685706), (9, 0.13648234024426448), (11, 0.16304498433289585)]"
1947,"('parking', 'NOUN')",9,"[(3, 0.12126161169076868), (9, 0.7514959006976711)]"
1951,"('parmi', 'ADP')",2,"[(2, 0.22392437721297506), (4, 0.11777593598890898), (7, 0.1087428322823493)]"
1952,"('paroisse', 'NOUN')",11,"[(6, 0.34511888700290994), (11, 0.5181141176514567)]"
1953,"('parole', 'NOUN')",11,"[(6, 0.17464723114697683), (11, 0.7108564281428427)]"
1954,"('part', 'NOUN')",6,"[(6, 0.7247075244133886), (11, 0.1612904613574582)]"
1956,"('partenaire', 'NOUN')",3,"[(3, 0.459378621875438), (9, 0.3823860256454416)]"
1957,"('partenariat', 'NOUN')",9,"[(3, 0.38534795820192136), (9, 0.3858746118602652)]"
1959,"('participation', 'NOUN')",6,"[(6, 0.6252269912483842), (11, 0.20926845911313288)]"
1961,"('particularité', 'NOUN')",6,"[(6, 0.4692714302199331), (11, 0.35230757207796876)]"
1964,"('partie', 'NOUN')",6,"[(6, 0.5089927207605154), (11, 0.28482077509645204)]"
1967,"('partisan', 'NOUN')",3,"[(3, 0.4732905711250499), (9, 0.17055630715685505), (11, 0.15476503654012375)]"
1972,"('passe', 'NOUN')",11,"[(3, 0.1483782678644864), (6, 0.21892615911605645), (11, 0.40156555051499426)]"
1974,"('passé', 'NOUN')",9,"[(3, 0.10951669526811686), (9, 0.7042485288901567)]"
1975,"('patient', 'NOUN')",3,"[(3, 0.5407070457599404), (9, 0.16359731202855887), (11, 0.15630269098850613)]"
1976,"('patrimoine', 'NOUN')",9,"[(3, 0.15105779203081537), (9, 0.6864405945499478)]"
1977,"('patron', 'NOUN')",9,"[(3, 0.172730424892143), (9, 0.609505708513542)]"
1978,"('pauvre', 'ADJ')",1,"[(1, 0.2669451080572726), (3, 0.17688768693255344), (10, 0.16489524401229283)]"
1979,"('pavillon', 'NOUN')",9,"[(3, 0.1457646428536259), (9, 0.7527567027725494)]"
1981,"('pays', 'NOUN')",9,"[(3, 0.3103430016972422), (9, 0.6171295668542381)]"
1982,"('paysage', 'NOUN')",3,"[(3, 0.5550926850363617), (9, 0.3153919185546727)]"
1983,"('peine', 'NOUN')",6,"[(6, 0.5886080393638796), (11, 0.26352285253323743)]"
1984,"('peintre', 'NOUN')",9,"[(3, 0.27799992076869906), (9, 0.5930415538919551)]"
1988,"('pensée', 'NOUN')",6,"[(6, 0.7764059931114922), (11, 0.16550071925482113)]"
1994,"('personnage', 'NOUN')",9,"[(3, 0.1686764804276926), (9, 0.7557365108004049)]"
1995,"('personnalité', 'NOUN')",6,"[(6, 0.4004174828744127), (11, 0.3873957384722376)]"
1996,"('personne', 'NOUN')",11,"[(6, 0.10434237174592707), (11, 0.7773465636936839)]"
1997,"('personne', 'PRON')",7,"[(3, 0.10933120865723958), (7, 0.15009276182783718)]"
2000,"('perspective', 'NOUN')",6,"[(6, 0.5983085490839845), (11, 0.256697519419464)]"
2001,"('perte', 'NOUN')",6,"[(6, 0.5205575780165288), (11, 0.40826137996239575)]"
2005,"('peu', 'PRON')",10,"[(3, 0.11116445124487348), (7, 0.1015831050275839), (10, 0.1656669157285475)]"
2008,"('peur', 'NOUN')",6,"[(6, 0.554333902130233), (11, 0.22317624422351012)]"
2010,"('phase', 'NOUN')",6,"[(6, 0.7616938786185027), (11, 0.17461274564526977)]"
2011,"('philosophe', 'NOUN')",9,"[(3, 0.29110432661399294), (9, 0.564465564759347)]"
2012,"('philosophie', 'NOUN')",6,"[(6, 0.7530477716372479), (11, 0.13720585059084187)]"
2013,"('photo', 'NOUN')",11,"[(6, 0.1814396187091894), (11, 0.6985613539217812)]"
2014,"('photographe', 'NOUN')",9,"[(3, 0.32449849681087917), (9, 0.42157488583004044)]"
2015,"('photographie', 'NOUN')",6,"[(6, 0.5512145310350758), (11, 0.34404359374615967)]"
2017,"('physique', 'NOUN')",5,"[(5, 0.28271323139016324), (6, 0.17090374941845143), (11, 0.11611725261051052)]"
2018,"('phénomène', 'NOUN')",9,"[(3, 0.1354545548135607), (9, 0.7661877012313869)]"
2019,"('piano', 'NOUN')",3,"[(3, 0.28134697310740364), (5, 0.14290663750066565), (9, 0.21925352294816158)]"
2020,"('pied', 'NOUN')",3,"[(3, 0.8069718038042549), (9, 0.12531263670298667)]"
2021,"('pierre', 'NOUN')",11,"[(6, 0.36685315003526486), (11, 0.40127112161344686)]"
2022,"('pilier', 'NOUN')",3,"[(3, 0.7201799089640853), (9, 0.15181937045378852)]"
2023,"('pilote', 'NOUN')",9,"[(3, 0.4145720171400562), (9, 0.48691268359183953)]"
2024,"('piscine', 'NOUN')",6,"[(6, 0.7604768208195839), (11, 0.15477543371924501)]"
2025,"('piste', 'NOUN')",11,"[(6, 0.4396439619192181), (11, 0.5176403584118389)]"
2026,"('pizza', 'NOUN')",11,"[(6, 0.13008587263238458), (11, 0.7314029847167206)]"
2028,"('place', 'NOUN')",6,"[(6, 0.6498337151686487), (11, 0.21004823832998246)]"
2030,"('plage', 'NOUN')",6,"[(6, 0.6504137959211438), (11, 0.2765211121578417)]"
2031,"('plaine', 'NOUN')",11,"[(6, 0.345865817553735), (11, 0.5681488288508886)]"
2032,"('plainte', 'NOUN')",6,"[(6, 0.3985183557580789), (11, 0.3240575545884197)]"
2033,"('plaisir', 'NOUN')",3,"[(3, 0.3963863050220353), (9, 0.26684728748263475)]"
2035,"('plante', 'NOUN')",11,"[(6, 0.1345815638657397), (11, 0.7492022871615708)]"
2036,"('plaque', 'NOUN')",6,"[(6, 0.566318173426096), (11, 0.26570768648023496)]"
2037,"('plat', 'ADJ')",0,"[(0, 0.569199839239966), (1, 0.23437212175050687)]"
2038,"('plat', 'NOUN')",3,"[(3, 0.5034040880938712), (9, 0.24376464678011597), (11, 0.11935927785862116)]"
2040,"('plein', 'ADJ')",2,"[(1, 0.2155561830258281), (2, 0.3697473996206944)]"
2041,"('pluie', 'NOUN')",11,"[(6, 0.2363910420371834), (11, 0.6394125516845145)]"
2042,"('plupart', 'NOUN')",6,"[(6, 0.4670037908442574), (9, 0.1250201289155529), (11, 0.23446923617401894)]"
2043,"('plus', 'ADV')",7,"[(2, 0.13272861891694626), (7, 0.3565725807591325)]"
2044,"('plus', 'PRON')",10,"[(3, 0.13222685643887983), (10, 0.1534819903999247), (11, 0.10413363323796924)]"
2046,"('plusieurs', 'PRON')",3,"[(3, 0.13908214276840375), (10, 0.1349411508774549), (11, 0.11541166980367709)]"
2048,"('poids', 'NOUN')",9,"[(3, 0.22940580168951308), (9, 0.6620556253568677)]"
2049,"('point', 'NOUN')",3,"[(3, 0.8097314912691912), (9, 0.13319229854310954)]"
2050,"('pointe', 'NOUN')",6,"[(6, 0.616810151920984), (11, 0.17701276490463258)]"
2051,"('poisson', 'NOUN')",3,"[(3, 0.7221209334947426), (9, 0.16179182813125073)]"
2052,"('police', 'NOUN')",6,"[(6, 0.7199059113340422), (11, 0.1476049223022822)]"
2054,"('policier', 'NOUN')",3,"[(3, 0.3827421310097383), (9, 0.24430206691051098), (11, 0.14063227095681993)]"
2056,"('politique', 'NOUN')",6,"[(6, 0.8110521325382264), (11, 0.14608877157248912)]"
2057,"('pollution', 'NOUN')",6,"[(6, 0.7817482694305123), (11, 0.12051369757781569)]"
2060,"('populaire', 'ADJ')",1,"[(0, 0.4225535661329377), (1, 0.47190500370720795)]"
2061,"('population', 'NOUN')",6,"[(6, 0.6863976044451952), (11, 0.22355387034929658)]"
2063,"('porte', 'NOUN')",11,"[(6, 0.13958249134522818), (11, 0.8325122980372701)]"
2064,"('porte-parole', 'NOUN')",9,"[(3, 0.10989711682509809), (9, 0.6773813283882699)]"
2067,"('portée', 'NOUN')",6,"[(6, 0.6209404374771176), (11, 0.19460489724959956)]"
2069,"('positif', 'ADJ')",1,"[(0, 0.17248513042316574), (1, 0.611339627274962)]"
2070,"('position', 'NOUN')",6,"[(6, 0.6895221049666781), (11, 0.2509709259870578)]"
2071,"('possession', 'NOUN')",6,"[(6, 0.5135692633796807), (11, 0.2525149963675126)]"
2072,"('possibilité', 'NOUN')",6,"[(6, 0.4356551499615399), (11, 0.3600275586811741)]"
2073,"('possible', 'ADJ')",10,"[(1, 0.19493682755916922), (10, 0.3945492855266817)]"
2075,"('poste', 'NOUN')",9,"[(3, 0.101216773383027), (9, 0.7944537548720858)]"
2076,"('potentiel', 'NOUN')",9,"[(3, 0.16160881634775845), (9, 0.6127648474805308)]"
2077,"('poule', 'NOUN')",6,"[(6, 0.42362118561385687), (11, 0.3626792522230731)]"
2078,"('pour', 'ADP')",2,"[(2, 0.37271386785072763), (7, 0.15481336012653166)]"
2080,"('poursuite', 'NOUN')",6,"[(6, 0.5814294666664259), (11, 0.30242656998244394)]"
2086,"('poème', 'NOUN')",3,"[(3, 0.4072571060517913), (9, 0.25876873424094465), (11, 0.1198667782226592)]"
2087,"('poète', 'NOUN')",9,"[(3, 0.24243554624718996), (9, 0.5944483729613697)]"
2088,"('poésie', 'NOUN')",6,"[(6, 0.6164657382420996), (11, 0.23507432020365654)]"
2089,"('pratique', 'NOUN')",11,"[(6, 0.2866510924290019), (11, 0.6781526238562489)]"
2093,"('première', 'NOUN')",6,"[(6, 0.4596908233286876), (11, 0.22238274925638818)]"
2096,"('presse', 'NOUN')",6,"[(5, 0.14570879867500464), (6, 0.3689148868239864), (11, 0.1724136325353345)]"
2097,"('pression', 'NOUN')",6,"[(6, 0.644479191757141), (11, 0.2599947961501348)]"
2098,"('prestation', 'NOUN')",11,"[(6, 0.24786076790771677), (11, 0.6445281078455503)]"
2099,"('preuve', 'NOUN')",6,"[(6, 0.38486871962932545), (11, 0.31291535639936147)]"
2102,"('princesse', 'NOUN')",6,"[(6, 0.5144081764540487), (11, 0.20248830329692133)]"
2103,"('principal', 'ADJ')",2,"[(0, 0.20680251716295225), (1, 0.24946208764938654), (2, 0.2604383566743277)]"
2105,"('principe', 'NOUN')",3,"[(3, 0.46902507504604646), (9, 0.4407780754711072)]"
2106,"('printemps', 'NOUN')",9,"[(3, 0.14574333443123783), (9, 0.7109382563049925)]"
2107,"('priorité', 'NOUN')",6,"[(6, 0.4223593622044527), (11, 0.3242752020608056)]"
2108,"('prise', 'NOUN')",6,"[(6, 0.5655572048759818), (11, 0.3349221425030502)]"
2109,"('prison', 'NOUN')",6,"[(5, 0.1625189476925735), (6, 0.34327858222037794), (11, 0.19150847326145387)]"
2110,"('prisonnier', 'NOUN')",3,"[(3, 0.660826832289207), (9, 0.13666335048575198)]"
2114,"('prière', 'NOUN')",6,"[(6, 0.48892642174217354), (11, 0.41035905206652457)]"
2115,"('probable', 'ADJ')",10,"[(1, 0.24273975839910392), (10, 0.24995506913175236)]"
2117,"('problème', 'NOUN')",9,"[(3, 0.3361098901039858), (9, 0.5020551165847983)]"
2119,"('prochain', 'ADJ')",0,"[(0, 0.4975589256104833), (1, 0.21309179159722866), (2, 0.10276415154884727)]"
2120,"('proche', 'ADJ')",1,"[(1, 0.6201520927975012), (10, 0.10051500610736723)]"
2124,"('procédure', 'NOUN')",11,"[(6, 0.23227606302685663), (11, 0.709236458863487)]"
2125,"('procédé', 'NOUN')",9,"[(3, 0.16441497695881058), (9, 0.6437227190602541)]"
2126,"('producteur', 'NOUN')",3,"[(3, 0.5727395487689957), (9, 0.3110801332945245)]"
2129,"('produit', 'NOUN')",3,"[(3, 0.7316595099405905), (9, 0.15023904970365365)]"
2130,"('professeur', 'NOUN')",3,"[(3, 0.44494379591723393), (9, 0.3225903434693585)]"
2131,"('professionnalisme', 'NOUN')",9,"[(3, 0.16467748751857994), (9, 0.6121430210507267)]"
2133,"('professionnel', 'NOUN')",3,"[(3, 0.7267179401588185), (9, 0.10134363574455023)]"
2134,"('profit', 'NOUN')",9,"[(3, 0.11730686113605626), (9, 0.7368121014878817)]"
2136,"('profond', 'ADJ')",1,"[(0, 0.17872854674746824), (1, 0.6095783460599948)]"
2137,"('profondeur', 'NOUN')",6,"[(6, 0.4695078389533931), (11, 0.28159616396508197)]"
2140,"('progrès', 'NOUN')",3,"[(3, 0.44168324892856925), (9, 0.3100366821014207), (11, 0.12490971385584128)]"
2144,"('promotion', 'NOUN')",6,"[(6, 0.7042149853408517), (11, 0.16248840249825391)]"
2147,"('proportion', 'NOUN')",11,"[(6, 0.18788051266582562), (11, 0.6648716646843696)]"
2148,"('propos', 'NOUN')",3,"[(3, 0.5126113206923761), (9, 0.17710809990234144)]"
2150,"('proposition', 'NOUN')",6,"[(6, 0.5495284141123362), (11, 0.30942417329300154)]"
2151,"('propre', 'ADJ')",2,"[(1, 0.20114962561536953), (2, 0.270337696708708)]"
2152,"('propriétaire', 'NOUN')",3,"[(3, 0.5143033491624069), (9, 0.27173922263448574)]"
2153,"('propriété', 'NOUN')",11,"[(6, 0.34464020163597525), (11, 0.5858995992522457)]"
2154,"('protection', 'NOUN')",6,"[(6, 0.8275954421269373), (11, 0.10228268380591049)]"
2156,"('protocole', 'NOUN')",3,"[(3, 0.47619711903499873), (9, 0.38965159774047464)]"
2158,"('protéine', 'NOUN')",6,"[(6, 0.542413811927343), (11, 0.2797335675662847)]"
2161,"('province', 'NOUN')",6,"[(6, 0.6429529187928419), (11, 0.20089501726954265)]"
2163,"('proximité', 'NOUN')",6,"[(6, 0.48155052664897097), (11, 0.1944782919196145)]"
2164,"('près', 'ADV')",7,"[(7, 0.1578704514461424), (8, 0.10663352957068761), (10, 0.1396039340908101)]"
2165,"('près', 'PRON')",10,"[(3, 0.13523411993665416), (10, 0.1401172881326629), (11, 0.10193182794388554)]"
2167,"('précipitation', 'NOUN')",11,"[(3, 0.11155625873082042), (6, 0.12532359744713623), (11, 0.5515220722741635)]"
2168,"('précis', 'ADJ')",0,"[(0, 0.8184366921143297), (1, 0.1210416769738344)]"
2170,"('précédent', 'ADJ')",0,"[(0, 0.7089962088273711), (1, 0.13660386312276646)]"
2173,"('préparation', 'NOUN')",6,"[(6, 0.7196323872091881), (11, 0.1722920350546665)]"
2175,"('présence', 'NOUN')",6,"[(6, 0.7794874618343841), (11, 0.12634816014690067)]"
2176,"('présent', 'ADJ')",10,"[(1, 0.19520328990112834), (10, 0.43916759437683045)]"
2177,"('présentation', 'NOUN')",6,"[(6, 0.6430341269008166), (11, 0.17933737750017342)]"
2180,"('présidence', 'NOUN')",6,"[(6, 0.7808473733712942), (11, 0.12280969139218664)]"
2182,"('présidente', 'NOUN')",6,"[(6, 0.407873176477239), (9, 0.11373210876699849), (11, 0.20423620059350697)]"
2183,"('présidentiel', 'ADJ')",0,"[(0, 0.49805149340312693), (1, 0.1305941019945808)]"
2188,"('prêt', 'ADJ')",10,"[(1, 0.16547175293695707), (10, 0.3347511791678673)]"
2190,"('prêtre', 'NOUN')",9,"[(3, 0.24551452399076545), (9, 0.6224038128162428)]"
2191,"('psychologie', 'NOUN')",6,"[(6, 0.7574764345270375), (11, 0.1286240962539165)]"
2194,"('publication', 'NOUN')",11,"[(6, 0.4509878995223712), (11, 0.4982638479789325)]"
2195,"('publicité', 'NOUN')",6,"[(6, 0.6660689334727317), (11, 0.1499032555703219)]"
2197,"('puis', 'CCONJ')",7,"[(2, 0.1766261966666088), (7, 0.23525465172943186)]"
2198,"('puisque', 'SCONJ')",7,"[(2, 0.12468429021723963), (7, 0.30977070447558014)]"
2199,"('puissance', 'NOUN')",6,"[(6, 0.7838836423564329), (11, 0.18350178875990505)]"
2200,"('puissant', 'ADJ')",1,"[(1, 0.40147280376882183), (2, 0.22815325506339312)]"
2201,"('pur', 'ADJ')",1,"[(0, 0.10514353859403812), (1, 0.5495643293932915), (2, 0.10622938637154608)]"
2202,"('pèlerin', 'NOUN')",3,"[(3, 0.46539618823936374), (9, 0.19232675452499085), (11, 0.12781984145938882)]"
2203,"('père', 'NOUN')",9,"[(3, 0.22893538326846907), (6, 0.1068917723148537), (9, 0.4267562134865988)]"
2205,"('pétrole', 'NOUN')",9,"[(3, 0.22876857673778006), (9, 0.3747677066224682)]"
2207,"('pêche', 'NOUN')",6,"[(6, 0.6354218897809581), (11, 0.1607670163180515)]"
2208,"('qualification', 'NOUN')",6,"[(6, 0.6137134144462971), (11, 0.2368509258560058)]"
2210,"('qualité', 'NOUN')",6,"[(6, 0.7865595765949874), (11, 0.12457295175403675)]"
2211,"('quand', 'SCONJ')",7,"[(2, 0.10288763970391816), (7, 0.293988190743167)]"
2212,"('quantité', 'NOUN')",6,"[(6, 0.45518962038741656), (11, 0.4060876621850745)]"
2213,"('quart', 'NOUN')",9,"[(3, 0.2802708857883879), (9, 0.46136980877503164)]"
2216,"('quatrième', 'ADJ')",2,"[(1, 0.1415170430312942), (2, 0.4190017773980171)]"
2217,"('que', 'ADV')",7,"[(2, 0.14130666559979946), (7, 0.3392493937422599)]"
2219,"('que', 'SCONJ')",7,"[(2, 0.13290162745926581), (7, 0.3975507360072768)]"
2220,"('quel', 'ADJ')",10,"[(1, 0.1134956195645608), (3, 0.10282094321013288), (10, 0.3154965397481363)]"
2222,"(""quelqu'un"", 'PRON')",3,"[(3, 0.18104627059160974), (9, 0.11348376436821853), (10, 0.15478200520902088)]"
2224,"('question', 'NOUN')",6,"[(6, 0.7527750074386804), (11, 0.21572196308863226)]"
2225,"('queue', 'NOUN')",6,"[(6, 0.5265663020382739), (11, 0.27216962745429724)]"
2228,"('quoi', 'PRON')",7,"[(3, 0.10864655401864992), (5, 0.11104614655701045), (7, 0.15508255704825505)]"
2229,"('quotidien', 'NOUN')",9,"[(3, 0.11046430432014626), (9, 0.8233477007878226)]"
2231,"('race', 'NOUN')",11,"[(6, 0.4103971070686361), (11, 0.49024484192708384)]"
2234,"('radio', 'NOUN')",6,"[(6, 0.7417066054096932), (11, 0.16330016856280874)]"
2235,"('raison', 'NOUN')",6,"[(6, 0.46863843481330014), (11, 0.4491817542161899)]"
2236,"('raisonnable', 'ADJ')",1,"[(1, 0.3784790529864302), (3, 0.11254604418797164), (10, 0.18615230656755144)]"
2238,"('rang', 'NOUN')",9,"[(3, 0.11536074230915723), (9, 0.8022003808845609)]"
2242,"('rapport', 'NOUN')",9,"[(3, 0.33303833182568277), (9, 0.49598453717057195)]"
2245,"('rare', 'ADJ')",1,"[(1, 0.4625383240354528), (3, 0.10240347990592633), (10, 0.12799552695479938)]"
2249,"('recensement', 'NOUN')",9,"[(3, 0.20982073268508125), (9, 0.5054353460150666)]"
2250,"('recette', 'NOUN')",11,"[(6, 0.2517105564464776), (11, 0.47649047617812557)]"
2252,"('recherche', 'NOUN')",6,"[(6, 0.6598695571585275), (11, 0.2849885817911273)]"
2255,"('reconnaissance', 'NOUN')",6,"[(6, 0.756624397074505), (11, 0.1573535670935652)]"
2257,"('reconstruction', 'NOUN')",6,"[(6, 0.7316743752191781), (11, 0.16368806273745826)]"
2259,"('record', 'NOUN')",9,"[(3, 0.20513052739515125), (9, 0.6125377499046487)]"
2260,"('recours', 'NOUN')",3,"[(3, 0.3425466900937921), (9, 0.24168871041101514)]"
2262,"('recueil', 'NOUN')",9,"[(3, 0.18667485135956607), (9, 0.6518008243560588)]"
2264,"('regard', 'NOUN')",9,"[(3, 0.108951271645045), (9, 0.776321883947058)]"
2266,"('registre', 'NOUN')",9,"[(3, 0.2814772949722551), (9, 0.5550169899626051)]"
2269,"('reine', 'NOUN')",6,"[(6, 0.503482786685079), (9, 0.10676708910324181), (11, 0.1881948015432625)]"
2272,"('relatif', 'ADJ')",1,"[(0, 0.19458742407353272), (1, 0.48495138113199643)]"
2278,"('religion', 'NOUN')",6,"[(6, 0.5751720850084456), (11, 0.33375571117578823)]"
2286,"('rencontre', 'NOUN')",6,"[(6, 0.5696713641929675), (11, 0.37941998684401834)]"
2288,"('rendez-vous', 'NOUN')",9,"[(3, 0.25286056831806475), (9, 0.46251106818423293)]"
2290,"('renforcement', 'NOUN')",9,"[(3, 0.10988522565188259), (9, 0.7554471311252009)]"
2294,"('renseignement', 'NOUN')",3,"[(3, 0.5586292995273746), (9, 0.1807667207987835)]"
2297,"('repas', 'NOUN')",9,"[(3, 0.15202370985512292), (9, 0.7590235324161374)]"
2301,"('reprise', 'NOUN')",11,"[(3, 0.10192935733049359), (6, 0.19592867450661647), (11, 0.5198404889376026)]"
2304,"('représentant', 'NOUN')",3,"[(3, 0.6922240053636355), (9, 0.1846819646371752)]"
2305,"('représentation', 'NOUN')",11,"[(6, 0.4097122048160998), (11, 0.5109361250437577)]"
2307,"('respect', 'NOUN')",9,"[(3, 0.11609532347727308), (9, 0.7417310158811736)]"
2310,"('responsabilité', 'NOUN')",11,"[(6, 0.37935905272126935), (11, 0.5424064237428848)]"
2311,"('responsable', 'ADJ')",10,"[(1, 0.2874915791925566), (10, 0.3294147942507472)]"
2312,"('responsable', 'NOUN')",9,"[(3, 0.4393115951046436), (9, 0.451876021850026)]"
2314,"('ressource', 'NOUN')",11,"[(6, 0.13058350783722134), (11, 0.7427378052772082)]"
2315,"('restaurant', 'NOUN')",9,"[(3, 0.15012976203289238), (9, 0.7304901543499509)]"
2316,"('restauration', 'NOUN')",6,"[(6, 0.8497826488989878), (11, 0.10721067678471134)]"
2318,"('reste', 'NOUN')",9,"[(3, 0.12138474421635585), (9, 0.7018828650980693)]"
2320,"('retard', 'NOUN')",3,"[(3, 0.4577853117945779), (9, 0.3544362137240501)]"
2323,"('retour', 'NOUN')",9,"[(3, 0.20314888192716063), (9, 0.58570561580982)]"
2325,"('retrait', 'NOUN')",9,"[(3, 0.28881278020409634), (9, 0.5337879460845)]"
2326,"('retraite', 'NOUN')",6,"[(6, 0.6675442329252286), (11, 0.18620917743764961)]"
2328,"('revanche', 'NOUN')",6,"[(3, 0.10119477938484518), (5, 0.13524384921878135), (6, 0.16281409384821655), (11, 0.1335041320654011)]"
2330,"('revenu', 'NOUN')",3,"[(3, 0.6099423928945507), (9, 0.21081449472457287)]"
2332,"('revue', 'NOUN')",6,"[(6, 0.571310743445704), (11, 0.3300059808624186)]"
2334,"('richesse', 'NOUN')",11,"[(6, 0.22779042664567928), (11, 0.6987690682395585)]"
2335,"('rien', 'PRON')",3,"[(1, 0.10503690269130042), (3, 0.16172094422516403), (7, 0.13576847450348356), (9, 0.11376217687094632), (10, 0.13643880109401244)]"
2336,"('risque', 'NOUN')",9,"[(3, 0.2945809873672518), (9, 0.5528300530666361)]"
2337,"('rival', 'NOUN')",3,"[(3, 0.21771212945147395), (6, 0.12086319327719794), (9, 0.19047635152848097), (11, 0.12443708359001913)]"
2338,"('rive', 'NOUN')",6,"[(6, 0.6226196019004455), (11, 0.21706381602159966)]"
2339,"('rivière', 'NOUN')",6,"[(6, 0.6200436432496936), (11, 0.2251370916223193)]"
2340,"('roche', 'NOUN')",11,"[(6, 0.18986962008464867), (11, 0.5258886441514227)]"
2341,"('rock', 'NOUN')",9,"[(1, 0.11429041385991821), (3, 0.2563499551513233), (9, 0.2595912677315096)]"
2344,"('romain', 'NOUN')",3,"[(3, 0.3240829834624867), (9, 0.20976541334604343), (11, 0.19305712073385764)]"
2346,"('roman', 'NOUN')",9,"[(3, 0.2602540169667411), (9, 0.672141301427964)]"
2349,"('route', 'NOUN')",6,"[(6, 0.8609764722797987), (11, 0.12136899021841115)]"
2353,"('rue', 'NOUN')",6,"[(6, 0.6834792058422626), (11, 0.18621334054100966)]"
2354,"('rugby', 'NOUN')",5,"[(3, 0.15881815779891192), (5, 0.22451603125456665), (9, 0.10581435311869)]"
2355,"('ruine', 'NOUN')",11,"[(3, 0.10661504509818048), (6, 0.1442176859180207), (11, 0.5660811633282335)]"
2356,"('rupture', 'NOUN')",6,"[(6, 0.6614694522621137), (11, 0.239232328674903)]"
2357,"('rural', 'ADJ')",0,"[(0, 0.8140936437227755), (1, 0.10866211729540487)]"
2359,"('rythme', 'NOUN')",9,"[(3, 0.11096067202969648), (9, 0.7617643108658156)]"
2360,"('règle', 'NOUN')",11,"[(6, 0.1465232836349277), (11, 0.7492103111053391)]"
2363,"('réaction', 'NOUN')",6,"[(6, 0.572108797902684), (11, 0.3624179034589897)]"
2365,"('réalisateur', 'NOUN')",9,"[(3, 0.3514344157981448), (9, 0.49571322924942135)]"
2366,"('réalisation', 'NOUN')",6,"[(6, 0.8222755812617412), (11, 0.13493503373006197)]"
2368,"('réalité', 'NOUN')",6,"[(6, 0.7419392158591006), (11, 0.15361625701437914)]"
2371,"('récit', 'NOUN')",9,"[(3, 0.2512845387944665), (9, 0.5988173542893228)]"
2374,"('récompense', 'NOUN')",11,"[(6, 0.3094526853193227), (11, 0.5712131181675797)]"
2378,"('réduction', 'NOUN')",6,"[(6, 0.4136752899638213), (11, 0.37585378606005887)]"
2380,"('réel', 'ADJ')",1,"[(0, 0.24733581815255182), (1, 0.5030309499192859)]"
2382,"('réflexion', 'NOUN')",6,"[(6, 0.5524542362565528), (11, 0.39643364857742175)]"
2383,"('réforme', 'NOUN')",6,"[(6, 0.7121004175400836), (11, 0.242067957199714)]"
2384,"('réfugié', 'NOUN')",3,"[(3, 0.48144789826927936), (9, 0.11646400679377818), (11, 0.10566039245033343)]"
2385,"('référence', 'NOUN')",6,"[(3, 0.10507481249222593), (6, 0.33627237157038875), (11, 0.25463279992887566)]"
2388,"('région', 'NOUN')",6,"[(6, 0.728405078523536), (11, 0.1654178456822811)]"
2396,"('réponse', 'NOUN')",6,"[(6, 0.5386174942759722), (11, 0.42239300617064895)]"
2398,"('république', 'NOUN')",6,"[(6, 0.68899926302579), (11, 0.15540512392948339)]"
2399,"('réputation', 'NOUN')",6,"[(6, 0.5881899677349655), (11, 0.19659463927886933)]"
2400,"('réputer', 'VERB')",10,"[(1, 0.15987649236407012), (10, 0.3573184662912648)]"
2402,"('réseau', 'NOUN')",9,"[(3, 0.11758331698325024), (9, 0.8499975889733685)]"
2403,"('réserve', 'NOUN')",6,"[(6, 0.4834170930212583), (11, 0.4218307111409707)]"
2405,"('résidence', 'NOUN')",6,"[(6, 0.5026183718454093), (11, 0.3648285993394854)]"
2408,"('résolution', 'NOUN')",6,"[(6, 0.7821049953955453), (11, 0.16613053915123124)]"
2410,"('résultat', 'NOUN')",3,"[(3, 0.4960308029436071), (9, 0.34769885810280765)]"
2412,"('réunion', 'NOUN')",6,"[(6, 0.727847426753675), (11, 0.22248599914951048)]"
2415,"('révolte', 'NOUN')",6,"[(6, 0.7392387479148019), (11, 0.1753480285062959)]"
2416,"('révolution', 'NOUN')",6,"[(6, 0.7117360994845077), (11, 0.19345440850418857)]"
2418,"('rêve', 'NOUN')",3,"[(3, 0.5258504960781619), (9, 0.24502686262501822)]"
2419,"('rôle', 'NOUN')",9,"[(3, 0.13381712984881056), (9, 0.7163455960255702)]"
2421,"('saint', 'NOUN')",3,"[(3, 0.4725230838471758), (9, 0.24700637778915513)]"
2423,"('saison', 'NOUN')",6,"[(6, 0.800873184585261), (11, 0.1508328645371069)]"
2424,"('salarié', 'NOUN')",3,"[(3, 0.49133704837866143), (9, 0.21801380564672454), (11, 0.13472312931226954)]"
2425,"('salle', 'NOUN')",6,"[(6, 0.8453932982485777), (11, 0.1323336088089386)]"
2426,"('salon', 'NOUN')",9,"[(3, 0.21432389902832952), (9, 0.6299442134439379)]"
2427,"('samedi', 'NOUN')",9,"[(3, 0.34804675352368014), (9, 0.39043156532919493)]"
2428,"('sanction', 'NOUN')",11,"[(6, 0.21170749666996988), (11, 0.6562491678019128)]"
2430,"('santé', 'NOUN')",6,"[(6, 0.542078629653556), (11, 0.17289913508055357)]"
2432,"('satisfait', 'ADJ')",10,"[(1, 0.1447713739435284), (10, 0.3565389798445002)]"
2436,"('sauvetage', 'NOUN')",5,"[(3, 0.19902074961451857), (5, 0.3241439465075121)]"
2437,"('savoir', 'NOUN')",9,"[(3, 0.17346911866093523), (9, 0.6676012110747281)]"
2439,"('science', 'NOUN')",11,"[(6, 0.19562665266824453), (11, 0.6375270085292054)]"
2441,"('scientifique', 'NOUN')",3,"[(3, 0.35165507803312834), (9, 0.19958652749546693), (11, 0.11287379307527862)]"
2444,"('sculpteur', 'NOUN')",9,"[(3, 0.20879704037722294), (9, 0.27403532307083905), (10, 0.11230897678382586)]"
2445,"('sculpture', 'NOUN')",11,"[(6, 0.21399678187343651), (11, 0.6673060008618042)]"
2446,"('scène', 'NOUN')",6,"[(6, 0.6415852324010094), (11, 0.2437344410684806)]"
2448,"('scénariste', 'NOUN')",3,"[(1, 0.13040692934227868), (3, 0.23040417383951725), (9, 0.202565301929731), (10, 0.10244140172867536)]"
2449,"('sec', 'ADJ')",1,"[(0, 0.14586882404863902), (1, 0.6355365838310446)]"
2451,"('second', 'NOUN')",9,"[(3, 0.21467403756829534), (9, 0.5466498846348062)]"
2453,"('seconde', 'NOUN')",11,"[(3, 0.12851140510265768), (6, 0.22195380033013803), (11, 0.3292574168204501)]"
2454,"('secours', 'NOUN')",9,"[(3, 0.29833994238795186), (9, 0.449219213303538)]"
2455,"('secret', 'ADJ')",0,"[(0, 0.7865108368938515), (1, 0.12604113347665888)]"
2456,"('secrétaire', 'NOUN')",9,"[(3, 0.24195047731605612), (6, 0.10893613706955775), (9, 0.397950157853506)]"
2458,"('section', 'NOUN')",11,"[(6, 0.39687225832635764), (11, 0.531518585922561)]"
2459,"('seigneur', 'NOUN')",9,"[(3, 0.30925248109154774), (9, 0.4744247979271591)]"
2460,"('seigneurie', 'NOUN')",6,"[(6, 0.5020087211164387), (11, 0.3047827182240715)]"
2461,"('sein', 'NOUN')",9,"[(3, 0.11680271423699352), (9, 0.6455342108467939)]"
2463,"('semaine', 'NOUN')",11,"[(6, 0.2943774232532814), (11, 0.5025289423294854)]"
2466,"('sens', 'NOUN')",9,"[(3, 0.11788050427322823), (9, 0.7797610060415451)]"
2467,"('sensibilité', 'NOUN')",6,"[(6, 0.5439657255973411), (11, 0.2503128359076097)]"
2469,"('sentiment', 'NOUN')",9,"[(3, 0.13730829847530673), (9, 0.6757978423581592)]"
2472,"('septembre', 'NOUN')",3,"[(3, 0.18001920485841463), (9, 0.10527958016562516)]"
2473,"('serbe', 'NOUN')",3,"[(3, 0.20095068713279737), (5, 0.11914780549256856), (9, 0.1469023968745052)]"
2474,"('serveur', 'NOUN')",9,"[(3, 0.3570238077693235), (9, 0.43211852092304776)]"
2475,"('service', 'NOUN')",9,"[(3, 0.32441098218110503), (9, 0.6351182832531228)]"
2477,"('seul', 'ADJ')",2,"[(1, 0.1275534624744257), (2, 0.5786225240513128)]"
2481,"('si', 'SCONJ')",7,"[(2, 0.10677108501341082), (7, 0.2939802183603922)]"
2482,"('sien', 'ADJ')",9,"[(3, 0.22789774530899923), (6, 0.13473620303488212), (9, 0.2683926471271093), (11, 0.2013396359157271)]"
2483,"('signal', 'NOUN')",9,"[(3, 0.1424577389343572), (9, 0.692680392664476)]"
2485,"('signe', 'NOUN')",9,"[(3, 0.19993641071787552), (9, 0.6696196625950276)]"
2491,"('single', 'NOUN')",9,"[(3, 0.22564917434903153), (9, 0.5874118964822039)]"
2494,"('situer', 'VERB')",10,"[(1, 0.10955961244799592), (10, 0.49809770987198465)]"
2496,"('sixième', 'ADJ')",2,"[(1, 0.10802717190569068), (2, 0.44894978029063093)]"
2497,"('siècle', 'NOUN')",9,"[(3, 0.20208216501902798), (6, 0.1147047526022693), (9, 0.3124107235123454)]"
2498,"('siège', 'NOUN')",9,"[(3, 0.19987949355143778), (9, 0.7261855458082274)]"
2504,"('soir', 'NOUN')",9,"[(3, 0.1686587805579421), (9, 0.48086443347710517)]"
2505,"('soirée', 'NOUN')",6,"[(6, 0.7237764627857485), (11, 0.1898439933931295)]"
2506,"('soit', 'ADV')",2,"[(2, 0.20164067737682742), (7, 0.1814710692883566)]"
2507,"('soit', 'CCONJ')",2,"[(2, 0.2157973611081317), (7, 0.19090988260956895)]"
2508,"('sol', 'NOUN')",9,"[(3, 0.12488842268846993), (9, 0.6619156824014026)]"
2510,"('soldat', 'NOUN')",3,"[(3, 0.7072935745769374), (9, 0.10248716585620822)]"
2511,"('soleil', 'NOUN')",9,"[(3, 0.10691788093763661), (9, 0.6864382690026004)]"
2512,"('solidarité', 'NOUN')",6,"[(6, 0.7099873642218506), (11, 0.13987892687638964)]"
2513,"('solution', 'NOUN')",11,"[(6, 0.39761599965065), (11, 0.5030314054742872)]"
2514,"('sombre', 'ADJ')",0,"[(0, 0.43426418274434997), (1, 0.30889751945266414)]"
2515,"('somme', 'NOUN')",6,"[(6, 0.4758653263142141), (11, 0.4070620818043879)]"
2516,"('sommet', 'NOUN')",9,"[(3, 0.15882545302872625), (9, 0.7570279699015232)]"
2518,"('son', 'NOUN')",9,"[(3, 0.19856874158886406), (9, 0.662387494515713)]"
2519,"('sondage', 'NOUN')",9,"[(3, 0.2878472145141721), (9, 0.4563858358823786)]"
2520,"('sorte', 'NOUN')",6,"[(6, 0.37748011847840485), (11, 0.37473228272814535)]"
2521,"('sortie', 'NOUN')",6,"[(6, 0.6930814257192206), (11, 0.19111081509835923)]"
2527,"('sourire', 'NOUN')",9,"[(3, 0.13642657915923753), (9, 0.6688042593170003)]"
2530,"('soutien', 'NOUN')",9,"[(3, 0.11483863863304539), (9, 0.7869348998349264)]"
2531,"('souvenir', 'NOUN')",9,"[(3, 0.29014455164974495), (9, 0.4955875954523237)]"
2533,"('souverain', 'NOUN')",9,"[(3, 0.2138431622511655), (9, 0.6626665742027813)]"
2534,"('souveraineté', 'NOUN')",6,"[(6, 0.7900720955556491), (11, 0.11825794216578925)]"
2537,"('spectacle', 'NOUN')",9,"[(3, 0.10541133168681663), (9, 0.8309229232483497)]"
2538,"('spectateur', 'NOUN')",3,"[(3, 0.4758547875940345), (9, 0.10771860258923202)]"
2539,"('sphère', 'NOUN')",6,"[(6, 0.7486858958177561), (11, 0.17855670099806714)]"
2541,"('sport', 'NOUN')",9,"[(3, 0.33239095802151736), (9, 0.5229664411353104)]"
2545,"('spécialiser', 'VERB')",10,"[(1, 0.14217175085206915), (10, 0.3343963139768036)]"
2546,"('spécialiste', 'NOUN')",3,"[(3, 0.40178064711712386), (9, 0.28889737579113134)]"
2547,"('spécialisé', 'ADJ')",0,"[(0, 0.753115305140845), (1, 0.1497940448297975)]"
2548,"('spécifique', 'ADJ')",1,"[(0, 0.11469151488017706), (1, 0.6830140577018907)]"
2550,"('standard', 'NOUN')",3,"[(3, 0.44568884534796865), (9, 0.37584352378651176)]"
2551,"('station', 'NOUN')",6,"[(6, 0.6830970679647212), (11, 0.26994267542260153)]"
2552,"('statistique', 'NOUN')",11,"[(6, 0.13680709677923597), (11, 0.6457786296323634)]"
2553,"('statue', 'NOUN')",6,"[(6, 0.5029562112681802), (11, 0.3821245313441531)]"
2555,"('stratégie', 'NOUN')",6,"[(6, 0.752649973327108), (11, 0.19919789507319707)]"
2557,"('structure', 'NOUN')",6,"[(6, 0.6796562613252987), (11, 0.2549563759700236)]"
2558,"('studio', 'NOUN')",9,"[(3, 0.13336809628128635), (9, 0.7737231489032067)]"
2559,"('style', 'NOUN')",9,"[(3, 0.29179249596222184), (9, 0.5870927882229869)]"
2561,"('successeur', 'NOUN')",9,"[(3, 0.30690943617290506), (9, 0.3229692126112921)]"
2562,"('succession', 'NOUN')",6,"[(6, 0.7170178432516982), (11, 0.15143879247063616)]"
2563,"('succès', 'NOUN')",9,"[(3, 0.1551188891109745), (9, 0.7282670017819194)]"
2565,"('sud', 'NOUN')",9,"[(3, 0.10925257549553911), (9, 0.6914835939485806)]"
2566,"('sud-est', 'NOUN')",9,"[(3, 0.10203057942468775), (9, 0.7081282631365946)]"
2567,"('sud-ouest', 'NOUN')",9,"[(3, 0.1149604010576394), (9, 0.6579342430737921)]"
2569,"('suffrage', 'NOUN')",3,"[(3, 0.4049979222898164), (9, 0.18660461744493775), (11, 0.15629576879227083)]"
2572,"('suite', 'NOUN')",6,"[(6, 0.6589022274224838), (11, 0.18274531826602952)]"
2577,"('super', 'ADJ')",2,"[(1, 0.12483987815043188), (2, 0.3846726577948007)]"
2578,"('superbe', 'ADJ')",1,"[(1, 0.43923946573798744), (2, 0.1612534281733562)]"
2579,"('superficie', 'NOUN')",6,"[(6, 0.4179478945474077), (9, 0.10770580556236369), (11, 0.2608457691073278)]"
2581,"('support', 'NOUN')",9,"[(3, 0.3403914189870813), (9, 0.535956749528865)]"
2583,"('suppression', 'NOUN')",6,"[(6, 0.4889481496660005), (11, 0.27338452345358405)]"
2585,"('supérieur', 'ADJ')",1,"[(0, 0.215035733373683), (1, 0.5983936485643142)]"
2587,"('surface', 'NOUN')",6,"[(6, 0.8214183468120864), (11, 0.14213176836274896)]"
2590,"('surprise', 'NOUN')",6,"[(6, 0.7058091363837556), (11, 0.17327662663810567)]"
2593,"('survenir', 'VERB')",10,"[(1, 0.15655677066701854), (10, 0.3370123240776421)]"
2595,"('sushi', 'NOUN')",3,"[(3, 0.5417469730274406), (9, 0.13011419822309964)]"
2596,"('suspension', 'NOUN')",6,"[(6, 0.5668369686494075), (11, 0.17486913839438378)]"
2599,"('sympa', 'ADJ')",1,"[(1, 0.41018651798035327), (10, 0.18639684535843912)]"
2600,"('sympathique', 'ADJ')",1,"[(1, 0.42383212323919933), (10, 0.17278641530694142)]"
2601,"('syndicat', 'NOUN')",9,"[(3, 0.1672846783577725), (9, 0.722210922236998)]"
2602,"('synthèse', 'NOUN')",6,"[(6, 0.6781513981399697), (11, 0.17862867306650546)]"
2604,"('séance', 'NOUN')",6,"[(6, 0.6475292876820756), (11, 0.28399555401930493)]"
2605,"('sécurité', 'NOUN')",6,"[(5, 0.14818025502571602), (6, 0.3771397982464252), (11, 0.17650139372026594)]"
2606,"('séjour', 'NOUN')",9,"[(3, 0.2891355397829021), (9, 0.4025426702870334)]"
2607,"('sélection', 'NOUN')",6,"[(6, 0.6944314704257848), (11, 0.26006434352563873)]"
2609,"('sénateur', 'NOUN')",9,"[(3, 0.20665619122253734), (9, 0.6238442204203267)]"
2613,"('sûr', 'ADJ')",10,"[(1, 0.2318772705676095), (10, 0.35165036974414493)]"
2614,"('sœur', 'NOUN')",6,"[(6, 0.375976257859352), (11, 0.33606524904254126)]"
2615,"('table', 'NOUN')",6,"[(6, 0.7672603204178472), (11, 0.1763941978876213)]"
2616,"('tableau', 'NOUN')",9,"[(3, 0.11653592604789727), (9, 0.7950351195576079)]"
2617,"('taille', 'NOUN')",6,"[(6, 0.7815484532303671), (11, 0.1344863400674382)]"
2618,"('talent', 'NOUN')",3,"[(3, 0.48778688884411797), (9, 0.3147075989388007)]"
2620,"('tard', 'ADV')",7,"[(1, 0.10952236116285344), (7, 0.18819644018584752)]"
2621,"('tarif', 'NOUN')",3,"[(3, 0.36999116743870974), (9, 0.250674570318383), (11, 0.1446375749861144)]"
2622,"('taux', 'NOUN')",9,"[(3, 0.11694933508068153), (9, 0.7481199084907783)]"
2624,"('technique', 'NOUN')",11,"[(6, 0.1871797970598172), (11, 0.7776872016562004)]"
2625,"('technologie', 'NOUN')",11,"[(6, 0.3277831485501292), (11, 0.6420879639952708)]"
2627,"('tel', 'DET')",2,"[(1, 0.11195658250008221), (2, 0.22591434036343724)]"
2629,"('temps', 'NOUN')",9,"[(3, 0.1558593527051189), (9, 0.7530379413654544)]"
2630,"('température', 'NOUN')",11,"[(6, 0.38005845441694336), (11, 0.5602719447725165)]"
2631,"('tendance', 'NOUN')",6,"[(6, 0.32395888723969174), (11, 0.22694478405018573)]"
2634,"('tennis', 'NOUN')",5,"[(3, 0.1662516871041106), (5, 0.30318376023141114), (9, 0.12512420389353118)]"
2635,"('tension', 'NOUN')",11,"[(6, 0.18028501935573268), (11, 0.7624683941801765)]"
2636,"('tentative', 'NOUN')",6,"[(6, 0.49515291353690105), (11, 0.34155332529833504)]"
2638,"('terme', 'NOUN')",9,"[(3, 0.11263640408126344), (9, 0.8351590115305196)]"
2640,"('terrain', 'NOUN')",9,"[(3, 0.11421740908102794), (9, 0.8417566624226668)]"
2641,"('terre', 'NOUN')",11,"[(6, 0.26379758083380556), (11, 0.6530663670371548)]"
2644,"('territorial', 'ADJ')",0,"[(0, 0.47505511753499613), (1, 0.22656493405286662)]"
2646,"('test', 'NOUN')",3,"[(3, 0.5585690276204573), (9, 0.33035294677996874)]"
2648,"('texte', 'NOUN')",9,"[(3, 0.241757858502777), (9, 0.6553427364788309)]"
2649,"('thème', 'NOUN')",3,"[(3, 0.6851157013009329), (9, 0.24426975988122698)]"
2650,"('thèse', 'NOUN')",6,"[(6, 0.46136546484488566), (11, 0.2616132904148576)]"
2651,"('théorie', 'NOUN')",6,"[(6, 0.735604748599737), (11, 0.2081738649232752)]"
2653,"('tiers', 'NOUN')",3,"[(3, 0.4084958652062341), (9, 0.2930438103209308), (11, 0.11384364142610072)]"
2654,"('tir', 'NOUN')",3,"[(3, 0.620240488845398), (9, 0.2479497255891326)]"
2657,"('toi', 'PRON')",7,"[(3, 0.10418203827827467), (7, 0.18398788431585925), (10, 0.10476916569077155)]"
2658,"('toilette', 'NOUN')",11,"[(3, 0.11561439303056961), (6, 0.129889237331866), (11, 0.5282875708905259)]"
2660,"('tonne', 'NOUN')",11,"[(3, 0.1618144527129883), (6, 0.11915003064101877), (11, 0.22092531694958817)]"
2661,"('top', 'NOUN')",9,"[(3, 0.16237483854063572), (9, 0.5675213740963517)]"
2663,"('total', 'NOUN')",9,"[(3, 0.12426696060689939), (9, 0.6921757882366144)]"
2665,"('totalité', 'NOUN')",6,"[(6, 0.6345634424745482), (11, 0.17531399311989834)]"
2674,"('tournée', 'NOUN')",6,"[(6, 0.716688843009588), (11, 0.2088192867325707)]"
2675,"('tout', 'ADJ')",2,"[(1, 0.12062171106326257), (2, 0.27658814614150995)]"
2677,"('tout', 'DET')",2,"[(2, 0.27320782664607496), (4, 0.11300900210424317)]"
2678,"('tout', 'PRON')",3,"[(3, 0.20923499841215512), (7, 0.12019248171560568), (9, 0.11625531014714045), (10, 0.10258451590148775)]"
2680,"('trace', 'NOUN')",11,"[(6, 0.25561984589943715), (11, 0.539391601325715)]"
2681,"('tradition', 'NOUN')",6,"[(6, 0.4970289827857621), (11, 0.42980631676295955)]"
2687,"('train', 'NOUN')",3,"[(3, 0.6117970349959246), (9, 0.29118359026265184)]"
2688,"('trait', 'NOUN')",3,"[(3, 0.6644977285615681), (9, 0.1594923267871977)]"
2689,"('traitement', 'NOUN')",9,"[(3, 0.4339859209945266), (9, 0.44278531165881296)]"
2692,"('trajet', 'NOUN')",9,"[(3, 0.20887577057678902), (9, 0.673380343608164)]"
2693,"('transfert', 'NOUN')",9,"[(3, 0.2081187067405464), (9, 0.6137447658425721)]"
2694,"('transformation', 'NOUN')",11,"[(6, 0.34040578846191283), (11, 0.5071080594558218)]"
2698,"('transmission', 'NOUN')",6,"[(6, 0.5478485825240905), (11, 0.22740622955209494)]"
2699,"('transport', 'NOUN')",3,"[(3, 0.40738432605513114), (9, 0.3941046261151117)]"
2701,"('travail', 'NOUN')",9,"[(3, 0.32816244414185436), (9, 0.6201772522105513)]"
2704,"('tribu', 'NOUN')",11,"[(6, 0.33223454144089526), (11, 0.5621080210471086)]"
2706,"('trimestre', 'NOUN')",9,"[(3, 0.2260480711329181), (6, 0.10589852371824), (9, 0.34193992795069533)]"
2708,"('troisième', 'ADJ')",2,"[(1, 0.11484597242104536), (2, 0.4740470894240569)]"
2710,"('trophée', 'NOUN')",9,"[(3, 0.11521765436443447), (9, 0.7336956147224887)]"
2713,"('très', 'ADV')",7,"[(2, 0.1381473201305045), (7, 0.35088999829639855)]"
2714,"('trésor', 'NOUN')",9,"[(3, 0.3888197193684826), (9, 0.4511374235061633)]"
2717,"('turc', 'ADJ')",0,"[(0, 0.8399865995952311), (1, 0.1055920847733127)]"
2718,"('type', 'NOUN')",3,"[(3, 0.5389186143884801), (9, 0.2699099027650427)]"
2720,"('tâche', 'NOUN')",11,"[(6, 0.3519708135596911), (11, 0.5369168643459353)]"
2721,"('téléphone', 'NOUN')",9,"[(3, 0.4014263039073558), (9, 0.48987959419972316)]"
2722,"('télévision', 'NOUN')",6,"[(6, 0.5438308467263184), (11, 0.1824116255079432)]"
2724,"('témoignage', 'NOUN')",3,"[(3, 0.7576153378694526), (9, 0.15740382311895937)]"
2726,"('témoin', 'NOUN')",3,"[(3, 0.43718329413380475), (9, 0.26645464820126646)]"
2727,"('tête', 'NOUN')",6,"[(6, 0.8144438203362989), (11, 0.11236283438943584)]"
2728,"('tôt', 'ADV')",7,"[(1, 0.10101332882703447), (7, 0.25598659278949576), (10, 0.10131112423203323)]"
2729,"('ultime', 'ADJ')",2,"[(1, 0.11641734221335404), (2, 0.42820957073293614)]"
2732,"('un', 'PRON')",9,"[(3, 0.18655830236634405), (6, 0.15667750347564968), (9, 0.19917943050285125), (10, 0.1439197523020635), (11, 0.1452632929727039)]"
2733,"('uni', 'ADJ')",0,"[(0, 0.27290790958954286), (1, 0.15525158574249825)]"
2734,"('union', 'NOUN')",6,"[(6, 0.5763920846362349), (11, 0.22391393130303658)]"
2735,"('unique', 'ADJ')",1,"[(0, 0.3845900685751004), (1, 0.43504810499670726)]"
2737,"('unité', 'NOUN')",11,"[(6, 0.41063363421335697), (11, 0.549238813654567)]"
2741,"('université', 'NOUN')",6,"[(6, 0.5536482675196562), (9, 0.12632866239754548), (11, 0.19647119749723693)]"
2743,"('urgence', 'NOUN')",6,"[(6, 0.40132199606833824), (11, 0.22279728752904823)]"
2744,"('usage', 'NOUN')",9,"[(3, 0.14182192656726225), (9, 0.7660335095448284)]"
2745,"('usine', 'NOUN')",6,"[(6, 0.8022412614890696), (11, 0.14599852996627358)]"
2747,"('utilisateur', 'NOUN')",9,"[(3, 0.35372554853263255), (9, 0.49112536102039994)]"
2748,"('utilisation', 'NOUN')",6,"[(6, 0.5553805865314778), (9, 0.12626874332467633), (11, 0.20346652999893253)]"
2750,"('vacance', 'NOUN')",11,"[(3, 0.11671773434715545), (6, 0.1366869010966459), (11, 0.5540871328408459)]"
2751,"('vague', 'NOUN')",6,"[(6, 0.6462614642531614), (11, 0.18836674694070718)]"
2753,"('vainqueur', 'NOUN')",9,"[(3, 0.2430395663135154), (9, 0.45597494938211997)]"
2754,"('vaisseau', 'NOUN')",3,"[(3, 0.5914839530988817), (9, 0.28831937129492125)]"
2755,"('valeur', 'NOUN')",11,"[(6, 0.27983345596850706), (11, 0.6715169202080344)]"
2756,"('vallée', 'NOUN')",6,"[(6, 0.7587375192001813), (11, 0.15069725254757818)]"
2760,"('varié', 'ADJ')",1,"[(1, 0.38924243739098524), (3, 0.1090133794769828), (10, 0.11766501271257783)]"
2761,"('vaste', 'ADJ')",2,"[(1, 0.12905503135694837), (2, 0.5308193835306475)]"
2763,"('vendredi', 'NOUN')",9,"[(3, 0.2584487745110509), (9, 0.262627699944021)]"
2765,"('vent', 'NOUN')",3,"[(3, 0.4616195249733465), (9, 0.4068386111215462)]"
2766,"('vente', 'NOUN')",6,"[(6, 0.515908232489485), (11, 0.35537685298284566)]"
2767,"('verre', 'NOUN')",3,"[(3, 0.6066488517575435), (9, 0.2531306061326901)]"
2768,"('vers', 'ADP')",2,"[(2, 0.4206110137425394), (7, 0.10258515590667934)]"
2770,"('version', 'NOUN')",6,"[(6, 0.603176263973849), (11, 0.29977409070346456)]"
2772,"('vestige', 'NOUN')",3,"[(3, 0.33547634777808094), (9, 0.3193533914906462), (11, 0.15261482553004027)]"
2774,"('viande', 'NOUN')",6,"[(6, 0.5858188186584219), (11, 0.2034741011861673)]"
2775,"('vice-président', 'NOUN')",9,"[(3, 0.3009162271260485), (9, 0.4175171857798487)]"
2776,"('victime', 'NOUN')",11,"[(6, 0.1340305985311152), (11, 0.7285162440749575)]"
2777,"('victoire', 'NOUN')",6,"[(6, 0.45905045178200776), (11, 0.44068085685586256)]"
2778,"('vidéo', 'ADJ')",0,"[(0, 0.33898003980966573), (1, 0.12583856409971506)]"
2779,"('vidéo', 'NOUN')",11,"[(3, 0.11079897765868608), (6, 0.2112371760205083), (11, 0.42642444886488257)]"
2782,"('villa', 'NOUN')",6,"[(6, 0.6055602279133552), (11, 0.19085253854339584)]"
2783,"('village', 'NOUN')",9,"[(3, 0.10392933905314897), (9, 0.7835048478546337)]"
2785,"('vin', 'NOUN')",9,"[(3, 0.32347758505388335), (9, 0.5834628833345202)]"
2787,"('vingtaine', 'NOUN')",6,"[(6, 0.3622750353617658), (9, 0.1001335282318289), (11, 0.2378041561837121)]"
2788,"('violence', 'NOUN')",6,"[(6, 0.48475948611280006), (11, 0.3778107207481887)]"
2789,"('violent', 'ADJ')",1,"[(0, 0.18865696557456052), (1, 0.393214023696024)]"
2790,"('vis-à-vis', 'ADV')",1,"[(1, 0.11676160126326031), (10, 0.11252279367054202)]"
2791,"('visage', 'NOUN')",9,"[(3, 0.1531592195424522), (9, 0.7526777203964774)]"
2792,"('viser', 'VERB')",10,"[(1, 0.11486583927115196), (10, 0.37731184256475003)]"
2793,"('visible', 'ADJ')",10,"[(1, 0.19411267896465342), (10, 0.4147787973085162)]"
2794,"('vision', 'NOUN')",6,"[(6, 0.6261901564470049), (11, 0.24499569013906378)]"
2795,"('visite', 'NOUN')",6,"[(6, 0.5733152977622421), (11, 0.3061403090732584)]"
2799,"('vitesse', 'NOUN')",6,"[(6, 0.766501334114004), (11, 0.17383928913486216)]"
2800,"('vivant', 'ADJ')",1,"[(0, 0.16414951484348514), (1, 0.569339468923524)]"
2803,"('voie', 'NOUN')",6,"[(6, 0.6715640152005173), (11, 0.28794336419529193)]"
2806,"('voire', 'CCONJ')",2,"[(2, 0.2115000956055258), (7, 0.14124828883011298)]"
2807,"('voisin', 'ADJ')",0,"[(0, 0.6825145635306458), (1, 0.15012432692371197)]"
2808,"('voisin', 'NOUN')",3,"[(3, 0.41078478564489324), (9, 0.14316011914337026), (11, 0.13233744466989472)]"
2809,"('voiture', 'NOUN')",11,"[(6, 0.3376437682988684), (11, 0.5956818530363985)]"
2810,"('voix', 'NOUN')",11,"[(6, 0.1858379831159838), (11, 0.6953846932187503)]"
2813,"('volonté', 'NOUN')",6,"[(6, 0.6307086883554296), (11, 0.22828143500594772)]"
2814,"('volume', 'NOUN')",3,"[(3, 0.6571150584781497), (9, 0.24227381474690682)]"
2818,"('vous', 'PRON')",7,"[(3, 0.10751017030152694), (7, 0.17859873798828854)]"
2819,"('voyage', 'NOUN')",9,"[(3, 0.3605785964930061), (9, 0.5548804499908854)]"
2820,"('voyageur', 'NOUN')",3,"[(3, 0.45801335483219174), (9, 0.20352556729229274), (11, 0.13739439355845354)]"
2821,"('vrai', 'ADJ')",2,"[(1, 0.1317358149666261), (2, 0.5071651381594696)]"
2823,"('vue', 'NOUN')",6,"[(6, 0.5767474586470267), (11, 0.2092272774008469)]"
2824,"('véhicule', 'NOUN')",9,"[(3, 0.2458075505044821), (9, 0.6966523884678516)]"
2825,"('vélo', 'NOUN')",9,"[(3, 0.26060377054688744), (9, 0.5440876229377709)]"
2827,"('véritable', 'ADJ')",2,"[(1, 0.10776057604802577), (2, 0.4465416521421944)]"
2829,"('web', 'NOUN')",9,"[(1, 0.1298969791771794), (3, 0.17139735944156945), (9, 0.21783570542029507)]"
2831,"('y', 'PRON')",7,"[(7, 0.23019914340744785), (10, 0.10169727050808958)]"
2832,"('zone', 'NOUN')",6,"[(6, 0.7694740240258262), (11, 0.20199226019396557)]"
2833,"('°', 'NOUN')",3,"[(3, 0.1870595253942587), (10, 0.10272488874779608), (11, 0.12658836087517494)]"
2835,"('Édouard', 'PROPN')",8,"[(7, 0.11337277758659257), (8, 0.3635717165074269)]"
2836,"('Égypte', 'PROPN')",5,"[(5, 0.32412784268447353), (6, 0.18771906043976186), (9, 0.12103200406476684), (11, 0.11989336575182408)]"
2837,"('État', 'NOUN')",9,"[(3, 0.1916207633730277), (6, 0.11150575204332397), (9, 0.4843988505084498)]"
2838,"('États-Unis', 'PROPN')",11,"[(3, 0.18785330151346638), (6, 0.12443508566687383), (9, 0.1421923297137621), (11, 0.24777685836496186)]"
2839,"('à', 'ADP')",2,"[(2, 0.4743044458053167), (7, 0.10216680697879206)]"
2841,"('âgé', 'ADJ')",1,"[(1, 0.5606265807471158), (10, 0.11282248960741773)]"
2842,"('âme', 'NOUN')",6,"[(6, 0.5031969488822459), (11, 0.32500508168193176)]"
2843,"('ça', 'PRON')",7,"[(3, 0.13771528919765436), (7, 0.16147495493929914), (9, 0.10416737598699165), (10, 0.10566177864374744)]"
2844,"('ère', 'NOUN')",6,"[(6, 0.586285075362639), (11, 0.20286216278170707)]"
2845,"('échange', 'NOUN')",3,"[(3, 0.6467907150328082), (9, 0.19569705419739866)]"
2847,"('échec', 'NOUN')",3,"[(3, 0.5476682705833044), (9, 0.28123853951509764)]"
2848,"('échelle', 'NOUN')",6,"[(6, 0.7433035239962138), (11, 0.13974608235874658)]"
2850,"('école', 'NOUN')",6,"[(6, 0.8063165203979148), (11, 0.15178670841486927)]"
2851,"('économie', 'NOUN')",6,"[(6, 0.5863752921244594), (11, 0.256645214886204)]"
2853,"('économiste', 'NOUN')",9,"[(3, 0.31481177435126056), (9, 0.4099347031619232)]"
2855,"('écoute', 'NOUN')",6,"[(6, 0.4315889080917237), (9, 0.15139361238974575), (11, 0.2212196307971171)]"
2856,"('écran', 'NOUN')",9,"[(3, 0.13513377126117052), (9, 0.641948256514955)]"
2858,"('écriture', 'NOUN')",6,"[(6, 0.6846325409068937), (11, 0.1570019993618303)]"
2859,"('écrivain', 'NOUN')",9,"[(3, 0.2954438887626919), (9, 0.3692597920319069)]"
2860,"('édifice', 'NOUN')",9,"[(3, 0.11375481756383556), (9, 0.8223854206926068)]"
2862,"('éditeur', 'NOUN')",9,"[(3, 0.2038162263114011), (9, 0.618764042746982)]"
2863,"('édition', 'NOUN')",6,"[(6, 0.4519876968932454), (11, 0.45168330825444686)]"
2865,"('éducation', 'NOUN')",6,"[(6, 0.5745208451443767), (11, 0.18608288805034487)]"
2866,"('égal', 'ADJ')",1,"[(1, 0.4527260781551496), (10, 0.16476538028053264)]"
2868,"('égalité', 'NOUN')",6,"[(5, 0.119385652795606), (6, 0.30045073100533876), (11, 0.18290732909728497)]"
2869,"('église', 'NOUN')",6,"[(6, 0.708159402163715), (11, 0.189502643448397)]"
2871,"('élaborer', 'VERB')",10,"[(1, 0.11683527362884163), (10, 0.49957182766935554)]"
2872,"('élection', 'NOUN')",11,"[(6, 0.15425313632951412), (11, 0.7236701241472682)]"
2874,"('électricité', 'NOUN')",6,"[(5, 0.1309972933636655), (6, 0.3087094985948912), (11, 0.1802778686208403)]"
2877,"('élevage', 'NOUN')",9,"[(3, 0.1728458551844973), (9, 0.571331938664541)]"
2879,"('élevé', 'ADJ')",1,"[(1, 0.5414165174876022), (10, 0.12727187659047895)]"
2882,"('élite', 'NOUN')",6,"[(6, 0.48035733416372844), (11, 0.29453900810066913)]"
2884,"('élève', 'NOUN')",3,"[(3, 0.7320345352516003), (9, 0.1350167997735191)]"
2885,"('élément', 'NOUN')",3,"[(3, 0.6826755023946481), (9, 0.16866815054711284)]"
2887,"('émission', 'NOUN')",6,"[(6, 0.5286015071100015), (11, 0.4264446374025824)]"
2888,"('émotion', 'NOUN')",11,"[(6, 0.14325499598634553), (11, 0.7223164428046542)]"
2889,"('énergie', 'NOUN')",6,"[(6, 0.6055061638018508), (11, 0.23972205024332974)]"
2891,"('énorme', 'ADJ')",1,"[(1, 0.5215165863019472), (2, 0.15553618113192255)]"
2892,"('épisode', 'NOUN')",3,"[(3, 0.6998978026424304), (9, 0.20321085355323973)]"
2893,"('époque', 'NOUN')",6,"[(6, 0.6970189417772964), (11, 0.16802047682315485)]"
2894,"('épouse', 'NOUN')",6,"[(3, 0.10579982578646034), (6, 0.2919523986290639), (9, 0.13348180334888726), (11, 0.19507932565736108)]"
2896,"('épreuve', 'NOUN')",6,"[(6, 0.5477905719554014), (11, 0.3935940388148823)]"
2897,"('équipage', 'NOUN')",9,"[(3, 0.3091189010951247), (6, 0.10007732586113718), (9, 0.34759489158548684)]"
2898,"('équipe', 'NOUN')",6,"[(6, 0.6906490851872448), (11, 0.27398782951098716)]"
2899,"('équipement', 'NOUN')",3,"[(3, 0.5716098833541113), (9, 0.21443769882870548)]"
2902,"('établissement', 'NOUN')",9,"[(3, 0.20151814755321112), (9, 0.7468582184435496)]"
2903,"('étage', 'NOUN')",9,"[(3, 0.40491007514025723), (9, 0.4345473394097573)]"
2904,"('étang', 'NOUN')",9,"[(3, 0.1489859546138582), (6, 0.14130195445186888), (9, 0.4566588825618568)]"
2905,"('étape', 'NOUN')",6,"[(6, 0.6489469266389297), (11, 0.21649389875211103)]"
2906,"('état', 'NOUN')",9,"[(3, 0.2508540280168291), (9, 0.6945881919426399)]"
2908,"('étoile', 'NOUN')",11,"[(6, 0.10176628907886115), (11, 0.8523146055112019)]"
2910,"('étranger', 'ADJ')",0,"[(0, 0.49018857547564154), (1, 0.16879830636998727)]"
2911,"('étranger', 'NOUN')",9,"[(3, 0.1791590128498628), (6, 0.1467159615117901), (9, 0.3986275424941748), (11, 0.1222688196047839)]"
2913,"('étudiant', 'NOUN')",3,"[(3, 0.4881515060220108), (9, 0.1829308709536503), (11, 0.161667532039051)]"
2915,"('été', 'NOUN')",9,"[(3, 0.3620174064944425), (9, 0.38509653530779586)]"
2917,"('éventuel', 'ADJ')",2,"[(0, 0.13975448489900644), (1, 0.21781998699964913), (2, 0.30340090109404116)]"
2919,"('évidence', 'NOUN')",5,"[(5, 0.161120954943923), (6, 0.14951453250486593), (11, 0.12438827864170297)]"
2922,"('évolution', 'NOUN')",6,"[(6, 0.8211194128008954), (11, 0.11276220682009595)]"
2924,"('évènement', 'NOUN')",3,"[(3, 0.43387378109902736), (9, 0.42234924489779463)]"
2925,"('événement', 'NOUN')",9,"[(3, 0.36128264064391646), (9, 0.47335736675337786)]"
2926,"('évêque', 'NOUN')",9,"[(3, 0.2611948403535398), (9, 0.48217906088528956)]"
2927,"('être', 'AUX')",7,"[(2, 0.1422797881893786), (7, 0.1778499200756768), (10, 0.12663921891128832)]"
2929,"('île', 'NOUN')",6,"[(6, 0.5030823638900447), (11, 0.32856807877397387)]"
2930,"('œil', 'NOUN')",3,"[(3, 0.43356821161846537), (9, 0.2517758441926221), (11, 0.1589477690367208)]"
2932,"('œuvre', 'NOUN')",11,"[(6, 0.35324196175910627), (11, 0.5618762693727708)]"
2934,"('€', 'NOUN')",3,"[(3, 0.16759404003306477), (11, 0.11517309771943456), (12, 0.13389734405776324)]"
