row_idx,lexunit,primary_cluster,clusters_above_threshold,entropy
0,"('$', 'NOUN')",6,"[(2, 0.128206817996798), (4, 0.10031839479628517), (5, 0.1459770486041032), (6, 0.16058179516475574), (7, 0.13425617271726506), (8, 0.11890324043113745)]",0.888182641267946
1,"('%', 'NOUN')",5,"[(5, 0.15485693440929038), (6, 0.12962667559768176), (7, 0.14714014656720215), (8, 0.13307938836536654)]",0.7964094846195534
2,"('&', 'CCONJ')",1,"[(0, 0.11427567214695541), (1, 0.19492186520842017), (3, 0.11920833642674886), (4, 0.10873204093335137)]",0.7656470075218907
3,"('/', 'ADP')",1,"[(0, 0.14366121927568976), (1, 0.4049688184573576)]",0.9302715639253182
4,"('/', 'CCONJ')",1,"[(0, 0.11638331436529192), (1, 0.311771655803515), (3, 0.1302951436553369)]",0.8003053223439593
5,"('0', 'NUM')",6,"[(1, 0.1443836021365956), (2, 0.12566892170388752), (6, 0.25439340972825064)]",0.8085707468960945
6,"('1', 'NUM')",0,"[(0, 0.18160111007859342), (7, 0.15763667559464684), (8, 0.1289717190308394)]",0.7875243353207122
7,"('10', 'NUM')",7,"[(0, 0.1076125930542183), (1, 0.1795173761827946), (7, 0.22391201500208913), (8, 0.1376873098909001)]",0.8340920092485754
9,"('11', 'NUM')",7,"[(7, 0.42547516829051624), (8, 0.2030365113480191)]",0.9915707371156679
10,"('12', 'NUM')",7,"[(0, 0.12709695603489096), (1, 0.14088790059654635), (7, 0.25797112971032404), (8, 0.15337550650366488)]",0.847852127395622
11,"('13', 'NUM')",7,"[(7, 0.3742529871940466), (8, 0.18327493167679154)]",0.9793007677796011
12,"('14', 'NUM')",7,"[(0, 0.10107816743270495), (7, 0.32330661179961234), (8, 0.1680867551734479)]",0.8159976418765854
13,"('15', 'NUM')",7,"[(0, 0.1297340402515728), (1, 0.1603779950414712), (7, 0.24523147154667596), (8, 0.14748540860340595)]",0.8551255693225375
14,"('150', 'NUM')",1,"[(0, 0.1105248589851515), (1, 0.43651097941870626)]",0.8732269737439553
15,"('16', 'NUM')",7,"[(0, 0.11320648477475778), (7, 0.3284379749491136), (8, 0.17487882574129684)]",0.8349076914226305
16,"('17', 'NUM')",7,"[(0, 0.10105732160296141), (7, 0.3754247693872799), (8, 0.18771487345880064)]",0.8314562509002651
17,"('18', 'NUM')",7,"[(7, 0.3896181555452322), (8, 0.19005458449949714)]",0.9851074148438003
18,"('1868', 'NUM')",6,"[(2, 0.10012523567926215), (6, 0.6652375237271293)]",0.7236266547577928
19,"('19', 'NUM')",7,"[(7, 0.3771753849417788), (8, 0.19418241571272554)]",0.9897171489934908
20,"('1905', 'NUM')",6,"[(2, 0.17278552957963658), (6, 0.5540165316600602)]",0.9096779321835584
34,"('1934', 'NUM')",6,"[(2, 0.1397578838033519), (6, 0.665679057596538)]",0.7875934612265537
35,"('1935', 'NUM')",6,"[(2, 0.16039932756992023), (6, 0.6394950844751337)]",0.8359669489737935
65,"('1966', 'NUM')",6,"[(2, 0.10633911924514201), (6, 0.7648759347812193)]",0.6396008725007299
73,"('1974', 'NUM')",6,"[(2, 0.15583141832760347), (6, 0.7199599807170936)]",0.7592000426845953
91,"('1992', 'NUM')",6,"[(2, 0.18639378542885718), (6, 0.6268848013368776)]",0.8740888765802877
100,"('1er', 'NUM')",7,"[(7, 0.41252365395216556), (8, 0.21613260062302195)]",1.0046343675571432
101,"('2', 'NUM')",1,"[(0, 0.12445369998625429), (1, 0.303414690046169), (7, 0.13424286707723124)]",0.8108247303518633
102,"('20', 'NUM')",7,"[(0, 0.12740588312722964), (1, 0.18788873748158103), (7, 0.2240917589109734), (8, 0.13943960106475323)]",0.8558958670095672
117,"('21', 'NUM')",7,"[(7, 0.43947191661910573), (8, 0.1949505176668608)]",0.9811359436513284
118,"('22', 'NUM')",7,"[(0, 0.10056046409807391), (7, 0.3562420535184846), (8, 0.18293631302717575)]",0.8277889968097147
119,"('23', 'NUM')",7,"[(0, 0.10389656605151562), (7, 0.3608590328914073), (8, 0.18785738451364734)]",0.8348553102362081
120,"('24', 'NUM')",7,"[(0, 0.11297202010473358), (7, 0.3534389275709065), (8, 0.18268517984676608)]",0.8415196982345096
121,"('25', 'NUM')",7,"[(7, 0.4341721901977027), (8, 0.19732609311643579)]",0.9846047631645967
122,"('26', 'NUM')",7,"[(7, 0.4295049070277399), (8, 0.20541793657408827)]",0.9927196718031739
123,"('27', 'NUM')",7,"[(7, 0.4510832342831149), (8, 0.2046971914268111)]",0.9865212081965677
124,"('28', 'NUM')",7,"[(7, 0.43883967537025387), (8, 0.20441898327945993)]",0.9896452976456107
125,"('29', 'NUM')",7,"[(7, 0.4138815845878244), (8, 0.20871689008608627)]",0.9985308855734258
127,"('3', 'NUM')",1,"[(0, 0.12436623275024807), (1, 0.2364119007524893), (7, 0.17873678325154546), (8, 0.11796291802208858)]",0.8368218392429234
128,"('30', 'NUM')",7,"[(0, 0.11273842362085168), (1, 0.11565655132538882), (7, 0.28137930934021055), (8, 0.16775511756295886)]",0.8308820013266413
129,"('31', 'NUM')",7,"[(7, 0.4565112492722796), (8, 0.20042211205738064)]",0.9811971002707939
135,"('4', 'NUM')",1,"[(0, 0.14015651700397105), (1, 0.30540266182027365), (7, 0.14666157674006217), (8, 0.10363486091414893)]",0.8325186838965045
137,"('400', 'NUM')",1,"[(0, 0.11282821495222323), (1, 0.45106311469706806)]",0.8732512212821215
139,"('45', 'NUM')",1,"[(1, 0.36162919761966555), (6, 0.1156749066687734)]",0.8906240153326629
140,"('5', 'NUM')",1,"[(0, 0.13076095621094203), (1, 0.2062956179442842), (7, 0.205913638343498), (8, 0.1301422288847414)]",0.8529400151848523
142,"('500', 'NUM')",1,"[(0, 0.10058478242318569), (1, 0.46383103387867736)]",0.8473665572616178
143,"('6', 'NUM')",7,"[(7, 0.36137530134020646), (8, 0.1880071072732883)]",0.9839660263489368
145,"('7', 'NUM')",7,"[(0, 0.1092054902948621), (7, 0.34558800414914154), (8, 0.1778192541113745)]",0.8338882100284429
146,"('70', 'NUM')",1,"[(1, 0.35515663086222293), (6, 0.1145855616296427)]",0.8885542198573707
148,"('8', 'NUM')",7,"[(0, 0.11980297595121105), (1, 0.10549778911825315), (7, 0.30500227564377375), (8, 0.16481704331419714)]",0.8301300975393262
150,"('9', 'NUM')",7,"[(7, 0.3913349944001146), (8, 0.1954510013770737)]",0.9899920756788266
152,"('=', 'VERB')",5,"[(5, 0.3052227459239121), (7, 0.1128635287845064), (8, 0.10917645430112376)]",0.7739174285170697
153,"('A', 'PROPN')",2,"[(2, 0.2467208499728109), (4, 0.1404883840062066), (6, 0.13660923249662008), (7, 0.11073511910066032), (8, 0.10556143514851195)]",0.8537059788776207
155,"('Afrique', 'PROPN')",2,"[(2, 0.27727512450127945), (7, 0.2671754487538477), (8, 0.24237102745276)]",0.9574020784273832
158,"('Alex', 'PROPN')",4,"[(2, 0.2839516320910201), (4, 0.4076744520242908)]",1.0434753684405633
161,"('Algérie', 'PROPN')",8,"[(2, 0.23832299690214281), (7, 0.27716681508151986), (8, 0.28117994431281135)]",0.9595545429815041
162,"('Allemagne', 'PROPN')",2,"[(2, 0.5642004286459592), (7, 0.11783925661714277), (8, 0.13993746456199932)]",0.773798482370634
163,"('Amérique', 'PROPN')",2,"[(2, 0.31968323345678135), (7, 0.18559599338715618), (8, 0.2657874396855117)]",0.9369421390322299
168,"('Auckland', 'PROPN')",2,"[(2, 0.5837454949392472), (6, 0.11152859747973957)]",0.8062639412337986
171,"('B', 'PROPN')",9,"[(4, 0.1107234916430253), (9, 0.21512346879306973)]",0.8284211874454759
175,"('Berlin', 'PROPN')",2,"[(2, 0.6589533082241912), (6, 0.12871207350241792)]",0.7772284611857856
179,"('Bourgogne', 'PROPN')",2,"[(2, 0.5326164099955533), (6, 0.17301013357284686)]",0.9219594469900009
181,"('Bruxelles', 'PROPN')",2,"[(2, 0.5227346942225762), (6, 0.1393019023246346)]",0.8853354842674714
182,"('Brésil', 'PROPN')",7,"[(7, 0.6815277969879125), (8, 0.1316347770835547)]",0.7620736325696588
183,"('Bulgarie', 'PROPN')",2,"[(2, 0.5296810439775319), (8, 0.17777857469375588)]",0.9286107563277668
184,"('C', 'NOUN')",7,"[(2, 0.11372084840776145), (5, 0.11298435954842172), (7, 0.1281890193485924), (8, 0.10330703053430354), (9, 0.10424092434626148)]",0.7624596520052292
186,"('Californie', 'PROPN')",2,"[(2, 0.6725019162611631), (6, 0.13079578029798497)]",0.7687680601985276
187,"('Canada', 'PROPN')",7,"[(7, 0.650082518805145), (8, 0.14074474031780004)]",0.8020450207993525
190,"('Chine', 'PROPN')",8,"[(7, 0.10582569945385353), (8, 0.75854064608076)]",0.6453318341446143
192,"('Côte', 'PROPN')",8,"[(2, 0.1621502912332324), (4, 0.12570312701899136), (7, 0.17999212203199386), (8, 0.3000750081764553)]",0.8840412230695324
194,"('Danemark', 'PROPN')",7,"[(7, 0.6523912628920486), (8, 0.14198409494170047)]",0.801852818918541
198,"('Disney', 'PROPN')",4,"[(2, 0.1622607028017326), (4, 0.5415992290539648)]",0.9048636679379065
201,"('Espagne', 'PROPN')",2,"[(2, 0.6195810962690521), (7, 0.10863849065153101), (8, 0.10882399555451071)]",0.7091882643498169
202,"('Etats-Unis', 'PROPN')",7,"[(7, 0.32058606194837735), (8, 0.26269077365578447)]",1.032766691960056
212,"('Grand', 'PROPN')",7,"[(7, 0.509788750515977), (8, 0.18865540960386082)]",0.9494670831311004
213,"('Grande-Bretagne', 'PROPN')",8,"[(2, 0.26456764150979417), (7, 0.15817067746713717), (8, 0.32194617147673577)]",0.9178383329433865
214,"('Grèce', 'PROPN')",8,"[(7, 0.13031872336311648), (8, 0.6807892547354703)]",0.7607691917230466
220,"('I', 'NUM')",6,"[(2, 0.11934137433333174), (6, 0.26304100728510554)]",0.8727855829707037
221,"('II', 'NUM')",6,"[(2, 0.1200533250612039), (6, 0.2255049241942895)]",0.8517114355583982
222,"('III', 'NUM')",6,"[(2, 0.11199236066419971), (6, 0.32404959911843734)]",0.880542771489125
223,"('IV', 'NUM')",6,"[(2, 0.12445180505746707), (6, 0.23634856154359063)]",0.865988751805904
224,"('Inde', 'PROPN')",2,"[(2, 0.3832124444622903), (7, 0.18898149454336888), (8, 0.2204929336193274)]",0.9246105125062913
225,"('Internet', 'PROPN')",2,"[(2, 0.21137257717063068), (3, 0.10474986456278042), (4, 0.16105955654533266), (6, 0.16569316990997593)]",0.8344405934423826
226,"('Irak', 'PROPN')",8,"[(2, 0.11802122781310757), (7, 0.332612209035815), (8, 0.3384241968858897)]",0.896583923119756
227,"('Iran', 'PROPN')",7,"[(2, 0.2114338873081389), (7, 0.2750933269624007), (8, 0.2632068049067987)]",0.9420204931191303
231,"('Ivoire', 'PROPN')",2,"[(2, 0.4002368610638839), (6, 0.1535610161719264)]",0.9438357843020505
232,"('J.-C.', 'PROPN')",2,"[(2, 0.44170454168501655), (6, 0.17726591614983514)]",0.9631598395135755
235,"('Japon', 'PROPN')",7,"[(7, 0.6710182435947906), (8, 0.13922593403018135)]",0.7822502529405851
238,"('Jeanne', 'PROPN')",4,"[(2, 0.12070948217475165), (4, 0.5306389352758337)]",0.8533197060788564
243,"('Libye', 'PROPN')",2,"[(2, 0.4368038097009797), (7, 0.11309608284359267), (8, 0.27169344419794894)]",0.8759463433421278
245,"('Liège', 'PROPN')",2,"[(2, 0.5381084490586202), (6, 0.15530563257121538)]",0.8983636677138185
246,"('Loire', 'PROPN')",8,"[(7, 0.17094587921833554), (8, 0.5319390294369455)]",0.9200559308302331
248,"('Lord', 'PROPN')",4,"[(4, 0.3942093912437629), (5, 0.12588657306867607), (7, 0.18561982238506972)]",0.8560225473952877
250,"('Los', 'PROPN')",4,"[(2, 0.1475237530240489), (4, 0.5768752734221384)]",0.8651580842952329
253,"('M.', 'NOUN')",4,"[(4, 0.4890190964335836), (7, 0.10389541938772962)]",0.8440910885968707
254,"('Madrid', 'PROPN')",2,"[(2, 0.6709391050024919), (6, 0.12425043866042457)]",0.760120137868948
255,"('Mali', 'PROPN')",7,"[(7, 0.6125947803019353), (8, 0.15128114718830163)]",0.8452965787201342
256,"('Mans', 'PROPN')",7,"[(7, 0.5495330810909818), (8, 0.16774694545772362)]",0.9066996923605243
259,"('Maroc', 'PROPN')",7,"[(7, 0.7466706929462216), (8, 0.11467514694428375)]",0.6729770364086026
263,"('Mauritanie', 'PROPN')",8,"[(7, 0.17737600999105949), (8, 0.5815041269593887)]",0.8973907937826777
264,"('Mexique', 'PROPN')",7,"[(7, 0.7333511639328602), (8, 0.11778794041159477)]",0.691581355497329
267,"('Milan', 'PROPN')",7,"[(2, 0.17172775021133202), (4, 0.15551145444141323), (7, 0.3268233325308622), (8, 0.14252690174568658)]",0.8909670555491069
268,"('Montréal', 'PROPN')",2,"[(2, 0.7154510366485691), (6, 0.11560047312926343)]",0.7054554836120277
269,"('Moscou', 'PROPN')",2,"[(2, 0.6852716342019441), (6, 0.11793736233852029)]",0.7373537027203582
270,"('Méditerranée', 'PROPN')",2,"[(2, 0.437071178128063), (8, 0.17502102922173743)]",0.9619619893853943
271,"('Nantes', 'PROPN')",2,"[(2, 0.7383952533739099), (6, 0.10277145693815477)]",0.6604197526245146
272,"('Napoléon', 'PROPN')",2,"[(2, 0.21490435346901932), (3, 0.11308061169576675), (4, 0.21022735201858286), (6, 0.10043306371370131)]",0.8191553940956475
274,"('Nice', 'PROPN')",2,"[(2, 0.6746393025131704), (6, 0.11813751800391017)]",0.7471042484768732
276,"('Norvège', 'PROPN')",2,"[(2, 0.5947187619007899), (8, 0.1350968550246356)]",0.8360236520939057
277,"('Notre-Dame', 'PROPN')",4,"[(2, 0.15038839865235473), (4, 0.19829334152755612), (5, 0.10843105077250119), (7, 0.10215021403419079), (8, 0.11066614288820316)]",0.8222061786766792
278,"('Noël', 'PROPN')",2,"[(2, 0.4883439315953613), (4, 0.18751258015325742), (6, 0.10565732442945247)]",0.8204559413728578
279,"('ONU', 'PROPN')",7,"[(7, 0.3341338432969481), (8, 0.327037558974884)]",1.055772163345935
280,"('Occident', 'PROPN')",7,"[(2, 0.11454944441955779), (7, 0.43996784809344053), (8, 0.28530118695628814)]",0.8804422010278062
281,"('Orléans', 'PROPN')",2,"[(2, 0.6950827009715911), (6, 0.11523570930921793)]",0.7239690123251068
282,"('PS', 'PROPN')",7,"[(2, 0.1472732817032166), (7, 0.26680944962632885), (8, 0.15401446887258188)]",0.8399024997131701
286,"('Pays-Bas', 'PROPN')",7,"[(2, 0.11995549511279259), (7, 0.2719759126671662), (8, 0.2495740711791189)]",0.869200592069923
289,"('Pokémon', 'PROPN')",7,"[(5, 0.10041433945425117), (7, 0.46454773751700745), (8, 0.1447004879501897)]",0.7888869282208031
291,"('Portugal', 'PROPN')",7,"[(7, 0.7191185295644995), (8, 0.11917184307066397)]",0.7078082578269471
292,"('Québec', 'PROPN')",7,"[(2, 0.11861781459870832), (7, 0.557751003496943), (8, 0.1454763069487084)]",0.781854386435383
295,"('Renaissance', 'PROPN')",8,"[(7, 0.17151899170964643), (8, 0.6199769525083518)]",0.8638752864151165
296,"('Rennes', 'PROPN')",2,"[(2, 0.4396603483196014), (4, 0.12829948008909736), (6, 0.14914405291271396)]",0.8269872907598413
300,"('Roumanie', 'PROPN')",2,"[(2, 0.2653174552528762), (7, 0.15075567660889475), (8, 0.2538877654500852)]",0.896876966297685
301,"('Royal', 'PROPN')",8,"[(4, 0.11658406886411798), (7, 0.1873398931954066), (8, 0.41150109048638334)]",0.8462568385169488
302,"('Royaume-Uni', 'PROPN')",7,"[(7, 0.6383659569167964), (8, 0.1465768004096572)]",0.8194277924741311
303,"('Russie', 'PROPN')",8,"[(7, 0.10584122834311718), (8, 0.7734130632868584)]",0.6296240584532735
304,"('Sahara', 'PROPN')",7,"[(7, 0.5369662521465971), (8, 0.17227896622527536)]",0.9188136498290534
308,"('Serbie', 'PROPN')",2,"[(2, 0.33948289882539157), (7, 0.1308735178007216), (8, 0.23336742381705516)]",0.8851813503663922
309,"('Strasbourg', 'PROPN')",2,"[(2, 0.7574296812087887), (6, 0.1037841956654559)]",0.6427922156526249
310,"('Suisse', 'PROPN')",2,"[(2, 0.35877306659833286), (7, 0.12955498941886281), (8, 0.22467714647660794)]",0.8811063012920818
311,"('Suède', 'PROPN')",8,"[(2, 0.14654065451497028), (7, 0.18442676572339664), (8, 0.41309624693223396)]",0.8723789605109051
312,"('Texas', 'PROPN')",7,"[(2, 0.11319381193783193), (7, 0.4509942876443525), (8, 0.1641075966564959)]",0.8213250682656007
316,"('Tunis', 'PROPN')",2,"[(2, 0.6431060892803447), (6, 0.140995435488519)]",0.8080683683027523
317,"('Tunisie', 'PROPN')",8,"[(2, 0.20095046016467405), (7, 0.15905018193183162), (8, 0.40755232814067005)]",0.8926690817028493
318,"('Turquie', 'PROPN')",2,"[(2, 0.434729554187037), (7, 0.11146608367874405), (8, 0.2403491942683898)]",0.8641452224683147
319,"('UE', 'PROPN')",7,"[(7, 0.3788418508867883), (8, 0.34437519776911263)]",1.0601352622065279
320,"('UEFA', 'PROPN')",8,"[(2, 0.13212893139490214), (7, 0.24798909149848208), (8, 0.26787093274317647)]",0.8793526211261808
321,"('V', 'NUM')",6,"[(2, 0.12668639262267054), (5, 0.10169490575876348), (6, 0.1940574301943564), (7, 0.1088495284503836), (8, 0.10673620154628301)]",0.8031277799302797
322,"('VI', 'NUM')",6,"[(2, 0.11930028305968522), (6, 0.24202201191008038)]",0.8613016044476138
323,"('Vancouver', 'PROPN')",2,"[(2, 0.6673589495215515), (6, 0.11994484004868686)]",0.7563587635188262
324,"('Venezuela', 'PROPN')",7,"[(7, 0.4871814177060807), (8, 0.16225768976700203)]",0.9311415794209854
327,"('Washington', 'PROPN')",2,"[(2, 0.5418555156448139), (6, 0.11745112530798063)]",0.8419194713271585
329,"('Windows', 'PROPN')",4,"[(2, 0.1221085266667902), (4, 0.6135507678046234)]",0.8028455342552928
330,"('X', 'PROPN')",2,"[(2, 0.31754571425522204), (4, 0.1027618093307798), (6, 0.14564497753204922)]",0.799811471230436
333,"('XIV', 'NUM')",6,"[(2, 0.1204693721802556), (6, 0.1985066422464096)]",0.8308890646937633
336,"('XV', 'NUM')",6,"[(2, 0.29900760981743707), (6, 0.40313710181311485)]",1.0491699546685762
342,"('abandon', 'NOUN')",7,"[(7, 0.822372002426003), (8, 0.11024285329552794)]",0.5827308262903969
345,"('abbaye', 'NOUN')",8,"[(7, 0.1454938188037999), (8, 0.7611341759528402)]",0.7043313355197454
346,"('abbé', 'NOUN')",7,"[(7, 0.6676709693197744), (8, 0.16037550994252486)]",0.8125798897025928
347,"('abordable', 'ADJ')",5,"[(0, 0.10353888469921478), (5, 0.3142777726842569), (7, 0.14475247063986407)]",0.7995026146274139
350,"('abri', 'NOUN')",7,"[(7, 0.5554998782077185), (8, 0.24647656476231453)]",0.9691428813575916
352,"('absence', 'NOUN')",8,"[(7, 0.16671687852682307), (8, 0.7378601021609092)]",0.7544956920710767
363,"('accueil', 'NOUN')",7,"[(7, 0.8045188063174538), (8, 0.10535174525315662)]",0.5945065433694636
365,"('accusation', 'NOUN')",8,"[(7, 0.22226747300231176), (8, 0.5729464678001203)]",0.9426168403257319
367,"('accès', 'NOUN')",7,"[(7, 0.7425150401314781), (8, 0.11032468234307886)]",0.6697675564892602
369,"('achat', 'NOUN')",7,"[(7, 0.6493965780915019), (8, 0.13392491616270166)]",0.7929122898815401
372,"('acide', 'NOUN')",7,"[(7, 0.5276702039063693), (8, 0.16131152474158353)]",0.9112503920750208
375,"('acteur', 'NOUN')",7,"[(7, 0.785955349317199), (8, 0.10362747581361703)]",0.6120202370574472
376,"('actif', 'ADJ')",9,"[(0, 0.13266677267068203), (5, 0.20440955678667977), (7, 0.10822807930170604), (9, 0.25883709019226026)]",0.8533410416398215
379,"('actrice', 'NOUN')",8,"[(5, 0.14102314508460148), (7, 0.18532167799748633), (8, 0.47558081582602835)]",0.85752793047511
380,"('actualité', 'NOUN')",8,"[(7, 0.18401625651022052), (8, 0.6623552138247333)]",0.8430380733435925
381,"('actuel', 'ADJ')",9,"[(0, 0.22119701720165208), (9, 0.6709475721572061)]",0.8677399206121701
383,"('adaptation', 'NOUN')",8,"[(7, 0.10931288986104552), (8, 0.8130330432267827)]",0.5918699768794331
386,"('administrateur', 'NOUN')",7,"[(5, 0.26106416835242985), (7, 0.42574171484187906), (8, 0.1308852421973551)]",0.8923104827126287
393,"('adulte', 'NOUN')",7,"[(7, 0.630980309496044), (8, 0.15922598006246833)]",0.8412656736635866
394,"('adversaire', 'NOUN')",7,"[(7, 0.7046937604528184), (8, 0.14627776049228342)]",0.7614822538485306
399,"('affluent', 'NOUN')",7,"[(5, 0.15693357423589402), (7, 0.49733633280352174), (8, 0.17535064524963048)]",0.8586232405803658
400,"('affrontement', 'NOUN')",7,"[(7, 0.6851047949984569), (8, 0.13827415891323544)]",0.7684847931787533
402,"('afin', 'ADV')",3,"[(3, 0.24102118962448196), (5, 0.1501535337278957), (7, 0.10605288191041297), (8, 0.10354166479260353)]",0.7937857606517518
409,"('agriculture', 'NOUN')",8,"[(7, 0.19780598670408014), (8, 0.6116018114417279)]",0.8962699692592271
410,"('agréable', 'ADJ')",5,"[(0, 0.14312181791154116), (5, 0.27289461707534485), (7, 0.12459386689398236), (8, 0.10652012932191943)]",0.8156072971034841
411,"('aide', 'NOUN')",8,"[(7, 0.11418341908550936), (8, 0.829189324790962)]",0.5815287210386234
414,"('ailleurs', 'ADV')",3,"[(3, 0.4452107058599837), (5, 0.1126827698128331)]",0.8746692455749522
421,"('alcool', 'NOUN')",2,"[(2, 0.34736420851337646), (7, 0.25932672852977273), (8, 0.12324532555524427)]",0.8877789142843687
422,"('alentours', 'NOUN')",7,"[(7, 0.4995371771514769), (8, 0.20201886754658094)]",0.9663506030881118
430,"('altitude', 'NOUN')",8,"[(2, 0.11856374776871623), (7, 0.11727395544809352), (8, 0.613909589186605)]",0.7315517201505743
431,"('ambiance', 'NOUN')",8,"[(7, 0.11064368024338368), (8, 0.8018227033775327)]",0.6069017648467493
432,"('ambition', 'NOUN')",8,"[(7, 0.16993894421226544), (8, 0.6625688566215945)]",0.8279904745072258
434,"('ami', 'NOUN')",7,"[(7, 0.5874698282046636), (8, 0.15095571883448244)]",0.8626095956155475
435,"('amie', 'NOUN')",8,"[(7, 0.18020899310966504), (8, 0.5329248355680117)]",0.929416593666086
437,"('amphibien', 'NOUN')",2,"[(2, 0.4135939251731397), (6, 0.12839140485149864), (7, 0.12670154544396373)]",0.810523190754504
438,"('amélioration', 'NOUN')",8,"[(7, 0.1361072257240248), (8, 0.7577106834399661)]",0.6949027855781451
442,"('américain', 'NOUN')",7,"[(7, 0.563771172469478), (8, 0.1877259706708882)]",0.919175425942551
443,"('an', 'NOUN')",7,"[(2, 0.13441417260673993), (5, 0.10680863745931309), (6, 0.13289066223491722), (7, 0.22213824746692218), (8, 0.11919539142771204)]",0.8478583103182109
446,"('ancêtre', 'NOUN')",7,"[(7, 0.6348578892878683), (8, 0.15096061291988977)]",0.8279295009568421
448,"('anglais', 'NOUN')",7,"[(2, 0.3021028346833828), (7, 0.3570065009773679), (8, 0.11197854603258788)]",0.8870297343987175
450,"('animation', 'NOUN')",8,"[(2, 0.10791452131600986), (7, 0.11187177263952498), (8, 0.6346501820749575)]",0.704407134829548
456,"('année', 'NOUN')",8,"[(7, 0.1137154231962273), (8, 0.8037821116423641)]",0.6099591749273395
457,"('antique', 'ADJ')",9,"[(0, 0.2470217049699832), (9, 0.611972480629242)]",0.9318733140863944
458,"('antérieur', 'ADJ')",9,"[(0, 0.11556079486715752), (9, 0.4478024966852899)]",0.8788050914645695
459,"('août', 'NOUN')",7,"[(2, 0.13076070819422556), (5, 0.10575582416697164), (7, 0.16069731988706784), (8, 0.10966369095784693)]",0.750054983304327
463,"('apparence', 'NOUN')",8,"[(7, 0.14391690656198672), (8, 0.6696797602519664)]",0.7898720265705552
464,"('apparition', 'NOUN')",8,"[(7, 0.16188686074900152), (8, 0.6539606742791962)]",0.8259649650358333
466,"('appel', 'NOUN')",7,"[(5, 0.13675592021721192), (7, 0.5267301000957514), (8, 0.13602066747385058)]",0.8020184084484808
473,"('apprentissage', 'NOUN')",7,"[(7, 0.59320047238782), (8, 0.17837412742038355)]",0.890542517713794
476,"('approvisionnement', 'NOUN')",7,"[(7, 0.8154520280315327), (8, 0.1023258849733453)]",0.5765354011494603
478,"('appui', 'NOUN')",7,"[(7, 0.7169370178921262), (8, 0.15621941359002628)]",0.7625992942825027
480,"('après', 'ADP')",1,"[(1, 0.4969541559802391), (3, 0.1155556771235801)]",0.8610990753139453
482,"('après-midi', 'NOUN')",7,"[(2, 0.1278801871035602), (7, 0.44911594456428233), (8, 0.1519333180470987)]",0.8272272216073698
484,"('arabe', 'NOUN')",7,"[(2, 0.13859668437108635), (7, 0.49613542954310985), (8, 0.1550602018375688)]",0.8289190463130018
489,"('archive', 'NOUN')",8,"[(7, 0.20684297847459565), (8, 0.5592485778338857)]",0.9391306850806928
490,"('argent', 'NOUN')",7,"[(2, 0.251778230149212), (7, 0.38361253123956135), (8, 0.13073602970133155)]",0.8927573282381709
491,"('arme', 'NOUN')",8,"[(7, 0.11652074524774121), (8, 0.7480441477062516)]",0.6746549834019041
492,"('armer', 'VERB')",5,"[(5, 0.30070570075619135), (7, 0.13922393908419115)]",0.917321538675522
496,"('arrivée', 'NOUN')",8,"[(7, 0.15331780380328464), (8, 0.7752565709063569)]",0.6995026919158773
497,"('arrière', 'NOUN')",7,"[(7, 0.7212716701694993), (8, 0.14159372170246554)]",0.7393153673387758
498,"('arrondissement', 'NOUN')",7,"[(7, 0.6805051941179078), (8, 0.16345039755528992)]",0.8050076336350915
501,"('arrêté', 'NOUN')",7,"[(7, 0.49943979071784167), (8, 0.1618496388964091)]",0.9254708887230981
502,"('art', 'NOUN')",7,"[(7, 0.7550039911241283), (8, 0.11070321616481348)]",0.657619984510207
505,"('artillerie', 'NOUN')",8,"[(7, 0.12530042305720424), (8, 0.7190226787725065)]",0.7176436215966826
510,"('assemblée', 'NOUN')",8,"[(7, 0.10179272904800804), (8, 0.819866033212488)]",0.5704630532639797
511,"('assez', 'ADV')",3,"[(1, 0.12335852938160383), (3, 0.45872168081335757)]",0.8881730259768937
512,"('assistance', 'NOUN')",8,"[(7, 0.10419237438690152), (8, 0.7753326239503718)]",0.6245806809717338
526,"('attente', 'NOUN')",8,"[(2, 0.12984668824964407), (7, 0.1417107621874009), (8, 0.5647738319343877)]",0.7870287984475912
527,"('attention', 'NOUN')",8,"[(7, 0.17023366851648225), (8, 0.634270497529695)]",0.8514546739048487
532,"('attribut', 'NOUN')",7,"[(7, 0.6970550174252717), (8, 0.14002593455077925)]",0.7600718954871066
533,"('au-delà', 'ADV')",3,"[(3, 0.28069478635872025), (5, 0.19219588769945975), (8, 0.10060590970150603)]",0.8234408958933341
534,"('au-dessus', 'ADV')",3,"[(3, 0.2586697105214174), (5, 0.21881591184548946), (7, 0.10986218300701459), (8, 0.1005232434913837)]",0.8337642298986354
535,"('aucun', 'DET')",0,"[(0, 0.2536081913067587), (1, 0.21405451026992606), (3, 0.10218717926076958)]",0.8292238746354387
536,"('aucun', 'PRON')",7,"[(3, 0.1649828907246303), (5, 0.155430234374365), (7, 0.1934554884369981), (8, 0.13994286293299485)]",0.8509150777446668
538,"('augmentation', 'NOUN')",8,"[(7, 0.1346936339836594), (8, 0.7625974545160551)]",0.6877476514621584
542,"('auprès', 'ADV')",3,"[(3, 0.20610994906292582), (5, 0.20362129787932562), (7, 0.12079424010231155), (8, 0.11274399872976877)]",0.830255553436888
546,"('autant', 'PRON')",5,"[(5, 0.317281528529313), (7, 0.13420225282322787), (8, 0.1164089109601325)]",0.8047566122524902
548,"('automne', 'NOUN')",7,"[(7, 0.6364990294430911), (8, 0.1492306260838545)]",0.8243970424231127
552,"('autorisation', 'NOUN')",8,"[(7, 0.11901649041658767), (8, 0.7513905475129805)]",0.6753191244849913
554,"('autorité', 'NOUN')",8,"[(7, 0.17019610622789313), (8, 0.704750161014007)]",0.7905744022341669
555,"('autoroute', 'NOUN')",8,"[(7, 0.17100987292862785), (8, 0.732295106082659)]",0.7648760476597448
556,"('autour', 'ADV')",3,"[(3, 0.21226336365314935), (5, 0.2077889022703286), (7, 0.11683508606832173), (8, 0.11284276816709128)]",0.8313655131529801
557,"('autre', 'ADJ')",0,"[(0, 0.6215274394183611), (1, 0.14538487374696715)]",0.8309043191598807
558,"('autre', 'PRON')",7,"[(7, 0.35684208139928264), (8, 0.3044069802823483)]",1.0528365966768725
560,"('aval', 'NOUN')",7,"[(2, 0.11735206309514745), (7, 0.5453950716715449), (8, 0.1705900577478569)]",0.8044383847784604
561,"('avance', 'NOUN')",8,"[(7, 0.1028059724553759), (8, 0.7850456488869669)]",0.6115095183663465
563,"('avant', 'ADP')",1,"[(1, 0.4672638569738272), (3, 0.1333294441039548)]",0.9004908832491011
564,"('avant', 'ADV')",3,"[(3, 0.2760538791737094), (4, 0.10354455143896764), (5, 0.143062448937517)]",0.7903789364604824
565,"('avant', 'NOUN')",7,"[(7, 0.5542594500927286), (8, 0.17829969965348)]",0.915420581461456
566,"('avantage', 'NOUN')",7,"[(7, 0.7173004985523289), (8, 0.1523994725835768)]",0.7574611896599898
568,"('avenir', 'NOUN')",7,"[(7, 0.6267866459923354), (8, 0.22006098823668485)]",0.9030437793854149
573,"('avoir', 'AUX')",3,"[(1, 0.10247403297105485), (3, 0.22806391935415143), (5, 0.13953782510420137), (7, 0.10074187140969808)]",0.7765950954401173
576,"('avril', 'NOUN')",7,"[(2, 0.12745260276510165), (5, 0.10756483506624977), (7, 0.16375935258028165), (8, 0.11091060233784515)]",0.7520638739022313
581,"('aîné', 'ADJ')",9,"[(0, 0.11189890738455369), (9, 0.5670590235083917)]",0.8176682297328067
584,"('bain', 'NOUN')",2,"[(2, 0.611452073254547), (7, 0.10045011032959739)]",0.7669778227964763
587,"('banlieue', 'NOUN')",8,"[(2, 0.107412595345802), (7, 0.10378055950758852), (8, 0.642012347677626)]",0.6911124340967898
590,"('bar', 'NOUN')",7,"[(7, 0.7583391598561928), (8, 0.10111326489569719)]",0.6369176721868561
591,"('baron', 'NOUN')",7,"[(7, 0.7476366767482393), (8, 0.10072216975928647)]",0.6472476156075423
594,"('bas', 'ADJ')",0,"[(0, 0.5708529553236099), (9, 0.1766065270012928)]",0.9034726636085453
597,"('basse', 'NOUN')",8,"[(7, 0.11603147938878837), (8, 0.7806926919954367)]",0.6394002006052449
601,"('batterie', 'NOUN')",8,"[(7, 0.10237373807768022), (8, 0.7770120912583587)]",0.6194387329416547
605,"('beaucoup', 'PRON')",5,"[(3, 0.16720498648885873), (4, 0.10160515133505867), (5, 0.21519115969321265), (7, 0.13796445745139027), (8, 0.12733560822487536)]",0.8684244882937244
607,"('besoin', 'NOUN')",7,"[(7, 0.639384228181468), (8, 0.13152063292648838)]",0.7974728431823241
612,"('bilan', 'NOUN')",7,"[(7, 0.8176435045210851), (8, 0.10156519226541645)]",0.5726061622219034
616,"('blessure', 'NOUN')",8,"[(7, 0.12448832640001814), (8, 0.771853340766215)]",0.6625671028027983
619,"('bois', 'NOUN')",7,"[(2, 0.2670266987623059), (7, 0.4385508042252229), (8, 0.10802611030695894)]",0.8687975887029682
622,"('bonheur', 'NOUN')",7,"[(7, 0.5375288929706155), (8, 0.18559734908461387)]",0.9323587672299622
625,"('bouddhisme', 'NOUN')",7,"[(7, 0.7438078531204204), (8, 0.109734509578562)]",0.667428378846517
626,"('bourg', 'NOUN')",7,"[(7, 0.7039432785774437), (8, 0.13284115180523226)]",0.7433888348243961
628,"('bout', 'NOUN')",7,"[(7, 0.7277050279734649), (8, 0.14645692453224587)]",0.7396051263446236
633,"('bref', 'INTJ')",3,"[(1, 0.1308498943784584), (3, 0.18034293738263193), (4, 0.10603422783654025), (5, 0.10170806547812647)]",0.7541165639772678
635,"('britannique', 'NOUN')",7,"[(7, 0.6541144151702983), (8, 0.14556963177642526)]",0.805285321877901
636,"('bronze', 'NOUN')",2,"[(2, 0.5331004899036352), (7, 0.1281871482627383)]",0.8637049041873537
647,"(""c'est-à-dire"", 'CCONJ')",1,"[(0, 0.11025220757400037), (1, 0.29371762752148023), (3, 0.1248780560903051)]",0.7853062540691486
648,"('cabaret', 'NOUN')",2,"[(2, 0.33384166157727785), (7, 0.3225114023239584), (8, 0.1015440364357474)]",0.8769891361400982
662,"('capable', 'ADJ')",5,"[(5, 0.4839786844057674), (7, 0.10672642068995783)]",0.851232253334846
668,"('car', 'CCONJ')",3,"[(1, 0.14605605889040954), (3, 0.33300364561619483)]",0.9336385402219263
669,"('caractère', 'NOUN')",7,"[(7, 0.7077591952389942), (8, 0.13771497131114654)]",0.7468361687661261
671,"('caractéristique', 'ADJ')",9,"[(0, 0.12214607412252781), (5, 0.15214298262126952), (8, 0.11547485758573213), (9, 0.2800014436889853)]",0.8288273148250467
672,"('caractéristique', 'NOUN')",8,"[(7, 0.1591843885203226), (8, 0.6564530323677418)]",0.8206564167683149
674,"('carrière', 'NOUN')",8,"[(7, 0.15926597171908927), (8, 0.5525201512300736)]",0.8950354279563829
677,"('catalogue', 'NOUN')",7,"[(7, 0.801758196771826), (8, 0.11312650019784327)]",0.6112378795730736
684,"('cavalier', 'NOUN')",7,"[(7, 0.7737707452383937), (8, 0.10473910024301246)]",0.6272513051155221
685,"('ce', 'DET')",1,"[(0, 0.22895880408077426), (1, 0.2584425256288576)]",0.9914604334597703
686,"('ce', 'PRON')",5,"[(0, 0.11687408342595933), (3, 0.13313670192806124), (5, 0.15524674805098684), (7, 0.1432831287310211)]",0.7840444902051176
687,"('ceci', 'PRON')",3,"[(3, 0.20322854991811506), (5, 0.13913664831741446), (7, 0.15195768955386824), (8, 0.10547906530405024)]",0.8092133375792981
688,"('cela', 'PRON')",3,"[(3, 0.20861669204133262), (5, 0.13547487753242177), (7, 0.15267068808712492), (8, 0.10475940408691861)]",0.8086686756638316
690,"('celui', 'PRON')",5,"[(5, 0.3545903227072766), (7, 0.16187869828565216), (8, 0.1412031074149854)]",0.8545468510933504
691,"('celui-ci', 'PRON')",3,"[(3, 0.18751392477929532), (5, 0.12561655203705802), (7, 0.1313176610982101), (8, 0.11570342459794987)]",0.7867069126969011
692,"('censé', 'ADJ')",5,"[(5, 0.37821888601809733), (7, 0.12171770621341377), (8, 0.10211905422923098)]",0.7801438503812752
693,"('cent', 'NUM')",1,"[(0, 0.10189657600431215), (1, 0.4649487988869006)]",0.8494327162968979
694,"('centaine', 'NOUN')",8,"[(7, 0.21654987240702223), (8, 0.47991963801553195)]",0.9862749131426137
701,"('certain', 'DET')",1,"[(0, 0.13090905628935992), (1, 0.3772806748099388)]",0.9145698058260492
702,"('certain', 'PRON')",3,"[(3, 0.17255129156476415), (5, 0.16015529981666818), (7, 0.1430780215681999), (8, 0.11245023147008987)]",0.8082356606912822
705,"('chacun', 'PRON')",5,"[(3, 0.13899117394600763), (5, 0.19442889247898176), (7, 0.18152424256447572), (8, 0.14093753182525945)]",0.8501778562968569
706,"('chaleureux', 'ADJ')",9,"[(0, 0.145290828198042), (5, 0.14634866004825797), (7, 0.12377012277848402), (9, 0.2746617195974451)]",0.8476083309462141
711,"('chance', 'NOUN')",8,"[(7, 0.11645155004719215), (8, 0.7332423939429203)]",0.6894828761354101
722,"('chaque', 'DET')",1,"[(0, 0.20354711120022512), (1, 0.23258164771204423)]",0.9568554131875738
723,"('charbon', 'NOUN')",7,"[(7, 0.7357912870068588), (8, 0.10298122679499315)]",0.6634161487052097
733,"('chef-lieu', 'NOUN')",7,"[(5, 0.11869098529514473), (7, 0.5801267596585103), (8, 0.1548868982613455)]",0.7807262309548713
735,"('cher', 'ADJ')",5,"[(5, 0.38249963864304987), (7, 0.17320070321675557), (8, 0.10340201336937713)]",0.824584733038521
737,"('chercheur', 'NOUN')",7,"[(7, 0.6840737118568941), (8, 0.12255691018175863)]",0.7458800636415056
740,"('chez', 'ADP')",1,"[(1, 0.5094445288522788), (3, 0.10615404254353634)]",0.8391810064251667
746,"('chose', 'NOUN')",8,"[(7, 0.11114622307746752), (8, 0.786697600427254)]",0.6245654448325203
748,"('chrétien', 'NOUN')",7,"[(7, 0.6607976161145611), (8, 0.14636312387979902)]",0.8007453044915985
751,"('chômage', 'NOUN')",7,"[(7, 0.650870131902488), (8, 0.11831128497374963)]",0.7675727670921443
756,"('cinq', 'NUM')",1,"[(0, 0.11251207060581778), (1, 0.49659731319412065)]",0.8561105900916236
764,"('citoyen', 'NOUN')",7,"[(7, 0.7903963259933613), (8, 0.10319809771188057)]",0.6063522350413083
768,"('clair', 'ADJ')",5,"[(0, 0.10321925585730811), (5, 0.3426014871310519), (7, 0.10838476724814591), (9, 0.13769579757129982)]",0.8044755218490313
776,"('client', 'NOUN')",7,"[(7, 0.7474090607140453), (8, 0.11831442673884489)]",0.6782601208802571
777,"('clientèle', 'NOUN')",8,"[(7, 0.10846452739324196), (8, 0.7445220090266038)]",0.6644754821571874
781,"('clé', 'NOUN')",8,"[(7, 0.136117963982832), (8, 0.6739378029356041)]",0.7753023060328982
782,"('cm', 'NOUN')",7,"[(2, 0.14013166837873878), (5, 0.12349132444143464), (6, 0.14363528664741698), (7, 0.16326984484204343), (8, 0.10671872667983696)]",0.8369929828046273
783,"('coalition', 'NOUN')",8,"[(7, 0.11413413851961723), (8, 0.7691939085454097)]",0.6485785662244823
786,"('col', 'NOUN')",7,"[(7, 0.7720476671690385), (8, 0.11398862159551117)]",0.6452883733767073
800,"('commande', 'NOUN')",8,"[(7, 0.1817870422466301), (8, 0.6849961718628097)]",0.8210306671153292
804,"('comme', 'CCONJ')",1,"[(0, 0.12575725343348038), (1, 0.23989425307534215), (3, 0.11560634775554847)]",0.7761029080386243
805,"('comme', 'SCONJ')",3,"[(1, 0.175479319825703), (3, 0.31286808097067864)]",0.9650469270087404
818,"('communication', 'NOUN')",8,"[(2, 0.13587287559008193), (7, 0.10769737055393358), (8, 0.607830060493711)]",0.7407685156443619
819,"('communiqué', 'NOUN')",7,"[(7, 0.7008476348558825), (8, 0.130773979693303)]",0.7432161242450105
822,"('compagnon', 'NOUN')",7,"[(7, 0.6078521948950653), (8, 0.1313267673242564)]",0.8211895406420963
824,"('compatriote', 'NOUN')",7,"[(5, 0.13441010258642272), (7, 0.271848576543007), (8, 0.20331614942654508)]",0.8626418647861134
825,"('complet', 'ADJ')",9,"[(0, 0.1333770173601918), (9, 0.5487609475630247)]",0.8627393077075438
826,"('complexe', 'ADJ')",5,"[(0, 0.1331284651941472), (5, 0.234700788054528), (7, 0.10429945426946036), (8, 0.10449401798817451), (9, 0.13463329880748234)]",0.8390374335006249
832,"('compositeur', 'NOUN')",7,"[(5, 0.11509192579929102), (7, 0.5758803342582941), (8, 0.10146400681092627)]",0.7270891045770337
835,"('compte', 'NOUN')",7,"[(7, 0.6774952105399377), (8, 0.11354244560556595)]",0.7369360747396337
837,"('compétence', 'NOUN')",8,"[(7, 0.14068513925908016), (8, 0.721619951444979)]",0.7377211921372528
838,"('compétent', 'ADJ')",5,"[(0, 0.10152233503247071), (5, 0.2832394601303528), (7, 0.11489177602375052), (8, 0.1082977542174696), (9, 0.12302007811817037)]",0.8304973003477863
840,"('comte', 'NOUN')",7,"[(7, 0.7464221755005327), (8, 0.10048543003655448)]",0.6480459199726037
856,"('condition', 'NOUN')",8,"[(7, 0.16554570138697955), (8, 0.6850906095517258)]",0.8033494299937698
859,"('confiance', 'NOUN')",8,"[(2, 0.1207583727698906), (7, 0.13617204087445348), (8, 0.46706300138402057)]",0.8031536505938489
866,"('connaissance', 'NOUN')",8,"[(7, 0.13182953112980933), (8, 0.7389561590648063)]",0.7078807953799943
868,"('connu', 'ADJ')",7,"[(5, 0.14962509241135954), (7, 0.1921459331094351), (8, 0.15461982326086895)]",0.8099472874339865
871,"('conscience', 'NOUN')",8,"[(7, 0.11659906517756212), (8, 0.6211829493445574)]",0.7881971577811517
873,"('conseiller', 'NOUN')",7,"[(5, 0.21742083898048928), (7, 0.43121946611748246), (8, 0.11416327543473538)]",0.8576553281346126
875,"('conservateur', 'ADJ')",9,"[(0, 0.10097428643590868), (9, 0.6770360093810562)]",0.714982029516163
880,"('consommateur', 'NOUN')",7,"[(7, 0.7167338920244494), (8, 0.1351903327390786)]",0.7346696918946518
894,"('contenu', 'NOUN')",7,"[(7, 0.7978418212932201), (8, 0.10002397334081065)]",0.5921949445167796
896,"('contexte', 'NOUN')",7,"[(7, 0.7524878595463372), (8, 0.1181100630890452)]",0.6727066547278849
897,"('continent', 'NOUN')",7,"[(7, 0.706734917604236), (8, 0.12343874183731286)]",0.726458323012007
901,"('contrairement', 'ADV')",5,"[(3, 0.2020558407475339), (4, 0.11014842533110455), (5, 0.20493107149113748), (7, 0.10698522335811401), (8, 0.10548561329165232)]",0.8495617228150061
903,"('contre', 'ADP')",1,"[(1, 0.49506733938811553), (3, 0.10150920322267405)]",0.8371610519847568
905,"('contribution', 'NOUN')",8,"[(7, 0.15221180753294739), (8, 0.6832121508130883)]",0.7888737194734169
913,"('convivial', 'ADJ')",5,"[(0, 0.12352037861642488), (5, 0.19825334594556443), (7, 0.10042571028793833), (8, 0.12189036672039288), (9, 0.19399004234495118)]",0.8603127837853873
917,"('correct', 'ADJ')",5,"[(5, 0.47101963426641), (7, 0.10808191033832662), (8, 0.10060973698842753)]",0.7519744470892273
920,"('cou', 'NOUN')",7,"[(7, 0.7371131723105), (8, 0.1259168057455386)]",0.7007836288807685
928,"('courant', 'ADJ')",9,"[(0, 0.13974498354208473), (5, 0.12557362490629662), (9, 0.3972291492844977)]",0.821305108806886
930,"('coureur', 'NOUN')",7,"[(5, 0.16661050718348067), (7, 0.44829244650920336), (8, 0.16049092464117296)]",0.8664315962102093
940,"('coûteux', 'ADJ')",5,"[(5, 0.5311155856416044), (7, 0.10453859663716654)]",0.8254321011221806
945,"('critique', 'NOUN')",8,"[(7, 0.20237416783087345), (8, 0.7119062419441938)]",0.8154583327725022
947,"('critère', 'NOUN')",7,"[(7, 0.7126063128458872), (8, 0.1422206375837666)]",0.7485182762606338
961,"('cyclisme', 'NOUN')",7,"[(2, 0.149587792521781), (7, 0.4888382560075392), (8, 0.15034348679982662)]",0.83646112026343
962,"('cycliste', 'ADJ')",9,"[(0, 0.1657953299125588), (9, 0.46188662257938756)]",0.9445500169967794
963,"('cyrillique', 'ADJ')",9,"[(0, 0.1188518699120071), (9, 0.4636939114526583)]",0.87932677416652
974,"('dangereux', 'ADJ')",0,"[(0, 0.34869941873966936), (9, 0.3057599935631543)]",1.052709041989568
975,"('dans', 'ADP')",1,"[(1, 0.457057781251484), (3, 0.10602653265822432)]",0.8595315090747914
980,"('de', 'ADP')",1,"[(0, 0.10253898198220046), (1, 0.5020449587071346)]",0.8360067178112442
985,"('demi-finale', 'NOUN')",8,"[(7, 0.1738029245113984), (8, 0.6404538131450237)]",0.8504664717448159
988,"('dernier', 'ADJ')",0,"[(0, 0.620188031160754), (7, 0.11599836588337156)]",0.7879499506023444
989,"('derrière', 'ADP')",1,"[(1, 0.39409111311339845), (3, 0.15787881317032218)]",0.9498702868715849
995,"('destination', 'NOUN')",8,"[(5, 0.11576126563821576), (7, 0.1460966738009721), (8, 0.5417200022500489)]",0.7852633777558167
998,"('deux', 'NUM')",1,"[(0, 0.10542245047046334), (1, 0.529218142356674)]",0.8280314510530588
1000,"('devant', 'ADP')",1,"[(1, 0.4862506975020519), (3, 0.10652014750820948)]",0.8499569617137851
1002,"('devise', 'NOUN')",8,"[(7, 0.12703083845388471), (8, 0.751832575048666)]",0.6875305996804186
1004,"('di', 'ADP')",1,"[(0, 0.10552861112644375), (1, 0.1666278695602615), (3, 0.11221282167385593), (4, 0.11516622776530117)]",0.7431850294969169
1008,"('difficile', 'ADJ')",5,"[(5, 0.48195112207798474), (7, 0.12039388374023768)]",0.8752173196523743
1009,"('difficulté', 'NOUN')",8,"[(7, 0.12161894295534413), (8, 0.7423157569124932)]",0.6887859992760077
1013,"('différent', 'ADJ')",0,"[(0, 0.3387762856896862), (1, 0.11645648679279186), (9, 0.1716069268724326)]",0.8370298909938806
1014,"('différent', 'DET')",1,"[(0, 0.12900142620833682), (1, 0.38693447844195566)]",0.911177877183897
1016,"('dimanche', 'NOUN')",7,"[(7, 0.6744288458434171), (8, 0.1070861125825301)]",0.7284075060816995
1018,"('diocèse', 'NOUN')",7,"[(7, 0.7550381022939078), (8, 0.11383199522582862)]",0.6629421289507057
1024,"('directeur', 'NOUN')",7,"[(5, 0.14588908578144216), (7, 0.575602971301024), (8, 0.1263766402484283)]",0.7829501927143797
1026,"('dirigeant', 'NOUN')",7,"[(7, 0.7846199025737748), (8, 0.11249011578227375)]",0.6291487617053679
1045,"('divers', 'ADJ')",0,"[(0, 0.2781768387402163), (1, 0.1579077428465967), (9, 0.13210549287183637)]",0.8326741251156238
1046,"('divers', 'DET')",1,"[(0, 0.12942126256645578), (1, 0.35337977772968343)]",0.912093831876292
1050,"('dizaine', 'NOUN')",8,"[(7, 0.17440364751623547), (8, 0.5587970766916502)]",0.9085776697258383
1051,"('docteur', 'NOUN')",7,"[(7, 0.7065229998157271), (8, 0.12531356114288478)]",0.7295911140466877
1052,"('doctorat', 'NOUN')",7,"[(7, 0.7453412235656586), (8, 0.12670181362006375)]",0.6936784377798758
1053,"('document', 'NOUN')",7,"[(7, 0.6177229028208737), (8, 0.14707296711392398)]",0.836012814248036
1055,"('dollar', 'NOUN')",2,"[(2, 0.35770509471090456), (6, 0.21640599426749843), (7, 0.11736334069270841)]",0.8651067683223241
1058,"('domicile', 'NOUN')",7,"[(2, 0.2206975619426272), (7, 0.37346141811166267), (8, 0.1394912961909851)]",0.8884538765264226
1060,"('domination', 'NOUN')",8,"[(7, 0.11807828352049429), (8, 0.7003458311343405)]",0.7238191725300928
1062,"('don', 'NOUN')",7,"[(7, 0.773509548057248), (8, 0.10453110946753663)]",0.6271541532383594
1064,"('donc', 'CCONJ')",1,"[(1, 0.2903060528204355), (3, 0.18575076071703345)]",0.9691154677349108
1066,"('donnée', 'NOUN')",8,"[(7, 0.1497017580022545), (8, 0.6548866365479646)]",0.8100864774730515
1067,"('dont', 'PRON')",1,"[(0, 0.10479061961736698), (1, 0.28234202251330587), (3, 0.15215965308671822)]",0.8009519407413356
1072,"('doute', 'NOUN')",7,"[(7, 0.7396383709003715), (8, 0.12207122991734644)]",0.6922117108217475
1078,"('drogue', 'NOUN')",8,"[(2, 0.27994636286401964), (7, 0.11480588762275513), (8, 0.3856283731687457)]",0.8850916158300179
1082,"('du', 'DET')",0,"[(0, 0.22022528264331648), (1, 0.1940963237488865), (3, 0.10854044419005658)]",0.8123465419085998
1085,"('dur', 'ADJ')",0,"[(0, 0.34652430417439867), (9, 0.33630131711942346)]",1.0585498779149338
1087,"('durant', 'ADP')",1,"[(0, 0.10294371397727245), (1, 0.439016475404026)]",0.8590620701807161
1091,"('dès', 'ADP')",1,"[(1, 0.5452177957709429), (3, 0.11741535408530049)]",0.839967101009922
1093,"('débit', 'NOUN')",7,"[(7, 0.778106089497336), (8, 0.10516897032980066)]",0.6233612484111436
1096,"('décembre', 'NOUN')",7,"[(2, 0.13452568761310307), (5, 0.10558032215539954), (7, 0.16475415917164257), (8, 0.10996076121101588)]",0.7553137515658468
1111,"('décéder', 'VERB')",5,"[(5, 0.45941328994260044), (7, 0.11292377496565939)]",0.8708475231959641
1125,"('délicieux', 'ADJ')",5,"[(0, 0.12465866330919488), (5, 0.3158052001128948), (7, 0.12130154172991384), (8, 0.10773762758382108)]",0.8075455912563859
1129,"('démocratie', 'NOUN')",8,"[(7, 0.1023374131884446), (8, 0.7875820973073772)]",0.6078665284167085
1132,"('dénommer', 'VERB')",5,"[(5, 0.5230883953715318), (7, 0.1270044883642033)]",0.8671199260923264
1135,"('département', 'NOUN')",7,"[(7, 0.7431653064772779), (8, 0.13806775299343252)]",0.712654456512957
1147,"('désir', 'NOUN')",7,"[(7, 0.7123220842910042), (8, 0.1454468031351699)]",0.7531603192289417
1150,"('détail', 'NOUN')",7,"[(7, 0.6734469199055533), (8, 0.1413206547214014)]",0.783051737711967
1159,"('efficace', 'ADJ')",9,"[(0, 0.11991111931199482), (5, 0.14442464839479166), (7, 0.1339317998904895), (8, 0.1306668991161384), (9, 0.16235124448306973)]",0.8475799368929184
1160,"('efficacité', 'NOUN')",8,"[(7, 0.16850963364465246), (8, 0.6328006132574385)]",0.8506780698901262
1164,"('empereur', 'NOUN')",7,"[(7, 0.6152329870444506), (8, 0.19577780867248198)]",0.8917609210976388
1165,"('empire', 'NOUN')",7,"[(7, 0.7672835282479212), (8, 0.13187663994303575)]",0.6786724566786783
1169,"('employé', 'NOUN')",7,"[(7, 0.573350139579283), (8, 0.1714999269103639)]",0.8963679814116255
1175,"('en', 'PRON')",3,"[(1, 0.10190310601725322), (3, 0.25320380361717454), (5, 0.1269759987406646), (7, 0.10029231717343874)]",0.7741477880174066
1180,"('endémique', 'ADJ')",5,"[(5, 0.4095109410627302), (7, 0.10136433049741095), (8, 0.11618141913739385)]",0.7716341403752914
1181,"('enfance', 'NOUN')",8,"[(7, 0.1692226832065405), (8, 0.6374906755003621)]",0.8477840060970677
1182,"('enfant', 'NOUN')",7,"[(7, 0.4569139320567391), (8, 0.26199861126474455)]",1.0225933062114392
1185,"('engagement', 'NOUN')",7,"[(7, 0.7029894002507537), (8, 0.13933618190809763)]",0.7536001669003061
1190,"('ennemi', 'NOUN')",7,"[(7, 0.6589884630130597), (8, 0.19344107160913396)]",0.8549587165524766
1195,"('enseignant', 'NOUN')",7,"[(7, 0.6746076349017637), (8, 0.1336821851646735)]",0.7711913540042509
1199,"('ensemble', 'NOUN')",7,"[(7, 0.8530699643793233), (8, 0.10040691956797508)]",0.5285345679690573
1207,"('entraînement', 'NOUN')",2,"[(2, 0.5402403114823808), (7, 0.13803836312735152)]",0.874266063061947
1209,"('entraîneur', 'NOUN')",7,"[(5, 0.10330430753936477), (7, 0.6698543943345243), (8, 0.10082469219311778)]",0.6683388265105052
1218,"('environ', 'ADV')",3,"[(1, 0.1867442595808153), (3, 0.1897643978844621)]",0.9070841461770488
1219,"('environnement', 'NOUN')",7,"[(7, 0.8349489445678202), (8, 0.10255730418973343)]",0.5542390096468249
1224,"('esclave', 'NOUN')",7,"[(7, 0.5087164860887389), (8, 0.12951957975531292)]",0.877954156550519
1227,"('espagnol', 'NOUN')",7,"[(7, 0.5651891204098773), (8, 0.14663549653661392)]",0.8713959314940163
1230,"('espèce', 'NOUN')",8,"[(7, 0.13793502098349128), (8, 0.6872905999457452)]",0.7660395386918682
1232,"('essai', 'NOUN')",7,"[(7, 0.7136557806469037), (8, 0.10077818710606974)]",0.6809869099770187
1234,"('essentiel', 'ADJ')",9,"[(0, 0.10857810705419395), (5, 0.18541022858280506), (9, 0.31110884246328785)]",0.8344885619000225
1235,"('essentiel', 'NOUN')",7,"[(7, 0.6021654399807291), (8, 0.21608311851727816)]",0.91826304476282
1237,"('est', 'NOUN')",7,"[(7, 0.6221682369151659), (8, 0.18018721727598294)]",0.871451441921772
1239,"('et', 'CCONJ')",1,"[(1, 0.3168189061436765), (3, 0.20157759124801933)]",0.9911349175289448
1240,"('etc.', 'X')",4,"[(2, 0.11612700800675543), (4, 0.1314873273930657), (5, 0.11731993351262168), (6, 0.1109883632117367)]",0.7301372692359072
1242,"('euro', 'NOUN')",2,"[(2, 0.2790358481860645), (6, 0.2155506835204632), (7, 0.13564603630018474)]",0.8719379947069275
1244,"('eux', 'PRON')",3,"[(1, 0.11016001426457482), (3, 0.21358604915557441), (5, 0.12612616236066934), (7, 0.11963954253802828)]",0.7847376892994264
1245,"('eux-mêmes', 'PRON')",7,"[(3, 0.12745185143162305), (5, 0.12886267978921448), (6, 0.12334288595081629), (7, 0.1315229528901473)]",0.7585171279646065
1248,"('exception', 'NOUN')",8,"[(7, 0.14218433078515175), (8, 0.7604904563132491)]",0.7005224267298644
1251,"('exemplaire', 'NOUN')",7,"[(7, 0.40918683977823656), (8, 0.12389213145921321)]",0.9007783295214655
1259,"('expert', 'NOUN')",7,"[(7, 0.7586509040671948), (8, 0.10910148926292551)]",0.6510326852301941
1263,"('exploration', 'NOUN')",8,"[(7, 0.11261270352556375), (8, 0.8183132783155596)]",0.591510348530314
1265,"('exportation', 'NOUN')",8,"[(7, 0.17865937110876182), (8, 0.6568253550596808)]",0.8422287872714609
1275,"('extraire', 'VERB')",5,"[(5, 0.3847467358481341), (7, 0.12345270776132568)]",0.9027648361095416
1276,"('extrémité', 'NOUN')",8,"[(7, 0.15898697971541909), (8, 0.7666378077476108)]",0.715711415080082
1278,"('extrêmement', 'ADV')",3,"[(1, 0.13526889995338265), (3, 0.4023532004605634)]",0.9188763720382916
1280,"('extérieur', 'NOUN')",7,"[(7, 0.7201962917952707), (8, 0.16337591993143083)]",0.7680612466999099
1282,"('exécution', 'NOUN')",8,"[(7, 0.155651113058264), (8, 0.690128978573252)]",0.786969074110628
1284,"('fabrication', 'NOUN')",8,"[(7, 0.11121822683551105), (8, 0.7368576384843671)]",0.6770156974044658
1286,"('face', 'NOUN')",8,"[(7, 0.14459738153777071), (8, 0.5551239441465868)]",0.8747761360094409
1287,"('facile', 'ADJ')",5,"[(5, 0.42540224323441256), (7, 0.1080137746568918), (8, 0.12270731985989548)]",0.7840967742374576
1292,"('faible', 'ADJ')",0,"[(0, 0.3963317443859131), (5, 0.14904687036325262)]",0.9384967546212634
1293,"('faire', 'AUX')",3,"[(3, 0.17754673379924765), (5, 0.1702832652619508), (7, 0.11380621853679289), (8, 0.10507422177807113)]",0.788011728393021
1295,"('fait', 'NOUN')",7,"[(7, 0.7751587760909708), (8, 0.11318821480021848)]",0.6405951193807934
1296,"('falloir', 'VERB')",5,"[(5, 0.5031230558572716), (7, 0.10234549518226728)]",0.8351645609722265
1301,"('faveur', 'NOUN')",8,"[(2, 0.1593966778358796), (7, 0.1614549121560094), (8, 0.3754489300719818)]",0.8692142417899155
1302,"('favorable', 'ADJ')",9,"[(0, 0.12586462305352814), (5, 0.21482279940811425), (7, 0.10861818431411818), (9, 0.2296964191216508)]",0.8441579882939321
1305,"('façon', 'NOUN')",8,"[(7, 0.12452212000227439), (8, 0.6195179650263174)]",0.8022063196529181
1315,"('fiction', 'NOUN')",8,"[(2, 0.18380247739545139), (7, 0.1249308778953439), (8, 0.44737220816677514)]",0.847476096791974
1316,"('fidèle', 'ADJ')",5,"[(0, 0.1784706981465466), (5, 0.22721682299600315), (7, 0.17387491925707949), (8, 0.1132964810072737)]",0.8621376971588389
1318,"('fil', 'NOUN')",7,"[(7, 0.7329211925526377), (8, 0.13696708275307087)]",0.721381730334502
1319,"('filiale', 'NOUN')",8,"[(7, 0.10607448307393681), (8, 0.770150270063378)]",0.6335307149791403
1322,"('fils', 'NOUN')",7,"[(5, 0.10502658769334453), (7, 0.6699281875663304), (8, 0.11422351485739407)]",0.6852862893012817
1323,"('fin', 'NOUN')",8,"[(7, 0.1063177114945721), (8, 0.8059033081773952)]",0.59467812291473
1327,"('finance', 'NOUN')",8,"[(2, 0.10594766721101662), (7, 0.210995645885089), (8, 0.3320727784181541)]",0.848526522487278
1332,"('fleur', 'NOUN')",8,"[(7, 0.11899891502346949), (8, 0.6497929435069726)]",0.7695806828713195
1335,"('flux', 'NOUN')",7,"[(7, 0.7789077523031489), (8, 0.10482483829771228)]",0.6218717728004715
1337,"('fois', 'NOUN')",8,"[(7, 0.13652641059671577), (8, 0.6436090040135568)]",0.8013762732647176
1339,"('fonctionnaire', 'NOUN')",7,"[(5, 0.10443278075955811), (7, 0.5867600076264259), (8, 0.14017378759925303)]",0.7502048053341472
1340,"('fonctionnement', 'NOUN')",7,"[(7, 0.7377156637240867), (8, 0.10805450472046807)]",0.6706294844636249
1343,"('fondateur', 'NOUN')",7,"[(5, 0.11498363646882559), (7, 0.5721451765963533), (8, 0.14951174141841062)]",0.7757961905579913
1348,"('footballeur', 'NOUN')",7,"[(5, 0.21856041309556323), (7, 0.27723555037999037), (8, 0.15421210470049806)]",0.8886788582116295
1357,"('fort', 'NOUN')",7,"[(7, 0.7382218045212445), (8, 0.11868407999789227)]",0.6881779527594158
1363,"('frais', 'ADJ')",5,"[(5, 0.3696281314609339), (7, 0.11605904489609928)]",0.8913353349105907
1364,"('franc', 'NOUN')",2,"[(2, 0.30846183986265785), (6, 0.17642937878372048), (7, 0.14327068880369778)]",0.8622269563049227
1366,"('franchise', 'NOUN')",8,"[(7, 0.1064190034978694), (8, 0.7896273405784167)]",0.6130349284397021
1371,"('froid', 'ADJ')",9,"[(0, 0.12098793198397934), (5, 0.11585059695053918), (8, 0.10038303271041848), (9, 0.3255902075798685)]",0.7944571958454121
1376,"('frère', 'NOUN')",7,"[(7, 0.7063244280881718), (8, 0.1307987107477349)]",0.7381295374089901
1387,"('février', 'NOUN')",7,"[(2, 0.12304346437140867), (5, 0.10871108428210687), (7, 0.16195570080275545), (8, 0.11078742185456913)]",0.7484823721686955
1399,"('gauche', 'NOUN')",8,"[(2, 0.28179927549663714), (7, 0.10825959200534634), (8, 0.37258325814057225)]",0.8787909213458401
1402,"('gens', 'NOUN')",7,"[(7, 0.40449073532340296), (8, 0.2966849239155724)]",1.0482802992887306
1405,"('glace', 'NOUN')",2,"[(2, 0.4643424969908288), (8, 0.18336934885284262)]",0.9626428390438991
1414,"('gratuit', 'ADJ')",9,"[(0, 0.11894548454480362), (9, 0.5210408113478894)]",0.8554116407679911
1415,"('grave', 'ADJ')",0,"[(0, 0.5074592309038508), (9, 0.2016622027681485)]",0.9624551049282786
1416,"('gravure', 'NOUN')",8,"[(7, 0.1199967706605981), (8, 0.6887022588251032)]",0.737616680113509
1424,"('guitare', 'NOUN')",8,"[(7, 0.12904228922929242), (8, 0.7338089413469013)]",0.7088648006579243
1433,"('h', 'NOUN')",8,"[(2, 0.1254368447361985), (5, 0.12922192864970308), (6, 0.1244993152698272), (7, 0.1356445479738665), (8, 0.15810543628662163)]",0.8368204687436253
1434,"('h', 'NUM')",6,"[(2, 0.13380990233515117), (4, 0.1006700150617929), (5, 0.11070080451402431), (6, 0.17203131797182908), (7, 0.1328389244502895), (8, 0.11911976126752738)]",0.8752802350300614
1435,"('ha', 'NOUN')",7,"[(2, 0.12478738919588887), (5, 0.12432415499967232), (6, 0.1457735349193435), (7, 0.1592268884739611), (8, 0.10833611006732732)]",0.8282157847309537
1436,"('habitant', 'NOUN')",7,"[(5, 0.12076005238253333), (7, 0.3450658662117217), (8, 0.1566310786332772)]",0.8308755279196304
1437,"('habitat', 'NOUN')",7,"[(7, 0.740710465430875), (8, 0.13575851337307152)]",0.7118459634577778
1438,"('habitation', 'NOUN')",8,"[(2, 0.10505451368186242), (7, 0.15657885851336398), (8, 0.5109880597057901)]",0.792023389831549
1440,"('hasard', 'NOUN')",7,"[(7, 0.714120264410712), (8, 0.10886363966156976)]",0.6951907733325297
1444,"('hectare', 'NOUN')",6,"[(2, 0.21615251079712297), (6, 0.23275429417357188), (7, 0.12073960392747825)]",0.8425690684777246
1445,"('heure', 'NOUN')",8,"[(7, 0.1560437465634773), (8, 0.6458765092741814)]",0.8255285113537736
1446,"('heureux', 'ADJ')",5,"[(5, 0.5349711510416958), (7, 0.11318585682216488)]",0.8385634884639178
1451,"('hiver', 'NOUN')",7,"[(7, 0.6396392519782866), (8, 0.12792801266160247)]",0.7918667103690976
1452,"('hockey', 'NOUN')",2,"[(2, 0.45206359029078824), (7, 0.11360310900154076)]",0.8742728312583473
1453,"('hommage', 'NOUN')",7,"[(5, 0.126334433459901), (7, 0.35554933481084083), (8, 0.13181298292595967)]",0.8156981628811275
1455,"('honneur', 'NOUN')",7,"[(2, 0.15290166229573973), (7, 0.5289506946718404), (8, 0.15700970108011814)]",0.8326013434813757
1456,"('hors', 'ADV')",5,"[(3, 0.14776771549306572), (5, 0.31244475349795964), (7, 0.11911327715200994), (8, 0.11550516606176307)]",0.82866256205216
1458,"('huit', 'NUM')",1,"[(0, 0.10026216601866755), (1, 0.5151444727672098)]",0.8256530038587535
1461,"('humanité', 'NOUN')",8,"[(7, 0.18425665725931278), (8, 0.6756513550394738)]",0.8318067711736294
1463,"('hypothèse', 'NOUN')",8,"[(7, 0.1265099205502707), (8, 0.7510502440111214)]",0.6875360757478919
1465,"('héritier', 'NOUN')",7,"[(7, 0.7144085993583119), (8, 0.11650567639153718)]",0.7079613984505615
1466,"('héros', 'NOUN')",7,"[(7, 0.7794412939465336), (8, 0.10801460964965653)]",0.6270022645042681
1467,"('hésiter', 'VERB')",5,"[(5, 0.41308925464204727), (7, 0.10384220321467393)]",0.8661928899661571
1469,"('hôte', 'NOUN')",7,"[(7, 0.5173403079544102), (8, 0.1381317953140105)]",0.8863828611589539
1486,"('important', 'ADJ')",0,"[(0, 0.39277069954279664), (9, 0.19422022813660114)]",0.9887316654222942
1488,"('impossible', 'ADJ')",5,"[(5, 0.5362852752227786), (7, 0.10030110473388497)]",0.81483955866838
1494,"('inconnu', 'ADJ')",5,"[(5, 0.2722115792924968), (7, 0.12934104961498152), (8, 0.10600733754536584), (9, 0.113919221701463)]",0.7964442111007525
1495,"('indice', 'NOUN')",7,"[(7, 0.6620502832840577), (8, 0.17693902497261485)]",0.8360247730851628
1498,"('individu', 'NOUN')",7,"[(7, 0.7117917862748423), (8, 0.13096528054963932)]",0.7332021185577673
1502,"('indépendance', 'NOUN')",8,"[(7, 0.14937959970617545), (8, 0.7251036959696225)]",0.7460001641861195
1503,"('indépendant', 'ADJ')",9,"[(0, 0.11798665648849758), (9, 0.5477800147944296)]",0.8394433971052001
1504,"('infanterie', 'NOUN')",2,"[(2, 0.46961668337019524), (8, 0.15329601520937697)]",0.926849807680229
1507,"('infrastructure', 'NOUN')",8,"[(7, 0.1573993635297786), (8, 0.7100166904850183)]",0.7706641557059809
1508,"('inférieur', 'ADJ')",5,"[(0, 0.10189156998155177), (5, 0.3511607831961001), (7, 0.12013833467349828), (9, 0.13172867369421723)]",0.8092078636430846
1516,"('insecte', 'NOUN')",7,"[(5, 0.11313880006622011), (7, 0.5559171818564782), (8, 0.14186685359715276)]",0.7736953638133797
1520,"('instance', 'NOUN')",8,"[(7, 0.12896472970927653), (8, 0.615539444436643)]",0.8120094017660627
1521,"('institut', 'NOUN')",7,"[(7, 0.7967049302162321), (8, 0.13084650717003962)]",0.6451362229333556
1524,"('intention', 'NOUN')",8,"[(7, 0.1602978594829075), (8, 0.7262667090189774)]",0.7584946308045203
1528,"('internet', 'NOUN')",9,"[(0, 0.10813603179900869), (2, 0.14108993864730485), (7, 0.1393848277082849), (9, 0.22145217882787135)]",0.8117674601016317
1529,"('interprétation', 'NOUN')",8,"[(7, 0.1705899976472702), (8, 0.5756230129957154)]",0.8939010910716673
1535,"('interview', 'NOUN')",8,"[(7, 0.1309811634933636), (8, 0.7271259545359428)]",0.7183876472043725
1536,"('intituler', 'VERB')",5,"[(5, 0.2978931255492102), (7, 0.11763068049952019)]",0.8836629710343482
1537,"('introduction', 'NOUN')",8,"[(7, 0.16893665591266258), (8, 0.7100318117197446)]",0.7841850796039872
1541,"('intéressant', 'ADJ')",5,"[(0, 0.1414528313572569), (5, 0.2550611464054353), (7, 0.13801289329985147), (9, 0.11438609385495997)]",0.8269965823700663
1544,"('intérieur', 'NOUN')",7,"[(7, 0.68130580938041), (8, 0.190228998533749)]",0.8326328668647025
1546,"('invasion', 'NOUN')",8,"[(7, 0.11552335478579004), (8, 0.8268987104188601)]",0.5864601775947186
1548,"('investissement', 'NOUN')",7,"[(7, 0.7026352163625081), (8, 0.1029572546730963)]",0.6954359805041979
1549,"('investisseur', 'NOUN')",7,"[(7, 0.5757545329721435), (8, 0.17758367878640857)]",0.90136596108747
1553,"('islam', 'NOUN')",7,"[(7, 0.5288901142948021), (8, 0.21861976770935762)]",0.9655722916795195
1554,"('isoler', 'VERB')",5,"[(5, 0.3421454772182411), (7, 0.12096959844837187), (8, 0.11666778061964816)]",0.7947512579957036
1555,"('issu', 'ADJ')",5,"[(5, 0.5637566785070623), (7, 0.10033887402146043)]",0.7989741018648212
1556,"('issue', 'NOUN')",8,"[(7, 0.22575327279048302), (8, 0.5796490066687584)]",0.9407711803966637
1558,"('italien', 'NOUN')",7,"[(7, 0.6767508902712457), (8, 0.12588956557974912)]",0.7575967210616094
1560,"('janvier', 'NOUN')",7,"[(2, 0.12164758528510752), (5, 0.10934510594700862), (7, 0.16502249231002228), (8, 0.11272538594010645)]",0.7513897974749522
1567,"('jeudi', 'NOUN')",7,"[(3, 0.10989466539328711), (5, 0.12156417064965497), (7, 0.30285797293292915), (8, 0.11895317376256553)]",0.803481824832954
1569,"('jeune', 'NOUN')",7,"[(7, 0.7560669297592394), (8, 0.12225718355819239)]",0.6756929554118873
1570,"('jeunesse', 'NOUN')",8,"[(7, 0.10894551161084312), (8, 0.6771073954366882)]",0.7293450628098131
1576,"('journaliste', 'NOUN')",7,"[(7, 0.703060454848309), (8, 0.12178349981641345)]",0.7272818136809893
1582,"('juif', 'NOUN')",7,"[(7, 0.5232688047225899), (8, 0.17813328670628362)]",0.9322983082326597
1583,"('juillet', 'NOUN')",7,"[(2, 0.13141677579517308), (5, 0.10726143609318804), (7, 0.16535667929257533), (8, 0.11145866850502226)]",0.7561815990957627
1584,"('juin', 'NOUN')",7,"[(2, 0.1305338452717442), (5, 0.10890830006508896), (7, 0.16904954504659908), (8, 0.1134029930970876)]",0.7607421331470069
1586,"('jusque', 'ADP')",1,"[(0, 0.10534137851908024), (1, 0.2691575044542564), (3, 0.13063719504847476)]",0.7793686467143228
1590,"('kg', 'NOUN')",6,"[(2, 0.16024655035170474), (6, 0.16632685608097955), (7, 0.15507698906091869), (8, 0.10186948827061233)]",0.803212753298724
1591,"('kilomètre', 'NOUN')",7,"[(2, 0.13019335912841143), (5, 0.1404450623940835), (6, 0.10711606161748834), (7, 0.2322229966870746), (8, 0.12885122488372466)]",0.8596061068296478
1592,"('km', 'NOUN')",7,"[(2, 0.12222938544519354), (5, 0.13555829394323704), (6, 0.11734696447813922), (7, 0.20207061905783727), (8, 0.12388355343722983)]",0.8456932520227434
1601,"('large', 'NOUN')",7,"[(7, 0.6407178512616848), (8, 0.13362407524945777)]",0.7995045921665257
1604,"('latin', 'NOUN')",7,"[(7, 0.6593869705354646), (8, 0.11996881396672503)]",0.7631783162821397
1606,"('le', 'DET')",1,"[(0, 0.19328428532442157), (1, 0.25752429390526227)]",0.9623480064923841
1610,"('lendemain', 'NOUN')",7,"[(7, 0.7016367544494676), (8, 0.13622114533337495)]",0.7504482939978426
1611,"('lequel', 'PRON')",3,"[(2, 0.14528886411168004), (3, 0.15458798643613852), (7, 0.12723200609465182), (8, 0.11918677600004228)]",0.7824592352038857
1616,"('libre', 'ADJ')",9,"[(0, 0.14869101013471736), (9, 0.6837335780626703)]",0.7838660282644546
1622,"('lien', 'NOUN')",7,"[(7, 0.786311670526287), (8, 0.10795077972640836)]",0.6194037872239875
1624,"('lieu', 'NOUN')",7,"[(5, 0.12105898057621046), (7, 0.5148432145166054), (8, 0.12501048196106698)]",0.780398648267924
1631,"('lit', 'NOUN')",7,"[(7, 0.7847697175849087), (8, 0.10840794768588496)]",0.6218986530395157
1637,"('localité', 'NOUN')",8,"[(7, 0.14837395058906983), (8, 0.6347234384359377)]",0.8246791461778624
1642,"('loin', 'ADV')",3,"[(3, 0.27660756361615596), (5, 0.25107421491255777)]",1.013449963421158
1644,"('long', 'NOUN')",2,"[(2, 0.34886605299163936), (6, 0.11171958569426638)]",0.8832789168338121
1648,"('lors', 'ADV')",3,"[(3, 0.22303066608371797), (5, 0.20743510617846608), (7, 0.1148173016712181), (8, 0.11684537546818569)]",0.8369763683630075
1649,"('lorsque', 'SCONJ')",3,"[(1, 0.12227180620191572), (3, 0.36855139380378343)]",0.9014450627817976
1652,"('lui', 'PRON')",3,"[(3, 0.23185981124407995), (5, 0.1243183211768148), (7, 0.12462775396739553), (8, 0.10398887295871145)]",0.7884239226951043
1653,"('lui-même', 'PRON')",5,"[(3, 0.1415662386136584), (5, 0.15048614168084065), (7, 0.14083101662583367), (8, 0.11390070183743604)]",0.7828502368767185
1655,"('lundi', 'NOUN')",7,"[(7, 0.5215557112406973), (8, 0.1332134464332274)]",0.8772062750399361
1662,"('léger', 'ADJ')",9,"[(0, 0.3073733736813865), (9, 0.40142803550543643)]",1.0517248841257725
1664,"('légèrement', 'ADV')",3,"[(1, 0.11917437402384522), (3, 0.5084476459888086)]",0.8618866494004987
1666,"('madame', 'NOUN')",4,"[(2, 0.1158540398585054), (4, 0.39715070652194795), (8, 0.12611085411818995)]",0.7988110194904557
1668,"('magazine', 'NOUN')",7,"[(7, 0.7781843355248969), (8, 0.10909861656310764)]",0.6302710581696731
1669,"('magnifique', 'ADJ')",0,"[(0, 0.6059041761686954), (9, 0.14658581139357454)]",0.8440403012019518
1670,"('mai', 'NOUN')",7,"[(2, 0.1282677667130936), (5, 0.10734116988774224), (7, 0.16258020708417847), (8, 0.11187225114440594)]",0.7526240003916674
1671,"('maillot', 'NOUN')",7,"[(7, 0.7758039323456525), (8, 0.11084227341404634)]",0.6358764088347985
1676,"('mais', 'CCONJ')",3,"[(1, 0.1625117187573395), (3, 0.32895226400423516)]",0.953661505263733
1679,"('majorité', 'NOUN')",8,"[(7, 0.10267367198316668), (8, 0.821106182825044)]",0.5706553262703982
1683,"('malgré', 'ADP')",1,"[(1, 0.472779770765303), (3, 0.10165703446609216)]",0.8462484302053619
1690,"('manque', 'NOUN')",7,"[(7, 0.682822390985309), (8, 0.149280770891935)]",0.7854490189407172
1695,"('mardi', 'NOUN')",7,"[(5, 0.11030642367092794), (7, 0.34807500850640527), (8, 0.12034012161659224)]",0.7876467996865725
1696,"('mari', 'NOUN')",7,"[(5, 0.12714644986092716), (7, 0.37301059953868687), (8, 0.20571998598225913)]",0.8696108710954876
1705,"('mars', 'NOUN')",7,"[(2, 0.1242519125096211), (5, 0.11099436689820197), (7, 0.16903393507554565), (8, 0.11480181530143029)]",0.7589260163473052
1706,"('maréchal', 'NOUN')",7,"[(7, 0.744321737240726), (8, 0.10418900914196316)]",0.6570224292616142
1712,"('matin', 'NOUN')",7,"[(7, 0.648830284984027), (8, 0.10924178684606384)]",0.7538888252741923
1719,"('membre', 'NOUN')",7,"[(5, 0.14152028263886177), (7, 0.6147127621709063), (8, 0.12012830046778018)]",0.7558726324295464
1723,"('mention', 'NOUN')",8,"[(7, 0.14385705876050198), (8, 0.6293282263325801)]",0.8228741184348161
1727,"('merci', 'INTJ')",5,"[(4, 0.10103250658185328), (5, 0.2829354382123309), (7, 0.11613549327757898), (8, 0.11282233720439247)]",0.78268051386799
1728,"('mercredi', 'NOUN')",7,"[(5, 0.1162066255467692), (7, 0.4076944595496104), (8, 0.12835586201033344)]",0.8004899588124259
1737,"('militaire', 'NOUN')",7,"[(7, 0.7396919938648422), (8, 0.11450247761338554)]",0.6797661964024733
1738,"('militant', 'NOUN')",7,"[(7, 0.6918618737150283), (8, 0.12387139596708663)]",0.7409209256714617
1739,"('milliard', 'NOUN')",7,"[(2, 0.1039371368155232), (5, 0.15353449371148303), (7, 0.22010922487836096), (8, 0.13292301779677573)]",0.8110895751562843
1740,"('millier', 'NOUN')",7,"[(7, 0.42617622093042845), (8, 0.1898753254615822)]",0.9795080080475685
1741,"('million', 'NOUN')",7,"[(5, 0.1653714983042354), (7, 0.2276163853840975), (8, 0.13210115235298628)]",0.8209330200789295
1742,"('mine', 'NOUN')",8,"[(2, 0.10188132324411106), (7, 0.12390293988685006), (8, 0.6172601318015566)]",0.7183962104533403
1745,"('minute', 'NOUN')",8,"[(2, 0.10236441082353676), (5, 0.10187584992563933), (7, 0.1555303839678123), (8, 0.3415788569593842)]",0.8095970671176668
1746,"('mise', 'NOUN')",8,"[(7, 0.10531812448415905), (8, 0.8055697321055663)]",0.5932585104299989
1749,"('mm', 'NOUN')",7,"[(2, 0.13318365283902706), (5, 0.12844036003970827), (6, 0.13191199797278313), (7, 0.17912811045203703), (8, 0.1140090680549687)]",0.8418521580134802
1754,"('modification', 'NOUN')",8,"[(7, 0.1292741847971655), (8, 0.7511385811682727)]",0.6916587729861237
1757,"('moi', 'PRON')",3,"[(3, 0.22667696780911692), (5, 0.11623087300705227), (7, 0.11142462354470774), (8, 0.10688001877374319)]",0.771906660133401
1758,"('moine', 'NOUN')",7,"[(7, 0.7533445618630958), (8, 0.12518494011363038)]",0.6831181283221348
1760,"('moins', 'PRON')",7,"[(2, 0.13677385367908368), (5, 0.17724911998317258), (7, 0.19644953527058498), (8, 0.17273278702126268)]",0.8669084404542339
1765,"('monde', 'NOUN')",7,"[(7, 0.7686616777891139), (8, 0.10892098402856273)]",0.6401677897953437
1768,"('monsieur', 'NOUN')",7,"[(4, 0.2163121865302741), (5, 0.15569519022678793), (7, 0.26697165556010427), (8, 0.11210163774569529)]",0.8790595012341376
1769,"('mont', 'NOUN')",7,"[(7, 0.7165635376146425), (8, 0.1299586924874014)]",0.7271298666692028
1770,"('montagne', 'NOUN')",8,"[(7, 0.12470423554087288), (8, 0.7301419523652307)]",0.7058416268674647
1775,"('morceau', 'NOUN')",7,"[(7, 0.6548896263485982), (8, 0.15421897382191588)]",0.8158461101404135
1776,"('mort', 'ADJ')",5,"[(0, 0.11615416811422268), (5, 0.2230504151396117), (7, 0.11525061277861996), (9, 0.19732371305511612)]",0.8324139100135143
1780,"('motif', 'NOUN')",7,"[(7, 0.8287674500175115), (8, 0.1000239072418996)]",0.5568011848340537
1783,"('moyen', 'ADJ')",0,"[(0, 0.5611267877755433), (9, 0.3029900760387451)]",0.9897041669786527
1784,"('moyen', 'NOUN')",7,"[(7, 0.7976976022401205), (8, 0.10151311931826969)]",0.5951380232955654
1786,"('multiple', 'ADJ')",0,"[(0, 0.2695769060071802), (1, 0.15364884343701757)]",0.9250361670510013
1796,"('mère', 'NOUN')",8,"[(7, 0.12621425694169558), (8, 0.6944011579290622)]",0.7422477264885866
1797,"('mètre', 'NOUN')",7,"[(2, 0.140018699571753), (5, 0.12390865588089035), (6, 0.135941762757278), (7, 0.19183593479564837), (8, 0.11648337310876578)]",0.8527698393093927
1799,"('médaille', 'NOUN')",8,"[(7, 0.12626958338464803), (8, 0.7692271496841174)]",0.6681344972148235
1801,"('médecine', 'NOUN')",8,"[(2, 0.28261687312885597), (7, 0.10084563507272211), (8, 0.3654221220194336)]",0.8705165563828866
1802,"('média', 'NOUN')",7,"[(7, 0.6369552341294356), (8, 0.1597221964300352)]",0.8371727285432657
1805,"('mélange', 'NOUN')",7,"[(7, 0.7729020101901939), (8, 0.11465440748098361)]",0.6454966156319683
1807,"('ménage', 'NOUN')",7,"[(7, 0.6762509667003651), (8, 0.1401085230329718)]",0.7789166910886139
1809,"('métal', 'NOUN')",7,"[(2, 0.10158779099943527), (7, 0.6267102611581832), (8, 0.10911859208674253)]",0.6980536328799716
1812,"('métrage', 'NOUN')",7,"[(5, 0.11818200132597984), (7, 0.4936329098264029), (8, 0.14407401531128275)]",0.8010112751367494
1813,"('métro', 'NOUN')",7,"[(7, 0.6943117202168511), (8, 0.12318946380547789)]",0.7376086380171769
1816,"('naissance', 'NOUN')",8,"[(7, 0.11355622658005772), (8, 0.6561264624061233)]",0.7552934635527816
1818,"('nation', 'NOUN')",8,"[(7, 0.19665648999483068), (8, 0.5032052391669203)]",0.9599716144255888
1826,"('naître', 'VERB')",5,"[(5, 0.4128816682461233), (7, 0.11991013147672387)]",0.8938414222523693
1828,"('net', 'ADJ')",0,"[(0, 0.6720670254063804), (9, 0.1732626451708756)]",0.8234870553998797
1830,"('ni', 'CCONJ')",1,"[(0, 0.12430950476577105), (1, 0.4215934518056423), (3, 0.12380463113379739)]",0.802788352125946
1832,"('noblesse', 'NOUN')",8,"[(7, 0.11958106013464326), (8, 0.7172066921282623)]",0.7103177803718482
1834,"('noir', 'NOUN')",7,"[(7, 0.4897402370645903), (8, 0.13175533682698415)]",0.8896504268996696
1837,"('nombreux', 'ADJ')",0,"[(0, 0.31161640643996386), (1, 0.21712408104202127)]",1.0026007025708505
1839,"('non', 'ADV')",3,"[(1, 0.14521808462196545), (3, 0.3689478959989708)]",0.934980202788565
1840,"('nord', 'NOUN')",7,"[(7, 0.749793761590952), (8, 0.11284394788701718)]",0.6666775291418878
1841,"('nord-est', 'NOUN')",7,"[(7, 0.7479586503087815), (8, 0.12081354945276027)]",0.6817500518763232
1842,"('nord-ouest', 'NOUN')",7,"[(7, 0.6438603747397746), (8, 0.14448770178683493)]",0.812229868376392
1843,"('normal', 'ADJ')",9,"[(0, 0.10172118541829542), (9, 0.6673142482699012)]",0.7248251648639703
1848,"('notion', 'NOUN')",8,"[(7, 0.1361463954466143), (8, 0.7208538387309932)]",0.7320643292236027
1851,"('nous', 'PRON')",3,"[(1, 0.12160538827200282), (3, 0.2187040633737025), (5, 0.11587780503320243), (7, 0.10577162274714735)]",0.7761789773541241
1854,"('novembre', 'NOUN')",7,"[(2, 0.1301076494170574), (5, 0.10714663392280216), (7, 0.1659975246831742), (8, 0.11004044387237283)]",0.7542433096627793
1855,"('nuage', 'NOUN')",7,"[(7, 0.7649888155084249), (8, 0.11090993119304611)]",0.647526240908645
1858,"('nul', 'ADJ')",9,"[(0, 0.14404352438773932), (5, 0.10075870894639412), (9, 0.44734518028544334)]",0.7920937481840336
1860,"('numéro', 'NOUN')",7,"[(7, 0.5732461494681454), (8, 0.1268826811526935)]",0.838098279757895
1861,"('n°', 'NOUN')",7,"[(7, 0.4686709337295147), (8, 0.19317155939740452)]",0.9706343715944284
1868,"('négociation', 'NOUN')",8,"[(7, 0.20430868673532285), (8, 0.5321714707977528)]",0.9524031645029224
1871,"('objet', 'NOUN')",7,"[(7, 0.8258853860778435), (8, 0.10744846358742442)]",0.5737328169042433
1874,"('observation', 'NOUN')",8,"[(7, 0.13185818296848645), (8, 0.6372285817243728)]",0.7996868962181121
1877,"('occasion', 'NOUN')",8,"[(7, 0.1298448650262854), (8, 0.7839998069064961)]",0.6576537655102286
1878,"('occidental', 'ADJ')",9,"[(0, 0.14187107452931227), (9, 0.39190218936058113)]",0.9293302587674656
1881,"('octobre', 'NOUN')",7,"[(2, 0.12584331821782477), (5, 0.11047348458514947), (7, 0.16995891602855404), (8, 0.11409802279384092)]",0.7596378983230427
1882,"('océan', 'NOUN')",7,"[(7, 0.6888383009582857), (8, 0.16140101587140315)]",0.7951225797830975
1883,"('office', 'NOUN')",7,"[(7, 0.7830309122923428), (8, 0.10872334718606812)]",0.6243517623604886
1890,"('olympique', 'ADJ')",9,"[(0, 0.10898952074959721), (9, 0.46268972725099233)]",0.8629768591678217
1891,"('on', 'PRON')",3,"[(3, 0.22103888321039544), (5, 0.12284842049202434), (7, 0.12808291679891748), (8, 0.10062861820913745)]",0.7830404162713388
1892,"('oncle', 'NOUN')",7,"[(7, 0.4306771028748354), (8, 0.19496491680666966)]",0.983277522108344
1894,"('opportunité', 'NOUN')",8,"[(7, 0.21793298395191996), (8, 0.6004126954119731)]",0.9209140861265591
1898,"('opérateur', 'NOUN')",7,"[(7, 0.8166812347214736), (8, 0.1012600844790915)]",0.5731469154949741
1901,"('or', 'CCONJ')",3,"[(1, 0.13202439647200778), (3, 0.2618477992962947)]",0.8918636383527543
1903,"('orchestre', 'NOUN')",7,"[(2, 0.11294385350445267), (7, 0.5498755584553441), (8, 0.15010966331703582)]",0.7826618775000719
1909,"('organisme', 'NOUN')",7,"[(7, 0.7410833779547721), (8, 0.1240830805289714)]",0.6939317978635522
1913,"('originaire', 'ADJ')",5,"[(5, 0.3108888663010427), (7, 0.12414023902590902)]",0.8976690590816551
1917,"('otage', 'NOUN')",7,"[(7, 0.7651366418809193), (8, 0.10453656750986057)]",0.6360757590553248
1918,"('ou', 'CCONJ')",1,"[(0, 0.11296099716071208), (1, 0.3782219585002973), (3, 0.13191052032294825)]",0.8021692352659999
1920,"('ouest', 'NOUN')",7,"[(7, 0.5786885088621242), (8, 0.17569185824288125)]",0.8974568080081495
1921,"('outil', 'NOUN')",7,"[(7, 0.7924527566976234), (8, 0.11069354031956279)]",0.617441168563204
1923,"('ouvert', 'ADJ')",5,"[(0, 0.10462137505974863), (5, 0.30077672125918786), (7, 0.12737705236236957), (9, 0.1655428245472432)]",0.8351248878433839
1926,"('ouvrier', 'NOUN')",7,"[(7, 0.5003955179230665), (8, 0.16880139357977317)]",0.9330705534246639
1928,"('où', 'PRON')",3,"[(1, 0.11921908568817936), (3, 0.3184845237749161)]",0.8915253966649886
1929,"('page', 'NOUN')",8,"[(7, 0.103748443225893), (8, 0.7770351166130499)]",0.6219375016134384
1935,"('papillon', 'NOUN')",7,"[(7, 0.7096147121432163), (8, 0.13486951410949344)]",0.7410047312159366
1936,"('par', 'ADP')",1,"[(1, 0.425218195731198), (3, 0.11529134454309381)]",0.8839242814214551
1937,"('parallèle', 'NOUN')",7,"[(7, 0.5134442686004413), (8, 0.25678548448203037)]",0.9974397490847939
1942,"('parent', 'NOUN')",7,"[(7, 0.44679483410096016), (8, 0.1845684646896827)]",0.9692524398863686
1943,"('parfait', 'ADJ')",5,"[(0, 0.2191854532658631), (5, 0.2507526720787525), (7, 0.11445717596859817), (8, 0.10037332415671744), (9, 0.12979012831193953)]",0.8844066034614331
1948,"('parlement', 'NOUN')",7,"[(7, 0.7955488373928477), (8, 0.1005976631269996)]",0.5958266799171054
1953,"('parole', 'NOUN')",8,"[(7, 0.12489452563020055), (8, 0.7771784787394009)]",0.6574816153203035
1961,"('particularité', 'NOUN')",8,"[(7, 0.10602405898347983), (8, 0.8088196460765543)]",0.590844577872969
1967,"('partisan', 'NOUN')",7,"[(5, 0.10673192234669662), (7, 0.5689235092419958), (8, 0.17818378953881972)]",0.7892139804117281
1972,"('passe', 'NOUN')",8,"[(7, 0.18170818879411024), (8, 0.5481977658376364)]",0.9224719542697833
1974,"('passé', 'NOUN')",7,"[(7, 0.7606042596847201), (8, 0.11522961291340596)]",0.6594916336619535
1975,"('patient', 'NOUN')",7,"[(7, 0.6506640722894292), (8, 0.172191908967066)]",0.8404293102730506
1977,"('patron', 'NOUN')",7,"[(7, 0.7657104010662965), (8, 0.10272712496991272)]",0.6321620111045078
1978,"('pauvre', 'ADJ')",5,"[(5, 0.3449385499282108), (7, 0.19302750219461395), (8, 0.1253913508880157)]",0.8601907407634697
1991,"('performance', 'NOUN')",8,"[(7, 0.1178076283369394), (8, 0.7646362833477602)]",0.6595271920466715
1996,"('personne', 'NOUN')",8,"[(7, 0.12233758640958936), (8, 0.7139684225758659)]",0.7178496902556046
1997,"('personne', 'PRON')",3,"[(3, 0.19756888507689915), (5, 0.11168532791515735), (7, 0.12685916747956663), (8, 0.10906283456916607)]",0.7709771677282693
2005,"('peu', 'PRON')",5,"[(3, 0.1374430325966498), (5, 0.2223169507702841), (7, 0.13861299298936716), (8, 0.12887855572628815)]",0.8259539814134713
2008,"('peur', 'NOUN')",8,"[(7, 0.10023165150549285), (8, 0.7611219497580858)]",0.6323579304385394
2014,"('photographe', 'NOUN')",7,"[(7, 0.765913253491188), (8, 0.11310278677556534)]",0.6503112673222513
2017,"('physique', 'NOUN')",2,"[(2, 0.3813017557656601), (8, 0.2109674786499743)]",1.0039912753496174
2019,"('piano', 'NOUN')",7,"[(2, 0.24792023357083015), (7, 0.3862934484998883), (8, 0.10579170981427415)]",0.8654788836839048
2026,"('pizza', 'NOUN')",8,"[(7, 0.15815582356054247), (8, 0.68955602334557)]",0.7905679827163903
2032,"('plainte', 'NOUN')",8,"[(7, 0.13686809293224853), (8, 0.691723093287575)]",0.7605063076635677
2033,"('plaisir', 'NOUN')",7,"[(5, 0.10531422015551241), (7, 0.5954674363859401), (8, 0.1267945849946542)]",0.735101837130912
2035,"('plante', 'NOUN')",8,"[(7, 0.10888970070550034), (8, 0.7421202456081232)]",0.6676606350870472
2038,"('plat', 'NOUN')",7,"[(7, 0.7392260149084345), (8, 0.12053420645763072)]",0.6901668223719187
2041,"('pluie', 'NOUN')",8,"[(7, 0.10263820941136155), (8, 0.809643942650726)]",0.5837511857416442
2042,"('plupart', 'NOUN')",8,"[(7, 0.17343663741705934), (8, 0.6690541217604762)]",0.8262855088384142
2043,"('plus', 'ADV')",3,"[(1, 0.12184539154334478), (3, 0.4203111320743527)]",0.8956160361526614
2044,"('plus', 'PRON')",5,"[(2, 0.10391422691145408), (3, 0.11891718978522599), (4, 0.1077679801635366), (5, 0.21051649595039873), (7, 0.141459561029396), (8, 0.13236462228840404)]",0.8934951033541401
2045,"('plusieurs', 'DET')",1,"[(0, 0.109139058184183), (1, 0.4241343441229091)]",0.8736090169927614
2046,"('plusieurs', 'PRON')",5,"[(3, 0.13273660503719348), (5, 0.18977926804615827), (7, 0.1374292498362059), (8, 0.12591608262250364)]",0.8058200938878277
2054,"('policier', 'NOUN')",7,"[(7, 0.5815089657211578), (8, 0.15822915759816136)]",0.875689397770304
2064,"('porte-parole', 'NOUN')",7,"[(7, 0.7506380901840645), (8, 0.15277805796413615)]",0.7247255057017534
2069,"('positif', 'ADJ')",9,"[(0, 0.10162109288255725), (9, 0.5341513917716534)]",0.8184561261360995
2071,"('possession', 'NOUN')",8,"[(7, 0.10525776084685738), (8, 0.7589735575812625)]",0.6438566025125207
2072,"('possibilité', 'NOUN')",8,"[(7, 0.12307121384861465), (8, 0.7709437490740662)]",0.6613118247002598
2076,"('potentiel', 'NOUN')",7,"[(7, 0.7561178789014148), (8, 0.12565513944028744)]",0.6809729183522059
2078,"('pour', 'ADP')",1,"[(1, 0.4185622111413898), (3, 0.17323743789000956)]",0.9640657747629562
2086,"('poème', 'NOUN')",7,"[(7, 0.6238302529429823), (8, 0.1517873878951128)]",0.8375306759119534
2093,"('première', 'NOUN')",8,"[(7, 0.1384010385447987), (8, 0.6502247004074364)]",0.7986511747585249
2096,"('presse', 'NOUN')",8,"[(2, 0.21591639099554077), (7, 0.1121734732265543), (8, 0.46105422778782096)]",0.8495624997168548
2099,"('preuve', 'NOUN')",8,"[(7, 0.12221695707317988), (8, 0.6627828476254812)]",0.7639108468097012
2102,"('princesse', 'NOUN')",8,"[(7, 0.1345358518354114), (8, 0.6772996265178926)]",0.7700714120328656
2107,"('priorité', 'NOUN')",8,"[(7, 0.12135473045081185), (8, 0.7209514964197898)]",0.7095535387380173
2109,"('prison', 'NOUN')",8,"[(2, 0.23824986279481725), (7, 0.10876410789461606), (8, 0.4571838905400209)]",0.856425110842186
2110,"('prisonnier', 'NOUN')",7,"[(7, 0.6394331853812859), (8, 0.10523920478266183)]",0.754364254582998
2115,"('probable', 'ADJ')",5,"[(0, 0.10562221123355645), (5, 0.4054656105456702), (7, 0.13123761432479567)]",0.7918704237666642
2119,"('prochain', 'ADJ')",0,"[(0, 0.4713386301529314), (9, 0.40403942632985224)]",1.0397338741326259
2120,"('proche', 'ADJ')",5,"[(5, 0.34432781629486187), (7, 0.13043576089991016), (8, 0.1354271074901078)]",0.8224489797520113
2131,"('professionnalisme', 'NOUN')",7,"[(7, 0.7653502631170308), (8, 0.11883900468276426)]",0.6604609273671131
2133,"('professionnel', 'NOUN')",7,"[(7, 0.6446159652082638), (8, 0.1249520265792885)]",0.7832818687236418
2136,"('profond', 'ADJ')",0,"[(0, 0.39336537028760393), (9, 0.3748209919543005)]",1.0601366096123874
2137,"('profondeur', 'NOUN')",8,"[(7, 0.10069184674562455), (8, 0.7254934478716298)]",0.6693679499810583
2140,"('progrès', 'NOUN')",7,"[(7, 0.7866567673922327), (8, 0.11866482404491625)]",0.6372342693069775
2147,"('proportion', 'NOUN')",8,"[(7, 0.12007018356056283), (8, 0.7458221443561165)]",0.68273535405965
2148,"('propos', 'NOUN')",7,"[(7, 0.556525752823165), (8, 0.16321964474813755)]",0.897369074652312
2163,"('proximité', 'NOUN')",8,"[(7, 0.1514840520951241), (8, 0.642050991529944)]",0.8228798610033514
2164,"('près', 'ADV')",3,"[(3, 0.20579233677167796), (4, 0.13882259907996447), (5, 0.183514575030694), (7, 0.10711308559113651)]",0.8294533245299595
2165,"('près', 'PRON')",5,"[(2, 0.12361745101328253), (3, 0.10987744836474309), (4, 0.113533854057204), (5, 0.19109216926886538), (7, 0.140983087456676), (8, 0.12629336529774982)]",0.8940217617697888
2166,"('précieux', 'ADJ')",0,"[(0, 0.6593419484744285), (9, 0.10633868144406003)]",0.7400201603686052
2167,"('précipitation', 'NOUN')",8,"[(7, 0.20508170719565558), (8, 0.45117393779595255)]",0.9868191939761101
2170,"('précédent', 'ADJ')",9,"[(0, 0.10339759490596549), (9, 0.7869383407672078)]",0.6105222137546663
2177,"('présentation', 'NOUN')",8,"[(7, 0.10183561654603135), (8, 0.8023112440544671)]",0.5905655003667953
2182,"('présidente', 'NOUN')",8,"[(5, 0.11903254073928718), (7, 0.1680217028266286), (8, 0.5679408882832985)]",0.7958618037462293
2188,"('prêt', 'ADJ')",5,"[(5, 0.5021532092657519), (7, 0.1040799941153308)]",0.8387816975171825
2197,"('puis', 'CCONJ')",3,"[(1, 0.20440521215873209), (3, 0.2714630664635661)]",0.9788581085563881
2198,"('puisque', 'SCONJ')",3,"[(1, 0.134700851499447), (3, 0.3676762010915606)]",0.9203154081220127
2202,"('pèlerin', 'NOUN')",7,"[(7, 0.5703489114630492), (8, 0.1489675590669674)]",0.8712335919883836
2203,"('père', 'NOUN')",7,"[(7, 0.6328963433761519), (8, 0.15704224086892896)]",0.8371101093135702
2205,"('pétrole', 'NOUN')",7,"[(2, 0.14493572163980487), (7, 0.5382013940675111), (8, 0.1156471613592644)]",0.7853921700993353
2211,"('quand', 'SCONJ')",3,"[(1, 0.10930318951641672), (3, 0.35312029334694905)]",0.8793747410363093
2213,"('quart', 'NOUN')",7,"[(7, 0.7491851802888008), (8, 0.1352918470161629)]",0.7025472499705555
2217,"('que', 'ADV')",3,"[(1, 0.18036149722859698), (3, 0.3835143917685362)]",0.975945047588154
2218,"('que', 'PRON')",3,"[(1, 0.10361032970009994), (3, 0.3087989448139326), (5, 0.11418592637647162)]",0.769635314086675
2219,"('que', 'SCONJ')",3,"[(1, 0.14051652100135814), (3, 0.45607204047123984)]",0.9144061956486805
2220,"('quel', 'ADJ')",5,"[(5, 0.4420340003307451), (7, 0.1180400632340577), (8, 0.1129219980001798)]",0.7822340440677366
2221,"('quel', 'DET')",1,"[(0, 0.2470726472834866), (1, 0.2577386642184018)]",1.0024855033666356
2222,"(""quelqu'un"", 'PRON')",5,"[(3, 0.12667773230900947), (5, 0.23393655943208927), (7, 0.19222078637628845), (8, 0.12518843426964646)]",0.8502506479993921
2223,"('quelque', 'DET')",1,"[(0, 0.11061118968661635), (1, 0.4450002068559277)]",0.8711633556988397
2228,"('quoi', 'PRON')",3,"[(2, 0.14156032422529133), (3, 0.19963843503158069), (4, 0.11260404913606209), (5, 0.1039427564715026), (7, 0.10941413073978845), (8, 0.10714404511035301)]",0.8712435058501278
2236,"('raisonnable', 'ADJ')",5,"[(5, 0.39040399574201007), (7, 0.14429553607153622)]",0.9327659222488606
2239,"('rapide', 'ADJ')",9,"[(0, 0.1677614194042971), (9, 0.42093624993459383)]",0.9575382157769513
2245,"('rare', 'ADJ')",5,"[(0, 0.1394142840997961), (5, 0.3206873287667839), (7, 0.14076348097921287), (8, 0.10714416823341102)]",0.8329466007861644
2249,"('recensement', 'NOUN')",7,"[(7, 0.7013144186831958), (8, 0.1411056245295657)]",0.757624422911486
2250,"('recette', 'NOUN')",8,"[(7, 0.1602285685605161), (8, 0.6353777072895994)]",0.8390275916102704
2260,"('recours', 'NOUN')",7,"[(5, 0.15414885302107129), (7, 0.4992237733191485), (8, 0.14050336330497945)]",0.8290327241837402
2269,"('reine', 'NOUN')",8,"[(7, 0.14894707463459464), (8, 0.640536648185558)]",0.8208156663525784
2272,"('relatif', 'ADJ')",9,"[(0, 0.11946446462671495), (5, 0.1026257169786418), (9, 0.45220362249326795)]",0.7703847063387631
2279,"('remarquable', 'ADJ')",9,"[(0, 0.14325679168404223), (5, 0.20812103948493343), (7, 0.1203810841745946), (9, 0.21779806931221896)]",0.8597464852090412
2288,"('rendez-vous', 'NOUN')",7,"[(7, 0.6838081995222882), (8, 0.11165612433439132)]",0.7281102346948707
2294,"('renseignement', 'NOUN')",7,"[(2, 0.12479264148659756), (7, 0.5936950442387443), (8, 0.1137599417475312)]",0.7432362944408143
2301,"('reprise', 'NOUN')",8,"[(7, 0.16701828002995073), (8, 0.5865029094297124)]",0.882712160143696
2311,"('responsable', 'ADJ')",5,"[(5, 0.5748121114777418), (7, 0.1041469161142377)]",0.7990450094055948
2314,"('ressource', 'NOUN')",8,"[(7, 0.12562370105405174), (8, 0.7189811883687536)]",0.7181854546876408
2318,"('reste', 'NOUN')",7,"[(7, 0.797729457473805), (8, 0.11361488837711375)]",0.6165806639639366
2323,"('retour', 'NOUN')",7,"[(7, 0.7883941999931001), (8, 0.11238307264992212)]",0.6248282247728328
2328,"('revanche', 'NOUN')",8,"[(2, 0.18397326541224565), (7, 0.12077753621144434), (8, 0.21826330687376438)]",0.8182766381112405
2333,"('riche', 'ADJ')",0,"[(0, 0.3027731452183374), (5, 0.17184549739683866), (7, 0.10125338987299098), (8, 0.109867051596529), (9, 0.12385689347830049)]",0.8683814685238243
2335,"('rien', 'PRON')",5,"[(3, 0.19393541480297674), (5, 0.20039190978250213), (7, 0.1815985235242373), (8, 0.10827789438004044)]",0.858931317881301
2337,"('rival', 'NOUN')",7,"[(5, 0.11454080651914236), (7, 0.3273699333667359), (8, 0.1932556189117507)]",0.8478099550216679
2340,"('roche', 'NOUN')",8,"[(7, 0.15460835178378077), (8, 0.5723304747270589)]",0.8771798234001378
2341,"('rock', 'NOUN')",7,"[(7, 0.4547472550748941), (8, 0.1265035542059913)]",0.8943139023792605
2344,"('romain', 'NOUN')",7,"[(7, 0.49520581365992694), (8, 0.19953168656665954)]",0.9660621674903014
2354,"('rugby', 'NOUN')",2,"[(2, 0.325673342034416), (7, 0.1601211597224345), (8, 0.10012569108989997)]",0.8092901001042431
2355,"('ruine', 'NOUN')",8,"[(7, 0.2207165832486616), (8, 0.525096292700071)]",0.969099418607179
2360,"('règle', 'NOUN')",8,"[(7, 0.12164828126228087), (8, 0.7749835022054189)]",0.6547248026622864
2370,"('récent', 'ADJ')",0,"[(0, 0.4353473907218322), (9, 0.16491947671916243)]",0.9511308954373822
2378,"('réduction', 'NOUN')",8,"[(7, 0.1198838896390339), (8, 0.7713857323140333)]",0.6557446646175954
2380,"('réel', 'ADJ')",0,"[(0, 0.6519547527944758), (9, 0.237511773013873)]",0.8949405226701882
2384,"('réfugié', 'NOUN')",7,"[(2, 0.11764092013610848), (7, 0.3879825459832549), (8, 0.13833857737968383)]",0.8126125899666905
2385,"('référence', 'NOUN')",8,"[(7, 0.1350534979968117), (8, 0.547256459249576)]",0.8660431021774601
2400,"('réputer', 'VERB')",5,"[(5, 0.5030062737329326), (7, 0.10080849674031152)]",0.8323635856946711
2418,"('rêve', 'NOUN')",7,"[(7, 0.7236589766146267), (8, 0.11718913718069159)]",0.7001488411523791
2421,"('saint', 'NOUN')",7,"[(7, 0.653386553069812), (8, 0.12870848019164344)]",0.7818703228497571
2424,"('salarié', 'NOUN')",7,"[(7, 0.6746497225166873), (8, 0.14680134783249435)]",0.7894143527666663
2428,"('sanction', 'NOUN')",8,"[(7, 0.10306053391597576), (8, 0.7802094807297448)]",0.6172443063919246
2429,"('sans', 'ADP')",1,"[(0, 0.10752137428564085), (1, 0.5492396218303712), (3, 0.10793456049878934)]",0.7365496660572804
2430,"('santé', 'NOUN')",8,"[(7, 0.10321662056731895), (8, 0.6625146866892863)]",0.7316813385823167
2432,"('satisfait', 'ADJ')",5,"[(5, 0.5040348484686034), (7, 0.10734268405424446)]",0.8438020620560536
2433,"('sauf', 'ADP')",1,"[(0, 0.10886487121927542), (1, 0.42932326774108376)]",0.8720170198613403
2436,"('sauvetage', 'NOUN')",2,"[(2, 0.4995136489966591), (7, 0.13874009142192)]",0.8955608693346792
2439,"('science', 'NOUN')",8,"[(7, 0.1308754774748256), (8, 0.7126339306098075)]",0.7322656361752032
2441,"('scientifique', 'NOUN')",7,"[(5, 0.1520297331332149), (7, 0.4712587025780755), (8, 0.139451928678249)]",0.8334614986870567
2444,"('sculpteur', 'NOUN')",7,"[(5, 0.18386068533867841), (7, 0.42786819031308143), (8, 0.14315885365098657)]",0.8673568731378845
2448,"('scénariste', 'NOUN')",7,"[(5, 0.17606160140744712), (7, 0.36468693363221527), (8, 0.1355774330255672)]",0.8597966817439294
2449,"('sec', 'ADJ')",9,"[(0, 0.11826743759195898), (9, 0.4775154287098918)]",0.873462205393761
2451,"('second', 'NOUN')",7,"[(7, 0.739912361957505), (8, 0.10122164965043486)]",0.6560242990111346
2453,"('seconde', 'NOUN')",8,"[(2, 0.12228573220097774), (7, 0.13698924547695948), (8, 0.458647803561503)]",0.8071896860055967
2454,"('secours', 'NOUN')",7,"[(7, 0.7374481102358486), (8, 0.11652663647212728)]",0.6854051513937367
2456,"('secrétaire', 'NOUN')",7,"[(7, 0.614790811506246), (8, 0.15873019271653718)]",0.8529646256409764
2460,"('seigneurie', 'NOUN')",8,"[(7, 0.11759996401148347), (8, 0.7914671651174173)]",0.6301933584218056
2461,"('sein', 'NOUN')",7,"[(7, 0.712036561745131), (8, 0.15501305611731833)]",0.7657949371741263
2463,"('semaine', 'NOUN')",8,"[(7, 0.10884182997637187), (8, 0.7478678232668934)]",0.6617255519415706
2464,"('semblable', 'ADJ')",5,"[(0, 0.13814952232757668), (5, 0.327256792537469), (7, 0.10664988204285633), (9, 0.1254071026479467)]",0.8209497826901292
2468,"('sensible', 'ADJ')",9,"[(0, 0.20177801316104113), (5, 0.1596303977479313), (9, 0.2506782013866541)]",0.876289880057801
2469,"('sentiment', 'NOUN')",7,"[(7, 0.8010491829755402), (8, 0.10848676925513698)]",0.6040015727253878
2471,"('sept', 'NUM')",1,"[(0, 0.10060894145876063), (1, 0.5225051810658999)]",0.8226515729551805
2472,"('septembre', 'NOUN')",7,"[(2, 0.14209256592573138), (5, 0.10673664773866368), (7, 0.17603612441633915), (8, 0.11245839895026477)]",0.7701111815651173
2473,"('serbe', 'NOUN')",7,"[(2, 0.1827666286982917), (5, 0.10891092397137771), (7, 0.24048357138333107), (8, 0.132697468913866)]",0.8387980586479558
2480,"('si', 'ADV')",3,"[(1, 0.1088814124784835), (3, 0.46495811732322145)]",0.8620286273073743
2481,"('si', 'SCONJ')",3,"[(1, 0.1304114103941379), (3, 0.3500904785037084)]",0.9133677125563175
2482,"('sien', 'ADJ')",7,"[(7, 0.4981460629810656), (8, 0.2570215864130548)]",1.0045879848365937
2488,"('similaire', 'ADJ')",9,"[(0, 0.1196404394406396), (5, 0.2288549380770455), (9, 0.2787337266710292)]",0.8625381080285334
2497,"('siècle', 'NOUN')",7,"[(7, 0.4519157756799572), (8, 0.17115787150151496)]",0.9537093294224421
2502,"('soi', 'PRON')",3,"[(3, 0.28357145100096165), (5, 0.12384119969548367), (7, 0.10108244658659898)]",0.7716272598776205
2503,"('soin', 'NOUN')",7,"[(7, 0.6317307132837688), (8, 0.12811908780605843)]",0.7983980720268162
2504,"('soir', 'NOUN')",7,"[(7, 0.5968369069078965), (8, 0.1197773553532337)]",0.8111067011286195
2506,"('soit', 'ADV')",1,"[(0, 0.10305407376285075), (1, 0.26397540287532256), (3, 0.2056636082148141)]",0.8292633930949559
2507,"('soit', 'CCONJ')",1,"[(1, 0.26430820810880884), (3, 0.21581217636185107)]",0.9848035826326135
2508,"('sol', 'NOUN')",7,"[(7, 0.7372496106993931), (8, 0.11593996610874259)]",0.6846290991160714
2510,"('soldat', 'NOUN')",7,"[(7, 0.6454453828192874), (8, 0.13653422662951994)]",0.7999018057129317
2511,"('soleil', 'NOUN')",7,"[(7, 0.7276222215840144), (8, 0.12283338013128828)]",0.7053869849906331
2514,"('sombre', 'ADJ')",9,"[(0, 0.12082682815186362), (9, 0.6529404772878001)]",0.7699425853825074
2517,"('son', 'DET')",1,"[(0, 0.17204783919787714), (1, 0.25520871057235434), (3, 0.10259591856791185)]",0.8055066706823667
2519,"('sondage', 'NOUN')",7,"[(7, 0.74957384151841), (8, 0.11548656241586217)]",0.671364505423209
2520,"('sorte', 'NOUN')",8,"[(7, 0.1316543604061778), (8, 0.7201636891271448)]",0.7261836054586944
2527,"('sourire', 'NOUN')",7,"[(7, 0.7715684003541132), (8, 0.10346920777486511)]",0.6272964288874971
2528,"('sous', 'ADP')",1,"[(0, 0.10387948084423887), (1, 0.4615201436048367), (3, 0.10206338153510548)]",0.7509689240718554
2538,"('spectateur', 'NOUN')",7,"[(2, 0.1463078299031654), (7, 0.35087181839819803), (8, 0.12692236826962977)]",0.8289371366455807
2545,"('spécialiser', 'VERB')",5,"[(5, 0.4594923449379283), (7, 0.1054883815706217)]",0.8577919520363694
2546,"('spécialiste', 'NOUN')",7,"[(7, 0.6525310068136734), (8, 0.1270555731815421)]",0.780058768415759
2548,"('spécifique', 'ADJ')",9,"[(0, 0.11181256457449075), (5, 0.118818512733486), (9, 0.4451808551054007)]",0.7813033398927948
2552,"('statistique', 'NOUN')",8,"[(7, 0.2117629598039543), (8, 0.5886402483897095)]",0.9242785904386543
2554,"('statut', 'NOUN')",7,"[(7, 0.7975828353625651), (8, 0.10694926571777581)]",0.6051578247989715
2561,"('successeur', 'NOUN')",7,"[(7, 0.5901341167406287), (8, 0.16093004553002882)]",0.8731545654618003
2565,"('sud', 'NOUN')",7,"[(7, 0.739506015536872), (8, 0.11444071484807597)]",0.6798495479395434
2566,"('sud-est', 'NOUN')",7,"[(7, 0.7484781794529105), (8, 0.11773841673080397)]",0.6762209397346443
2567,"('sud-ouest', 'NOUN')",7,"[(7, 0.7102181016216672), (8, 0.12923772403082878)]",0.7321074503111664
2569,"('suffrage', 'NOUN')",7,"[(7, 0.5084794680571455), (8, 0.1802172480509586)]",0.9416744901294561
2577,"('super', 'ADJ')",0,"[(0, 0.5478410314937209), (1, 0.11878282643463826)]",0.8407106835147029
2579,"('superficie', 'NOUN')",8,"[(7, 0.1679484785918525), (8, 0.6424614029362035)]",0.8423790397669843
2583,"('suppression', 'NOUN')",8,"[(7, 0.13822308313623605), (8, 0.7438216974858493)]",0.712207651058379
2585,"('supérieur', 'ADJ')",9,"[(0, 0.10035072870362832), (9, 0.6158125310578996)]",0.7635730134331797
2593,"('survenir', 'VERB')",5,"[(5, 0.47733883193078736), (7, 0.11077665337379493)]",0.8609151449939847
2595,"('sushi', 'NOUN')",7,"[(2, 0.13463678035616655), (7, 0.4645509199535082), (8, 0.12236561054663611)]",0.8039165762241581
2599,"('sympa', 'ADJ')",5,"[(5, 0.40621359426656944), (7, 0.12153899079494537)]",0.8974919535316285
2600,"('sympathique', 'ADJ')",5,"[(5, 0.3887043190622952), (7, 0.13672767865226582)]",0.9223966770743668
2605,"('sécurité', 'NOUN')",8,"[(2, 0.22389330899303533), (7, 0.10831719838669071), (8, 0.4763114769451966)]",0.8457064200130203
2606,"('séjour', 'NOUN')",7,"[(7, 0.6817933483021577), (8, 0.14953844618369821)]",0.7867010587953822
2612,"('sérieux', 'ADJ')",0,"[(0, 0.27411435583898425), (5, 0.11241200816979784), (9, 0.23795281613664657)]",0.8575111084722699
2613,"('sûr', 'ADJ')",5,"[(5, 0.5750568884619357), (7, 0.11624772303861283)]",0.8199411568100584
2614,"('sœur', 'NOUN')",8,"[(7, 0.13222748248327895), (8, 0.6754936479367909)]",0.7682794711494444
2620,"('tard', 'ADV')",3,"[(3, 0.23849471857957494), (5, 0.12055198620821413)]",0.861157641672641
2621,"('tarif', 'NOUN')",7,"[(7, 0.5828558164948807), (8, 0.16248586746930793)]",0.8798969303025487
2626,"('tel', 'ADJ')",0,"[(0, 0.40849133124231723), (9, 0.13284494159063448)]",0.9144856681867122
2627,"('tel', 'DET')",0,"[(0, 0.21195581662368362), (1, 0.17792591242181427), (8, 0.10655983161396144)]",0.7960818343250563
2631,"('tendance', 'NOUN')",8,"[(5, 0.13268600629902058), (7, 0.12834832427512996), (8, 0.5016873450198464)]",0.7987788229497443
2634,"('tennis', 'NOUN')",2,"[(2, 0.43723148553010704), (7, 0.17798852214581298)]",0.9650662747572495
2650,"('thèse', 'NOUN')",8,"[(7, 0.13321411406842876), (8, 0.6931131230676159)]",0.7539548210051995
2653,"('tiers', 'NOUN')",7,"[(7, 0.6879951138157591), (8, 0.14425735115172275)]",0.774145493258896
2657,"('toi', 'PRON')",3,"[(3, 0.24131119896722125), (5, 0.1396409671356242), (7, 0.11862660306933187), (8, 0.11238859297300352)]",0.8053961973983301
2658,"('toilette', 'NOUN')",8,"[(7, 0.22349415514941742), (8, 0.44325826352688197)]",1.0034132383161352
2660,"('tonne', 'NOUN')",8,"[(2, 0.13323404733592728), (5, 0.13738983043135747), (6, 0.10020928314027952), (7, 0.15188357235488423), (8, 0.23094913669151024)]",0.8676996697229895
2661,"('top', 'NOUN')",7,"[(7, 0.7014351178058909), (8, 0.14383614908613646)]",0.7612490208864249
2663,"('total', 'NOUN')",7,"[(7, 0.7885276831557816), (8, 0.11288831694926692)]",0.6255441592508412
2665,"('totalité', 'NOUN')",8,"[(7, 0.11473066473076861), (8, 0.7861267896149574)]",0.6312981008945745
2671,"('tournage', 'NOUN')",7,"[(7, 0.78051365933495), (8, 0.1097413102724443)]",0.6288726189114381
2675,"('tout', 'ADJ')",1,"[(0, 0.19376316880101832), (1, 0.3373146563434891)]",0.9876132941757687
2677,"('tout', 'DET')",1,"[(0, 0.21498644243305967), (1, 0.29606572054580854)]",0.9966662060440554
2678,"('tout', 'PRON')",7,"[(3, 0.17817613369183463), (5, 0.15646737527104737), (7, 0.205802407394515), (8, 0.11484095043142147)]",0.8450321643359338
2680,"('trace', 'NOUN')",8,"[(7, 0.1511358235825213), (8, 0.7127601757121834)]",0.7602001593077365
2688,"('trait', 'NOUN')",7,"[(7, 0.7188576584452481), (8, 0.11224237892099366)]",0.6964953750747502
2706,"('trimestre', 'NOUN')",7,"[(7, 0.5122310075037587), (8, 0.16133352059179262)]",0.9189820770577314
2707,"('trois', 'NUM')",1,"[(0, 0.1001112570446848), (1, 0.5364032934506553)]",0.8144191614864753
2711,"('troupe', 'NOUN')",8,"[(7, 0.1504979228063337), (8, 0.7391684588159866)]",0.7334839470778693
2713,"('très', 'ADV')",3,"[(1, 0.14055835400139144), (3, 0.40487318380819937)]",0.9260268755972979
2719,"('typique', 'ADJ')",5,"[(0, 0.10046642849396822), (5, 0.28885138575758856), (7, 0.11595880352883614), (8, 0.12230840536560281), (9, 0.14250903246144098)]",0.8537525266398902
2726,"('témoin', 'NOUN')",7,"[(5, 0.12593956960888308), (7, 0.6572823807564512), (8, 0.10734461241941672)]",0.7066423995032945
2728,"('tôt', 'ADV')",3,"[(3, 0.32432237325926605), (5, 0.1324744537361517)]",0.9131853929952164
2730,"('un', 'DET')",1,"[(0, 0.20917435782115198), (1, 0.26862667407333823)]",0.9815566000283333
2731,"('un', 'NUM')",1,"[(0, 0.24313161943378817), (1, 0.25082677381652024)]",0.9964936312222665
2732,"('un', 'PRON')",7,"[(5, 0.23128689293126237), (7, 0.33073492279235095), (8, 0.2463742969114031)]",0.9554877569216838
2733,"('uni', 'ADJ')",9,"[(0, 0.10456799576247246), (9, 0.35598523816254435)]",0.8710862629055601
2734,"('union', 'NOUN')",8,"[(7, 0.11943690284633289), (8, 0.7834471538532654)]",0.6420008351596783
2735,"('unique', 'ADJ')",9,"[(0, 0.19486783072275013), (9, 0.6546213418107877)]",0.859926147622116
2738,"('univers', 'NOUN')",7,"[(7, 0.8351148393338007), (8, 0.1044248912374631)]",0.55746003263915
2741,"('université', 'NOUN')",8,"[(7, 0.16744063067589504), (8, 0.7283144931510506)]",0.7648152488277784
2743,"('urgence', 'NOUN')",8,"[(2, 0.12141657404954148), (7, 0.13017952654036288), (8, 0.5715661052455562)]",0.7656435649187795
2746,"('utile', 'ADJ')",5,"[(5, 0.2576842933159584), (7, 0.1483398632544075), (9, 0.11104224228358861)]",0.7978684744372296
2748,"('utilisation', 'NOUN')",8,"[(7, 0.16258989317895145), (8, 0.7449699058579794)]",0.7425207396564335
2750,"('vacance', 'NOUN')",8,"[(7, 0.18793723747403984), (8, 0.5001093577576307)]",0.953195511365021
2753,"('vainqueur', 'NOUN')",7,"[(7, 0.6825701528037649), (8, 0.11637118909719855)]",0.7371849434143013
2758,"('variable', 'ADJ')",5,"[(0, 0.11984863168242271), (5, 0.2627244761072286), (9, 0.20787901418973162)]",0.8483144030740263
2760,"('varié', 'ADJ')",5,"[(5, 0.26265846336259097), (7, 0.1324807449575713), (8, 0.10607495553023052)]",0.7800065246612956
2763,"('vendredi', 'NOUN')",7,"[(7, 0.4442506130852875), (8, 0.12265759887983152)]",0.891339781806203
2768,"('vers', 'ADP')",1,"[(1, 0.5200593174590392), (3, 0.10483211895908572)]",0.8316546506726166
2772,"('vestige', 'NOUN')",7,"[(7, 0.6736225883808633), (8, 0.16442484870390897)]",0.8122009854757402
2775,"('vice-président', 'NOUN')",7,"[(5, 0.10090269243313789), (7, 0.7080100881920217)]",0.6865843341438109
2776,"('victime', 'NOUN')",8,"[(7, 0.14978646599779544), (8, 0.7174782340314917)]",0.7539353216330221
2778,"('vidéo', 'ADJ')",9,"[(0, 0.1095187617726682), (9, 0.397172107683843)]",0.8785452933460067
2779,"('vidéo', 'NOUN')",8,"[(7, 0.1670629960003936), (8, 0.5585377019792129)]",0.9006035073181998
2782,"('villa', 'NOUN')",8,"[(7, 0.10934774539976624), (8, 0.7732091349935438)]",0.6360621159104316
2786,"('vingt', 'NUM')",1,"[(0, 0.10492376938849773), (1, 0.46841781265281834)]",0.8537846327205628
2787,"('vingtaine', 'NOUN')",8,"[(7, 0.16457669679404513), (8, 0.5519911151738343)]",0.9016334207704555
2789,"('violent', 'ADJ')",0,"[(0, 0.41491323216961684), (9, 0.2567151244812299)]",1.0301874398263462
2790,"('vis-à-vis', 'ADV')",5,"[(3, 0.11021645631684195), (4, 0.10767953662491972), (5, 0.15102056752099566), (7, 0.11180173056044701), (8, 0.1165326620664652), (9, 0.10518671903455772)]",0.8376433901294512
2800,"('vivant', 'ADJ')",9,"[(0, 0.11276174545213241), (9, 0.46169290843690997)]",0.8698323764266938
2804,"('voilà', 'VERB')",5,"[(5, 0.451468090274158), (7, 0.10075564521623041)]",0.8515799132637561
2806,"('voire', 'CCONJ')",1,"[(0, 0.10553303933838007), (1, 0.29281082218511956), (3, 0.15883286313792)]",0.8093765981063917
2808,"('voisin', 'NOUN')",7,"[(5, 0.11515975938652549), (7, 0.40971617357876705), (8, 0.1784847180464141)]",0.8393046670916929
2810,"('voix', 'NOUN')",8,"[(7, 0.1104835064533347), (8, 0.7883505977581942)]",0.6216030857455304
2818,"('vous', 'PRON')",3,"[(1, 0.11018626204063035), (3, 0.23200127750786764), (5, 0.12773745203241024), (7, 0.10895296725171737), (8, 0.10237374985330389)]",0.8199699982617507
2820,"('voyageur', 'NOUN')",7,"[(7, 0.603641779468523), (8, 0.15416049414803798)]",0.8554404939880976
2829,"('web', 'NOUN')",7,"[(0, 0.10112755023802235), (2, 0.10292759428468298), (7, 0.3122969857859734), (8, 0.10935634640546273), (9, 0.11486543644957597)]",0.8200324108037406
2831,"('y', 'PRON')",3,"[(3, 0.2900753099661866), (5, 0.128221003333878), (7, 0.10154881194563509)]",0.7779190553289683
2833,"('°', 'NOUN')",7,"[(2, 0.10302563320997635), (5, 0.1541014845900694), (7, 0.1673727699991928), (8, 0.13671652511542345)]",0.788847773777133
2835,"('Édouard', 'PROPN')",4,"[(3, 0.135484494829946), (4, 0.436585567770428)]",0.9127197278496149
2836,"('Égypte', 'PROPN')",2,"[(2, 0.42614272215517596), (7, 0.1646239256386672), (8, 0.2299550314878977)]",0.9088671550204884
2837,"('État', 'NOUN')",7,"[(7, 0.6395604796849091), (8, 0.1515730894585458)]",0.824987833089443
2838,"('États-Unis', 'PROPN')",7,"[(2, 0.12497741294513931), (7, 0.28233750653817746), (8, 0.24844215893339855)]",0.8764979954200275
2839,"('à', 'ADP')",1,"[(1, 0.5201865951793637), (3, 0.11239499234960415)]",0.8449041408474482
2841,"('âgé', 'ADJ')",5,"[(0, 0.10210018133889949), (5, 0.3305604036953674), (7, 0.12457580394786413), (8, 0.1058189243178878), (9, 0.1111694259193608)]",0.8327384584330437
2842,"('âme', 'NOUN')",8,"[(7, 0.11020127687417514), (8, 0.8245700286783211)]",0.5801033611730735
2843,"('ça', 'PRON')",3,"[(3, 0.22010650556623412), (5, 0.1450084265953305), (7, 0.15246010486347772), (8, 0.10215061809986499)]",0.8172583585365669
2844,"('ère', 'NOUN')",8,"[(7, 0.11662251024993804), (8, 0.7687669856104039)]",0.65319545925507
2845,"('échange', 'NOUN')",7,"[(7, 0.7843306327092623), (8, 0.10357382175753468)]",0.6136991351895089
2851,"('économie', 'NOUN')",8,"[(7, 0.10000357060309112), (8, 0.8365115757462409)]",0.5476368774264024
2853,"('économiste', 'NOUN')",7,"[(7, 0.7404386465977194), (8, 0.1239411574314881)]",0.6943601893684773
2855,"('écoute', 'NOUN')",8,"[(7, 0.21926650104902307), (8, 0.6243966061868823)]",0.9042834709833353
2856,"('écran', 'NOUN')",7,"[(7, 0.7595709701565808), (8, 0.14953166071783514)]",0.7112923387560524
2859,"('écrivain', 'NOUN')",7,"[(7, 0.6490635524455627), (8, 0.1261990447910387)]",0.7815944963005568
2865,"('éducation', 'NOUN')",8,"[(7, 0.12991269842773728), (8, 0.725631244558616)]",0.7182565053382528
2866,"('égal', 'ADJ')",5,"[(5, 0.39419530065359026), (7, 0.12115665821413844), (8, 0.11741725281858127)]",0.7957238294765192
2868,"('égalité', 'NOUN')",8,"[(2, 0.18447468161103836), (7, 0.15286656634456278), (8, 0.4134415133647702)]",0.8775500250247017
2872,"('élection', 'NOUN')",8,"[(7, 0.14924452766187313), (8, 0.7462772194043857)]",0.7246548205047958
2874,"('électricité', 'NOUN')",8,"[(2, 0.19590436468330574), (7, 0.14295028109809008), (8, 0.41543179877374486)]",0.87597340291775
2877,"('élevage', 'NOUN')",7,"[(7, 0.746606620076731), (8, 0.15523659835411627)]",0.7319463158214752
2879,"('élevé', 'ADJ')",5,"[(5, 0.3754890801049099), (7, 0.14321621275378205), (8, 0.1097434799692673)]",0.8088548583216448
2882,"('élite', 'NOUN')",8,"[(7, 0.14521686043653842), (8, 0.7561872145286566)]",0.7091260204978058
2888,"('émotion', 'NOUN')",8,"[(7, 0.1381109634751904), (8, 0.7176965472014935)]",0.7379153928320333
2894,"('épouse', 'NOUN')",8,"[(7, 0.2049626396309264), (8, 0.42772832772422004)]",0.9927278419123131
2897,"('équipage', 'NOUN')",7,"[(7, 0.6184304277186491), (8, 0.14964479181152435)]",0.8388526960392493
2899,"('équipement', 'NOUN')",7,"[(7, 0.7602482151314126), (8, 0.11611261786801635)]",0.661338535974408
2904,"('étang', 'NOUN')",7,"[(7, 0.5631000535038521), (8, 0.21344311886141296)]",0.9421167051966957
2909,"('étrange', 'ADJ')",0,"[(0, 0.31620723297233655), (5, 0.11565868502181276), (7, 0.1183679354333606), (9, 0.178770528915326)]",0.8468108410912496
2911,"('étranger', 'NOUN')",7,"[(7, 0.5501654288716624), (8, 0.22672595535097897)]",0.9596924484447602
2913,"('étudiant', 'NOUN')",7,"[(7, 0.6248661587188782), (8, 0.16442704758302532)]",0.8521442904968485
2915,"('été', 'NOUN')",7,"[(7, 0.7228168997471399), (8, 0.10698536086999813)]",0.683469473589689
2919,"('évidence', 'NOUN')",2,"[(2, 0.21516457614354637), (7, 0.11932027548534826), (8, 0.19674657508141516)]",0.8229609229511774
2926,"('évêque', 'NOUN')",7,"[(7, 0.7453954017524015), (8, 0.11854878107528834)]",0.680698713796694
2927,"('être', 'AUX')",3,"[(0, 0.11009323952659923), (1, 0.13284882162651893), (3, 0.22219408152152734), (5, 0.16003423038647963)]",0.8212834774964983
2929,"('île', 'NOUN')",8,"[(7, 0.11921702901103254), (8, 0.8257710922698186)]",0.5938646762483039
2930,"('œil', 'NOUN')",7,"[(7, 0.6934441378352377), (8, 0.1573874614503405)]",0.7860894011576373
2931,"('œuf', 'NOUN')",7,"[(7, 0.6858095715681806), (8, 0.11486580418186182)]",0.7317713391249652
2934,"('€', 'NOUN')",6,"[(2, 0.14531253727737575), (5, 0.1128141683491435), (6, 0.18818157949609177), (7, 0.12800739534981143), (8, 0.11331590545512354)]",0.839220987186238
